ISO-10303-21;
HEADER;
FILE_DESCRIPTION((''),'2;1');
FILE_NAME('ember_launch_pad_leg', '2026-05-22T06:00:58', (''), (''), 'ImageToStl.com STEP Converter','', '');
FILE_SCHEMA(('AUTOMOTIVE_DESIGN_CC2'));
ENDSEC;
DATA;
#1=PRODUCT_DEFINITION_CONTEXT('',#4,'design');
#2=APPLICATION_PROTOCOL_DEFINITION('INTERNATIONAL STANDARD','automotive_design',1994,#4);
#3=(GEOMETRIC_REPRESENTATION_CONTEXT(3)GLOBAL_UNCERTAINTY_ASSIGNED_CONTEXT((#5))GLOBAL_UNIT_ASSIGNED_CONTEXT((#6,#7,#8))REPRESENTATION_CONTEXT('NONE','WORKSPACE'));
#4=APPLICATION_CONTEXT(' ');
#5=UNCERTAINTY_MEASURE_WITH_UNIT(LENGTH_MEASURE(1.0E-006),#6,'','');
#6=(CONVERSION_BASED_UNIT('METRE',#10)LENGTH_UNIT()NAMED_UNIT(#11));
#7=(NAMED_UNIT(#12)PLANE_ANGLE_UNIT()SI_UNIT($,.RADIAN.));
#8=(NAMED_UNIT(#12)SOLID_ANGLE_UNIT()SI_UNIT($,.STERADIAN.));
#9=AXIS2_PLACEMENT_3D('',#14,#15,#16);
#10=LENGTH_MEASURE_WITH_UNIT(LENGTH_MEASURE(1.0),#17);
#11=DIMENSIONAL_EXPONENTS(1.0,0.0,0.0,0.0,0.0,0.0,0.0);
#12=DIMENSIONAL_EXPONENTS(0.0,0.0,0.0,0.0,0.0,0.0,0.0);
#13=PRODUCT_CONTEXT('',#4,'mechanical');
#14=CARTESIAN_POINT('',(0.0,0.0,0.0));
#15=DIRECTION('',(0.0,0.0,1.0));
#16=DIRECTION('',(1.0,0.0,0.0));
#17=(NAMED_UNIT(#11)LENGTH_UNIT()SI_UNIT(.MILLI.,.METRE.));
#18=PRESENTATION_STYLE_ASSIGNMENT((#19));
#19=SURFACE_STYLE_USAGE(.BOTH.,#20);
#20=SURFACE_SIDE_STYLE('',(#21));
#21=SURFACE_STYLE_FILL_AREA(#22);
#22=FILL_AREA_STYLE('',(#23));
#23=FILL_AREA_STYLE_COLOUR('',#24);
#24=COLOUR_RGB('',0.85,0.85,0.85);
#25=SHAPE_DEFINITION_REPRESENTATION(#26,#27);
#26=PRODUCT_DEFINITION_SHAPE('productshape0','',#30);
#27=MANIFOLD_SURFACE_SHAPE_REPRESENTATION('',(#28,#9),#3);
#28=SHELL_BASED_SURFACE_MODEL('shell0',(#33));
#29=PRODUCT('product0','','',(#13));
#30=PRODUCT_DEFINITION('mesh0','',#31,#2);
#31=PRODUCT_DEFINITION_FORMATION_WITH_SPECIFIED_SOURCE('prodsource0','',#29,.NOT_KNOWN.);
#32=STYLED_ITEM('',(#18),#33);
#33=CLOSED_SHELL('',(#178,#200,#222,#244,#266,#288,#310,#332,#354,#376,#398,#420,#442,#464,#486,#508,#530,#552,#574,#596,#618,#640,#662,#684,#706,#728,#750,#772,#794,#816,#838,#860,#882,#904,#926,#948,#970,#992,#1014,#1036,#1058,#1080,#1102,#1124,#1146,#1168,#1190,#1212,#1234,#1256,#1278,#1300,#1322,#1344,#1366,#1388,#1410,#1432,#1454,#1476,#1498,#1520,#1542,#1564,#1586,#1608,#1630,#1652,#1674,#1696,#1718,#1740,#1762,#1784,#1806,#1828,#1850,#1872,#1894,#1916,#1938,#1960,#1982,#2004,#2026,#2048,#2070,#2092,#2114,#2136,#2158,#2180,#2202,#2224,#2246,#2268,#2290,#2312,#2334,#2356,#2378,#2400,#2422,#2444,#2466,#2488,#2510,#2532,#2554,#2576,#2598,#2620,#2642,#2664,#2686,#2708,#2730,#2752,#2774,#2796,#2818,#2840,#2862,#2884,#2906,#2928,#2950,#2972,#2994,#3016,#3038,#3060,#3082,#3104,#3126,#3148,#3170,#3192,#3214,#3236));
#34=CARTESIAN_POINT('',(-5.873019,-168.540497,-57.87302));
#35=VERTEX_POINT('',#34);
#36=CARTESIAN_POINT('',(-5.873019,-168.540497,-54.12698));
#37=VERTEX_POINT('',#36);
#38=CARTESIAN_POINT('',(-5.662152,-162.502045,-48.295719));
#39=VERTEX_POINT('',#38);
#40=CARTESIAN_POINT('',(-5,-143.540497,-43));
#41=VERTEX_POINT('',#40);
#42=CARTESIAN_POINT('',(-5.227113,-150.044144,-50));
#43=VERTEX_POINT('',#42);
#44=CARTESIAN_POINT('',(-5.454225,-156.547806,-42.545776));
#45=VERTEX_POINT('',#44);
#46=CARTESIAN_POINT('',(-5,-143.540497,-57));
#47=VERTEX_POINT('',#46);
#48=CARTESIAN_POINT('',(-5.331076,-153.021271,-52.850216));
#49=VERTEX_POINT('',#48);
#50=CARTESIAN_POINT('',(5,-143.540497,-43));
#51=VERTEX_POINT('',#50);
#52=CARTESIAN_POINT('',(0,-150.044144,-42.772888));
#53=VERTEX_POINT('',#52);
#54=CARTESIAN_POINT('',(5.454225,-156.547806,-42.545776));
#55=VERTEX_POINT('',#54);
#56=CARTESIAN_POINT('',(5.662152,-162.502045,-48.295719));
#57=VERTEX_POINT('',#56);
#58=CARTESIAN_POINT('',(5.873019,-168.540497,-54.12698));
#59=VERTEX_POINT('',#58);
#60=CARTESIAN_POINT('',(-5,-43.540497,0));
#61=VERTEX_POINT('',#60);
#62=CARTESIAN_POINT('',(-5,-43.540497,14));
#63=VERTEX_POINT('',#62);
#64=CARTESIAN_POINT('',(5.873019,-168.540497,-57.87302));
#65=VERTEX_POINT('',#64);
#66=CARTESIAN_POINT('',(0,-156.040497,-57.436508));
#67=VERTEX_POINT('',#66);
#68=CARTESIAN_POINT('',(2.609128,-149.790497,-57.218254));
#69=VERTEX_POINT('',#68);
#70=CARTESIAN_POINT('',(5,-143.540497,-57));
#71=VERTEX_POINT('',#70);
#72=CARTESIAN_POINT('',(-2.609128,-149.790497,-57.218254));
#73=VERTEX_POINT('',#72);
#74=CARTESIAN_POINT('',(5.227113,-150.044144,-50));
#75=VERTEX_POINT('',#74);
#76=CARTESIAN_POINT('',(5.331076,-153.021271,-52.850216));
#77=VERTEX_POINT('',#76);
#78=CARTESIAN_POINT('',(5,-43.540497,14));
#79=VERTEX_POINT('',#78);
#80=CARTESIAN_POINT('',(5,-43.540497,0));
#81=VERTEX_POINT('',#80);
#82=CARTESIAN_POINT('',(-7.5,-18.540497,0));
#83=VERTEX_POINT('',#82);
#84=CARTESIAN_POINT('',(-7.5,-18.540497,14));
#85=VERTEX_POINT('',#84);
#86=CARTESIAN_POINT('',(-6.674532,-18.853397,14));
#87=VERTEX_POINT('',#86);
#88=CARTESIAN_POINT('',(-5.836061,-19.129568,14));
#89=VERTEX_POINT('',#88);
#90=CARTESIAN_POINT('',(-4.986218,-19.368469,14));
#91=VERTEX_POINT('',#90);
#92=CARTESIAN_POINT('',(-4.126662,-19.569635,14));
#93=VERTEX_POINT('',#92);
#94=CARTESIAN_POINT('',(-3.259066,-19.732676,14));
#95=VERTEX_POINT('',#94);
#96=CARTESIAN_POINT('',(-2.38512,-19.857271,14));
#97=VERTEX_POINT('',#96);
#98=CARTESIAN_POINT('',(-1.506528,-19.943178,14));
#99=VERTEX_POINT('',#98);
#100=CARTESIAN_POINT('',(-0.625,-19.990232,14));
#101=VERTEX_POINT('',#100);
#102=CARTESIAN_POINT('',(0.625,-19.990232,14));
#103=VERTEX_POINT('',#102);
#104=CARTESIAN_POINT('',(1.506528,-19.943178,14));
#105=VERTEX_POINT('',#104);
#106=CARTESIAN_POINT('',(-1.5,-16.799999,14));
#107=VERTEX_POINT('',#106);
#108=CARTESIAN_POINT('',(-1.5,-17.4,14));
#109=VERTEX_POINT('',#108);
#110=CARTESIAN_POINT('',(-0.625,-17.799999,14));
#111=VERTEX_POINT('',#110);
#112=CARTESIAN_POINT('',(2.38512,-19.857271,14));
#113=VERTEX_POINT('',#112);
#114=CARTESIAN_POINT('',(0.625,-17.799999,14));
#115=VERTEX_POINT('',#114);
#116=CARTESIAN_POINT('',(3.259066,-19.732676,14));
#117=VERTEX_POINT('',#116);
#118=CARTESIAN_POINT('',(4.126662,-19.569635,14));
#119=VERTEX_POINT('',#118);
#120=CARTESIAN_POINT('',(1.5,-16.799999,14));
#121=VERTEX_POINT('',#120);
#122=CARTESIAN_POINT('',(1.5,-17.4,14));
#123=VERTEX_POINT('',#122);
#124=CARTESIAN_POINT('',(4.986218,-19.368469,14));
#125=VERTEX_POINT('',#124);
#126=CARTESIAN_POINT('',(5.836061,-19.129568,14));
#127=VERTEX_POINT('',#126);
#128=CARTESIAN_POINT('',(6.674532,-18.853397,14));
#129=VERTEX_POINT('',#128);
#130=CARTESIAN_POINT('',(7.5,-18.540497,14));
#131=VERTEX_POINT('',#130);
#132=CARTESIAN_POINT('',(6.674532,-18.853397,0));
#133=VERTEX_POINT('',#132);
#134=CARTESIAN_POINT('',(7.5,-18.540497,0));
#135=VERTEX_POINT('',#134);
#136=CARTESIAN_POINT('',(5.836061,-19.129568,0));
#137=VERTEX_POINT('',#136);
#138=CARTESIAN_POINT('',(4.986218,-19.368469,0));
#139=VERTEX_POINT('',#138);
#140=CARTESIAN_POINT('',(4.126662,-19.569635,0));
#141=VERTEX_POINT('',#140);
#142=CARTESIAN_POINT('',(3.259066,-19.732676,0));
#143=VERTEX_POINT('',#142);
#144=CARTESIAN_POINT('',(2.38512,-19.857271,0));
#145=VERTEX_POINT('',#144);
#146=CARTESIAN_POINT('',(1.506528,-19.943178,0));
#147=VERTEX_POINT('',#146);
#148=CARTESIAN_POINT('',(0.625,-19.990232,0));
#149=VERTEX_POINT('',#148);
#150=CARTESIAN_POINT('',(-0.625,-19.990232,0));
#151=VERTEX_POINT('',#150);
#152=CARTESIAN_POINT('',(-1.506528,-19.943178,0));
#153=VERTEX_POINT('',#152);
#154=CARTESIAN_POINT('',(0.625,-17.799999,0));
#155=VERTEX_POINT('',#154);
#156=CARTESIAN_POINT('',(1.5,-16.799999,0));
#157=VERTEX_POINT('',#156);
#158=CARTESIAN_POINT('',(1.5,-17.4,0));
#159=VERTEX_POINT('',#158);
#160=CARTESIAN_POINT('',(-2.38512,-19.857271,0));
#161=VERTEX_POINT('',#160);
#162=CARTESIAN_POINT('',(-0.625,-17.799999,0));
#163=VERTEX_POINT('',#162);
#164=CARTESIAN_POINT('',(-3.259066,-19.732676,0));
#165=VERTEX_POINT('',#164);
#166=CARTESIAN_POINT('',(-4.126662,-19.569635,0));
#167=VERTEX_POINT('',#166);
#168=CARTESIAN_POINT('',(-1.5,-16.799999,0));
#169=VERTEX_POINT('',#168);
#170=CARTESIAN_POINT('',(-1.5,-17.4,0));
#171=VERTEX_POINT('',#170);
#172=CARTESIAN_POINT('',(-4.986218,-19.368469,0));
#173=VERTEX_POINT('',#172);
#174=CARTESIAN_POINT('',(-5.836061,-19.129568,0));
#175=VERTEX_POINT('',#174);
#176=CARTESIAN_POINT('',(-6.674532,-18.853397,0));
#177=VERTEX_POINT('',#176);
#178=FACE_SURFACE('',(#183),#179,.T.);
#179=PLANE('',#180);
#180=AXIS2_PLACEMENT_3D('',#34,#181,#182);
#181=DIRECTION('',(-0.9993908292725581,0.03489943217172507,0));
#182=DIRECTION('',(0,0,1));
#183=FACE_BOUND('',#184,.T.);
#184=EDGE_LOOP('',(#185,#186,#187));
#185=ORIENTED_EDGE('',*,*,#188,.T.);
#186=ORIENTED_EDGE('',*,*,#189,.T.);
#187=ORIENTED_EDGE('',*,*,#190,.T.);
#188=EDGE_CURVE('',#35,#37,#191,.F.);
#189=EDGE_CURVE('',#37,#39,#192,.T.);
#190=EDGE_CURVE('',#39,#35,#193,.T.);
#191=LINE('',#34,#194);
#192=LINE('',#36,#195);
#193=LINE('',#38,#196);
#194=VECTOR('',#197,1.0);
#195=VECTOR('',#198,1.0);
#196=VECTOR('',#199,1.0);
#197=DIRECTION('',(0,0,1));
#198=DIRECTION('',(0.02511194015488613,0.7191132099956449,0.6944390410046205));
#199=DIRECTION('',(-0.018621313280254556,-0.5332456307519862,-0.845755487109386));
#200=FACE_SURFACE('',(#205),#201,.T.);
#201=PLANE('',#202);
#202=AXIS2_PLACEMENT_3D('',#40,#203,#204);
#203=DIRECTION('',(-0.9993908275320339,0.03489948201371543,1.0535903265908286E-07));
#204=DIRECTION('',(-0.023762388078248157,-0.6804638393131803,-0.7323962809162708));
#205=FACE_BOUND('',#206,.T.);
#206=EDGE_LOOP('',(#207,#208,#209));
#207=ORIENTED_EDGE('',*,*,#210,.T.);
#208=ORIENTED_EDGE('',*,*,#211,.T.);
#209=ORIENTED_EDGE('',*,*,#212,.T.);
#210=EDGE_CURVE('',#41,#43,#213,.F.);
#211=EDGE_CURVE('',#43,#45,#214,.T.);
#212=EDGE_CURVE('',#45,#41,#215,.T.);
#213=LINE('',#40,#216);
#214=LINE('',#42,#217);
#215=LINE('',#44,#218);
#216=VECTOR('',#219,1.0);
#217=VECTOR('',#220,1.0);
#218=VECTOR('',#221,1.0);
#219=DIRECTION('',(-0.023762388078248157,-0.6804638393131803,-0.7323962809162708));
#220=DIRECTION('',(-0.022951772654945232,-0.6572553262205735,0.7533184268864549));
#221=DIRECTION('',(0.034878244505770185,0.9987827699138219,-0.03487816771949821));
#222=FACE_SURFACE('',(#227),#223,.T.);
#223=PLANE('',#224);
#224=AXIS2_PLACEMENT_3D('',#46,#225,#226);
#225=DIRECTION('',(-0.9993908235768443,0.03489959527554431,0));
#226=DIRECTION('',(-0.023762388078248157,-0.6804638393131803,0.7323962809162708));
#227=FACE_BOUND('',#228,.T.);
#228=EDGE_LOOP('',(#229,#230,#231));
#229=ORIENTED_EDGE('',*,*,#232,.T.);
#230=ORIENTED_EDGE('',*,*,#233,.T.);
#231=ORIENTED_EDGE('',*,*,#234,.T.);
#232=EDGE_CURVE('',#47,#43,#235,.F.);
#233=EDGE_CURVE('',#43,#41,#236,.T.);
#234=EDGE_CURVE('',#41,#47,#237,.T.);
#235=LINE('',#46,#238);
#236=LINE('',#42,#239);
#237=LINE('',#40,#240);
#238=VECTOR('',#241,1.0);
#239=VECTOR('',#242,1.0);
#240=VECTOR('',#243,1.0);
#241=DIRECTION('',(-0.023762388078248157,-0.6804638393131803,0.7323962809162708));
#242=DIRECTION('',(0.023762388078248157,0.6804638393131803,0.7323962809162708));
#243=DIRECTION('',(0,0,-1));
#244=FACE_SURFACE('',(#249),#245,.T.);
#245=PLANE('',#246);
#246=AXIS2_PLACEMENT_3D('',#44,#247,#248);
#247=DIRECTION('',(-0.999390826068074,0.034899523936169095,3.996381957174364E-08));
#248=DIRECTION('',(0.011306493901411677,0.32377645348817174,-0.9460660502112308));
#249=FACE_BOUND('',#250,.T.);
#250=EDGE_LOOP('',(#251,#252,#253));
#251=ORIENTED_EDGE('',*,*,#254,.T.);
#252=ORIENTED_EDGE('',*,*,#255,.T.);
#253=ORIENTED_EDGE('',*,*,#256,.T.);
#254=EDGE_CURVE('',#45,#49,#257,.F.);
#255=EDGE_CURVE('',#49,#39,#258,.T.);
#256=EDGE_CURVE('',#39,#45,#259,.T.);
#257=LINE('',#44,#260);
#258=LINE('',#48,#261);
#259=LINE('',#38,#262);
#260=VECTOR('',#263,1.0);
#261=VECTOR('',#264,1.0);
#262=VECTOR('',#265,1.0);
#263=DIRECTION('',(0.011306493901411677,0.32377645348817174,-0.9460660502112308));
#264=DIRECTION('',(-0.0314614769796946,-0.9009386151538844,0.43280456003935197));
#265=DIRECTION('',(0.02511202241500642,0.7191128772708961,0.694439382576623));
#266=FACE_SURFACE('',(#271),#267,.T.);
#267=PLANE('',#268);
#268=AXIS2_PLACEMENT_3D('',#34,#269,#270);
#269=DIRECTION('',(-0.9993908273047101,0.03489948852355476,-3.7142491598423977E-08));
#270=DIRECTION('',(0.033205656132000154,0.9508861300741878,0.30775469457569293));
#271=FACE_BOUND('',#272,.T.);
#272=EDGE_LOOP('',(#273,#274,#275));
#273=ORIENTED_EDGE('',*,*,#276,.T.);
#274=ORIENTED_EDGE('',*,*,#277,.T.);
#275=ORIENTED_EDGE('',*,*,#278,.T.);
#276=EDGE_CURVE('',#35,#49,#279,.F.);
#277=EDGE_CURVE('',#49,#47,#280,.T.);
#278=EDGE_CURVE('',#47,#35,#281,.T.);
#279=LINE('',#34,#282);
#280=LINE('',#48,#283);
#281=LINE('',#46,#284);
#282=VECTOR('',#285,1.0);
#283=VECTOR('',#286,1.0);
#284=VECTOR('',#287,1.0);
#285=DIRECTION('',(0.033205656132000154,0.9508861300741878,0.30775469457569293));
#286=DIRECTION('',(0.0319741586951466,0.9156198952168696,-0.40077158165067844));
#287=DIRECTION('',(-0.03487825323664526,-0.998782765227482,-0.034878293187955725));
#288=FACE_SURFACE('',(#293),#289,.T.);
#289=PLANE('',#290);
#290=AXIS2_PLACEMENT_3D('',#46,#291,#292);
#291=DIRECTION('',(-0.9993908289040965,0.03489944272281125,-1.4190843042160046E-07));
#292=DIRECTION('',(-0.0319741586951466,-0.9156198952168696,0.40077158165067844));
#293=FACE_BOUND('',#294,.T.);
#294=EDGE_LOOP('',(#295,#296,#297));
#295=ORIENTED_EDGE('',*,*,#298,.T.);
#296=ORIENTED_EDGE('',*,*,#299,.T.);
#297=ORIENTED_EDGE('',*,*,#300,.T.);
#298=EDGE_CURVE('',#47,#49,#301,.F.);
#299=EDGE_CURVE('',#49,#43,#302,.T.);
#300=EDGE_CURVE('',#43,#47,#303,.T.);
#301=LINE('',#46,#304);
#302=LINE('',#48,#305);
#303=LINE('',#42,#306);
#304=VECTOR('',#307,1.0);
#305=VECTOR('',#308,1.0);
#306=VECTOR('',#309,1.0);
#307=DIRECTION('',(-0.0319741586951466,-0.9156198952168696,0.40077158165067844));
#308=DIRECTION('',(0.025216344544757664,0.7221055585689253,0.6913231503802403));
#309=DIRECTION('',(0.023762388078248157,0.6804638393131803,-0.7323962809162708));
#310=FACE_SURFACE('',(#315),#311,.T.);
#311=PLANE('',#312);
#312=AXIS2_PLACEMENT_3D('',#38,#313,#314);
#313=DIRECTION('',(-0.99939082732697,0.03489948788611109,-3.517054606273027E-08));
#314=DIRECTION('',(0.0314614769796946,0.9009386151538844,-0.43280456003935197));
#315=FACE_BOUND('',#316,.T.);
#316=EDGE_LOOP('',(#317,#318,#319));
#317=ORIENTED_EDGE('',*,*,#320,.T.);
#318=ORIENTED_EDGE('',*,*,#321,.T.);
#319=ORIENTED_EDGE('',*,*,#322,.T.);
#320=EDGE_CURVE('',#39,#49,#323,.F.);
#321=EDGE_CURVE('',#49,#35,#324,.T.);
#322=EDGE_CURVE('',#35,#39,#325,.T.);
#323=LINE('',#38,#326);
#324=LINE('',#48,#327);
#325=LINE('',#34,#328);
#326=VECTOR('',#329,1.0);
#327=VECTOR('',#330,1.0);
#328=VECTOR('',#331,1.0);
#329=DIRECTION('',(0.0314614769796946,0.9009386151538844,-0.43280456003935197));
#330=DIRECTION('',(-0.033205656132000154,-0.9508861300741878,-0.30775469457569293));
#331=DIRECTION('',(0.018621313280254556,0.5332456307519862,0.845755487109386));
#332=FACE_SURFACE('',(#337),#333,.T.);
#333=PLANE('',#334);
#334=AXIS2_PLACEMENT_3D('',#42,#335,#336);
#335=DIRECTION('',(-0.9993908327784414,0.03489933177601747,-2.5880212258811564E-08));
#336=DIRECTION('',(-0.025216344544757664,-0.7221055585689253,-0.6913231503802403));
#337=FACE_BOUND('',#338,.T.);
#338=EDGE_LOOP('',(#339,#340,#341));
#339=ORIENTED_EDGE('',*,*,#342,.T.);
#340=ORIENTED_EDGE('',*,*,#343,.T.);
#341=ORIENTED_EDGE('',*,*,#344,.T.);
#342=EDGE_CURVE('',#43,#49,#345,.F.);
#343=EDGE_CURVE('',#49,#45,#346,.T.);
#344=EDGE_CURVE('',#45,#43,#347,.T.);
#345=LINE('',#42,#348);
#346=LINE('',#48,#349);
#347=LINE('',#44,#350);
#348=VECTOR('',#351,1.0);
#349=VECTOR('',#352,1.0);
#350=VECTOR('',#353,1.0);
#351=DIRECTION('',(-0.025216344544757664,-0.7221055585689253,-0.6913231503802403));
#352=DIRECTION('',(-0.011306493901411677,-0.32377645348817174,0.9460660502112308));
#353=DIRECTION('',(0.022951772654945232,0.6572553262205735,-0.7533184268864549));
#354=FACE_SURFACE('',(#359),#355,.T.);
#355=PLANE('',#356);
#356=AXIS2_PLACEMENT_3D('',#50,#357,#358);
#357=DIRECTION('',(5.007459125442213E-08,0.03489940334606175,0.9993908302791688));
#358=DIRECTION('',(-0.6092624535325861,-0.7924855856259688,0.027674162869338322));
#359=FACE_BOUND('',#360,.T.);
#360=EDGE_LOOP('',(#361,#362,#363));
#361=ORIENTED_EDGE('',*,*,#364,.T.);
#362=ORIENTED_EDGE('',*,*,#365,.T.);
#363=ORIENTED_EDGE('',*,*,#366,.T.);
#364=EDGE_CURVE('',#51,#53,#367,.F.);
#365=EDGE_CURVE('',#53,#55,#368,.T.);
#366=EDGE_CURVE('',#55,#51,#369,.T.);
#367=LINE('',#50,#370);
#368=LINE('',#52,#371);
#369=LINE('',#54,#372);
#370=VECTOR('',#373,1.0);
#371=VECTOR('',#374,1.0);
#372=VECTOR('',#375,1.0);
#373=DIRECTION('',(-0.6092624535325861,-0.7924855856259688,0.027674162869338322));
#374=DIRECTION('',(0.6423506009534393,-0.7659440514643345,0.02674725184306495));
#375=DIRECTION('',(-0.034878244505770185,0.9987827699138219,-0.03487816771949821));
#376=FACE_SURFACE('',(#381),#377,.T.);
#377=PLANE('',#378);
#378=AXIS2_PLACEMENT_3D('',#54,#379,#380);
#379=DIRECTION('',(0,0.034899361402701445,0.9993908317438597));
#380=DIRECTION('',(-0.6423506009534393,0.7659440514643345,-0.02674725184306495));
#381=FACE_BOUND('',#382,.T.);
#382=EDGE_LOOP('',(#383,#384,#385));
#383=ORIENTED_EDGE('',*,*,#386,.T.);
#384=ORIENTED_EDGE('',*,*,#387,.T.);
#385=ORIENTED_EDGE('',*,*,#388,.T.);
#386=EDGE_CURVE('',#55,#53,#389,.F.);
#387=EDGE_CURVE('',#53,#45,#390,.T.);
#388=EDGE_CURVE('',#45,#55,#391,.T.);
#389=LINE('',#54,#392);
#390=LINE('',#52,#393);
#391=LINE('',#44,#394);
#392=VECTOR('',#395,1.0);
#393=VECTOR('',#396,1.0);
#394=VECTOR('',#397,1.0);
#395=DIRECTION('',(-0.6423506009534393,0.7659440514643345,-0.02674725184306495));
#396=DIRECTION('',(-0.6423506009534393,-0.7659440514643345,0.02674725184306495));
#397=DIRECTION('',(1,0,0));
#398=FACE_SURFACE('',(#403),#399,.T.);
#399=PLANE('',#400);
#400=AXIS2_PLACEMENT_3D('',#44,#401,#402);
#401=DIRECTION('',(-5.007459125442213E-08,0.03489940334606175,0.9993908302791688));
#402=DIRECTION('',(0.6423506009534393,0.7659440514643345,-0.02674725184306495));
#403=FACE_BOUND('',#404,.T.);
#404=EDGE_LOOP('',(#405,#406,#407));
#405=ORIENTED_EDGE('',*,*,#408,.T.);
#406=ORIENTED_EDGE('',*,*,#409,.T.);
#407=ORIENTED_EDGE('',*,*,#410,.T.);
#408=EDGE_CURVE('',#45,#53,#411,.F.);
#409=EDGE_CURVE('',#53,#41,#412,.T.);
#410=EDGE_CURVE('',#41,#45,#413,.T.);
#411=LINE('',#44,#414);
#412=LINE('',#52,#415);
#413=LINE('',#40,#416);
#414=VECTOR('',#417,1.0);
#415=VECTOR('',#418,1.0);
#416=VECTOR('',#419,1.0);
#417=DIRECTION('',(0.6423506009534393,0.7659440514643345,-0.02674725184306495));
#418=DIRECTION('',(-0.6092624535325861,0.7924855856259688,-0.027674162869338322));
#419=DIRECTION('',(-0.034878244505770185,-0.9987827699138219,0.03487816771949821));
#420=FACE_SURFACE('',(#425),#421,.T.);
#421=PLANE('',#422);
#422=AXIS2_PLACEMENT_3D('',#40,#423,#424);
#423=DIRECTION('',(-0,0.03489944179648961,0.9993908289364545));
#424=DIRECTION('',(0.6092624535325861,-0.7924855856259688,0.027674162869338322));
#425=FACE_BOUND('',#426,.T.);
#426=EDGE_LOOP('',(#427,#428,#429));
#427=ORIENTED_EDGE('',*,*,#430,.T.);
#428=ORIENTED_EDGE('',*,*,#431,.T.);
#429=ORIENTED_EDGE('',*,*,#432,.T.);
#430=EDGE_CURVE('',#41,#53,#433,.F.);
#431=EDGE_CURVE('',#53,#51,#434,.T.);
#432=EDGE_CURVE('',#51,#41,#435,.T.);
#433=LINE('',#40,#436);
#434=LINE('',#52,#437);
#435=LINE('',#50,#438);
#436=VECTOR('',#439,1.0);
#437=VECTOR('',#440,1.0);
#438=VECTOR('',#441,1.0);
#439=DIRECTION('',(0.6092624535325861,-0.7924855856259688,0.027674162869338322));
#440=DIRECTION('',(0.6092624535325861,0.7924855856259688,-0.027674162869338322));
#441=DIRECTION('',(-1,0,0));
#442=FACE_SURFACE('',(#447),#443,.T.);
#443=PLANE('',#444);
#444=AXIS2_PLACEMENT_3D('',#54,#445,#446);
#445=DIRECTION('',(0,-0.6946584476748938,0.7193397257721185));
#446=DIRECTION('',(-1,0,0));
#447=FACE_BOUND('',#448,.T.);
#448=EDGE_LOOP('',(#449,#450,#451));
#449=ORIENTED_EDGE('',*,*,#452,.T.);
#450=ORIENTED_EDGE('',*,*,#453,.T.);
#451=ORIENTED_EDGE('',*,*,#454,.T.);
#452=EDGE_CURVE('',#55,#45,#455,.F.);
#453=EDGE_CURVE('',#45,#39,#456,.T.);
#454=EDGE_CURVE('',#39,#55,#457,.T.);
#455=LINE('',#54,#458);
#456=LINE('',#44,#459);
#457=LINE('',#38,#460);
#458=VECTOR('',#461,1.0);
#459=VECTOR('',#462,1.0);
#460=VECTOR('',#463,1.0);
#461=DIRECTION('',(-1,0,0));
#462=DIRECTION('',(-0.02511202241500642,-0.7191128772708961,-0.694439382576623));
#463=DIRECTION('',(0.8020702747534478,0.4296110244081948,0.4148706329253376));
#464=FACE_SURFACE('',(#469),#465,.T.);
#465=PLANE('',#466);
#466=AXIS2_PLACEMENT_3D('',#56,#467,#468);
#467=DIRECTION('',(0,-0.6946581045592698,0.7193400571149383));
#468=DIRECTION('',(-1,0,0));
#469=FACE_BOUND('',#470,.T.);
#470=EDGE_LOOP('',(#471,#472,#473));
#471=ORIENTED_EDGE('',*,*,#474,.T.);
#472=ORIENTED_EDGE('',*,*,#475,.T.);
#473=ORIENTED_EDGE('',*,*,#476,.T.);
#474=EDGE_CURVE('',#57,#39,#477,.F.);
#475=EDGE_CURVE('',#39,#37,#478,.T.);
#476=EDGE_CURVE('',#37,#57,#479,.T.);
#477=LINE('',#56,#480);
#478=LINE('',#38,#481);
#479=LINE('',#36,#482);
#480=VECTOR('',#483,1.0);
#481=VECTOR('',#484,1.0);
#482=VECTOR('',#485,1.0);
#483=DIRECTION('',(-1,0,0));
#484=DIRECTION('',(-0.02511194015488613,-0.7191132099956449,-0.6944390410046205));
#485=DIRECTION('',(0.8085620720041748,0.42326752336985174,0.4087443936944793));
#486=FACE_SURFACE('',(#491),#487,.T.);
#487=PLANE('',#488);
#488=AXIS2_PLACEMENT_3D('',#56,#489,#490);
#489=DIRECTION('',(0,-0.6946584476748939,0.7193397257721186));
#490=DIRECTION('',(-0.02511202241500642,0.7191128772708961,0.694439382576623));
#491=FACE_BOUND('',#492,.T.);
#492=EDGE_LOOP('',(#493,#494,#495));
#493=ORIENTED_EDGE('',*,*,#496,.T.);
#494=ORIENTED_EDGE('',*,*,#497,.T.);
#495=ORIENTED_EDGE('',*,*,#498,.T.);
#496=EDGE_CURVE('',#57,#55,#499,.F.);
#497=EDGE_CURVE('',#55,#39,#500,.T.);
#498=EDGE_CURVE('',#39,#57,#501,.T.);
#499=LINE('',#56,#502);
#500=LINE('',#54,#503);
#501=LINE('',#38,#504);
#502=VECTOR('',#505,1.0);
#503=VECTOR('',#506,1.0);
#504=VECTOR('',#507,1.0);
#505=DIRECTION('',(-0.02511202241500642,0.7191128772708961,0.694439382576623));
#506=DIRECTION('',(-0.8020702747534478,-0.4296110244081948,-0.4148706329253376));
#507=DIRECTION('',(1,0,0));
#508=FACE_SURFACE('',(#513),#509,.T.);
#509=PLANE('',#510);
#510=AXIS2_PLACEMENT_3D('',#58,#511,#512);
#511=DIRECTION('',(0,-0.6946581045592698,0.7193400571149383));
#512=DIRECTION('',(-0.02511194015488613,0.7191132099956449,0.6944390410046205));
#513=FACE_BOUND('',#514,.T.);
#514=EDGE_LOOP('',(#515,#516,#517));
#515=ORIENTED_EDGE('',*,*,#518,.T.);
#516=ORIENTED_EDGE('',*,*,#519,.T.);
#517=ORIENTED_EDGE('',*,*,#520,.T.);
#518=EDGE_CURVE('',#59,#57,#521,.F.);
#519=EDGE_CURVE('',#57,#37,#522,.T.);
#520=EDGE_CURVE('',#37,#59,#523,.T.);
#521=LINE('',#58,#524);
#522=LINE('',#56,#525);
#523=LINE('',#36,#526);
#524=VECTOR('',#527,1.0);
#525=VECTOR('',#528,1.0);
#526=VECTOR('',#529,1.0);
#527=DIRECTION('',(-0.02511194015488613,0.7191132099956449,0.6944390410046205));
#528=DIRECTION('',(-0.8085620720041748,-0.42326752336985174,-0.4087443936944793));
#529=DIRECTION('',(1,0,0));
#530=FACE_SURFACE('',(#535),#531,.T.);
#531=PLANE('',#532);
#532=AXIS2_PLACEMENT_3D('',#46,#533,#534);
#533=DIRECTION('',(-1,0,0));
#534=DIRECTION('',(0,0,1));
#535=FACE_BOUND('',#536,.T.);
#536=EDGE_LOOP('',(#537,#538,#539));
#537=ORIENTED_EDGE('',*,*,#540,.T.);
#538=ORIENTED_EDGE('',*,*,#541,.T.);
#539=ORIENTED_EDGE('',*,*,#542,.T.);
#540=EDGE_CURVE('',#47,#41,#543,.F.);
#541=EDGE_CURVE('',#41,#61,#544,.T.);
#542=EDGE_CURVE('',#61,#47,#545,.T.);
#543=LINE('',#46,#546);
#544=LINE('',#40,#547);
#545=LINE('',#60,#548);
#546=VECTOR('',#549,1.0);
#547=VECTOR('',#550,1.0);
#548=VECTOR('',#551,1.0);
#549=DIRECTION('',(0,0,1));
#550=DIRECTION('',(0,0.9186691875800357,0.3950277506594154));
#551=DIRECTION('',(0,-0.8687772701926608,-0.49520304400981674));
#552=FACE_SURFACE('',(#557),#553,.T.);
#553=PLANE('',#554);
#554=AXIS2_PLACEMENT_3D('',#60,#555,#556);
#555=DIRECTION('',(-1,-0,0));
#556=DIRECTION('',(0,-0.9186691875800357,-0.3950277506594154));
#557=FACE_BOUND('',#558,.T.);
#558=EDGE_LOOP('',(#559,#560,#561));
#559=ORIENTED_EDGE('',*,*,#562,.T.);
#560=ORIENTED_EDGE('',*,*,#563,.T.);
#561=ORIENTED_EDGE('',*,*,#564,.T.);
#562=EDGE_CURVE('',#61,#41,#565,.F.);
#563=EDGE_CURVE('',#41,#63,#566,.T.);
#564=EDGE_CURVE('',#63,#61,#567,.T.);
#565=LINE('',#60,#568);
#566=LINE('',#40,#569);
#567=LINE('',#62,#570);
#568=VECTOR('',#571,1.0);
#569=VECTOR('',#572,1.0);
#570=VECTOR('',#573,1.0);
#571=DIRECTION('',(0,-0.9186691875800357,-0.3950277506594154));
#572=DIRECTION('',(0,0.8687772701926608,0.49520304400981674));
#573=DIRECTION('',(0,0,-1));
#574=FACE_SURFACE('',(#579),#575,.T.);
#575=PLANE('',#576);
#576=AXIS2_PLACEMENT_3D('',#58,#577,#578);
#577=DIRECTION('',(0,-1,-0));
#578=DIRECTION('',(-0.9527225174282024,0,-0.3038417429934023));
#579=FACE_BOUND('',#580,.T.);
#580=EDGE_LOOP('',(#581,#582,#583));
#581=ORIENTED_EDGE('',*,*,#584,.T.);
#582=ORIENTED_EDGE('',*,*,#585,.T.);
#583=ORIENTED_EDGE('',*,*,#586,.T.);
#584=EDGE_CURVE('',#59,#35,#587,.F.);
#585=EDGE_CURVE('',#35,#65,#588,.T.);
#586=EDGE_CURVE('',#65,#59,#589,.T.);
#587=LINE('',#58,#590);
#588=LINE('',#34,#591);
#589=LINE('',#64,#592);
#590=VECTOR('',#593,1.0);
#591=VECTOR('',#594,1.0);
#592=VECTOR('',#595,1.0);
#593=DIRECTION('',(-0.9527225174282024,0,-0.3038417429934023));
#594=DIRECTION('',(1,0,0));
#595=DIRECTION('',(0,0,1));
#596=FACE_SURFACE('',(#601),#597,.T.);
#597=PLANE('',#598);
#598=AXIS2_PLACEMENT_3D('',#36,#599,#600);
#599=DIRECTION('',(0,-1,0));
#600=DIRECTION('',(0,0,-1));
#601=FACE_BOUND('',#602,.T.);
#602=EDGE_LOOP('',(#603,#604,#605));
#603=ORIENTED_EDGE('',*,*,#606,.T.);
#604=ORIENTED_EDGE('',*,*,#607,.T.);
#605=ORIENTED_EDGE('',*,*,#608,.T.);
#606=EDGE_CURVE('',#37,#35,#609,.F.);
#607=EDGE_CURVE('',#35,#59,#610,.T.);
#608=EDGE_CURVE('',#59,#37,#611,.T.);
#609=LINE('',#36,#612);
#610=LINE('',#34,#613);
#611=LINE('',#58,#614);
#612=VECTOR('',#615,1.0);
#613=VECTOR('',#616,1.0);
#614=VECTOR('',#617,1.0);
#615=DIRECTION('',(0,0,-1));
#616=DIRECTION('',(0.9527225174282024,0,0.3038417429934023));
#617=DIRECTION('',(-1,0,0));
#618=FACE_SURFACE('',(#623),#619,.T.);
#619=PLANE('',#620);
#620=AXIS2_PLACEMENT_3D('',#34,#621,#622);
#621=DIRECTION('',(0,0.034899686862805424,-0.9993908203785334));
#622=DIRECTION('',(0.4250314113720509,0.9046271844430669,0.03159044972284848));
#623=FACE_BOUND('',#624,.T.);
#624=EDGE_LOOP('',(#625,#626,#627));
#625=ORIENTED_EDGE('',*,*,#628,.T.);
#626=ORIENTED_EDGE('',*,*,#629,.T.);
#627=ORIENTED_EDGE('',*,*,#630,.T.);
#628=EDGE_CURVE('',#35,#67,#631,.F.);
#629=EDGE_CURVE('',#67,#65,#632,.T.);
#630=EDGE_CURVE('',#65,#35,#633,.T.);
#631=LINE('',#34,#634);
#632=LINE('',#66,#635);
#633=LINE('',#64,#636);
#634=VECTOR('',#637,1.0);
#635=VECTOR('',#638,1.0);
#636=VECTOR('',#639,1.0);
#637=DIRECTION('',(0.4250314113720509,0.9046271844430669,0.03159044972284848));
#638=DIRECTION('',(0.4250314113720509,-0.9046271844430669,-0.03159044972284848));
#639=DIRECTION('',(-1,0,0));
#640=FACE_SURFACE('',(#645),#641,.T.);
#641=PLANE('',#642);
#642=AXIS2_PLACEMENT_3D('',#64,#643,#644);
#643=DIRECTION('',(-3.830365174474202E-07,0.03489951379539532,-0.9993908264221251));
#644=DIRECTION('',(-0.17139386681848673,0.984602427852715,0.03438315697468832));
#645=FACE_BOUND('',#646,.T.);
#646=EDGE_LOOP('',(#647,#648,#649));
#647=ORIENTED_EDGE('',*,*,#650,.T.);
#648=ORIENTED_EDGE('',*,*,#651,.T.);
#649=ORIENTED_EDGE('',*,*,#652,.T.);
#650=EDGE_CURVE('',#65,#69,#653,.F.);
#651=EDGE_CURVE('',#69,#71,#654,.T.);
#652=EDGE_CURVE('',#71,#65,#655,.T.);
#653=LINE('',#64,#656);
#654=LINE('',#68,#657);
#655=LINE('',#70,#658);
#656=VECTOR('',#659,1.0);
#657=VECTOR('',#660,1.0);
#658=VECTOR('',#661,1.0);
#659=DIRECTION('',(-0.17139386681848673,0.984602427852715,0.03438315697468832));
#660=DIRECTION('',(0.35709961074649943,0.9334973044000773,0.032598323307925774));
#661=DIRECTION('',(0.03487825323664526,-0.998782765227482,-0.034878293187955725));
#662=FACE_SURFACE('',(#667),#663,.T.);
#663=PLANE('',#664);
#664=AXIS2_PLACEMENT_3D('',#66,#665,#666);
#665=DIRECTION('',(-3.60424143756827E-07,0.034899517726831926,-0.9993908262848447));
#666=DIRECTION('',(0.38503960157378003,0.9223378499775118,0.03220862801743895));
#667=FACE_BOUND('',#668,.T.);
#668=EDGE_LOOP('',(#669,#670,#671));
#669=ORIENTED_EDGE('',*,*,#672,.T.);
#670=ORIENTED_EDGE('',*,*,#673,.T.);
#671=ORIENTED_EDGE('',*,*,#674,.T.);
#672=EDGE_CURVE('',#67,#69,#675,.F.);
#673=EDGE_CURVE('',#69,#65,#676,.T.);
#674=EDGE_CURVE('',#65,#67,#677,.T.);
#675=LINE('',#66,#678);
#676=LINE('',#68,#679);
#677=LINE('',#64,#680);
#678=VECTOR('',#681,1.0);
#679=VECTOR('',#682,1.0);
#680=VECTOR('',#683,1.0);
#681=DIRECTION('',(0.38503960157378003,0.9223378499775118,0.03220862801743895));
#682=DIRECTION('',(0.17139386681848673,-0.984602427852715,-0.03438315697468832));
#683=DIRECTION('',(-0.4250314113720509,0.9046271844430669,0.03159044972284848));
#684=FACE_SURFACE('',(#689),#685,.T.);
#685=PLANE('',#686);
#686=AXIS2_PLACEMENT_3D('',#70,#687,#688);
#687=DIRECTION('',(0,0.034899367447257135,-0.99939083153278));
#688=DIRECTION('',(-0.7725541986026261,-0.6345620340814891,-0.022159312349827587));
#689=FACE_BOUND('',#690,.T.);
#690=EDGE_LOOP('',(#691,#692,#693));
#691=ORIENTED_EDGE('',*,*,#694,.T.);
#692=ORIENTED_EDGE('',*,*,#695,.T.);
#693=ORIENTED_EDGE('',*,*,#696,.T.);
#694=EDGE_CURVE('',#71,#73,#697,.F.);
#695=EDGE_CURVE('',#73,#47,#698,.T.);
#696=EDGE_CURVE('',#47,#71,#699,.T.);
#697=LINE('',#70,#700);
#698=LINE('',#72,#701);
#699=LINE('',#46,#702);
#700=VECTOR('',#703,1.0);
#701=VECTOR('',#704,1.0);
#702=VECTOR('',#705,1.0);
#703=DIRECTION('',(-0.7725541986026261,-0.6345620340814891,-0.022159312349827587));
#704=DIRECTION('',(-0.35709961074649943,0.9334973044000773,0.032598323307925774));
#705=DIRECTION('',(1,0,0));
#706=FACE_SURFACE('',(#711),#707,.T.);
#707=PLANE('',#708);
#708=AXIS2_PLACEMENT_3D('',#46,#709,#710);
#709=DIRECTION('',(3.830365174474202E-07,0.03489951379539532,-0.9993908264221251));
#710=DIRECTION('',(0.35709961074649943,-0.9334973044000773,-0.032598323307925774));
#711=FACE_BOUND('',#712,.T.);
#712=EDGE_LOOP('',(#713,#714,#715));
#713=ORIENTED_EDGE('',*,*,#716,.T.);
#714=ORIENTED_EDGE('',*,*,#717,.T.);
#715=ORIENTED_EDGE('',*,*,#718,.T.);
#716=EDGE_CURVE('',#47,#73,#719,.F.);
#717=EDGE_CURVE('',#73,#35,#720,.T.);
#718=EDGE_CURVE('',#35,#47,#721,.T.);
#719=LINE('',#46,#722);
#720=LINE('',#72,#723);
#721=LINE('',#34,#724);
#722=VECTOR('',#725,1.0);
#723=VECTOR('',#726,1.0);
#724=VECTOR('',#727,1.0);
#725=DIRECTION('',(0.35709961074649943,-0.9334973044000773,-0.032598323307925774));
#726=DIRECTION('',(-0.17139386681848673,-0.984602427852715,-0.03438315697468832));
#727=DIRECTION('',(0.03487825323664526,0.998782765227482,0.034878293187955725));
#728=FACE_SURFACE('',(#733),#729,.T.);
#729=PLANE('',#730);
#730=AXIS2_PLACEMENT_3D('',#34,#731,#732);
#731=DIRECTION('',(3.60424143756827E-07,0.03489951772683193,-0.9993908262848447));
#732=DIRECTION('',(0.17139386681848673,0.984602427852715,0.03438315697468832));
#733=FACE_BOUND('',#734,.T.);
#734=EDGE_LOOP('',(#735,#736,#737));
#735=ORIENTED_EDGE('',*,*,#738,.T.);
#736=ORIENTED_EDGE('',*,*,#739,.T.);
#737=ORIENTED_EDGE('',*,*,#740,.T.);
#738=EDGE_CURVE('',#35,#73,#741,.F.);
#739=EDGE_CURVE('',#73,#67,#742,.T.);
#740=EDGE_CURVE('',#67,#35,#743,.T.);
#741=LINE('',#34,#744);
#742=LINE('',#72,#745);
#743=LINE('',#66,#746);
#744=VECTOR('',#747,1.0);
#745=VECTOR('',#748,1.0);
#746=VECTOR('',#749,1.0);
#747=DIRECTION('',(0.17139386681848673,0.984602427852715,0.03438315697468832));
#748=DIRECTION('',(0.38503960157378003,-0.9223378499775118,-0.03220862801743895));
#749=DIRECTION('',(-0.4250314113720509,-0.9046271844430669,-0.03159044972284848));
#750=FACE_SURFACE('',(#755),#751,.T.);
#751=PLANE('',#752);
#752=AXIS2_PLACEMENT_3D('',#68,#753,#754);
#753=DIRECTION('',(0,0.034899367447257135,-0.9993908315327799));
#754=DIRECTION('',(-1,0,0));
#755=FACE_BOUND('',#756,.T.);
#756=EDGE_LOOP('',(#757,#758,#759));
#757=ORIENTED_EDGE('',*,*,#760,.T.);
#758=ORIENTED_EDGE('',*,*,#761,.T.);
#759=ORIENTED_EDGE('',*,*,#762,.T.);
#760=EDGE_CURVE('',#69,#73,#763,.F.);
#761=EDGE_CURVE('',#73,#71,#764,.T.);
#762=EDGE_CURVE('',#71,#69,#765,.T.);
#763=LINE('',#68,#766);
#764=LINE('',#72,#767);
#765=LINE('',#70,#768);
#766=VECTOR('',#769,1.0);
#767=VECTOR('',#770,1.0);
#768=VECTOR('',#771,1.0);
#769=DIRECTION('',(-1,0,0));
#770=DIRECTION('',(0.7725541986026261,0.6345620340814891,0.022159312349827587));
#771=DIRECTION('',(-0.35709961074649943,-0.9334973044000773,-0.032598323307925774));
#772=FACE_SURFACE('',(#777),#773,.T.);
#773=PLANE('',#774);
#774=AXIS2_PLACEMENT_3D('',#66,#775,#776);
#775=DIRECTION('',(0,0.034899367447257135,-0.9993908315327799));
#776=DIRECTION('',(-0.38503960157378003,0.9223378499775118,0.03220862801743895));
#777=FACE_BOUND('',#778,.T.);
#778=EDGE_LOOP('',(#779,#780,#781));
#779=ORIENTED_EDGE('',*,*,#782,.T.);
#780=ORIENTED_EDGE('',*,*,#783,.T.);
#781=ORIENTED_EDGE('',*,*,#784,.T.);
#782=EDGE_CURVE('',#67,#73,#785,.F.);
#783=EDGE_CURVE('',#73,#69,#786,.T.);
#784=EDGE_CURVE('',#69,#67,#787,.T.);
#785=LINE('',#66,#788);
#786=LINE('',#72,#789);
#787=LINE('',#68,#790);
#788=VECTOR('',#791,1.0);
#789=VECTOR('',#792,1.0);
#790=VECTOR('',#793,1.0);
#791=DIRECTION('',(-0.38503960157378003,0.9223378499775118,0.03220862801743895));
#792=DIRECTION('',(1,0,0));
#793=DIRECTION('',(-0.38503960157378003,-0.9223378499775118,-0.03220862801743895));
#794=FACE_SURFACE('',(#799),#795,.T.);
#795=PLANE('',#796);
#796=AXIS2_PLACEMENT_3D('',#58,#797,#798);
#797=DIRECTION('',(0.9993908292725581,0.03489943217172507,0));
#798=DIRECTION('',(0,0,-1));
#799=FACE_BOUND('',#800,.T.);
#800=EDGE_LOOP('',(#801,#802,#803));
#801=ORIENTED_EDGE('',*,*,#804,.T.);
#802=ORIENTED_EDGE('',*,*,#805,.T.);
#803=ORIENTED_EDGE('',*,*,#806,.T.);
#804=EDGE_CURVE('',#59,#65,#807,.F.);
#805=EDGE_CURVE('',#65,#57,#808,.T.);
#806=EDGE_CURVE('',#57,#59,#809,.T.);
#807=LINE('',#58,#810);
#808=LINE('',#64,#811);
#809=LINE('',#56,#812);
#810=VECTOR('',#813,1.0);
#811=VECTOR('',#814,1.0);
#812=VECTOR('',#815,1.0);
#813=DIRECTION('',(0,0,-1));
#814=DIRECTION('',(-0.018621313280254556,0.5332456307519862,0.845755487109386));
#815=DIRECTION('',(0.02511194015488613,-0.7191132099956449,-0.6944390410046205));
#816=FACE_SURFACE('',(#821),#817,.T.);
#817=PLANE('',#818);
#818=AXIS2_PLACEMENT_3D('',#54,#819,#820);
#819=DIRECTION('',(0.9993908275320339,0.03489948201371543,1.0535903266380406E-07));
#820=DIRECTION('',(-0.022951772654945232,0.6572553262205735,-0.7533184268864549));
#821=FACE_BOUND('',#822,.T.);
#822=EDGE_LOOP('',(#823,#824,#825));
#823=ORIENTED_EDGE('',*,*,#826,.T.);
#824=ORIENTED_EDGE('',*,*,#827,.T.);
#825=ORIENTED_EDGE('',*,*,#828,.T.);
#826=EDGE_CURVE('',#55,#75,#829,.F.);
#827=EDGE_CURVE('',#75,#51,#830,.T.);
#828=EDGE_CURVE('',#51,#55,#831,.T.);
#829=LINE('',#54,#832);
#830=LINE('',#74,#833);
#831=LINE('',#50,#834);
#832=VECTOR('',#835,1.0);
#833=VECTOR('',#836,1.0);
#834=VECTOR('',#837,1.0);
#835=DIRECTION('',(-0.022951772654945232,0.6572553262205735,-0.7533184268864549));
#836=DIRECTION('',(-0.023762388078248157,0.6804638393131803,0.7323962809162708));
#837=DIRECTION('',(0.034878244505770185,-0.9987827699138219,0.03487816771949821));
#838=FACE_SURFACE('',(#843),#839,.T.);
#839=PLANE('',#840);
#840=AXIS2_PLACEMENT_3D('',#50,#841,#842);
#841=DIRECTION('',(0.9993908235768443,0.03489959527554431,0));
#842=DIRECTION('',(0.023762388078248157,-0.6804638393131803,-0.7323962809162708));
#843=FACE_BOUND('',#844,.T.);
#844=EDGE_LOOP('',(#845,#846,#847));
#845=ORIENTED_EDGE('',*,*,#848,.T.);
#846=ORIENTED_EDGE('',*,*,#849,.T.);
#847=ORIENTED_EDGE('',*,*,#850,.T.);
#848=EDGE_CURVE('',#51,#75,#851,.F.);
#849=EDGE_CURVE('',#75,#71,#852,.T.);
#850=EDGE_CURVE('',#71,#51,#853,.T.);
#851=LINE('',#50,#854);
#852=LINE('',#74,#855);
#853=LINE('',#70,#856);
#854=VECTOR('',#857,1.0);
#855=VECTOR('',#858,1.0);
#856=VECTOR('',#859,1.0);
#857=DIRECTION('',(0.023762388078248157,-0.6804638393131803,-0.7323962809162708));
#858=DIRECTION('',(-0.023762388078248157,0.6804638393131803,-0.7323962809162708));
#859=DIRECTION('',(0,0,1));
#860=FACE_SURFACE('',(#865),#861,.T.);
#861=PLANE('',#862);
#862=AXIS2_PLACEMENT_3D('',#56,#863,#864);
#863=DIRECTION('',(0.999390826068074,0.034899523936169095,3.996381957038444E-08));
#864=DIRECTION('',(-0.0314614769796946,0.9009386151538844,-0.43280456003935197));
#865=FACE_BOUND('',#866,.T.);
#866=EDGE_LOOP('',(#867,#868,#869));
#867=ORIENTED_EDGE('',*,*,#870,.T.);
#868=ORIENTED_EDGE('',*,*,#871,.T.);
#869=ORIENTED_EDGE('',*,*,#872,.T.);
#870=EDGE_CURVE('',#57,#77,#873,.F.);
#871=EDGE_CURVE('',#77,#55,#874,.T.);
#872=EDGE_CURVE('',#55,#57,#875,.T.);
#873=LINE('',#56,#876);
#874=LINE('',#76,#877);
#875=LINE('',#54,#878);
#876=VECTOR('',#879,1.0);
#877=VECTOR('',#880,1.0);
#878=VECTOR('',#881,1.0);
#879=DIRECTION('',(-0.0314614769796946,0.9009386151538844,-0.43280456003935197));
#880=DIRECTION('',(0.011306493901411677,-0.32377645348817174,0.9460660502112308));
#881=DIRECTION('',(0.02511202241500642,-0.7191128772708961,-0.694439382576623));
#882=FACE_SURFACE('',(#887),#883,.T.);
#883=PLANE('',#884);
#884=AXIS2_PLACEMENT_3D('',#70,#885,#886);
#885=DIRECTION('',(0.9993908273047101,0.03489948852355476,-3.7142491598423977E-08));
#886=DIRECTION('',(0.0319741586951466,-0.9156198952168696,0.40077158165067844));
#887=FACE_BOUND('',#888,.T.);
#888=EDGE_LOOP('',(#889,#890,#891));
#889=ORIENTED_EDGE('',*,*,#892,.T.);
#890=ORIENTED_EDGE('',*,*,#893,.T.);
#891=ORIENTED_EDGE('',*,*,#894,.T.);
#892=EDGE_CURVE('',#71,#77,#895,.F.);
#893=EDGE_CURVE('',#77,#65,#896,.T.);
#894=EDGE_CURVE('',#65,#71,#897,.T.);
#895=LINE('',#70,#898);
#896=LINE('',#76,#899);
#897=LINE('',#64,#900);
#898=VECTOR('',#901,1.0);
#899=VECTOR('',#902,1.0);
#900=VECTOR('',#903,1.0);
#901=DIRECTION('',(0.0319741586951466,-0.9156198952168696,0.40077158165067844));
#902=DIRECTION('',(0.033205656132000154,-0.9508861300741878,-0.30775469457569293));
#903=DIRECTION('',(-0.03487825323664526,0.998782765227482,0.034878293187955725));
#904=FACE_SURFACE('',(#909),#905,.T.);
#905=PLANE('',#906);
#906=AXIS2_PLACEMENT_3D('',#74,#907,#908);
#907=DIRECTION('',(0.9993908289040965,0.03489944272281125,-1.419084304159649E-07));
#908=DIRECTION('',(0.025216344544757664,-0.7221055585689253,-0.6913231503802403));
#909=FACE_BOUND('',#910,.T.);
#910=EDGE_LOOP('',(#911,#912,#913));
#911=ORIENTED_EDGE('',*,*,#914,.T.);
#912=ORIENTED_EDGE('',*,*,#915,.T.);
#913=ORIENTED_EDGE('',*,*,#916,.T.);
#914=EDGE_CURVE('',#75,#77,#917,.F.);
#915=EDGE_CURVE('',#77,#71,#918,.T.);
#916=EDGE_CURVE('',#71,#75,#919,.T.);
#917=LINE('',#74,#920);
#918=LINE('',#76,#921);
#919=LINE('',#70,#922);
#920=VECTOR('',#923,1.0);
#921=VECTOR('',#924,1.0);
#922=VECTOR('',#925,1.0);
#923=DIRECTION('',(0.025216344544757664,-0.7221055585689253,-0.6913231503802403));
#924=DIRECTION('',(-0.0319741586951466,0.9156198952168696,-0.40077158165067844));
#925=DIRECTION('',(0.023762388078248157,-0.6804638393131803,0.7323962809162708));
#926=FACE_SURFACE('',(#931),#927,.T.);
#927=PLANE('',#928);
#928=AXIS2_PLACEMENT_3D('',#64,#929,#930);
#929=DIRECTION('',(0.99939082732697,0.03489948788611109,-3.517054606273027E-08));
#930=DIRECTION('',(-0.033205656132000154,0.9508861300741878,0.30775469457569293));
#931=FACE_BOUND('',#932,.T.);
#932=EDGE_LOOP('',(#933,#934,#935));
#933=ORIENTED_EDGE('',*,*,#936,.T.);
#934=ORIENTED_EDGE('',*,*,#937,.T.);
#935=ORIENTED_EDGE('',*,*,#938,.T.);
#936=EDGE_CURVE('',#65,#77,#939,.F.);
#937=EDGE_CURVE('',#77,#57,#940,.T.);
#938=EDGE_CURVE('',#57,#65,#941,.T.);
#939=LINE('',#64,#942);
#940=LINE('',#76,#943);
#941=LINE('',#56,#944);
#942=VECTOR('',#945,1.0);
#943=VECTOR('',#946,1.0);
#944=VECTOR('',#947,1.0);
#945=DIRECTION('',(-0.033205656132000154,0.9508861300741878,0.30775469457569293));
#946=DIRECTION('',(0.0314614769796946,-0.9009386151538844,0.43280456003935197));
#947=DIRECTION('',(0.018621313280254556,-0.5332456307519862,-0.845755487109386));
#948=FACE_SURFACE('',(#953),#949,.T.);
#949=PLANE('',#950);
#950=AXIS2_PLACEMENT_3D('',#54,#951,#952);
#951=DIRECTION('',(0.9993908327784414,0.03489933177601747,-2.5880212258811564E-08));
#952=DIRECTION('',(-0.011306493901411677,0.32377645348817174,-0.9460660502112308));
#953=FACE_BOUND('',#954,.T.);
#954=EDGE_LOOP('',(#955,#956,#957));
#955=ORIENTED_EDGE('',*,*,#958,.T.);
#956=ORIENTED_EDGE('',*,*,#959,.T.);
#957=ORIENTED_EDGE('',*,*,#960,.T.);
#958=EDGE_CURVE('',#55,#77,#961,.F.);
#959=EDGE_CURVE('',#77,#75,#962,.T.);
#960=EDGE_CURVE('',#75,#55,#963,.T.);
#961=LINE('',#54,#964);
#962=LINE('',#76,#965);
#963=LINE('',#74,#966);
#964=VECTOR('',#967,1.0);
#965=VECTOR('',#968,1.0);
#966=VECTOR('',#969,1.0);
#967=DIRECTION('',(-0.011306493901411677,0.32377645348817174,-0.9460660502112308));
#968=DIRECTION('',(-0.025216344544757664,0.7221055585689253,0.6913231503802403));
#969=DIRECTION('',(0.022951772654945232,-0.6572553262205735,0.7533184268864549));
#970=FACE_SURFACE('',(#975),#971,.T.);
#971=PLANE('',#972);
#972=AXIS2_PLACEMENT_3D('',#40,#973,#974);
#973=DIRECTION('',(0,-0.4952030440098167,0.8687772701926607));
#974=DIRECTION('',(1,0,0));
#975=FACE_BOUND('',#976,.T.);
#976=EDGE_LOOP('',(#977,#978,#979));
#977=ORIENTED_EDGE('',*,*,#980,.T.);
#978=ORIENTED_EDGE('',*,*,#981,.T.);
#979=ORIENTED_EDGE('',*,*,#982,.T.);
#980=EDGE_CURVE('',#41,#51,#983,.F.);
#981=EDGE_CURVE('',#51,#63,#984,.T.);
#982=EDGE_CURVE('',#63,#41,#985,.T.);
#983=LINE('',#40,#986);
#984=LINE('',#50,#987);
#985=LINE('',#62,#988);
#986=VECTOR('',#989,1.0);
#987=VECTOR('',#990,1.0);
#988=VECTOR('',#991,1.0);
#989=DIRECTION('',(1,0,0));
#990=DIRECTION('',(-0.08655170617922575,0.8655170617922573,0.49334472522158673));
#991=DIRECTION('',(0,-0.8687772701926608,-0.49520304400981674));
#992=FACE_SURFACE('',(#997),#993,.T.);
#993=PLANE('',#994);
#994=AXIS2_PLACEMENT_3D('',#62,#995,#996);
#995=DIRECTION('',(0,-0.4952030440098167,0.8687772701926607));
#996=DIRECTION('',(0.08655170617922575,-0.8655170617922573,-0.49334472522158673));
#997=FACE_BOUND('',#998,.T.);
#998=EDGE_LOOP('',(#999,#1000,#1001));
#999=ORIENTED_EDGE('',*,*,#1002,.T.);
#1000=ORIENTED_EDGE('',*,*,#1003,.T.);
#1001=ORIENTED_EDGE('',*,*,#1004,.T.);
#1002=EDGE_CURVE('',#63,#51,#1005,.F.);
#1003=EDGE_CURVE('',#51,#79,#1006,.T.);
#1004=EDGE_CURVE('',#79,#63,#1007,.T.);
#1005=LINE('',#62,#1008);
#1006=LINE('',#50,#1009);
#1007=LINE('',#78,#1010);
#1008=VECTOR('',#1011,1.0);
#1009=VECTOR('',#1012,1.0);
#1010=VECTOR('',#1013,1.0);
#1011=DIRECTION('',(0.08655170617922575,-0.8655170617922573,-0.49334472522158673));
#1012=DIRECTION('',(0,0.8687772701926608,0.49520304400981674));
#1013=DIRECTION('',(-1,0,0));
#1014=FACE_SURFACE('',(#1019),#1015,.T.);
#1015=PLANE('',#1016);
#1016=AXIS2_PLACEMENT_3D('',#70,#1017,#1018);
#1017=DIRECTION('',(0,0.4952030440098167,-0.8687772701926607));
#1018=DIRECTION('',(-1,0,0));
#1019=FACE_BOUND('',#1020,.T.);
#1020=EDGE_LOOP('',(#1021,#1022,#1023));
#1021=ORIENTED_EDGE('',*,*,#1024,.T.);
#1022=ORIENTED_EDGE('',*,*,#1025,.T.);
#1023=ORIENTED_EDGE('',*,*,#1026,.T.);
#1024=EDGE_CURVE('',#71,#47,#1027,.F.);
#1025=EDGE_CURVE('',#47,#81,#1028,.T.);
#1026=EDGE_CURVE('',#81,#71,#1029,.T.);
#1027=LINE('',#70,#1030);
#1028=LINE('',#46,#1031);
#1029=LINE('',#80,#1032);
#1030=VECTOR('',#1033,1.0);
#1031=VECTOR('',#1034,1.0);
#1032=VECTOR('',#1035,1.0);
#1033=DIRECTION('',(-1,0,0));
#1034=DIRECTION('',(0.08655170617922575,0.8655170617922573,0.49334472522158673));
#1035=DIRECTION('',(0,-0.8687772701926608,-0.49520304400981674));
#1036=FACE_SURFACE('',(#1041),#1037,.T.);
#1037=PLANE('',#1038);
#1038=AXIS2_PLACEMENT_3D('',#80,#1039,#1040);
#1039=DIRECTION('',(0,0.4952030440098167,-0.8687772701926607));
#1040=DIRECTION('',(-0.08655170617922575,-0.8655170617922573,-0.49334472522158673));
#1041=FACE_BOUND('',#1042,.T.);
#1042=EDGE_LOOP('',(#1043,#1044,#1045));
#1043=ORIENTED_EDGE('',*,*,#1046,.T.);
#1044=ORIENTED_EDGE('',*,*,#1047,.T.);
#1045=ORIENTED_EDGE('',*,*,#1048,.T.);
#1046=EDGE_CURVE('',#81,#47,#1049,.F.);
#1047=EDGE_CURVE('',#47,#61,#1050,.T.);
#1048=EDGE_CURVE('',#61,#81,#1051,.T.);
#1049=LINE('',#80,#1052);
#1050=LINE('',#46,#1053);
#1051=LINE('',#60,#1054);
#1052=VECTOR('',#1055,1.0);
#1053=VECTOR('',#1056,1.0);
#1054=VECTOR('',#1057,1.0);
#1055=DIRECTION('',(-0.08655170617922575,-0.8655170617922573,-0.49334472522158673));
#1056=DIRECTION('',(0,0.8687772701926608,0.49520304400981674));
#1057=DIRECTION('',(1,0,0));
#1058=FACE_SURFACE('',(#1063),#1059,.T.);
#1059=PLANE('',#1060);
#1060=AXIS2_PLACEMENT_3D('',#82,#1061,#1062);
#1061=DIRECTION('',(-0.995037190209989,-0.09950371902099889,0));
#1062=DIRECTION('',(0.08692038089011576,-0.8692038089011578,0.4867541329846483));
#1063=FACE_BOUND('',#1064,.T.);
#1064=EDGE_LOOP('',(#1065,#1066,#1067));
#1065=ORIENTED_EDGE('',*,*,#1068,.T.);
#1066=ORIENTED_EDGE('',*,*,#1069,.T.);
#1067=ORIENTED_EDGE('',*,*,#1070,.T.);
#1068=EDGE_CURVE('',#83,#63,#1071,.F.);
#1069=EDGE_CURVE('',#63,#85,#1072,.T.);
#1070=EDGE_CURVE('',#85,#83,#1073,.T.);
#1071=LINE('',#82,#1074);
#1072=LINE('',#62,#1075);
#1073=LINE('',#84,#1076);
#1074=VECTOR('',#1077,1.0);
#1075=VECTOR('',#1078,1.0);
#1076=VECTOR('',#1079,1.0);
#1077=DIRECTION('',(0.08692038089011576,-0.8692038089011578,0.4867541329846483));
#1078=DIRECTION('',(-0.09950371902099889,0.995037190209989,0));
#1079=DIRECTION('',(0,0,-1));
#1080=FACE_SURFACE('',(#1085),#1081,.T.);
#1081=PLANE('',#1082);
#1082=AXIS2_PLACEMENT_3D('',#82,#1083,#1084);
#1083=DIRECTION('',(-0.995037190209989,-0.09950371902099889,0));
#1084=DIRECTION('',(0.09950371902099889,-0.995037190209989,0));
#1085=FACE_BOUND('',#1086,.T.);
#1086=EDGE_LOOP('',(#1087,#1088,#1089));
#1087=ORIENTED_EDGE('',*,*,#1090,.T.);
#1088=ORIENTED_EDGE('',*,*,#1091,.T.);
#1089=ORIENTED_EDGE('',*,*,#1092,.T.);
#1090=EDGE_CURVE('',#83,#61,#1093,.F.);
#1091=EDGE_CURVE('',#61,#63,#1094,.T.);
#1092=EDGE_CURVE('',#63,#83,#1095,.T.);
#1093=LINE('',#82,#1096);
#1094=LINE('',#60,#1097);
#1095=LINE('',#62,#1098);
#1096=VECTOR('',#1099,1.0);
#1097=VECTOR('',#1100,1.0);
#1098=VECTOR('',#1101,1.0);
#1099=DIRECTION('',(0.09950371902099889,-0.995037190209989,0));
#1100=DIRECTION('',(0,0,1));
#1101=DIRECTION('',(-0.08692038089011576,0.8692038089011578,-0.4867541329846483));
#1102=FACE_SURFACE('',(#1107),#1103,.T.);
#1103=PLANE('',#1104);
#1104=AXIS2_PLACEMENT_3D('',#78,#1105,#1106);
#1105=DIRECTION('',(1,0,0));
#1106=DIRECTION('',(0,-0.8687772701926608,-0.49520304400981674));
#1107=FACE_BOUND('',#1108,.T.);
#1108=EDGE_LOOP('',(#1109,#1110,#1111));
#1109=ORIENTED_EDGE('',*,*,#1112,.T.);
#1110=ORIENTED_EDGE('',*,*,#1113,.T.);
#1111=ORIENTED_EDGE('',*,*,#1114,.T.);
#1112=EDGE_CURVE('',#79,#51,#1115,.F.);
#1113=EDGE_CURVE('',#51,#81,#1116,.T.);
#1114=EDGE_CURVE('',#81,#79,#1117,.T.);
#1115=LINE('',#78,#1118);
#1116=LINE('',#50,#1119);
#1117=LINE('',#80,#1120);
#1118=VECTOR('',#1121,1.0);
#1119=VECTOR('',#1122,1.0);
#1120=VECTOR('',#1123,1.0);
#1121=DIRECTION('',(0,-0.8687772701926608,-0.49520304400981674));
#1122=DIRECTION('',(0,0.9186691875800357,0.3950277506594154));
#1123=DIRECTION('',(0,0,1));
#1124=FACE_SURFACE('',(#1129),#1125,.T.);
#1125=PLANE('',#1126);
#1126=AXIS2_PLACEMENT_3D('',#50,#1127,#1128);
#1127=DIRECTION('',(1,-0,0));
#1128=DIRECTION('',(0,0,-1));
#1129=FACE_BOUND('',#1130,.T.);
#1130=EDGE_LOOP('',(#1131,#1132,#1133));
#1131=ORIENTED_EDGE('',*,*,#1134,.T.);
#1132=ORIENTED_EDGE('',*,*,#1135,.T.);
#1133=ORIENTED_EDGE('',*,*,#1136,.T.);
#1134=EDGE_CURVE('',#51,#71,#1137,.F.);
#1135=EDGE_CURVE('',#71,#81,#1138,.T.);
#1136=EDGE_CURVE('',#81,#51,#1139,.T.);
#1137=LINE('',#50,#1140);
#1138=LINE('',#70,#1141);
#1139=LINE('',#80,#1142);
#1140=VECTOR('',#1143,1.0);
#1141=VECTOR('',#1144,1.0);
#1142=VECTOR('',#1145,1.0);
#1143=DIRECTION('',(0,0,-1));
#1144=DIRECTION('',(0,0.8687772701926608,0.49520304400981674));
#1145=DIRECTION('',(0,-0.9186691875800357,-0.3950277506594154));
#1146=FACE_SURFACE('',(#1151),#1147,.T.);
#1147=PLANE('',#1148);
#1148=AXIS2_PLACEMENT_3D('',#86,#1149,#1150);
#1149=DIRECTION('',(0,0,1));
#1150=DIRECTION('',(-0.9350758421412486,0.3544476963443758,0));
#1151=FACE_BOUND('',#1152,.T.);
#1152=EDGE_LOOP('',(#1153,#1154,#1155));
#1153=ORIENTED_EDGE('',*,*,#1156,.T.);
#1154=ORIENTED_EDGE('',*,*,#1157,.T.);
#1155=ORIENTED_EDGE('',*,*,#1158,.T.);
#1156=EDGE_CURVE('',#87,#85,#1159,.F.);
#1157=EDGE_CURVE('',#85,#63,#1160,.T.);
#1158=EDGE_CURVE('',#63,#87,#1161,.T.);
#1159=LINE('',#86,#1162);
#1160=LINE('',#84,#1163);
#1161=LINE('',#62,#1164);
#1162=VECTOR('',#1165,1.0);
#1163=VECTOR('',#1166,1.0);
#1164=VECTOR('',#1167,1.0);
#1165=DIRECTION('',(-0.9350758421412486,0.3544476963443758,0));
#1166=DIRECTION('',(0.09950371902099889,-0.995037190209989,0));
#1167=DIRECTION('',(-0.06767473821804115,0.9977074369809615,0));
#1168=FACE_SURFACE('',(#1173),#1169,.T.);
#1169=PLANE('',#1170);
#1170=AXIS2_PLACEMENT_3D('',#88,#1171,#1172);
#1171=DIRECTION('',(0,0,1));
#1172=DIRECTION('',(-0.949805287145646,0.3128416796243379,0));
#1173=FACE_BOUND('',#1174,.T.);
#1174=EDGE_LOOP('',(#1175,#1176,#1177));
#1175=ORIENTED_EDGE('',*,*,#1178,.T.);
#1176=ORIENTED_EDGE('',*,*,#1179,.T.);
#1177=ORIENTED_EDGE('',*,*,#1180,.T.);
#1178=EDGE_CURVE('',#89,#87,#1181,.F.);
#1179=EDGE_CURVE('',#87,#63,#1182,.T.);
#1180=EDGE_CURVE('',#63,#89,#1183,.T.);
#1181=LINE('',#88,#1184);
#1182=LINE('',#86,#1185);
#1183=LINE('',#62,#1186);
#1184=VECTOR('',#1187,1.0);
#1185=VECTOR('',#1188,1.0);
#1186=VECTOR('',#1189,1.0);
#1187=DIRECTION('',(-0.949805287145646,0.3128416796243379,0));
#1188=DIRECTION('',(0.06767473821804115,-0.9977074369809615,0));
#1189=DIRECTION('',(-0.034229384334442337,0.9994140029277581,0));
#1190=FACE_SURFACE('',(#1195),#1191,.T.);
#1191=PLANE('',#1192);
#1192=AXIS2_PLACEMENT_3D('',#90,#1193,#1194);
#1193=DIRECTION('',(0,0,1));
#1194=DIRECTION('',(-0.9626855769034885,0.2706223937925267,0));
#1195=FACE_BOUND('',#1196,.T.);
#1196=EDGE_LOOP('',(#1197,#1198,#1199));
#1197=ORIENTED_EDGE('',*,*,#1200,.T.);
#1198=ORIENTED_EDGE('',*,*,#1201,.T.);
#1199=ORIENTED_EDGE('',*,*,#1202,.T.);
#1200=EDGE_CURVE('',#91,#89,#1203,.F.);
#1201=EDGE_CURVE('',#89,#63,#1204,.T.);
#1202=EDGE_CURVE('',#63,#91,#1205,.T.);
#1203=LINE('',#90,#1206);
#1204=LINE('',#88,#1207);
#1205=LINE('',#62,#1208);
#1206=VECTOR('',#1209,1.0);
#1207=VECTOR('',#1210,1.0);
#1208=VECTOR('',#1211,1.0);
#1209=DIRECTION('',(-0.9626855769034885,0.2706223937925267,0));
#1210=DIRECTION('',(0.034229384334442337,-0.9994140029277581,0));
#1211=DIRECTION('',(0.0005701630727811765,0.999999837457022,0));
#1212=FACE_SURFACE('',(#1217),#1213,.T.);
#1213=PLANE('',#1214);
#1214=AXIS2_PLACEMENT_3D('',#92,#1215,#1216);
#1215=DIRECTION('',(0,0,1));
#1216=DIRECTION('',(-0.9736898580104204,0.22787729243530933,0));
#1217=FACE_BOUND('',#1218,.T.);
#1218=EDGE_LOOP('',(#1219,#1220,#1221));
#1219=ORIENTED_EDGE('',*,*,#1222,.T.);
#1220=ORIENTED_EDGE('',*,*,#1223,.T.);
#1221=ORIENTED_EDGE('',*,*,#1224,.T.);
#1222=EDGE_CURVE('',#93,#91,#1225,.F.);
#1223=EDGE_CURVE('',#91,#63,#1226,.T.);
#1224=EDGE_CURVE('',#63,#93,#1227,.T.);
#1225=LINE('',#92,#1228);
#1226=LINE('',#90,#1229);
#1227=LINE('',#62,#1230);
#1228=VECTOR('',#1231,1.0);
#1229=VECTOR('',#1232,1.0);
#1230=VECTOR('',#1233,1.0);
#1231=DIRECTION('',(-0.9736898580104204,0.22787729243530933,0));
#1232=DIRECTION('',(-0.0005701630727811765,-0.999999837457022,0));
#1233=DIRECTION('',(0.03640915991467329,0.9993369667305956,0));
#1234=FACE_SURFACE('',(#1239),#1235,.T.);
#1235=PLANE('',#1236);
#1236=AXIS2_PLACEMENT_3D('',#94,#1237,#1238);
#1237=DIRECTION('',(0,0,1));
#1238=DIRECTION('',(-0.9827968540940141,0.1846898578236206,0));
#1239=FACE_BOUND('',#1240,.T.);
#1240=EDGE_LOOP('',(#1241,#1242,#1243));
#1241=ORIENTED_EDGE('',*,*,#1244,.T.);
#1242=ORIENTED_EDGE('',*,*,#1245,.T.);
#1243=ORIENTED_EDGE('',*,*,#1246,.T.);
#1244=EDGE_CURVE('',#95,#93,#1247,.F.);
#1245=EDGE_CURVE('',#93,#63,#1248,.T.);
#1246=EDGE_CURVE('',#63,#95,#1249,.T.);
#1247=LINE('',#94,#1250);
#1248=LINE('',#92,#1251);
#1249=LINE('',#62,#1252);
#1250=VECTOR('',#1253,1.0);
#1251=VECTOR('',#1254,1.0);
#1252=VECTOR('',#1255,1.0);
#1253=DIRECTION('',(-0.9827968540940141,0.1846898578236206,0));
#1254=DIRECTION('',(-0.03640915991467329,-0.9993369667305956,0));
#1255=DIRECTION('',(0.07292973323912294,0.9973370814371991,0));
#1256=FACE_SURFACE('',(#1261),#1257,.T.);
#1257=PLANE('',#1258);
#1258=AXIS2_PLACEMENT_3D('',#96,#1259,#1260);
#1259=DIRECTION('',(0,0,1));
#1260=DIRECTION('',(-0.9899898030425154,0.14113890275838736,0));
#1261=FACE_BOUND('',#1262,.T.);
#1262=EDGE_LOOP('',(#1263,#1264,#1265));
#1263=ORIENTED_EDGE('',*,*,#1266,.T.);
#1264=ORIENTED_EDGE('',*,*,#1267,.T.);
#1265=ORIENTED_EDGE('',*,*,#1268,.T.);
#1266=EDGE_CURVE('',#97,#95,#1269,.F.);
#1267=EDGE_CURVE('',#95,#63,#1270,.T.);
#1268=EDGE_CURVE('',#63,#97,#1271,.T.);
#1269=LINE('',#96,#1272);
#1270=LINE('',#94,#1273);
#1271=LINE('',#62,#1274);
#1272=VECTOR('',#1275,1.0);
#1273=VECTOR('',#1276,1.0);
#1274=VECTOR('',#1277,1.0);
#1275=DIRECTION('',(-0.9899898030425154,0.14113890275838736,0));
#1276=DIRECTION('',(-0.07292973323912294,-0.9973370814371991,0));
#1277=DIRECTION('',(0.10974374436294766,0.9939599139669568,0));
#1278=FACE_SURFACE('',(#1283),#1279,.T.);
#1279=PLANE('',#1280);
#1280=AXIS2_PLACEMENT_3D('',#98,#1281,#1282);
#1281=DIRECTION('',(0,0,1));
#1282=DIRECTION('',(-0.9952537335434101,0.09731395515496678,0));
#1283=FACE_BOUND('',#1284,.T.);
#1284=EDGE_LOOP('',(#1285,#1286,#1287));
#1285=ORIENTED_EDGE('',*,*,#1288,.T.);
#1286=ORIENTED_EDGE('',*,*,#1289,.T.);
#1287=ORIENTED_EDGE('',*,*,#1290,.T.);
#1288=EDGE_CURVE('',#99,#97,#1291,.F.);
#1289=EDGE_CURVE('',#97,#63,#1292,.T.);
#1290=EDGE_CURVE('',#63,#99,#1293,.T.);
#1291=LINE('',#98,#1294);
#1292=LINE('',#96,#1295);
#1293=LINE('',#62,#1296);
#1294=VECTOR('',#1297,1.0);
#1295=VECTOR('',#1298,1.0);
#1296=VECTOR('',#1299,1.0);
#1297=DIRECTION('',(-0.9952537335434101,0.09731395515496678,0));
#1298=DIRECTION('',(-0.10974374436294766,-0.9939599139669568,0));
#1299=DIRECTION('',(0.1464490990946589,0.9892182071587456,0));
#1300=FACE_SURFACE('',(#1305),#1301,.T.);
#1301=PLANE('',#1302);
#1302=AXIS2_PLACEMENT_3D('',#100,#1303,#1304);
#1303=DIRECTION('',(0,0,1));
#1304=DIRECTION('',(-0.9985784437531195,0.053301891820065325,0));
#1305=FACE_BOUND('',#1306,.T.);
#1306=EDGE_LOOP('',(#1307,#1308,#1309));
#1307=ORIENTED_EDGE('',*,*,#1310,.T.);
#1308=ORIENTED_EDGE('',*,*,#1311,.T.);
#1309=ORIENTED_EDGE('',*,*,#1312,.T.);
#1310=EDGE_CURVE('',#101,#99,#1313,.F.);
#1311=EDGE_CURVE('',#99,#63,#1314,.T.);
#1312=EDGE_CURVE('',#63,#101,#1315,.T.);
#1313=LINE('',#100,#1316);
#1314=LINE('',#98,#1317);
#1315=LINE('',#62,#1318);
#1316=VECTOR('',#1319,1.0);
#1317=VECTOR('',#1320,1.0);
#1318=VECTOR('',#1321,1.0);
#1319=DIRECTION('',(-0.9985784437531195,0.053301891820065325,0));
#1320=DIRECTION('',(-0.1464490990946589,-0.9892182071587456,0));
#1321=DIRECTION('',(0.18264785916951085,0.9831783965999226,0));
#1322=FACE_SURFACE('',(#1327),#1323,.T.);
#1323=PLANE('',#1324);
#1324=AXIS2_PLACEMENT_3D('',#102,#1325,#1326);
#1325=DIRECTION('',(0,0,1));
#1326=DIRECTION('',(-0.2323159469471354,-0.9726403758810631,0));
#1327=FACE_BOUND('',#1328,.T.);
#1328=EDGE_LOOP('',(#1329,#1330,#1331));
#1329=ORIENTED_EDGE('',*,*,#1332,.T.);
#1330=ORIENTED_EDGE('',*,*,#1333,.T.);
#1331=ORIENTED_EDGE('',*,*,#1334,.T.);
#1332=EDGE_CURVE('',#103,#63,#1335,.F.);
#1333=EDGE_CURVE('',#63,#79,#1336,.T.);
#1334=EDGE_CURVE('',#79,#103,#1337,.T.);
#1335=LINE('',#102,#1338);
#1336=LINE('',#62,#1339);
#1337=LINE('',#78,#1340);
#1338=VECTOR('',#1341,1.0);
#1339=VECTOR('',#1342,1.0);
#1340=VECTOR('',#1343,1.0);
#1341=DIRECTION('',(-0.2323159469471354,-0.9726403758810631,0));
#1342=DIRECTION('',(1,0,0));
#1343=DIRECTION('',(-0.18264785916951085,0.9831783965999226,0));
#1344=FACE_SURFACE('',(#1349),#1345,.T.);
#1345=PLANE('',#1346);
#1346=AXIS2_PLACEMENT_3D('',#102,#1347,#1348);
#1347=DIRECTION('',(0,0,1));
#1348=DIRECTION('',(-1,0,0));
#1349=FACE_BOUND('',#1350,.T.);
#1350=EDGE_LOOP('',(#1351,#1352,#1353));
#1351=ORIENTED_EDGE('',*,*,#1354,.T.);
#1352=ORIENTED_EDGE('',*,*,#1355,.T.);
#1353=ORIENTED_EDGE('',*,*,#1356,.T.);
#1354=EDGE_CURVE('',#103,#101,#1357,.F.);
#1355=EDGE_CURVE('',#101,#63,#1358,.T.);
#1356=EDGE_CURVE('',#63,#103,#1359,.T.);
#1357=LINE('',#102,#1360);
#1358=LINE('',#100,#1361);
#1359=LINE('',#62,#1362);
#1360=VECTOR('',#1363,1.0);
#1361=VECTOR('',#1364,1.0);
#1362=VECTOR('',#1365,1.0);
#1363=DIRECTION('',(-1,0,0));
#1364=DIRECTION('',(-0.18264785916951085,-0.9831783965999226,0));
#1365=DIRECTION('',(0.2323159469471354,0.9726403758810631,0));
#1366=FACE_SURFACE('',(#1371),#1367,.T.);
#1367=PLANE('',#1368);
#1368=AXIS2_PLACEMENT_3D('',#104,#1369,#1370);
#1369=DIRECTION('',(0,0,1));
#1370=DIRECTION('',(-0.9985784437531195,-0.053301891820065325,0));
#1371=FACE_BOUND('',#1372,.T.);
#1372=EDGE_LOOP('',(#1373,#1374,#1375));
#1373=ORIENTED_EDGE('',*,*,#1376,.T.);
#1374=ORIENTED_EDGE('',*,*,#1377,.T.);
#1375=ORIENTED_EDGE('',*,*,#1378,.T.);
#1376=EDGE_CURVE('',#105,#103,#1379,.F.);
#1377=EDGE_CURVE('',#103,#79,#1380,.T.);
#1378=EDGE_CURVE('',#79,#105,#1381,.T.);
#1379=LINE('',#104,#1382);
#1380=LINE('',#102,#1383);
#1381=LINE('',#78,#1384);
#1382=VECTOR('',#1385,1.0);
#1383=VECTOR('',#1386,1.0);
#1384=VECTOR('',#1387,1.0);
#1385=DIRECTION('',(-0.9985784437531195,-0.053301891820065325,0));
#1386=DIRECTION('',(0.18264785916951085,-0.9831783965999226,0));
#1387=DIRECTION('',(-0.1464490990946589,0.9892182071587456,0));
#1388=FACE_SURFACE('',(#1393),#1389,.T.);
#1389=PLANE('',#1390);
#1390=AXIS2_PLACEMENT_3D('',#106,#1391,#1392);
#1391=DIRECTION('',(0,0,1));
#1392=DIRECTION('',(0,-1,0));
#1393=FACE_BOUND('',#1394,.T.);
#1394=EDGE_LOOP('',(#1395,#1396,#1397));
#1395=ORIENTED_EDGE('',*,*,#1398,.T.);
#1396=ORIENTED_EDGE('',*,*,#1399,.T.);
#1397=ORIENTED_EDGE('',*,*,#1400,.T.);
#1398=EDGE_CURVE('',#107,#109,#1401,.F.);
#1399=EDGE_CURVE('',#109,#111,#1402,.T.);
#1400=EDGE_CURVE('',#111,#107,#1403,.T.);
#1401=LINE('',#106,#1404);
#1402=LINE('',#108,#1405);
#1403=LINE('',#110,#1406);
#1404=VECTOR('',#1407,1.0);
#1405=VECTOR('',#1408,1.0);
#1406=VECTOR('',#1409,1.0);
#1407=DIRECTION('',(0,-1,0));
#1408=DIRECTION('',(0.9094748686062684,-0.4157589005344454,0));
#1409=DIRECTION('',(-0.658504607868518,0.7525766947068778,0));
#1410=FACE_SURFACE('',(#1415),#1411,.T.);
#1411=PLANE('',#1412);
#1412=AXIS2_PLACEMENT_3D('',#112,#1413,#1414);
#1413=DIRECTION('',(0,0,1));
#1414=DIRECTION('',(-0.9952537335434101,-0.09731395515496678,0));
#1415=FACE_BOUND('',#1416,.T.);
#1416=EDGE_LOOP('',(#1417,#1418,#1419));
#1417=ORIENTED_EDGE('',*,*,#1420,.T.);
#1418=ORIENTED_EDGE('',*,*,#1421,.T.);
#1419=ORIENTED_EDGE('',*,*,#1422,.T.);
#1420=EDGE_CURVE('',#113,#105,#1423,.F.);
#1421=EDGE_CURVE('',#105,#79,#1424,.T.);
#1422=EDGE_CURVE('',#79,#113,#1425,.T.);
#1423=LINE('',#112,#1426);
#1424=LINE('',#104,#1427);
#1425=LINE('',#78,#1428);
#1426=VECTOR('',#1429,1.0);
#1427=VECTOR('',#1430,1.0);
#1428=VECTOR('',#1431,1.0);
#1429=DIRECTION('',(-0.9952537335434101,-0.09731395515496678,0));
#1430=DIRECTION('',(0.1464490990946589,-0.9892182071587456,0));
#1431=DIRECTION('',(-0.10974374436294766,0.9939599139669568,0));
#1432=FACE_SURFACE('',(#1437),#1433,.T.);
#1433=PLANE('',#1434);
#1434=AXIS2_PLACEMENT_3D('',#114,#1435,#1436);
#1435=DIRECTION('',(0,0,1));
#1436=DIRECTION('',(-1,0,0));
#1437=FACE_BOUND('',#1438,.T.);
#1438=EDGE_LOOP('',(#1439,#1440,#1441));
#1439=ORIENTED_EDGE('',*,*,#1442,.T.);
#1440=ORIENTED_EDGE('',*,*,#1443,.T.);
#1441=ORIENTED_EDGE('',*,*,#1444,.T.);
#1442=EDGE_CURVE('',#115,#111,#1445,.F.);
#1443=EDGE_CURVE('',#111,#101,#1446,.T.);
#1444=EDGE_CURVE('',#101,#115,#1447,.T.);
#1445=LINE('',#114,#1448);
#1446=LINE('',#110,#1449);
#1447=LINE('',#100,#1450);
#1448=VECTOR('',#1451,1.0);
#1449=VECTOR('',#1452,1.0);
#1450=VECTOR('',#1453,1.0);
#1451=DIRECTION('',(-1,0,0));
#1452=DIRECTION('',(0,-1,0));
#1453=DIRECTION('',(0.4956720259482272,0.8685097827269305,0));
#1454=FACE_SURFACE('',(#1459),#1455,.T.);
#1455=PLANE('',#1456);
#1456=AXIS2_PLACEMENT_3D('',#114,#1457,#1458);
#1457=DIRECTION('',(0,0,1));
#1458=DIRECTION('',(-0.4956720259482272,-0.8685097827269305,0));
#1459=FACE_BOUND('',#1460,.T.);
#1460=EDGE_LOOP('',(#1461,#1462,#1463));
#1461=ORIENTED_EDGE('',*,*,#1464,.T.);
#1462=ORIENTED_EDGE('',*,*,#1465,.T.);
#1463=ORIENTED_EDGE('',*,*,#1466,.T.);
#1464=EDGE_CURVE('',#115,#101,#1467,.F.);
#1465=EDGE_CURVE('',#101,#103,#1468,.T.);
#1466=EDGE_CURVE('',#103,#115,#1469,.T.);
#1467=LINE('',#114,#1470);
#1468=LINE('',#100,#1471);
#1469=LINE('',#102,#1472);
#1470=VECTOR('',#1473,1.0);
#1471=VECTOR('',#1474,1.0);
#1472=VECTOR('',#1475,1.0);
#1473=DIRECTION('',(-0.4956720259482272,-0.8685097827269305,0));
#1474=DIRECTION('',(1,0,0));
#1475=DIRECTION('',(0,1,0));
#1476=FACE_SURFACE('',(#1481),#1477,.T.);
#1477=PLANE('',#1478);
#1478=AXIS2_PLACEMENT_3D('',#116,#1479,#1480);
#1479=DIRECTION('',(0,0,1));
#1480=DIRECTION('',(-0.9899898030425154,-0.14113890275838736,0));
#1481=FACE_BOUND('',#1482,.T.);
#1482=EDGE_LOOP('',(#1483,#1484,#1485));
#1483=ORIENTED_EDGE('',*,*,#1486,.T.);
#1484=ORIENTED_EDGE('',*,*,#1487,.T.);
#1485=ORIENTED_EDGE('',*,*,#1488,.T.);
#1486=EDGE_CURVE('',#117,#113,#1489,.F.);
#1487=EDGE_CURVE('',#113,#79,#1490,.T.);
#1488=EDGE_CURVE('',#79,#117,#1491,.T.);
#1489=LINE('',#116,#1492);
#1490=LINE('',#112,#1493);
#1491=LINE('',#78,#1494);
#1492=VECTOR('',#1495,1.0);
#1493=VECTOR('',#1496,1.0);
#1494=VECTOR('',#1497,1.0);
#1495=DIRECTION('',(-0.9899898030425154,-0.14113890275838736,0));
#1496=DIRECTION('',(0.10974374436294766,-0.9939599139669568,0));
#1497=DIRECTION('',(-0.07292973323912294,0.9973370814371991,0));
#1498=FACE_SURFACE('',(#1503),#1499,.T.);
#1499=PLANE('',#1500);
#1500=AXIS2_PLACEMENT_3D('',#118,#1501,#1502);
#1501=DIRECTION('',(0,0,1));
#1502=DIRECTION('',(-0.9827968540940141,-0.1846898578236206,0));
#1503=FACE_BOUND('',#1504,.T.);
#1504=EDGE_LOOP('',(#1505,#1506,#1507));
#1505=ORIENTED_EDGE('',*,*,#1508,.T.);
#1506=ORIENTED_EDGE('',*,*,#1509,.T.);
#1507=ORIENTED_EDGE('',*,*,#1510,.T.);
#1508=EDGE_CURVE('',#119,#117,#1511,.F.);
#1509=EDGE_CURVE('',#117,#79,#1512,.T.);
#1510=EDGE_CURVE('',#79,#119,#1513,.T.);
#1511=LINE('',#118,#1514);
#1512=LINE('',#116,#1515);
#1513=LINE('',#78,#1516);
#1514=VECTOR('',#1517,1.0);
#1515=VECTOR('',#1518,1.0);
#1516=VECTOR('',#1519,1.0);
#1517=DIRECTION('',(-0.9827968540940141,-0.1846898578236206,0));
#1518=DIRECTION('',(0.07292973323912294,-0.9973370814371991,0));
#1519=DIRECTION('',(-0.03640915991467329,0.9993369667305956,0));
#1520=FACE_SURFACE('',(#1525),#1521,.T.);
#1521=PLANE('',#1522);
#1522=AXIS2_PLACEMENT_3D('',#120,#1523,#1524);
#1523=DIRECTION('',(0,0,1));
#1524=DIRECTION('',(-0.658504607868518,-0.7525766947068778,0));
#1525=FACE_BOUND('',#1526,.T.);
#1526=EDGE_LOOP('',(#1527,#1528,#1529));
#1527=ORIENTED_EDGE('',*,*,#1530,.T.);
#1528=ORIENTED_EDGE('',*,*,#1531,.T.);
#1529=ORIENTED_EDGE('',*,*,#1532,.T.);
#1530=EDGE_CURVE('',#121,#115,#1533,.F.);
#1531=EDGE_CURVE('',#115,#123,#1534,.T.);
#1532=EDGE_CURVE('',#123,#121,#1535,.T.);
#1533=LINE('',#120,#1536);
#1534=LINE('',#114,#1537);
#1535=LINE('',#122,#1538);
#1536=VECTOR('',#1539,1.0);
#1537=VECTOR('',#1540,1.0);
#1538=VECTOR('',#1541,1.0);
#1539=DIRECTION('',(-0.658504607868518,-0.7525766947068778,0));
#1540=DIRECTION('',(0.9094748686062684,0.4157589005344454,0));
#1541=DIRECTION('',(0,1,0));
#1542=FACE_SURFACE('',(#1547),#1543,.T.);
#1543=PLANE('',#1544);
#1544=AXIS2_PLACEMENT_3D('',#120,#1545,#1546);
#1545=DIRECTION('',(0,0,1));
#1546=DIRECTION('',(-0.9048187022009941,-0.4257970363298796,0));
#1547=FACE_BOUND('',#1548,.T.);
#1548=EDGE_LOOP('',(#1549,#1550,#1551));
#1549=ORIENTED_EDGE('',*,*,#1552,.T.);
#1550=ORIENTED_EDGE('',*,*,#1553,.T.);
#1551=ORIENTED_EDGE('',*,*,#1554,.T.);
#1552=EDGE_CURVE('',#121,#111,#1555,.F.);
#1553=EDGE_CURVE('',#111,#115,#1556,.T.);
#1554=EDGE_CURVE('',#115,#121,#1557,.T.);
#1555=LINE('',#120,#1558);
#1556=LINE('',#110,#1559);
#1557=LINE('',#114,#1560);
#1558=VECTOR('',#1561,1.0);
#1559=VECTOR('',#1562,1.0);
#1560=VECTOR('',#1563,1.0);
#1561=DIRECTION('',(-0.9048187022009941,-0.4257970363298796,0));
#1562=DIRECTION('',(1,0,0));
#1563=DIRECTION('',(0.658504607868518,0.7525766947068778,0));
#1564=FACE_SURFACE('',(#1569),#1565,.T.);
#1565=PLANE('',#1566);
#1566=AXIS2_PLACEMENT_3D('',#120,#1567,#1568);
#1567=DIRECTION('',(0,0,1));
#1568=DIRECTION('',(-1,0,0));
#1569=FACE_BOUND('',#1570,.T.);
#1570=EDGE_LOOP('',(#1571,#1572,#1573));
#1571=ORIENTED_EDGE('',*,*,#1574,.T.);
#1572=ORIENTED_EDGE('',*,*,#1575,.T.);
#1573=ORIENTED_EDGE('',*,*,#1576,.T.);
#1574=EDGE_CURVE('',#121,#107,#1577,.F.);
#1575=EDGE_CURVE('',#107,#111,#1578,.T.);
#1576=EDGE_CURVE('',#111,#121,#1579,.T.);
#1577=LINE('',#120,#1580);
#1578=LINE('',#106,#1581);
#1579=LINE('',#110,#1582);
#1580=VECTOR('',#1583,1.0);
#1581=VECTOR('',#1584,1.0);
#1582=VECTOR('',#1585,1.0);
#1583=DIRECTION('',(-1,0,0));
#1584=DIRECTION('',(0.658504607868518,-0.7525766947068778,0));
#1585=DIRECTION('',(0.9048187022009941,0.4257970363298796,0));
#1586=FACE_SURFACE('',(#1591),#1587,.T.);
#1587=PLANE('',#1588);
#1588=AXIS2_PLACEMENT_3D('',#124,#1589,#1590);
#1589=DIRECTION('',(0,0,1));
#1590=DIRECTION('',(-0.9736898580104204,-0.22787729243530933,0));
#1591=FACE_BOUND('',#1592,.T.);
#1592=EDGE_LOOP('',(#1593,#1594,#1595));
#1593=ORIENTED_EDGE('',*,*,#1596,.T.);
#1594=ORIENTED_EDGE('',*,*,#1597,.T.);
#1595=ORIENTED_EDGE('',*,*,#1598,.T.);
#1596=EDGE_CURVE('',#125,#119,#1599,.F.);
#1597=EDGE_CURVE('',#119,#79,#1600,.T.);
#1598=EDGE_CURVE('',#79,#125,#1601,.T.);
#1599=LINE('',#124,#1602);
#1600=LINE('',#118,#1603);
#1601=LINE('',#78,#1604);
#1602=VECTOR('',#1605,1.0);
#1603=VECTOR('',#1606,1.0);
#1604=VECTOR('',#1607,1.0);
#1605=DIRECTION('',(-0.9736898580104204,-0.22787729243530933,0));
#1606=DIRECTION('',(0.03640915991467329,-0.9993369667305956,0));
#1607=DIRECTION('',(-0.0005701630727811765,0.999999837457022,0));
#1608=FACE_SURFACE('',(#1613),#1609,.T.);
#1609=PLANE('',#1610);
#1610=AXIS2_PLACEMENT_3D('',#126,#1611,#1612);
#1611=DIRECTION('',(0,0,1));
#1612=DIRECTION('',(-0.9626855769034885,-0.2706223937925267,0));
#1613=FACE_BOUND('',#1614,.T.);
#1614=EDGE_LOOP('',(#1615,#1616,#1617));
#1615=ORIENTED_EDGE('',*,*,#1618,.T.);
#1616=ORIENTED_EDGE('',*,*,#1619,.T.);
#1617=ORIENTED_EDGE('',*,*,#1620,.T.);
#1618=EDGE_CURVE('',#127,#125,#1621,.F.);
#1619=EDGE_CURVE('',#125,#79,#1622,.T.);
#1620=EDGE_CURVE('',#79,#127,#1623,.T.);
#1621=LINE('',#126,#1624);
#1622=LINE('',#124,#1625);
#1623=LINE('',#78,#1626);
#1624=VECTOR('',#1627,1.0);
#1625=VECTOR('',#1628,1.0);
#1626=VECTOR('',#1629,1.0);
#1627=DIRECTION('',(-0.9626855769034885,-0.2706223937925267,0));
#1628=DIRECTION('',(0.0005701630727811765,-0.999999837457022,0));
#1629=DIRECTION('',(0.034229384334442337,0.9994140029277581,0));
#1630=FACE_SURFACE('',(#1635),#1631,.T.);
#1631=PLANE('',#1632);
#1632=AXIS2_PLACEMENT_3D('',#128,#1633,#1634);
#1633=DIRECTION('',(0,0,1));
#1634=DIRECTION('',(-0.949805287145646,-0.3128416796243379,0));
#1635=FACE_BOUND('',#1636,.T.);
#1636=EDGE_LOOP('',(#1637,#1638,#1639));
#1637=ORIENTED_EDGE('',*,*,#1640,.T.);
#1638=ORIENTED_EDGE('',*,*,#1641,.T.);
#1639=ORIENTED_EDGE('',*,*,#1642,.T.);
#1640=EDGE_CURVE('',#129,#127,#1643,.F.);
#1641=EDGE_CURVE('',#127,#79,#1644,.T.);
#1642=EDGE_CURVE('',#79,#129,#1645,.T.);
#1643=LINE('',#128,#1646);
#1644=LINE('',#126,#1647);
#1645=LINE('',#78,#1648);
#1646=VECTOR('',#1649,1.0);
#1647=VECTOR('',#1650,1.0);
#1648=VECTOR('',#1651,1.0);
#1649=DIRECTION('',(-0.949805287145646,-0.3128416796243379,0));
#1650=DIRECTION('',(-0.034229384334442337,-0.9994140029277581,0));
#1651=DIRECTION('',(0.06767473821804115,0.9977074369809615,0));
#1652=FACE_SURFACE('',(#1657),#1653,.T.);
#1653=PLANE('',#1654);
#1654=AXIS2_PLACEMENT_3D('',#130,#1655,#1656);
#1655=DIRECTION('',(0,0,1));
#1656=DIRECTION('',(-0.9350758421412486,-0.3544476963443758,0));
#1657=FACE_BOUND('',#1658,.T.);
#1658=EDGE_LOOP('',(#1659,#1660,#1661));
#1659=ORIENTED_EDGE('',*,*,#1662,.T.);
#1660=ORIENTED_EDGE('',*,*,#1663,.T.);
#1661=ORIENTED_EDGE('',*,*,#1664,.T.);
#1662=EDGE_CURVE('',#131,#129,#1665,.F.);
#1663=EDGE_CURVE('',#129,#79,#1666,.T.);
#1664=EDGE_CURVE('',#79,#131,#1667,.T.);
#1665=LINE('',#130,#1668);
#1666=LINE('',#128,#1669);
#1667=LINE('',#78,#1670);
#1668=VECTOR('',#1671,1.0);
#1669=VECTOR('',#1672,1.0);
#1670=VECTOR('',#1673,1.0);
#1671=DIRECTION('',(-0.9350758421412486,-0.3544476963443758,0));
#1672=DIRECTION('',(-0.06767473821804115,-0.9977074369809615,0));
#1673=DIRECTION('',(0.09950371902099889,0.995037190209989,0));
#1674=FACE_SURFACE('',(#1679),#1675,.T.);
#1675=PLANE('',#1676);
#1676=AXIS2_PLACEMENT_3D('',#132,#1677,#1678);
#1677=DIRECTION('',(0,-0,-1));
#1678=DIRECTION('',(0.9350758421412486,0.3544476963443758,0));
#1679=FACE_BOUND('',#1680,.T.);
#1680=EDGE_LOOP('',(#1681,#1682,#1683));
#1681=ORIENTED_EDGE('',*,*,#1684,.T.);
#1682=ORIENTED_EDGE('',*,*,#1685,.T.);
#1683=ORIENTED_EDGE('',*,*,#1686,.T.);
#1684=EDGE_CURVE('',#133,#135,#1687,.F.);
#1685=EDGE_CURVE('',#135,#81,#1688,.T.);
#1686=EDGE_CURVE('',#81,#133,#1689,.T.);
#1687=LINE('',#132,#1690);
#1688=LINE('',#134,#1691);
#1689=LINE('',#80,#1692);
#1690=VECTOR('',#1693,1.0);
#1691=VECTOR('',#1694,1.0);
#1692=VECTOR('',#1695,1.0);
#1693=DIRECTION('',(0.9350758421412486,0.3544476963443758,0));
#1694=DIRECTION('',(-0.09950371902099889,-0.995037190209989,0));
#1695=DIRECTION('',(0.06767473821804115,0.9977074369809615,0));
#1696=FACE_SURFACE('',(#1701),#1697,.T.);
#1697=PLANE('',#1698);
#1698=AXIS2_PLACEMENT_3D('',#136,#1699,#1700);
#1699=DIRECTION('',(0,-0,-1));
#1700=DIRECTION('',(0.949805287145646,0.3128416796243379,0));
#1701=FACE_BOUND('',#1702,.T.);
#1702=EDGE_LOOP('',(#1703,#1704,#1705));
#1703=ORIENTED_EDGE('',*,*,#1706,.T.);
#1704=ORIENTED_EDGE('',*,*,#1707,.T.);
#1705=ORIENTED_EDGE('',*,*,#1708,.T.);
#1706=EDGE_CURVE('',#137,#133,#1709,.F.);
#1707=EDGE_CURVE('',#133,#81,#1710,.T.);
#1708=EDGE_CURVE('',#81,#137,#1711,.T.);
#1709=LINE('',#136,#1712);
#1710=LINE('',#132,#1713);
#1711=LINE('',#80,#1714);
#1712=VECTOR('',#1715,1.0);
#1713=VECTOR('',#1716,1.0);
#1714=VECTOR('',#1717,1.0);
#1715=DIRECTION('',(0.949805287145646,0.3128416796243379,0));
#1716=DIRECTION('',(-0.06767473821804115,-0.9977074369809615,0));
#1717=DIRECTION('',(0.034229384334442337,0.9994140029277581,0));
#1718=FACE_SURFACE('',(#1723),#1719,.T.);
#1719=PLANE('',#1720);
#1720=AXIS2_PLACEMENT_3D('',#138,#1721,#1722);
#1721=DIRECTION('',(0,0,-1));
#1722=DIRECTION('',(0.9626855769034885,0.2706223937925267,0));
#1723=FACE_BOUND('',#1724,.T.);
#1724=EDGE_LOOP('',(#1725,#1726,#1727));
#1725=ORIENTED_EDGE('',*,*,#1728,.T.);
#1726=ORIENTED_EDGE('',*,*,#1729,.T.);
#1727=ORIENTED_EDGE('',*,*,#1730,.T.);
#1728=EDGE_CURVE('',#139,#137,#1731,.F.);
#1729=EDGE_CURVE('',#137,#81,#1732,.T.);
#1730=EDGE_CURVE('',#81,#139,#1733,.T.);
#1731=LINE('',#138,#1734);
#1732=LINE('',#136,#1735);
#1733=LINE('',#80,#1736);
#1734=VECTOR('',#1737,1.0);
#1735=VECTOR('',#1738,1.0);
#1736=VECTOR('',#1739,1.0);
#1737=DIRECTION('',(0.9626855769034885,0.2706223937925267,0));
#1738=DIRECTION('',(-0.034229384334442337,-0.9994140029277581,0));
#1739=DIRECTION('',(-0.0005701630727811765,0.999999837457022,0));
#1740=FACE_SURFACE('',(#1745),#1741,.T.);
#1741=PLANE('',#1742);
#1742=AXIS2_PLACEMENT_3D('',#140,#1743,#1744);
#1743=DIRECTION('',(0,0,-1));
#1744=DIRECTION('',(0.9736898580104204,0.22787729243530933,0));
#1745=FACE_BOUND('',#1746,.T.);
#1746=EDGE_LOOP('',(#1747,#1748,#1749));
#1747=ORIENTED_EDGE('',*,*,#1750,.T.);
#1748=ORIENTED_EDGE('',*,*,#1751,.T.);
#1749=ORIENTED_EDGE('',*,*,#1752,.T.);
#1750=EDGE_CURVE('',#141,#139,#1753,.F.);
#1751=EDGE_CURVE('',#139,#81,#1754,.T.);
#1752=EDGE_CURVE('',#81,#141,#1755,.T.);
#1753=LINE('',#140,#1756);
#1754=LINE('',#138,#1757);
#1755=LINE('',#80,#1758);
#1756=VECTOR('',#1759,1.0);
#1757=VECTOR('',#1760,1.0);
#1758=VECTOR('',#1761,1.0);
#1759=DIRECTION('',(0.9736898580104204,0.22787729243530933,0));
#1760=DIRECTION('',(0.0005701630727811765,-0.999999837457022,0));
#1761=DIRECTION('',(-0.03640915991467329,0.9993369667305956,0));
#1762=FACE_SURFACE('',(#1767),#1763,.T.);
#1763=PLANE('',#1764);
#1764=AXIS2_PLACEMENT_3D('',#142,#1765,#1766);
#1765=DIRECTION('',(0,0,-1));
#1766=DIRECTION('',(0.9827968540940141,0.1846898578236206,0));
#1767=FACE_BOUND('',#1768,.T.);
#1768=EDGE_LOOP('',(#1769,#1770,#1771));
#1769=ORIENTED_EDGE('',*,*,#1772,.T.);
#1770=ORIENTED_EDGE('',*,*,#1773,.T.);
#1771=ORIENTED_EDGE('',*,*,#1774,.T.);
#1772=EDGE_CURVE('',#143,#141,#1775,.F.);
#1773=EDGE_CURVE('',#141,#81,#1776,.T.);
#1774=EDGE_CURVE('',#81,#143,#1777,.T.);
#1775=LINE('',#142,#1778);
#1776=LINE('',#140,#1779);
#1777=LINE('',#80,#1780);
#1778=VECTOR('',#1781,1.0);
#1779=VECTOR('',#1782,1.0);
#1780=VECTOR('',#1783,1.0);
#1781=DIRECTION('',(0.9827968540940141,0.1846898578236206,0));
#1782=DIRECTION('',(0.03640915991467329,-0.9993369667305956,0));
#1783=DIRECTION('',(-0.07292973323912294,0.9973370814371991,0));
#1784=FACE_SURFACE('',(#1789),#1785,.T.);
#1785=PLANE('',#1786);
#1786=AXIS2_PLACEMENT_3D('',#144,#1787,#1788);
#1787=DIRECTION('',(0,0,-1));
#1788=DIRECTION('',(0.9899898030425154,0.14113890275838736,0));
#1789=FACE_BOUND('',#1790,.T.);
#1790=EDGE_LOOP('',(#1791,#1792,#1793));
#1791=ORIENTED_EDGE('',*,*,#1794,.T.);
#1792=ORIENTED_EDGE('',*,*,#1795,.T.);
#1793=ORIENTED_EDGE('',*,*,#1796,.T.);
#1794=EDGE_CURVE('',#145,#143,#1797,.F.);
#1795=EDGE_CURVE('',#143,#81,#1798,.T.);
#1796=EDGE_CURVE('',#81,#145,#1799,.T.);
#1797=LINE('',#144,#1800);
#1798=LINE('',#142,#1801);
#1799=LINE('',#80,#1802);
#1800=VECTOR('',#1803,1.0);
#1801=VECTOR('',#1804,1.0);
#1802=VECTOR('',#1805,1.0);
#1803=DIRECTION('',(0.9899898030425154,0.14113890275838736,0));
#1804=DIRECTION('',(0.07292973323912294,-0.9973370814371991,0));
#1805=DIRECTION('',(-0.10974374436294766,0.9939599139669568,0));
#1806=FACE_SURFACE('',(#1811),#1807,.T.);
#1807=PLANE('',#1808);
#1808=AXIS2_PLACEMENT_3D('',#146,#1809,#1810);
#1809=DIRECTION('',(0,0,-1));
#1810=DIRECTION('',(0.9952537335434101,0.09731395515496678,0));
#1811=FACE_BOUND('',#1812,.T.);
#1812=EDGE_LOOP('',(#1813,#1814,#1815));
#1813=ORIENTED_EDGE('',*,*,#1816,.T.);
#1814=ORIENTED_EDGE('',*,*,#1817,.T.);
#1815=ORIENTED_EDGE('',*,*,#1818,.T.);
#1816=EDGE_CURVE('',#147,#145,#1819,.F.);
#1817=EDGE_CURVE('',#145,#81,#1820,.T.);
#1818=EDGE_CURVE('',#81,#147,#1821,.T.);
#1819=LINE('',#146,#1822);
#1820=LINE('',#144,#1823);
#1821=LINE('',#80,#1824);
#1822=VECTOR('',#1825,1.0);
#1823=VECTOR('',#1826,1.0);
#1824=VECTOR('',#1827,1.0);
#1825=DIRECTION('',(0.9952537335434101,0.09731395515496678,0));
#1826=DIRECTION('',(0.10974374436294766,-0.9939599139669568,0));
#1827=DIRECTION('',(-0.1464490990946589,0.9892182071587456,0));
#1828=FACE_SURFACE('',(#1833),#1829,.T.);
#1829=PLANE('',#1830);
#1830=AXIS2_PLACEMENT_3D('',#148,#1831,#1832);
#1831=DIRECTION('',(0,0,-1));
#1832=DIRECTION('',(0.9985784437531195,0.053301891820065325,0));
#1833=FACE_BOUND('',#1834,.T.);
#1834=EDGE_LOOP('',(#1835,#1836,#1837));
#1835=ORIENTED_EDGE('',*,*,#1838,.T.);
#1836=ORIENTED_EDGE('',*,*,#1839,.T.);
#1837=ORIENTED_EDGE('',*,*,#1840,.T.);
#1838=EDGE_CURVE('',#149,#147,#1841,.F.);
#1839=EDGE_CURVE('',#147,#81,#1842,.T.);
#1840=EDGE_CURVE('',#81,#149,#1843,.T.);
#1841=LINE('',#148,#1844);
#1842=LINE('',#146,#1845);
#1843=LINE('',#80,#1846);
#1844=VECTOR('',#1847,1.0);
#1845=VECTOR('',#1848,1.0);
#1846=VECTOR('',#1849,1.0);
#1847=DIRECTION('',(0.9985784437531195,0.053301891820065325,0));
#1848=DIRECTION('',(0.1464490990946589,-0.9892182071587456,0));
#1849=DIRECTION('',(-0.18264785916951085,0.9831783965999226,0));
#1850=FACE_SURFACE('',(#1855),#1851,.T.);
#1851=PLANE('',#1852);
#1852=AXIS2_PLACEMENT_3D('',#150,#1853,#1854);
#1853=DIRECTION('',(0,-0,-1));
#1854=DIRECTION('',(0.2323159469471354,-0.9726403758810631,0));
#1855=FACE_BOUND('',#1856,.T.);
#1856=EDGE_LOOP('',(#1857,#1858,#1859));
#1857=ORIENTED_EDGE('',*,*,#1860,.T.);
#1858=ORIENTED_EDGE('',*,*,#1861,.T.);
#1859=ORIENTED_EDGE('',*,*,#1862,.T.);
#1860=EDGE_CURVE('',#151,#81,#1863,.F.);
#1861=EDGE_CURVE('',#81,#61,#1864,.T.);
#1862=EDGE_CURVE('',#61,#151,#1865,.T.);
#1863=LINE('',#150,#1866);
#1864=LINE('',#80,#1867);
#1865=LINE('',#60,#1868);
#1866=VECTOR('',#1869,1.0);
#1867=VECTOR('',#1870,1.0);
#1868=VECTOR('',#1871,1.0);
#1869=DIRECTION('',(0.2323159469471354,-0.9726403758810631,0));
#1870=DIRECTION('',(-1,0,0));
#1871=DIRECTION('',(0.18264785916951085,0.9831783965999226,0));
#1872=FACE_SURFACE('',(#1877),#1873,.T.);
#1873=PLANE('',#1874);
#1874=AXIS2_PLACEMENT_3D('',#150,#1875,#1876);
#1875=DIRECTION('',(0,0,-1));
#1876=DIRECTION('',(1,0,0));
#1877=FACE_BOUND('',#1878,.T.);
#1878=EDGE_LOOP('',(#1879,#1880,#1881));
#1879=ORIENTED_EDGE('',*,*,#1882,.T.);
#1880=ORIENTED_EDGE('',*,*,#1883,.T.);
#1881=ORIENTED_EDGE('',*,*,#1884,.T.);
#1882=EDGE_CURVE('',#151,#149,#1885,.F.);
#1883=EDGE_CURVE('',#149,#81,#1886,.T.);
#1884=EDGE_CURVE('',#81,#151,#1887,.T.);
#1885=LINE('',#150,#1888);
#1886=LINE('',#148,#1889);
#1887=LINE('',#80,#1890);
#1888=VECTOR('',#1891,1.0);
#1889=VECTOR('',#1892,1.0);
#1890=VECTOR('',#1893,1.0);
#1891=DIRECTION('',(1,0,0));
#1892=DIRECTION('',(0.18264785916951085,-0.9831783965999226,0));
#1893=DIRECTION('',(-0.2323159469471354,0.9726403758810631,0));
#1894=FACE_SURFACE('',(#1899),#1895,.T.);
#1895=PLANE('',#1896);
#1896=AXIS2_PLACEMENT_3D('',#152,#1897,#1898);
#1897=DIRECTION('',(0,-0,-1));
#1898=DIRECTION('',(0.9985784437531195,-0.053301891820065325,0));
#1899=FACE_BOUND('',#1900,.T.);
#1900=EDGE_LOOP('',(#1901,#1902,#1903));
#1901=ORIENTED_EDGE('',*,*,#1904,.T.);
#1902=ORIENTED_EDGE('',*,*,#1905,.T.);
#1903=ORIENTED_EDGE('',*,*,#1906,.T.);
#1904=EDGE_CURVE('',#153,#151,#1907,.F.);
#1905=EDGE_CURVE('',#151,#61,#1908,.T.);
#1906=EDGE_CURVE('',#61,#153,#1909,.T.);
#1907=LINE('',#152,#1910);
#1908=LINE('',#150,#1911);
#1909=LINE('',#60,#1912);
#1910=VECTOR('',#1913,1.0);
#1911=VECTOR('',#1914,1.0);
#1912=VECTOR('',#1915,1.0);
#1913=DIRECTION('',(0.9985784437531195,-0.053301891820065325,0));
#1914=DIRECTION('',(-0.18264785916951085,-0.9831783965999226,0));
#1915=DIRECTION('',(0.1464490990946589,0.9892182071587456,0));
#1916=FACE_SURFACE('',(#1921),#1917,.T.);
#1917=PLANE('',#1918);
#1918=AXIS2_PLACEMENT_3D('',#154,#1919,#1920);
#1919=DIRECTION('',(0,-0,-1));
#1920=DIRECTION('',(0,-1,0));
#1921=FACE_BOUND('',#1922,.T.);
#1922=EDGE_LOOP('',(#1923,#1924,#1925));
#1923=ORIENTED_EDGE('',*,*,#1926,.T.);
#1924=ORIENTED_EDGE('',*,*,#1927,.T.);
#1925=ORIENTED_EDGE('',*,*,#1928,.T.);
#1926=EDGE_CURVE('',#155,#149,#1929,.F.);
#1927=EDGE_CURVE('',#149,#151,#1930,.T.);
#1928=EDGE_CURVE('',#151,#155,#1931,.T.);
#1929=LINE('',#154,#1932);
#1930=LINE('',#148,#1933);
#1931=LINE('',#150,#1934);
#1932=VECTOR('',#1935,1.0);
#1933=VECTOR('',#1936,1.0);
#1934=VECTOR('',#1937,1.0);
#1935=DIRECTION('',(0,-1,0));
#1936=DIRECTION('',(-1,0,0));
#1937=DIRECTION('',(0.4956720259482272,0.8685097827269305,0));
#1938=FACE_SURFACE('',(#1943),#1939,.T.);
#1939=PLANE('',#1940);
#1940=AXIS2_PLACEMENT_3D('',#156,#1941,#1942);
#1941=DIRECTION('',(0,-0,-1));
#1942=DIRECTION('',(0,-1,0));
#1943=FACE_BOUND('',#1944,.T.);
#1944=EDGE_LOOP('',(#1945,#1946,#1947));
#1945=ORIENTED_EDGE('',*,*,#1948,.T.);
#1946=ORIENTED_EDGE('',*,*,#1949,.T.);
#1947=ORIENTED_EDGE('',*,*,#1950,.T.);
#1948=EDGE_CURVE('',#157,#159,#1951,.F.);
#1949=EDGE_CURVE('',#159,#155,#1952,.T.);
#1950=EDGE_CURVE('',#155,#157,#1953,.T.);
#1951=LINE('',#156,#1954);
#1952=LINE('',#158,#1955);
#1953=LINE('',#154,#1956);
#1954=VECTOR('',#1957,1.0);
#1955=VECTOR('',#1958,1.0);
#1956=VECTOR('',#1959,1.0);
#1957=DIRECTION('',(0,-1,0));
#1958=DIRECTION('',(-0.9094748686062684,-0.4157589005344454,0));
#1959=DIRECTION('',(0.658504607868518,0.7525766947068778,0));
#1960=FACE_SURFACE('',(#1965),#1961,.T.);
#1961=PLANE('',#1962);
#1962=AXIS2_PLACEMENT_3D('',#160,#1963,#1964);
#1963=DIRECTION('',(0,-0,-1));
#1964=DIRECTION('',(0.9952537335434101,-0.09731395515496678,0));
#1965=FACE_BOUND('',#1966,.T.);
#1966=EDGE_LOOP('',(#1967,#1968,#1969));
#1967=ORIENTED_EDGE('',*,*,#1970,.T.);
#1968=ORIENTED_EDGE('',*,*,#1971,.T.);
#1969=ORIENTED_EDGE('',*,*,#1972,.T.);
#1970=EDGE_CURVE('',#161,#153,#1973,.F.);
#1971=EDGE_CURVE('',#153,#61,#1974,.T.);
#1972=EDGE_CURVE('',#61,#161,#1975,.T.);
#1973=LINE('',#160,#1976);
#1974=LINE('',#152,#1977);
#1975=LINE('',#60,#1978);
#1976=VECTOR('',#1979,1.0);
#1977=VECTOR('',#1980,1.0);
#1978=VECTOR('',#1981,1.0);
#1979=DIRECTION('',(0.9952537335434101,-0.09731395515496678,0));
#1980=DIRECTION('',(-0.1464490990946589,-0.9892182071587456,0));
#1981=DIRECTION('',(0.10974374436294766,0.9939599139669568,0));
#1982=FACE_SURFACE('',(#1987),#1983,.T.);
#1983=PLANE('',#1984);
#1984=AXIS2_PLACEMENT_3D('',#162,#1985,#1986);
#1985=DIRECTION('',(0,0,-1));
#1986=DIRECTION('',(0.9048187022009941,0.4257970363298796,0));
#1987=FACE_BOUND('',#1988,.T.);
#1988=EDGE_LOOP('',(#1989,#1990,#1991));
#1989=ORIENTED_EDGE('',*,*,#1992,.T.);
#1990=ORIENTED_EDGE('',*,*,#1993,.T.);
#1991=ORIENTED_EDGE('',*,*,#1994,.T.);
#1992=EDGE_CURVE('',#163,#157,#1995,.F.);
#1993=EDGE_CURVE('',#157,#155,#1996,.T.);
#1994=EDGE_CURVE('',#155,#163,#1997,.T.);
#1995=LINE('',#162,#1998);
#1996=LINE('',#156,#1999);
#1997=LINE('',#154,#2000);
#1998=VECTOR('',#2001,1.0);
#1999=VECTOR('',#2002,1.0);
#2000=VECTOR('',#2003,1.0);
#2001=DIRECTION('',(0.9048187022009941,0.4257970363298796,0));
#2002=DIRECTION('',(-0.658504607868518,-0.7525766947068778,0));
#2003=DIRECTION('',(-1,0,0));
#2004=FACE_SURFACE('',(#2009),#2005,.T.);
#2005=PLANE('',#2006);
#2006=AXIS2_PLACEMENT_3D('',#162,#2007,#2008);
#2007=DIRECTION('',(0,0,-1));
#2008=DIRECTION('',(1,0,0));
#2009=FACE_BOUND('',#2010,.T.);
#2010=EDGE_LOOP('',(#2011,#2012,#2013));
#2011=ORIENTED_EDGE('',*,*,#2014,.T.);
#2012=ORIENTED_EDGE('',*,*,#2015,.T.);
#2013=ORIENTED_EDGE('',*,*,#2016,.T.);
#2014=EDGE_CURVE('',#163,#155,#2017,.F.);
#2015=EDGE_CURVE('',#155,#151,#2018,.T.);
#2016=EDGE_CURVE('',#151,#163,#2019,.T.);
#2017=LINE('',#162,#2020);
#2018=LINE('',#154,#2021);
#2019=LINE('',#150,#2022);
#2020=VECTOR('',#2023,1.0);
#2021=VECTOR('',#2024,1.0);
#2022=VECTOR('',#2025,1.0);
#2023=DIRECTION('',(1,0,0));
#2024=DIRECTION('',(-0.4956720259482272,-0.8685097827269305,0));
#2025=DIRECTION('',(0,1,0));
#2026=FACE_SURFACE('',(#2031),#2027,.T.);
#2027=PLANE('',#2028);
#2028=AXIS2_PLACEMENT_3D('',#164,#2029,#2030);
#2029=DIRECTION('',(0,-0,-1));
#2030=DIRECTION('',(0.9899898030425154,-0.14113890275838736,0));
#2031=FACE_BOUND('',#2032,.T.);
#2032=EDGE_LOOP('',(#2033,#2034,#2035));
#2033=ORIENTED_EDGE('',*,*,#2036,.T.);
#2034=ORIENTED_EDGE('',*,*,#2037,.T.);
#2035=ORIENTED_EDGE('',*,*,#2038,.T.);
#2036=EDGE_CURVE('',#165,#161,#2039,.F.);
#2037=EDGE_CURVE('',#161,#61,#2040,.T.);
#2038=EDGE_CURVE('',#61,#165,#2041,.T.);
#2039=LINE('',#164,#2042);
#2040=LINE('',#160,#2043);
#2041=LINE('',#60,#2044);
#2042=VECTOR('',#2045,1.0);
#2043=VECTOR('',#2046,1.0);
#2044=VECTOR('',#2047,1.0);
#2045=DIRECTION('',(0.9899898030425154,-0.14113890275838736,0));
#2046=DIRECTION('',(-0.10974374436294766,-0.9939599139669568,0));
#2047=DIRECTION('',(0.07292973323912294,0.9973370814371991,0));
#2048=FACE_SURFACE('',(#2053),#2049,.T.);
#2049=PLANE('',#2050);
#2050=AXIS2_PLACEMENT_3D('',#166,#2051,#2052);
#2051=DIRECTION('',(0,-0,-1));
#2052=DIRECTION('',(0.9827968540940141,-0.1846898578236206,0));
#2053=FACE_BOUND('',#2054,.T.);
#2054=EDGE_LOOP('',(#2055,#2056,#2057));
#2055=ORIENTED_EDGE('',*,*,#2058,.T.);
#2056=ORIENTED_EDGE('',*,*,#2059,.T.);
#2057=ORIENTED_EDGE('',*,*,#2060,.T.);
#2058=EDGE_CURVE('',#167,#165,#2061,.F.);
#2059=EDGE_CURVE('',#165,#61,#2062,.T.);
#2060=EDGE_CURVE('',#61,#167,#2063,.T.);
#2061=LINE('',#166,#2064);
#2062=LINE('',#164,#2065);
#2063=LINE('',#60,#2066);
#2064=VECTOR('',#2067,1.0);
#2065=VECTOR('',#2068,1.0);
#2066=VECTOR('',#2069,1.0);
#2067=DIRECTION('',(0.9827968540940141,-0.1846898578236206,0));
#2068=DIRECTION('',(-0.07292973323912294,-0.9973370814371991,0));
#2069=DIRECTION('',(0.03640915991467329,0.9993369667305956,0));
#2070=FACE_SURFACE('',(#2075),#2071,.T.);
#2071=PLANE('',#2072);
#2072=AXIS2_PLACEMENT_3D('',#168,#2073,#2074);
#2073=DIRECTION('',(0,0,-1));
#2074=DIRECTION('',(0.658504607868518,-0.7525766947068778,0));
#2075=FACE_BOUND('',#2076,.T.);
#2076=EDGE_LOOP('',(#2077,#2078,#2079));
#2077=ORIENTED_EDGE('',*,*,#2080,.T.);
#2078=ORIENTED_EDGE('',*,*,#2081,.T.);
#2079=ORIENTED_EDGE('',*,*,#2082,.T.);
#2080=EDGE_CURVE('',#169,#163,#2083,.F.);
#2081=EDGE_CURVE('',#163,#171,#2084,.T.);
#2082=EDGE_CURVE('',#171,#169,#2085,.T.);
#2083=LINE('',#168,#2086);
#2084=LINE('',#162,#2087);
#2085=LINE('',#170,#2088);
#2086=VECTOR('',#2089,1.0);
#2087=VECTOR('',#2090,1.0);
#2088=VECTOR('',#2091,1.0);
#2089=DIRECTION('',(0.658504607868518,-0.7525766947068778,0));
#2090=DIRECTION('',(-0.9094748686062684,0.4157589005344454,0));
#2091=DIRECTION('',(0,1,0));
#2092=FACE_SURFACE('',(#2097),#2093,.T.);
#2093=PLANE('',#2094);
#2094=AXIS2_PLACEMENT_3D('',#168,#2095,#2096);
#2095=DIRECTION('',(0,0,-1));
#2096=DIRECTION('',(1,0,0));
#2097=FACE_BOUND('',#2098,.T.);
#2098=EDGE_LOOP('',(#2099,#2100,#2101));
#2099=ORIENTED_EDGE('',*,*,#2102,.T.);
#2100=ORIENTED_EDGE('',*,*,#2103,.T.);
#2101=ORIENTED_EDGE('',*,*,#2104,.T.);
#2102=EDGE_CURVE('',#169,#157,#2105,.F.);
#2103=EDGE_CURVE('',#157,#163,#2106,.T.);
#2104=EDGE_CURVE('',#163,#169,#2107,.T.);
#2105=LINE('',#168,#2108);
#2106=LINE('',#156,#2109);
#2107=LINE('',#162,#2110);
#2108=VECTOR('',#2111,1.0);
#2109=VECTOR('',#2112,1.0);
#2110=VECTOR('',#2113,1.0);
#2111=DIRECTION('',(1,0,0));
#2112=DIRECTION('',(-0.9048187022009941,-0.4257970363298796,0));
#2113=DIRECTION('',(-0.658504607868518,0.7525766947068778,0));
#2114=FACE_SURFACE('',(#2119),#2115,.T.);
#2115=PLANE('',#2116);
#2116=AXIS2_PLACEMENT_3D('',#172,#2117,#2118);
#2117=DIRECTION('',(0,-0,-1));
#2118=DIRECTION('',(0.9736898580104204,-0.22787729243530933,0));
#2119=FACE_BOUND('',#2120,.T.);
#2120=EDGE_LOOP('',(#2121,#2122,#2123));
#2121=ORIENTED_EDGE('',*,*,#2124,.T.);
#2122=ORIENTED_EDGE('',*,*,#2125,.T.);
#2123=ORIENTED_EDGE('',*,*,#2126,.T.);
#2124=EDGE_CURVE('',#173,#167,#2127,.F.);
#2125=EDGE_CURVE('',#167,#61,#2128,.T.);
#2126=EDGE_CURVE('',#61,#173,#2129,.T.);
#2127=LINE('',#172,#2130);
#2128=LINE('',#166,#2131);
#2129=LINE('',#60,#2132);
#2130=VECTOR('',#2133,1.0);
#2131=VECTOR('',#2134,1.0);
#2132=VECTOR('',#2135,1.0);
#2133=DIRECTION('',(0.9736898580104204,-0.22787729243530933,0));
#2134=DIRECTION('',(-0.03640915991467329,-0.9993369667305956,0));
#2135=DIRECTION('',(0.0005701630727811765,0.999999837457022,0));
#2136=FACE_SURFACE('',(#2141),#2137,.T.);
#2137=PLANE('',#2138);
#2138=AXIS2_PLACEMENT_3D('',#174,#2139,#2140);
#2139=DIRECTION('',(0,0,-1));
#2140=DIRECTION('',(0.9626855769034885,-0.2706223937925267,0));
#2141=FACE_BOUND('',#2142,.T.);
#2142=EDGE_LOOP('',(#2143,#2144,#2145));
#2143=ORIENTED_EDGE('',*,*,#2146,.T.);
#2144=ORIENTED_EDGE('',*,*,#2147,.T.);
#2145=ORIENTED_EDGE('',*,*,#2148,.T.);
#2146=EDGE_CURVE('',#175,#173,#2149,.F.);
#2147=EDGE_CURVE('',#173,#61,#2150,.T.);
#2148=EDGE_CURVE('',#61,#175,#2151,.T.);
#2149=LINE('',#174,#2152);
#2150=LINE('',#172,#2153);
#2151=LINE('',#60,#2154);
#2152=VECTOR('',#2155,1.0);
#2153=VECTOR('',#2156,1.0);
#2154=VECTOR('',#2157,1.0);
#2155=DIRECTION('',(0.9626855769034885,-0.2706223937925267,0));
#2156=DIRECTION('',(-0.0005701630727811765,-0.999999837457022,0));
#2157=DIRECTION('',(-0.034229384334442337,0.9994140029277581,0));
#2158=FACE_SURFACE('',(#2163),#2159,.T.);
#2159=PLANE('',#2160);
#2160=AXIS2_PLACEMENT_3D('',#176,#2161,#2162);
#2161=DIRECTION('',(0,0,-1));
#2162=DIRECTION('',(0.949805287145646,-0.3128416796243379,0));
#2163=FACE_BOUND('',#2164,.T.);
#2164=EDGE_LOOP('',(#2165,#2166,#2167));
#2165=ORIENTED_EDGE('',*,*,#2168,.T.);
#2166=ORIENTED_EDGE('',*,*,#2169,.T.);
#2167=ORIENTED_EDGE('',*,*,#2170,.T.);
#2168=EDGE_CURVE('',#177,#175,#2171,.F.);
#2169=EDGE_CURVE('',#175,#61,#2172,.T.);
#2170=EDGE_CURVE('',#61,#177,#2173,.T.);
#2171=LINE('',#176,#2174);
#2172=LINE('',#174,#2175);
#2173=LINE('',#60,#2176);
#2174=VECTOR('',#2177,1.0);
#2175=VECTOR('',#2178,1.0);
#2176=VECTOR('',#2179,1.0);
#2177=DIRECTION('',(0.949805287145646,-0.3128416796243379,0));
#2178=DIRECTION('',(0.034229384334442337,-0.9994140029277581,0));
#2179=DIRECTION('',(-0.06767473821804115,0.9977074369809615,0));
#2180=FACE_SURFACE('',(#2185),#2181,.T.);
#2181=PLANE('',#2182);
#2182=AXIS2_PLACEMENT_3D('',#82,#2183,#2184);
#2183=DIRECTION('',(0,0,-1));
#2184=DIRECTION('',(0.9350758421412486,-0.3544476963443758,0));
#2185=FACE_BOUND('',#2186,.T.);
#2186=EDGE_LOOP('',(#2187,#2188,#2189));
#2187=ORIENTED_EDGE('',*,*,#2190,.T.);
#2188=ORIENTED_EDGE('',*,*,#2191,.T.);
#2189=ORIENTED_EDGE('',*,*,#2192,.T.);
#2190=EDGE_CURVE('',#83,#177,#2193,.F.);
#2191=EDGE_CURVE('',#177,#61,#2194,.T.);
#2192=EDGE_CURVE('',#61,#83,#2195,.T.);
#2193=LINE('',#82,#2196);
#2194=LINE('',#176,#2197);
#2195=LINE('',#60,#2198);
#2196=VECTOR('',#2199,1.0);
#2197=VECTOR('',#2200,1.0);
#2198=VECTOR('',#2201,1.0);
#2199=DIRECTION('',(0.9350758421412486,-0.3544476963443758,0));
#2200=DIRECTION('',(0.06767473821804115,-0.9977074369809615,0));
#2201=DIRECTION('',(-0.09950371902099889,0.995037190209989,0));
#2202=FACE_SURFACE('',(#2207),#2203,.T.);
#2203=PLANE('',#2204);
#2204=AXIS2_PLACEMENT_3D('',#150,#2205,#2206);
#2205=DIRECTION('',(0.053301891820065325,0.9985784437531195,-0));
#2206=DIRECTION('',(-0.9985784437531195,0.053301891820065325,0));
#2207=FACE_BOUND('',#2208,.T.);
#2208=EDGE_LOOP('',(#2209,#2210,#2211));
#2209=ORIENTED_EDGE('',*,*,#2212,.T.);
#2210=ORIENTED_EDGE('',*,*,#2213,.T.);
#2211=ORIENTED_EDGE('',*,*,#2214,.T.);
#2212=EDGE_CURVE('',#151,#153,#2215,.F.);
#2213=EDGE_CURVE('',#153,#101,#2216,.T.);
#2214=EDGE_CURVE('',#101,#151,#2217,.T.);
#2215=LINE('',#150,#2218);
#2216=LINE('',#152,#2219);
#2217=LINE('',#100,#2220);
#2218=VECTOR('',#2221,1.0);
#2219=VECTOR('',#2222,1.0);
#2220=VECTOR('',#2223,1.0);
#2221=DIRECTION('',(-0.9985784437531195,0.053301891820065325,0));
#2222=DIRECTION('',(0.06284147923568023,-0.003354338108325148,0.9980178840598632));
#2223=DIRECTION('',(0,0,-1));
#2224=FACE_SURFACE('',(#2229),#2225,.T.);
#2225=PLANE('',#2226);
#2226=AXIS2_PLACEMENT_3D('',#100,#2227,#2228);
#2227=DIRECTION('',(0.053301891820065325,0.9985784437531195,0));
#2228=DIRECTION('',(-0.06284147923568023,0.003354338108325148,-0.9980178840598632));
#2229=FACE_BOUND('',#2230,.T.);
#2230=EDGE_LOOP('',(#2231,#2232,#2233));
#2231=ORIENTED_EDGE('',*,*,#2234,.T.);
#2232=ORIENTED_EDGE('',*,*,#2235,.T.);
#2233=ORIENTED_EDGE('',*,*,#2236,.T.);
#2234=EDGE_CURVE('',#101,#153,#2237,.F.);
#2235=EDGE_CURVE('',#153,#99,#2238,.T.);
#2236=EDGE_CURVE('',#99,#101,#2239,.T.);
#2237=LINE('',#100,#2240);
#2238=LINE('',#152,#2241);
#2239=LINE('',#98,#2242);
#2240=VECTOR('',#2243,1.0);
#2241=VECTOR('',#2244,1.0);
#2242=VECTOR('',#2245,1.0);
#2243=DIRECTION('',(-0.06284147923568023,0.003354338108325148,-0.9980178840598632));
#2244=DIRECTION('',(0,0,1));
#2245=DIRECTION('',(0.9985784437531195,-0.053301891820065325,0));
#2246=FACE_SURFACE('',(#2251),#2247,.T.);
#2247=PLANE('',#2248);
#2248=AXIS2_PLACEMENT_3D('',#98,#2249,#2250);
#2249=DIRECTION('',(0.09731395515496678,0.9952537335434101,0));
#2250=DIRECTION('',(0,0,-1));
#2251=FACE_BOUND('',#2252,.T.);
#2252=EDGE_LOOP('',(#2253,#2254,#2255));
#2253=ORIENTED_EDGE('',*,*,#2256,.T.);
#2254=ORIENTED_EDGE('',*,*,#2257,.T.);
#2255=ORIENTED_EDGE('',*,*,#2258,.T.);
#2256=EDGE_CURVE('',#99,#153,#2259,.F.);
#2257=EDGE_CURVE('',#153,#97,#2260,.T.);
#2258=EDGE_CURVE('',#97,#99,#2261,.T.);
#2259=LINE('',#98,#2262);
#2260=LINE('',#152,#2263);
#2261=LINE('',#96,#2264);
#2262=VECTOR('',#2265,1.0);
#2263=VECTOR('',#2266,1.0);
#2264=VECTOR('',#2267,1.0);
#2265=DIRECTION('',(0,0,-1));
#2266=DIRECTION('',(-0.06263218091104458,0.006124051625242472,0.9980178885701486));
#2267=DIRECTION('',(0.9952537335434101,-0.09731395515496678,0));
#2268=FACE_SURFACE('',(#2273),#2269,.T.);
#2269=PLANE('',#2270);
#2270=AXIS2_PLACEMENT_3D('',#96,#2271,#2272);
#2271=DIRECTION('',(0.14113890275838736,0.9899898030425153,0));
#2272=DIRECTION('',(0,0,-1));
#2273=FACE_BOUND('',#2274,.T.);
#2274=EDGE_LOOP('',(#2275,#2276,#2277));
#2275=ORIENTED_EDGE('',*,*,#2278,.T.);
#2276=ORIENTED_EDGE('',*,*,#2279,.T.);
#2277=ORIENTED_EDGE('',*,*,#2280,.T.);
#2278=EDGE_CURVE('',#97,#161,#2281,.F.);
#2279=EDGE_CURVE('',#161,#95,#2282,.T.);
#2280=EDGE_CURVE('',#95,#97,#2283,.T.);
#2281=LINE('',#96,#2284);
#2282=LINE('',#160,#2285);
#2283=LINE('',#94,#2286);
#2284=VECTOR('',#2287,1.0);
#2285=VECTOR('',#2288,1.0);
#2286=VECTOR('',#2289,1.0);
#2287=DIRECTION('',(0,0,-1));
#2288=DIRECTION('',(-0.062300981291184894,0.00888200273698277,0.998017884487816));
#2289=DIRECTION('',(0.9899898030425154,-0.14113890275838736,0));
#2290=FACE_SURFACE('',(#2295),#2291,.T.);
#2291=PLANE('',#2292);
#2292=AXIS2_PLACEMENT_3D('',#152,#2293,#2294);
#2293=DIRECTION('',(0.09731395515496678,0.9952537335434101,0));
#2294=DIRECTION('',(-0.9952537335434101,0.09731395515496678,0));
#2295=FACE_BOUND('',#2296,.T.);
#2296=EDGE_LOOP('',(#2297,#2298,#2299));
#2297=ORIENTED_EDGE('',*,*,#2300,.T.);
#2298=ORIENTED_EDGE('',*,*,#2301,.T.);
#2299=ORIENTED_EDGE('',*,*,#2302,.T.);
#2300=EDGE_CURVE('',#153,#161,#2303,.F.);
#2301=EDGE_CURVE('',#161,#97,#2304,.T.);
#2302=EDGE_CURVE('',#97,#153,#2305,.T.);
#2303=LINE('',#152,#2306);
#2304=LINE('',#160,#2307);
#2305=LINE('',#96,#2308);
#2306=VECTOR('',#2309,1.0);
#2307=VECTOR('',#2310,1.0);
#2308=VECTOR('',#2311,1.0);
#2309=DIRECTION('',(-0.9952537335434101,0.09731395515496678,0));
#2310=DIRECTION('',(0,0,1));
#2311=DIRECTION('',(0.06263218091104458,-0.006124051625242472,-0.9980178885701486));
#2312=FACE_SURFACE('',(#2317),#2313,.T.);
#2313=PLANE('',#2314);
#2314=AXIS2_PLACEMENT_3D('',#94,#2315,#2316);
#2315=DIRECTION('',(0.18468985782362063,0.9827968540940141,0));
#2316=DIRECTION('',(0,0,-1));
#2317=FACE_BOUND('',#2318,.T.);
#2318=EDGE_LOOP('',(#2319,#2320,#2321));
#2319=ORIENTED_EDGE('',*,*,#2322,.T.);
#2320=ORIENTED_EDGE('',*,*,#2323,.T.);
#2321=ORIENTED_EDGE('',*,*,#2324,.T.);
#2322=EDGE_CURVE('',#95,#165,#2325,.F.);
#2323=EDGE_CURVE('',#165,#93,#2326,.T.);
#2324=EDGE_CURVE('',#93,#95,#2327,.T.);
#2325=LINE('',#94,#2328);
#2326=LINE('',#164,#2329);
#2327=LINE('',#92,#2330);
#2328=VECTOR('',#2331,1.0);
#2329=VECTOR('',#2332,1.0);
#2330=VECTOR('',#2333,1.0);
#2331=DIRECTION('',(0,0,-1));
#2332=DIRECTION('',(-0.061848308946702034,0.011622702431753068,0.9980178853450554));
#2333=DIRECTION('',(0.9827968540940141,-0.1846898578236206,0));
#2334=FACE_SURFACE('',(#2339),#2335,.T.);
#2335=PLANE('',#2336);
#2336=AXIS2_PLACEMENT_3D('',#160,#2337,#2338);
#2337=DIRECTION('',(0.14113890275838736,0.9899898030425153,0));
#2338=DIRECTION('',(-0.9899898030425154,0.14113890275838736,0));
#2339=FACE_BOUND('',#2340,.T.);
#2340=EDGE_LOOP('',(#2341,#2342,#2343));
#2341=ORIENTED_EDGE('',*,*,#2344,.T.);
#2342=ORIENTED_EDGE('',*,*,#2345,.T.);
#2343=ORIENTED_EDGE('',*,*,#2346,.T.);
#2344=EDGE_CURVE('',#161,#165,#2347,.F.);
#2345=EDGE_CURVE('',#165,#95,#2348,.T.);
#2346=EDGE_CURVE('',#95,#161,#2349,.T.);
#2347=LINE('',#160,#2350);
#2348=LINE('',#164,#2351);
#2349=LINE('',#94,#2352);
#2350=VECTOR('',#2353,1.0);
#2351=VECTOR('',#2354,1.0);
#2352=VECTOR('',#2355,1.0);
#2353=DIRECTION('',(-0.9899898030425154,0.14113890275838736,0));
#2354=DIRECTION('',(0,0,1));
#2355=DIRECTION('',(0.062300981291184894,-0.00888200273698277,-0.998017884487816));
#2356=FACE_SURFACE('',(#2361),#2357,.T.);
#2357=PLANE('',#2358);
#2358=AXIS2_PLACEMENT_3D('',#92,#2359,#2360);
#2359=DIRECTION('',(0.2278772924353093,0.9736898580104203,0));
#2360=DIRECTION('',(0,0,-1));
#2361=FACE_BOUND('',#2362,.T.);
#2362=EDGE_LOOP('',(#2363,#2364,#2365));
#2363=ORIENTED_EDGE('',*,*,#2366,.T.);
#2364=ORIENTED_EDGE('',*,*,#2367,.T.);
#2365=ORIENTED_EDGE('',*,*,#2368,.T.);
#2366=EDGE_CURVE('',#93,#167,#2369,.F.);
#2367=EDGE_CURVE('',#167,#91,#2370,.T.);
#2368=EDGE_CURVE('',#91,#93,#2371,.T.);
#2369=LINE('',#92,#2372);
#2370=LINE('',#166,#2373);
#2371=LINE('',#90,#2374);
#2372=VECTOR('',#2375,1.0);
#2373=VECTOR('',#2376,1.0);
#2374=VECTOR('',#2377,1.0);
#2375=DIRECTION('',(0,0,-1));
#2376=DIRECTION('',(-0.06127516167426127,0.014340519027689267,0.9980178876532272));
#2377=DIRECTION('',(0.9736898580104204,-0.22787729243530933,0));
#2378=FACE_SURFACE('',(#2383),#2379,.T.);
#2379=PLANE('',#2380);
#2380=AXIS2_PLACEMENT_3D('',#164,#2381,#2382);
#2381=DIRECTION('',(0.18468985782362063,0.9827968540940141,0));
#2382=DIRECTION('',(-0.9827968540940141,0.1846898578236206,0));
#2383=FACE_BOUND('',#2384,.T.);
#2384=EDGE_LOOP('',(#2385,#2386,#2387));
#2385=ORIENTED_EDGE('',*,*,#2388,.T.);
#2386=ORIENTED_EDGE('',*,*,#2389,.T.);
#2387=ORIENTED_EDGE('',*,*,#2390,.T.);
#2388=EDGE_CURVE('',#165,#167,#2391,.F.);
#2389=EDGE_CURVE('',#167,#93,#2392,.T.);
#2390=EDGE_CURVE('',#93,#165,#2393,.T.);
#2391=LINE('',#164,#2394);
#2392=LINE('',#166,#2395);
#2393=LINE('',#92,#2396);
#2394=VECTOR('',#2397,1.0);
#2395=VECTOR('',#2398,1.0);
#2396=VECTOR('',#2399,1.0);
#2397=DIRECTION('',(-0.9827968540940141,0.1846898578236206,0));
#2398=DIRECTION('',(0,0,1));
#2399=DIRECTION('',(0.061848308946702034,-0.011622702431753068,-0.9980178853450554));
#2400=FACE_SURFACE('',(#2405),#2401,.T.);
#2401=PLANE('',#2402);
#2402=AXIS2_PLACEMENT_3D('',#90,#2403,#2404);
#2403=DIRECTION('',(0.2706223937925267,0.9626855769034885,0));
#2404=DIRECTION('',(0,0,-1));
#2405=FACE_BOUND('',#2406,.T.);
#2406=EDGE_LOOP('',(#2407,#2408,#2409));
#2407=ORIENTED_EDGE('',*,*,#2410,.T.);
#2408=ORIENTED_EDGE('',*,*,#2411,.T.);
#2409=ORIENTED_EDGE('',*,*,#2412,.T.);
#2410=EDGE_CURVE('',#91,#173,#2413,.F.);
#2411=EDGE_CURVE('',#173,#89,#2414,.T.);
#2412=EDGE_CURVE('',#89,#91,#2415,.T.);
#2413=LINE('',#90,#2416);
#2414=LINE('',#172,#2417);
#2415=LINE('',#88,#2418);
#2416=VECTOR('',#2419,1.0);
#2417=VECTOR('',#2420,1.0);
#2418=VECTOR('',#2421,1.0);
#2419=DIRECTION('',(0,0,-1));
#2420=DIRECTION('',(-0.060582750730861945,0.017030533560144372,0.9980178812228462));
#2421=DIRECTION('',(0.9626855769034885,-0.2706223937925267,0));
#2422=FACE_SURFACE('',(#2427),#2423,.T.);
#2423=PLANE('',#2424);
#2424=AXIS2_PLACEMENT_3D('',#166,#2425,#2426);
#2425=DIRECTION('',(0.2278772924353093,0.9736898580104203,0));
#2426=DIRECTION('',(-0.9736898580104204,0.22787729243530933,0));
#2427=FACE_BOUND('',#2428,.T.);
#2428=EDGE_LOOP('',(#2429,#2430,#2431));
#2429=ORIENTED_EDGE('',*,*,#2432,.T.);
#2430=ORIENTED_EDGE('',*,*,#2433,.T.);
#2431=ORIENTED_EDGE('',*,*,#2434,.T.);
#2432=EDGE_CURVE('',#167,#173,#2435,.F.);
#2433=EDGE_CURVE('',#173,#91,#2436,.T.);
#2434=EDGE_CURVE('',#91,#167,#2437,.T.);
#2435=LINE('',#166,#2438);
#2436=LINE('',#172,#2439);
#2437=LINE('',#90,#2440);
#2438=VECTOR('',#2441,1.0);
#2439=VECTOR('',#2442,1.0);
#2440=VECTOR('',#2443,1.0);
#2441=DIRECTION('',(-0.9736898580104204,0.22787729243530933,0));
#2442=DIRECTION('',(0,0,1));
#2443=DIRECTION('',(0.06127516167426127,-0.014340519027689267,-0.9980178876532272));
#2444=FACE_SURFACE('',(#2449),#2445,.T.);
#2445=PLANE('',#2446);
#2446=AXIS2_PLACEMENT_3D('',#88,#2447,#2448);
#2447=DIRECTION('',(0.31284167962433784,0.949805287145646,0));
#2448=DIRECTION('',(0,0,-1));
#2449=FACE_BOUND('',#2450,.T.);
#2450=EDGE_LOOP('',(#2451,#2452,#2453));
#2451=ORIENTED_EDGE('',*,*,#2454,.T.);
#2452=ORIENTED_EDGE('',*,*,#2455,.T.);
#2453=ORIENTED_EDGE('',*,*,#2456,.T.);
#2454=EDGE_CURVE('',#89,#175,#2457,.F.);
#2455=EDGE_CURVE('',#175,#87,#2458,.T.);
#2456=EDGE_CURVE('',#87,#89,#2459,.T.);
#2457=LINE('',#88,#2460);
#2458=LINE('',#174,#2461);
#2459=LINE('',#86,#2462);
#2460=VECTOR('',#2463,1.0);
#2461=VECTOR('',#2464,1.0);
#2462=VECTOR('',#2465,1.0);
#2463=DIRECTION('',(0,0,-1));
#2464=DIRECTION('',(-0.059772075484550755,0.019687399872677456,0.9980178882557779));
#2465=DIRECTION('',(0.949805287145646,-0.3128416796243379,0));
#2466=FACE_SURFACE('',(#2471),#2467,.T.);
#2467=PLANE('',#2468);
#2468=AXIS2_PLACEMENT_3D('',#172,#2469,#2470);
#2469=DIRECTION('',(0.2706223937925267,0.9626855769034885,0));
#2470=DIRECTION('',(-0.9626855769034885,0.2706223937925267,0));
#2471=FACE_BOUND('',#2472,.T.);
#2472=EDGE_LOOP('',(#2473,#2474,#2475));
#2473=ORIENTED_EDGE('',*,*,#2476,.T.);
#2474=ORIENTED_EDGE('',*,*,#2477,.T.);
#2475=ORIENTED_EDGE('',*,*,#2478,.T.);
#2476=EDGE_CURVE('',#173,#175,#2479,.F.);
#2477=EDGE_CURVE('',#175,#89,#2480,.T.);
#2478=EDGE_CURVE('',#89,#173,#2481,.T.);
#2479=LINE('',#172,#2482);
#2480=LINE('',#174,#2483);
#2481=LINE('',#88,#2484);
#2482=VECTOR('',#2485,1.0);
#2483=VECTOR('',#2486,1.0);
#2484=VECTOR('',#2487,1.0);
#2485=DIRECTION('',(-0.9626855769034885,0.2706223937925267,0));
#2486=DIRECTION('',(0,0,1));
#2487=DIRECTION('',(0.060582750730861945,-0.017030533560144372,-0.9980178812228462));
#2488=FACE_SURFACE('',(#2493),#2489,.T.);
#2489=PLANE('',#2490);
#2490=AXIS2_PLACEMENT_3D('',#174,#2491,#2492);
#2491=DIRECTION('',(0.31284167962433784,0.949805287145646,0));
#2492=DIRECTION('',(-0.949805287145646,0.3128416796243379,0));
#2493=FACE_BOUND('',#2494,.T.);
#2494=EDGE_LOOP('',(#2495,#2496,#2497));
#2495=ORIENTED_EDGE('',*,*,#2498,.T.);
#2496=ORIENTED_EDGE('',*,*,#2499,.T.);
#2497=ORIENTED_EDGE('',*,*,#2500,.T.);
#2498=EDGE_CURVE('',#175,#177,#2501,.F.);
#2499=EDGE_CURVE('',#177,#87,#2502,.T.);
#2500=EDGE_CURVE('',#87,#175,#2503,.T.);
#2501=LINE('',#174,#2504);
#2502=LINE('',#176,#2505);
#2503=LINE('',#86,#2506);
#2504=VECTOR('',#2507,1.0);
#2505=VECTOR('',#2508,1.0);
#2506=VECTOR('',#2509,1.0);
#2507=DIRECTION('',(-0.949805287145646,0.3128416796243379,0));
#2508=DIRECTION('',(0,0,1));
#2509=DIRECTION('',(0.059772075484550755,-0.019687399872677456,-0.9980178882557779));
#2510=FACE_SURFACE('',(#2515),#2511,.T.);
#2511=PLANE('',#2512);
#2512=AXIS2_PLACEMENT_3D('',#86,#2513,#2514);
#2513=DIRECTION('',(0.3544476963443758,0.9350758421412486,0));
#2514=DIRECTION('',(-0.05884513075874517,0.02230569981442227,-0.9980178887884601));
#2515=FACE_BOUND('',#2516,.T.);
#2516=EDGE_LOOP('',(#2517,#2518,#2519));
#2517=ORIENTED_EDGE('',*,*,#2520,.T.);
#2518=ORIENTED_EDGE('',*,*,#2521,.T.);
#2519=ORIENTED_EDGE('',*,*,#2522,.T.);
#2520=EDGE_CURVE('',#87,#83,#2523,.F.);
#2521=EDGE_CURVE('',#83,#85,#2524,.T.);
#2522=EDGE_CURVE('',#85,#87,#2525,.T.);
#2523=LINE('',#86,#2526);
#2524=LINE('',#82,#2527);
#2525=LINE('',#84,#2528);
#2526=VECTOR('',#2529,1.0);
#2527=VECTOR('',#2530,1.0);
#2528=VECTOR('',#2531,1.0);
#2529=DIRECTION('',(-0.05884513075874517,0.02230569981442227,-0.9980178887884601));
#2530=DIRECTION('',(0,0,1));
#2531=DIRECTION('',(0.9350758421412486,-0.3544476963443758,0));
#2532=FACE_SURFACE('',(#2537),#2533,.T.);
#2533=PLANE('',#2534);
#2534=AXIS2_PLACEMENT_3D('',#176,#2535,#2536);
#2535=DIRECTION('',(0.3544476963443758,0.9350758421412486,-0));
#2536=DIRECTION('',(-0.9350758421412486,0.3544476963443758,0));
#2537=FACE_BOUND('',#2538,.T.);
#2538=EDGE_LOOP('',(#2539,#2540,#2541));
#2539=ORIENTED_EDGE('',*,*,#2542,.T.);
#2540=ORIENTED_EDGE('',*,*,#2543,.T.);
#2541=ORIENTED_EDGE('',*,*,#2544,.T.);
#2542=EDGE_CURVE('',#177,#83,#2545,.F.);
#2543=EDGE_CURVE('',#83,#87,#2546,.T.);
#2544=EDGE_CURVE('',#87,#177,#2547,.T.);
#2545=LINE('',#176,#2548);
#2546=LINE('',#82,#2549);
#2547=LINE('',#86,#2550);
#2548=VECTOR('',#2551,1.0);
#2549=VECTOR('',#2552,1.0);
#2550=VECTOR('',#2553,1.0);
#2551=DIRECTION('',(-0.9350758421412486,0.3544476963443758,0));
#2552=DIRECTION('',(0.05884513075874517,-0.02230569981442227,0.9980178887884601));
#2553=DIRECTION('',(0,0,-1));
#2554=FACE_SURFACE('',(#2559),#2555,.T.);
#2555=PLANE('',#2556);
#2556=AXIS2_PLACEMENT_3D('',#80,#2557,#2558);
#2557=DIRECTION('',(0.995037190209989,-0.09950371902099889,0));
#2558=DIRECTION('',(0.08692038089011576,0.8692038089011578,0.4867541329846483));
#2559=FACE_BOUND('',#2560,.T.);
#2560=EDGE_LOOP('',(#2561,#2562,#2563));
#2561=ORIENTED_EDGE('',*,*,#2564,.T.);
#2562=ORIENTED_EDGE('',*,*,#2565,.T.);
#2563=ORIENTED_EDGE('',*,*,#2566,.T.);
#2564=EDGE_CURVE('',#81,#131,#2567,.F.);
#2565=EDGE_CURVE('',#131,#79,#2568,.T.);
#2566=EDGE_CURVE('',#79,#81,#2569,.T.);
#2567=LINE('',#80,#2570);
#2568=LINE('',#130,#2571);
#2569=LINE('',#78,#2572);
#2570=VECTOR('',#2573,1.0);
#2571=VECTOR('',#2574,1.0);
#2572=VECTOR('',#2575,1.0);
#2573=DIRECTION('',(0.08692038089011576,0.8692038089011578,0.4867541329846483));
#2574=DIRECTION('',(-0.09950371902099889,-0.995037190209989,0));
#2575=DIRECTION('',(0,0,-1));
#2576=FACE_SURFACE('',(#2581),#2577,.T.);
#2577=PLANE('',#2578);
#2578=AXIS2_PLACEMENT_3D('',#80,#2579,#2580);
#2579=DIRECTION('',(0.995037190209989,-0.09950371902099889,0));
#2580=DIRECTION('',(0.09950371902099889,0.995037190209989,0));
#2581=FACE_BOUND('',#2582,.T.);
#2582=EDGE_LOOP('',(#2583,#2584,#2585));
#2583=ORIENTED_EDGE('',*,*,#2586,.T.);
#2584=ORIENTED_EDGE('',*,*,#2587,.T.);
#2585=ORIENTED_EDGE('',*,*,#2588,.T.);
#2586=EDGE_CURVE('',#81,#135,#2589,.F.);
#2587=EDGE_CURVE('',#135,#131,#2590,.T.);
#2588=EDGE_CURVE('',#131,#81,#2591,.T.);
#2589=LINE('',#80,#2592);
#2590=LINE('',#134,#2593);
#2591=LINE('',#130,#2594);
#2592=VECTOR('',#2595,1.0);
#2593=VECTOR('',#2596,1.0);
#2594=VECTOR('',#2597,1.0);
#2595=DIRECTION('',(0.09950371902099889,0.995037190209989,0));
#2596=DIRECTION('',(0,0,1));
#2597=DIRECTION('',(-0.08692038089011576,-0.8692038089011578,-0.4867541329846483));
#2598=FACE_SURFACE('',(#2603),#2599,.T.);
#2599=PLANE('',#2600);
#2600=AXIS2_PLACEMENT_3D('',#134,#2601,#2602);
#2601=DIRECTION('',(-0.3544476963443758,0.9350758421412486,0));
#2602=DIRECTION('',(-0.9350758421412486,-0.3544476963443758,0));
#2603=FACE_BOUND('',#2604,.T.);
#2604=EDGE_LOOP('',(#2605,#2606,#2607));
#2605=ORIENTED_EDGE('',*,*,#2608,.T.);
#2606=ORIENTED_EDGE('',*,*,#2609,.T.);
#2607=ORIENTED_EDGE('',*,*,#2610,.T.);
#2608=EDGE_CURVE('',#135,#133,#2611,.F.);
#2609=EDGE_CURVE('',#133,#131,#2612,.T.);
#2610=EDGE_CURVE('',#131,#135,#2613,.T.);
#2611=LINE('',#134,#2614);
#2612=LINE('',#132,#2615);
#2613=LINE('',#130,#2616);
#2614=VECTOR('',#2617,1.0);
#2615=VECTOR('',#2618,1.0);
#2616=VECTOR('',#2619,1.0);
#2617=DIRECTION('',(-0.9350758421412486,-0.3544476963443758,0));
#2618=DIRECTION('',(0.05884513075874517,0.02230569981442227,0.9980178887884601));
#2619=DIRECTION('',(0,0,-1));
#2620=FACE_SURFACE('',(#2625),#2621,.T.);
#2621=PLANE('',#2622);
#2622=AXIS2_PLACEMENT_3D('',#130,#2623,#2624);
#2623=DIRECTION('',(-0.3544476963443758,0.9350758421412486,0));
#2624=DIRECTION('',(-0.05884513075874517,-0.02230569981442227,-0.9980178887884601));
#2625=FACE_BOUND('',#2626,.T.);
#2626=EDGE_LOOP('',(#2627,#2628,#2629));
#2627=ORIENTED_EDGE('',*,*,#2630,.T.);
#2628=ORIENTED_EDGE('',*,*,#2631,.T.);
#2629=ORIENTED_EDGE('',*,*,#2632,.T.);
#2630=EDGE_CURVE('',#131,#133,#2633,.F.);
#2631=EDGE_CURVE('',#133,#129,#2634,.T.);
#2632=EDGE_CURVE('',#129,#131,#2635,.T.);
#2633=LINE('',#130,#2636);
#2634=LINE('',#132,#2637);
#2635=LINE('',#128,#2638);
#2636=VECTOR('',#2639,1.0);
#2637=VECTOR('',#2640,1.0);
#2638=VECTOR('',#2641,1.0);
#2639=DIRECTION('',(-0.05884513075874517,-0.02230569981442227,-0.9980178887884601));
#2640=DIRECTION('',(0,0,1));
#2641=DIRECTION('',(0.9350758421412486,0.3544476963443758,0));
#2642=FACE_SURFACE('',(#2647),#2643,.T.);
#2643=PLANE('',#2644);
#2644=AXIS2_PLACEMENT_3D('',#128,#2645,#2646);
#2645=DIRECTION('',(-0.31284167962433784,0.949805287145646,0));
#2646=DIRECTION('',(0,0,-1));
#2647=FACE_BOUND('',#2648,.T.);
#2648=EDGE_LOOP('',(#2649,#2650,#2651));
#2649=ORIENTED_EDGE('',*,*,#2652,.T.);
#2650=ORIENTED_EDGE('',*,*,#2653,.T.);
#2651=ORIENTED_EDGE('',*,*,#2654,.T.);
#2652=EDGE_CURVE('',#129,#133,#2655,.F.);
#2653=EDGE_CURVE('',#133,#127,#2656,.T.);
#2654=EDGE_CURVE('',#127,#129,#2657,.T.);
#2655=LINE('',#128,#2658);
#2656=LINE('',#132,#2659);
#2657=LINE('',#126,#2660);
#2658=VECTOR('',#2661,1.0);
#2659=VECTOR('',#2662,1.0);
#2660=VECTOR('',#2663,1.0);
#2661=DIRECTION('',(0,0,-1));
#2662=DIRECTION('',(-0.059772075484550755,-0.019687399872677456,0.9980178882557779));
#2663=DIRECTION('',(0.949805287145646,0.3128416796243379,0));
#2664=FACE_SURFACE('',(#2669),#2665,.T.);
#2665=PLANE('',#2666);
#2666=AXIS2_PLACEMENT_3D('',#132,#2667,#2668);
#2667=DIRECTION('',(-0.31284167962433784,0.949805287145646,0));
#2668=DIRECTION('',(-0.949805287145646,-0.3128416796243379,0));
#2669=FACE_BOUND('',#2670,.T.);
#2670=EDGE_LOOP('',(#2671,#2672,#2673));
#2671=ORIENTED_EDGE('',*,*,#2674,.T.);
#2672=ORIENTED_EDGE('',*,*,#2675,.T.);
#2673=ORIENTED_EDGE('',*,*,#2676,.T.);
#2674=EDGE_CURVE('',#133,#137,#2677,.F.);
#2675=EDGE_CURVE('',#137,#127,#2678,.T.);
#2676=EDGE_CURVE('',#127,#133,#2679,.T.);
#2677=LINE('',#132,#2680);
#2678=LINE('',#136,#2681);
#2679=LINE('',#126,#2682);
#2680=VECTOR('',#2683,1.0);
#2681=VECTOR('',#2684,1.0);
#2682=VECTOR('',#2685,1.0);
#2683=DIRECTION('',(-0.949805287145646,-0.3128416796243379,0));
#2684=DIRECTION('',(0,0,1));
#2685=DIRECTION('',(0.059772075484550755,0.019687399872677456,-0.9980178882557779));
#2686=FACE_SURFACE('',(#2691),#2687,.T.);
#2687=PLANE('',#2688);
#2688=AXIS2_PLACEMENT_3D('',#126,#2689,#2690);
#2689=DIRECTION('',(-0.2706223937925267,0.9626855769034885,0));
#2690=DIRECTION('',(-0.060582750730861945,-0.017030533560144372,-0.9980178812228462));
#2691=FACE_BOUND('',#2692,.T.);
#2692=EDGE_LOOP('',(#2693,#2694,#2695));
#2693=ORIENTED_EDGE('',*,*,#2696,.T.);
#2694=ORIENTED_EDGE('',*,*,#2697,.T.);
#2695=ORIENTED_EDGE('',*,*,#2698,.T.);
#2696=EDGE_CURVE('',#127,#139,#2699,.F.);
#2697=EDGE_CURVE('',#139,#125,#2700,.T.);
#2698=EDGE_CURVE('',#125,#127,#2701,.T.);
#2699=LINE('',#126,#2702);
#2700=LINE('',#138,#2703);
#2701=LINE('',#124,#2704);
#2702=VECTOR('',#2705,1.0);
#2703=VECTOR('',#2706,1.0);
#2704=VECTOR('',#2707,1.0);
#2705=DIRECTION('',(-0.060582750730861945,-0.017030533560144372,-0.9980178812228462));
#2706=DIRECTION('',(0,0,1));
#2707=DIRECTION('',(0.9626855769034885,0.2706223937925267,0));
#2708=FACE_SURFACE('',(#2713),#2709,.T.);
#2709=PLANE('',#2710);
#2710=AXIS2_PLACEMENT_3D('',#124,#2711,#2712);
#2711=DIRECTION('',(-0.2278772924353093,0.9736898580104203,0));
#2712=DIRECTION('',(0,0,-1));
#2713=FACE_BOUND('',#2714,.T.);
#2714=EDGE_LOOP('',(#2715,#2716,#2717));
#2715=ORIENTED_EDGE('',*,*,#2718,.T.);
#2716=ORIENTED_EDGE('',*,*,#2719,.T.);
#2717=ORIENTED_EDGE('',*,*,#2720,.T.);
#2718=EDGE_CURVE('',#125,#139,#2721,.F.);
#2719=EDGE_CURVE('',#139,#119,#2722,.T.);
#2720=EDGE_CURVE('',#119,#125,#2723,.T.);
#2721=LINE('',#124,#2724);
#2722=LINE('',#138,#2725);
#2723=LINE('',#118,#2726);
#2724=VECTOR('',#2727,1.0);
#2725=VECTOR('',#2728,1.0);
#2726=VECTOR('',#2729,1.0);
#2727=DIRECTION('',(0,0,-1));
#2728=DIRECTION('',(-0.06127516167426127,-0.014340519027689267,0.9980178876532272));
#2729=DIRECTION('',(0.9736898580104204,0.22787729243530933,0));
#2730=FACE_SURFACE('',(#2735),#2731,.T.);
#2731=PLANE('',#2732);
#2732=AXIS2_PLACEMENT_3D('',#136,#2733,#2734);
#2733=DIRECTION('',(-0.2706223937925267,0.9626855769034885,0));
#2734=DIRECTION('',(-0.9626855769034885,-0.2706223937925267,0));
#2735=FACE_BOUND('',#2736,.T.);
#2736=EDGE_LOOP('',(#2737,#2738,#2739));
#2737=ORIENTED_EDGE('',*,*,#2740,.T.);
#2738=ORIENTED_EDGE('',*,*,#2741,.T.);
#2739=ORIENTED_EDGE('',*,*,#2742,.T.);
#2740=EDGE_CURVE('',#137,#139,#2743,.F.);
#2741=EDGE_CURVE('',#139,#127,#2744,.T.);
#2742=EDGE_CURVE('',#127,#137,#2745,.T.);
#2743=LINE('',#136,#2746);
#2744=LINE('',#138,#2747);
#2745=LINE('',#126,#2748);
#2746=VECTOR('',#2749,1.0);
#2747=VECTOR('',#2750,1.0);
#2748=VECTOR('',#2751,1.0);
#2749=DIRECTION('',(-0.9626855769034885,-0.2706223937925267,0));
#2750=DIRECTION('',(0.060582750730861945,0.017030533560144372,0.9980178812228462));
#2751=DIRECTION('',(0,0,-1));
#2752=FACE_SURFACE('',(#2757),#2753,.T.);
#2753=PLANE('',#2754);
#2754=AXIS2_PLACEMENT_3D('',#138,#2755,#2756);
#2755=DIRECTION('',(-0.2278772924353093,0.9736898580104203,0));
#2756=DIRECTION('',(-0.9736898580104204,-0.22787729243530933,0));
#2757=FACE_BOUND('',#2758,.T.);
#2758=EDGE_LOOP('',(#2759,#2760,#2761));
#2759=ORIENTED_EDGE('',*,*,#2762,.T.);
#2760=ORIENTED_EDGE('',*,*,#2763,.T.);
#2761=ORIENTED_EDGE('',*,*,#2764,.T.);
#2762=EDGE_CURVE('',#139,#141,#2765,.F.);
#2763=EDGE_CURVE('',#141,#119,#2766,.T.);
#2764=EDGE_CURVE('',#119,#139,#2767,.T.);
#2765=LINE('',#138,#2768);
#2766=LINE('',#140,#2769);
#2767=LINE('',#118,#2770);
#2768=VECTOR('',#2771,1.0);
#2769=VECTOR('',#2772,1.0);
#2770=VECTOR('',#2773,1.0);
#2771=DIRECTION('',(-0.9736898580104204,-0.22787729243530933,0));
#2772=DIRECTION('',(0,0,1));
#2773=DIRECTION('',(0.06127516167426127,0.014340519027689267,-0.9980178876532272));
#2774=FACE_SURFACE('',(#2779),#2775,.T.);
#2775=PLANE('',#2776);
#2776=AXIS2_PLACEMENT_3D('',#118,#2777,#2778);
#2777=DIRECTION('',(-0.18468985782362063,0.9827968540940141,0));
#2778=DIRECTION('',(-0.061848308946702034,-0.011622702431753068,-0.9980178853450554));
#2779=FACE_BOUND('',#2780,.T.);
#2780=EDGE_LOOP('',(#2781,#2782,#2783));
#2781=ORIENTED_EDGE('',*,*,#2784,.T.);
#2782=ORIENTED_EDGE('',*,*,#2785,.T.);
#2783=ORIENTED_EDGE('',*,*,#2786,.T.);
#2784=EDGE_CURVE('',#119,#143,#2787,.F.);
#2785=EDGE_CURVE('',#143,#117,#2788,.T.);
#2786=EDGE_CURVE('',#117,#119,#2789,.T.);
#2787=LINE('',#118,#2790);
#2788=LINE('',#142,#2791);
#2789=LINE('',#116,#2792);
#2790=VECTOR('',#2793,1.0);
#2791=VECTOR('',#2794,1.0);
#2792=VECTOR('',#2795,1.0);
#2793=DIRECTION('',(-0.061848308946702034,-0.011622702431753068,-0.9980178853450554));
#2794=DIRECTION('',(0,0,1));
#2795=DIRECTION('',(0.9827968540940141,0.1846898578236206,0));
#2796=FACE_SURFACE('',(#2801),#2797,.T.);
#2797=PLANE('',#2798);
#2798=AXIS2_PLACEMENT_3D('',#140,#2799,#2800);
#2799=DIRECTION('',(-0.18468985782362063,0.9827968540940141,0));
#2800=DIRECTION('',(-0.9827968540940141,-0.1846898578236206,0));
#2801=FACE_BOUND('',#2802,.T.);
#2802=EDGE_LOOP('',(#2803,#2804,#2805));
#2803=ORIENTED_EDGE('',*,*,#2806,.T.);
#2804=ORIENTED_EDGE('',*,*,#2807,.T.);
#2805=ORIENTED_EDGE('',*,*,#2808,.T.);
#2806=EDGE_CURVE('',#141,#143,#2809,.F.);
#2807=EDGE_CURVE('',#143,#119,#2810,.T.);
#2808=EDGE_CURVE('',#119,#141,#2811,.T.);
#2809=LINE('',#140,#2812);
#2810=LINE('',#142,#2813);
#2811=LINE('',#118,#2814);
#2812=VECTOR('',#2815,1.0);
#2813=VECTOR('',#2816,1.0);
#2814=VECTOR('',#2817,1.0);
#2815=DIRECTION('',(-0.9827968540940141,-0.1846898578236206,0));
#2816=DIRECTION('',(0.061848308946702034,0.011622702431753068,0.9980178853450554));
#2817=DIRECTION('',(0,0,-1));
#2818=FACE_SURFACE('',(#2823),#2819,.T.);
#2819=PLANE('',#2820);
#2820=AXIS2_PLACEMENT_3D('',#116,#2821,#2822);
#2821=DIRECTION('',(-0.14113890275838736,0.9899898030425153,0));
#2822=DIRECTION('',(-0.062300981291184894,-0.00888200273698277,-0.998017884487816));
#2823=FACE_BOUND('',#2824,.T.);
#2824=EDGE_LOOP('',(#2825,#2826,#2827));
#2825=ORIENTED_EDGE('',*,*,#2828,.T.);
#2826=ORIENTED_EDGE('',*,*,#2829,.T.);
#2827=ORIENTED_EDGE('',*,*,#2830,.T.);
#2828=EDGE_CURVE('',#117,#145,#2831,.F.);
#2829=EDGE_CURVE('',#145,#113,#2832,.T.);
#2830=EDGE_CURVE('',#113,#117,#2833,.T.);
#2831=LINE('',#116,#2834);
#2832=LINE('',#144,#2835);
#2833=LINE('',#112,#2836);
#2834=VECTOR('',#2837,1.0);
#2835=VECTOR('',#2838,1.0);
#2836=VECTOR('',#2839,1.0);
#2837=DIRECTION('',(-0.062300981291184894,-0.00888200273698277,-0.998017884487816));
#2838=DIRECTION('',(0,0,1));
#2839=DIRECTION('',(0.9899898030425154,0.14113890275838736,0));
#2840=FACE_SURFACE('',(#2845),#2841,.T.);
#2841=PLANE('',#2842);
#2842=AXIS2_PLACEMENT_3D('',#112,#2843,#2844);
#2843=DIRECTION('',(-0.09731395515496678,0.9952537335434101,0));
#2844=DIRECTION('',(0,0,-1));
#2845=FACE_BOUND('',#2846,.T.);
#2846=EDGE_LOOP('',(#2847,#2848,#2849));
#2847=ORIENTED_EDGE('',*,*,#2850,.T.);
#2848=ORIENTED_EDGE('',*,*,#2851,.T.);
#2849=ORIENTED_EDGE('',*,*,#2852,.T.);
#2850=EDGE_CURVE('',#113,#145,#2853,.F.);
#2851=EDGE_CURVE('',#145,#105,#2854,.T.);
#2852=EDGE_CURVE('',#105,#113,#2855,.T.);
#2853=LINE('',#112,#2856);
#2854=LINE('',#144,#2857);
#2855=LINE('',#104,#2858);
#2856=VECTOR('',#2859,1.0);
#2857=VECTOR('',#2860,1.0);
#2858=VECTOR('',#2861,1.0);
#2859=DIRECTION('',(0,0,-1));
#2860=DIRECTION('',(-0.06263218091104458,-0.006124051625242472,0.9980178885701486));
#2861=DIRECTION('',(0.9952537335434101,0.09731395515496678,0));
#2862=FACE_SURFACE('',(#2867),#2863,.T.);
#2863=PLANE('',#2864);
#2864=AXIS2_PLACEMENT_3D('',#142,#2865,#2866);
#2865=DIRECTION('',(-0.14113890275838736,0.9899898030425153,0));
#2866=DIRECTION('',(-0.9899898030425154,-0.14113890275838736,0));
#2867=FACE_BOUND('',#2868,.T.);
#2868=EDGE_LOOP('',(#2869,#2870,#2871));
#2869=ORIENTED_EDGE('',*,*,#2872,.T.);
#2870=ORIENTED_EDGE('',*,*,#2873,.T.);
#2871=ORIENTED_EDGE('',*,*,#2874,.T.);
#2872=EDGE_CURVE('',#143,#145,#2875,.F.);
#2873=EDGE_CURVE('',#145,#117,#2876,.T.);
#2874=EDGE_CURVE('',#117,#143,#2877,.T.);
#2875=LINE('',#142,#2878);
#2876=LINE('',#144,#2879);
#2877=LINE('',#116,#2880);
#2878=VECTOR('',#2881,1.0);
#2879=VECTOR('',#2882,1.0);
#2880=VECTOR('',#2883,1.0);
#2881=DIRECTION('',(-0.9899898030425154,-0.14113890275838736,0));
#2882=DIRECTION('',(0.062300981291184894,0.00888200273698277,0.998017884487816));
#2883=DIRECTION('',(0,0,-1));
#2884=FACE_SURFACE('',(#2889),#2885,.T.);
#2885=PLANE('',#2886);
#2886=AXIS2_PLACEMENT_3D('',#144,#2887,#2888);
#2887=DIRECTION('',(-0.09731395515496678,0.9952537335434101,0));
#2888=DIRECTION('',(-0.9952537335434101,-0.09731395515496678,0));
#2889=FACE_BOUND('',#2890,.T.);
#2890=EDGE_LOOP('',(#2891,#2892,#2893));
#2891=ORIENTED_EDGE('',*,*,#2894,.T.);
#2892=ORIENTED_EDGE('',*,*,#2895,.T.);
#2893=ORIENTED_EDGE('',*,*,#2896,.T.);
#2894=EDGE_CURVE('',#145,#147,#2897,.F.);
#2895=EDGE_CURVE('',#147,#105,#2898,.T.);
#2896=EDGE_CURVE('',#105,#145,#2899,.T.);
#2897=LINE('',#144,#2900);
#2898=LINE('',#146,#2901);
#2899=LINE('',#104,#2902);
#2900=VECTOR('',#2903,1.0);
#2901=VECTOR('',#2904,1.0);
#2902=VECTOR('',#2905,1.0);
#2903=DIRECTION('',(-0.9952537335434101,-0.09731395515496678,0));
#2904=DIRECTION('',(0,0,1));
#2905=DIRECTION('',(0.06263218091104458,0.006124051625242472,-0.9980178885701486));
#2906=FACE_SURFACE('',(#2911),#2907,.T.);
#2907=PLANE('',#2908);
#2908=AXIS2_PLACEMENT_3D('',#104,#2909,#2910);
#2909=DIRECTION('',(-0.053301891820065325,0.9985784437531195,0));
#2910=DIRECTION('',(-0.06284147923568023,-0.003354338108325148,-0.9980178840598632));
#2911=FACE_BOUND('',#2912,.T.);
#2912=EDGE_LOOP('',(#2913,#2914,#2915));
#2913=ORIENTED_EDGE('',*,*,#2916,.T.);
#2914=ORIENTED_EDGE('',*,*,#2917,.T.);
#2915=ORIENTED_EDGE('',*,*,#2918,.T.);
#2916=EDGE_CURVE('',#105,#149,#2919,.F.);
#2917=EDGE_CURVE('',#149,#103,#2920,.T.);
#2918=EDGE_CURVE('',#103,#105,#2921,.T.);
#2919=LINE('',#104,#2922);
#2920=LINE('',#148,#2923);
#2921=LINE('',#102,#2924);
#2922=VECTOR('',#2925,1.0);
#2923=VECTOR('',#2926,1.0);
#2924=VECTOR('',#2927,1.0);
#2925=DIRECTION('',(-0.06284147923568023,-0.003354338108325148,-0.9980178840598632));
#2926=DIRECTION('',(0,0,1));
#2927=DIRECTION('',(0.9985784437531195,0.053301891820065325,0));
#2928=FACE_SURFACE('',(#2933),#2929,.T.);
#2929=PLANE('',#2930);
#2930=AXIS2_PLACEMENT_3D('',#146,#2931,#2932);
#2931=DIRECTION('',(-0.053301891820065325,0.9985784437531195,0));
#2932=DIRECTION('',(-0.9985784437531195,-0.053301891820065325,0));
#2933=FACE_BOUND('',#2934,.T.);
#2934=EDGE_LOOP('',(#2935,#2936,#2937));
#2935=ORIENTED_EDGE('',*,*,#2938,.T.);
#2936=ORIENTED_EDGE('',*,*,#2939,.T.);
#2937=ORIENTED_EDGE('',*,*,#2940,.T.);
#2938=EDGE_CURVE('',#147,#149,#2941,.F.);
#2939=EDGE_CURVE('',#149,#105,#2942,.T.);
#2940=EDGE_CURVE('',#105,#147,#2943,.T.);
#2941=LINE('',#146,#2944);
#2942=LINE('',#148,#2945);
#2943=LINE('',#104,#2946);
#2944=VECTOR('',#2947,1.0);
#2945=VECTOR('',#2948,1.0);
#2946=VECTOR('',#2949,1.0);
#2947=DIRECTION('',(-0.9985784437531195,-0.053301891820065325,0));
#2948=DIRECTION('',(0.06284147923568023,0.003354338108325148,0.9980178840598632));
#2949=DIRECTION('',(0,0,-1));
#2950=FACE_SURFACE('',(#2955),#2951,.T.);
#2951=PLANE('',#2952);
#2952=AXIS2_PLACEMENT_3D('',#148,#2953,#2954);
#2953=DIRECTION('',(1,0,0));
#2954=DIRECTION('',(0,1,0));
#2955=FACE_BOUND('',#2956,.T.);
#2956=EDGE_LOOP('',(#2957,#2958,#2959));
#2957=ORIENTED_EDGE('',*,*,#2960,.T.);
#2958=ORIENTED_EDGE('',*,*,#2961,.T.);
#2959=ORIENTED_EDGE('',*,*,#2962,.T.);
#2960=EDGE_CURVE('',#149,#155,#2963,.F.);
#2961=EDGE_CURVE('',#155,#103,#2964,.T.);
#2962=EDGE_CURVE('',#103,#149,#2965,.T.);
#2963=LINE('',#148,#2966);
#2964=LINE('',#154,#2967);
#2965=LINE('',#102,#2968);
#2966=VECTOR('',#2969,1.0);
#2967=VECTOR('',#2970,1.0);
#2968=VECTOR('',#2971,1.0);
#2969=DIRECTION('',(0,1,0));
#2970=DIRECTION('',(0,-0.15456514930760934,0.9879825983384103));
#2971=DIRECTION('',(0,0,-1));
#2972=FACE_SURFACE('',(#2977),#2973,.T.);
#2973=PLANE('',#2974);
#2974=AXIS2_PLACEMENT_3D('',#102,#2975,#2976);
#2975=DIRECTION('',(1,-0,0));
#2976=DIRECTION('',(0,0.15456514930760934,-0.9879825983384103));
#2977=FACE_BOUND('',#2978,.T.);
#2978=EDGE_LOOP('',(#2979,#2980,#2981));
#2979=ORIENTED_EDGE('',*,*,#2982,.T.);
#2980=ORIENTED_EDGE('',*,*,#2983,.T.);
#2981=ORIENTED_EDGE('',*,*,#2984,.T.);
#2982=EDGE_CURVE('',#103,#155,#2985,.F.);
#2983=EDGE_CURVE('',#155,#115,#2986,.T.);
#2984=EDGE_CURVE('',#115,#103,#2987,.T.);
#2985=LINE('',#102,#2988);
#2986=LINE('',#154,#2989);
#2987=LINE('',#114,#2990);
#2988=VECTOR('',#2991,1.0);
#2989=VECTOR('',#2992,1.0);
#2990=VECTOR('',#2993,1.0);
#2991=DIRECTION('',(0,0.15456514930760934,-0.9879825983384103));
#2992=DIRECTION('',(0,0,1));
#2993=DIRECTION('',(0,-1,0));
#2994=FACE_SURFACE('',(#2999),#2995,.T.);
#2995=PLANE('',#2996);
#2996=AXIS2_PLACEMENT_3D('',#154,#2997,#2998);
#2997=DIRECTION('',(0.4157589005344455,-0.9094748686062685,0));
#2998=DIRECTION('',(0.9094748686062684,0.4157589005344454,0));
#2999=FACE_BOUND('',#3000,.T.);
#3000=EDGE_LOOP('',(#3001,#3002,#3003));
#3001=ORIENTED_EDGE('',*,*,#3004,.T.);
#3002=ORIENTED_EDGE('',*,*,#3005,.T.);
#3003=ORIENTED_EDGE('',*,*,#3006,.T.);
#3004=EDGE_CURVE('',#155,#159,#3007,.F.);
#3005=EDGE_CURVE('',#159,#115,#3008,.T.);
#3006=EDGE_CURVE('',#115,#155,#3009,.T.);
#3007=LINE('',#154,#3010);
#3008=LINE('',#158,#3011);
#3009=LINE('',#114,#3012);
#3010=VECTOR('',#3013,1.0);
#3011=VECTOR('',#3014,1.0);
#3012=VECTOR('',#3015,1.0);
#3013=DIRECTION('',(0.9094748686062684,0.4157589005344454,0));
#3014=DIRECTION('',(-0.06235294028159351,-0.028504130011082502,0.9976470445054961));
#3015=DIRECTION('',(0,0,-1));
#3016=FACE_SURFACE('',(#3021),#3017,.T.);
#3017=PLANE('',#3018);
#3018=AXIS2_PLACEMENT_3D('',#114,#3019,#3020);
#3019=DIRECTION('',(0.4157589005344455,-0.9094748686062685,0));
#3020=DIRECTION('',(0.06235294028159351,0.028504130011082502,-0.9976470445054961));
#3021=FACE_BOUND('',#3022,.T.);
#3022=EDGE_LOOP('',(#3023,#3024,#3025));
#3023=ORIENTED_EDGE('',*,*,#3026,.T.);
#3024=ORIENTED_EDGE('',*,*,#3027,.T.);
#3025=ORIENTED_EDGE('',*,*,#3028,.T.);
#3026=EDGE_CURVE('',#115,#159,#3029,.F.);
#3027=EDGE_CURVE('',#159,#123,#3030,.T.);
#3028=EDGE_CURVE('',#123,#115,#3031,.T.);
#3029=LINE('',#114,#3032);
#3030=LINE('',#158,#3033);
#3031=LINE('',#122,#3034);
#3032=VECTOR('',#3035,1.0);
#3033=VECTOR('',#3036,1.0);
#3034=VECTOR('',#3037,1.0);
#3035=DIRECTION('',(0.06235294028159351,0.028504130011082502,-0.9976470445054961));
#3036=DIRECTION('',(0,0,1));
#3037=DIRECTION('',(-0.9094748686062684,-0.4157589005344454,0));
#3038=FACE_SURFACE('',(#3043),#3039,.T.);
#3039=PLANE('',#3040);
#3040=AXIS2_PLACEMENT_3D('',#158,#3041,#3042);
#3041=DIRECTION('',(1,0,0));
#3042=DIRECTION('',(0,1,0));
#3043=FACE_BOUND('',#3044,.T.);
#3044=EDGE_LOOP('',(#3045,#3046,#3047));
#3045=ORIENTED_EDGE('',*,*,#3048,.T.);
#3046=ORIENTED_EDGE('',*,*,#3049,.T.);
#3047=ORIENTED_EDGE('',*,*,#3050,.T.);
#3048=EDGE_CURVE('',#159,#157,#3051,.F.);
#3049=EDGE_CURVE('',#157,#121,#3052,.T.);
#3050=EDGE_CURVE('',#121,#159,#3053,.T.);
#3051=LINE('',#158,#3054);
#3052=LINE('',#156,#3055);
#3053=LINE('',#120,#3056);
#3054=VECTOR('',#3057,1.0);
#3055=VECTOR('',#3058,1.0);
#3056=VECTOR('',#3059,1.0);
#3057=DIRECTION('',(0,1,0));
#3058=DIRECTION('',(0,0,1));
#3059=DIRECTION('',(0,-0.042817909624414716,-0.9990828927648573));
#3060=FACE_SURFACE('',(#3065),#3061,.T.);
#3061=PLANE('',#3062);
#3062=AXIS2_PLACEMENT_3D('',#158,#3063,#3064);
#3063=DIRECTION('',(1,0,0));
#3064=DIRECTION('',(0,0.042817909624414716,0.9990828927648573));
#3065=FACE_BOUND('',#3066,.T.);
#3066=EDGE_LOOP('',(#3067,#3068,#3069));
#3067=ORIENTED_EDGE('',*,*,#3070,.T.);
#3068=ORIENTED_EDGE('',*,*,#3071,.T.);
#3069=ORIENTED_EDGE('',*,*,#3072,.T.);
#3070=EDGE_CURVE('',#159,#121,#3073,.F.);
#3071=EDGE_CURVE('',#121,#123,#3074,.T.);
#3072=EDGE_CURVE('',#123,#159,#3075,.T.);
#3073=LINE('',#158,#3076);
#3074=LINE('',#120,#3077);
#3075=LINE('',#122,#3078);
#3076=VECTOR('',#3079,1.0);
#3077=VECTOR('',#3080,1.0);
#3078=VECTOR('',#3081,1.0);
#3079=DIRECTION('',(0,0.042817909624414716,0.9990828927648573));
#3080=DIRECTION('',(0,-1,0));
#3081=DIRECTION('',(0,0,-1));
#3082=FACE_SURFACE('',(#3087),#3083,.T.);
#3083=PLANE('',#3084);
#3084=AXIS2_PLACEMENT_3D('',#156,#3085,#3086);
#3085=DIRECTION('',(0,1,0));
#3086=DIRECTION('',(-1,0,0));
#3087=FACE_BOUND('',#3088,.T.);
#3088=EDGE_LOOP('',(#3089,#3090,#3091));
#3089=ORIENTED_EDGE('',*,*,#3092,.T.);
#3090=ORIENTED_EDGE('',*,*,#3093,.T.);
#3091=ORIENTED_EDGE('',*,*,#3094,.T.);
#3092=EDGE_CURVE('',#157,#169,#3095,.F.);
#3093=EDGE_CURVE('',#169,#107,#3096,.T.);
#3094=EDGE_CURVE('',#107,#157,#3097,.T.);
#3095=LINE('',#156,#3098);
#3096=LINE('',#168,#3099);
#3097=LINE('',#106,#3100);
#3098=VECTOR('',#3101,1.0);
#3099=VECTOR('',#3102,1.0);
#3100=VECTOR('',#3103,1.0);
#3101=DIRECTION('',(-1,0,0));
#3102=DIRECTION('',(0,0,1));
#3103=DIRECTION('',(0.20952908873087345,0,-0.9778024140774094));
#3104=FACE_SURFACE('',(#3109),#3105,.T.);
#3105=PLANE('',#3106);
#3106=AXIS2_PLACEMENT_3D('',#156,#3107,#3108);
#3107=DIRECTION('',(0,1,-0));
#3108=DIRECTION('',(-0.20952908873087345,0,0.9778024140774094));
#3109=FACE_BOUND('',#3110,.T.);
#3110=EDGE_LOOP('',(#3111,#3112,#3113));
#3111=ORIENTED_EDGE('',*,*,#3114,.T.);
#3112=ORIENTED_EDGE('',*,*,#3115,.T.);
#3113=ORIENTED_EDGE('',*,*,#3116,.T.);
#3114=EDGE_CURVE('',#157,#107,#3117,.F.);
#3115=EDGE_CURVE('',#107,#121,#3118,.T.);
#3116=EDGE_CURVE('',#121,#157,#3119,.T.);
#3117=LINE('',#156,#3120);
#3118=LINE('',#106,#3121);
#3119=LINE('',#120,#3122);
#3120=VECTOR('',#3123,1.0);
#3121=VECTOR('',#3124,1.0);
#3122=VECTOR('',#3125,1.0);
#3123=DIRECTION('',(-0.20952908873087345,0,0.9778024140774094));
#3124=DIRECTION('',(1,0,0));
#3125=DIRECTION('',(0,0,-1));
#3126=FACE_SURFACE('',(#3131),#3127,.T.);
#3127=PLANE('',#3128);
#3128=AXIS2_PLACEMENT_3D('',#170,#3129,#3130);
#3129=DIRECTION('',(-1,0,0));
#3130=DIRECTION('',(0,0,1));
#3131=FACE_BOUND('',#3132,.T.);
#3132=EDGE_LOOP('',(#3133,#3134,#3135));
#3133=ORIENTED_EDGE('',*,*,#3136,.T.);
#3134=ORIENTED_EDGE('',*,*,#3137,.T.);
#3135=ORIENTED_EDGE('',*,*,#3138,.T.);
#3136=EDGE_CURVE('',#171,#109,#3139,.F.);
#3137=EDGE_CURVE('',#109,#107,#3140,.T.);
#3138=EDGE_CURVE('',#107,#171,#3141,.T.);
#3139=LINE('',#170,#3142);
#3140=LINE('',#108,#3143);
#3141=LINE('',#106,#3144);
#3142=VECTOR('',#3145,1.0);
#3143=VECTOR('',#3146,1.0);
#3144=VECTOR('',#3147,1.0);
#3145=DIRECTION('',(0,0,1));
#3146=DIRECTION('',(0,1,0));
#3147=DIRECTION('',(0,-0.042817909624414716,-0.9990828927648573));
#3148=FACE_SURFACE('',(#3153),#3149,.T.);
#3149=PLANE('',#3150);
#3150=AXIS2_PLACEMENT_3D('',#168,#3151,#3152);
#3151=DIRECTION('',(-1,0,0));
#3152=DIRECTION('',(0,-1,0));
#3153=FACE_BOUND('',#3154,.T.);
#3154=EDGE_LOOP('',(#3155,#3156,#3157));
#3155=ORIENTED_EDGE('',*,*,#3158,.T.);
#3156=ORIENTED_EDGE('',*,*,#3159,.T.);
#3157=ORIENTED_EDGE('',*,*,#3160,.T.);
#3158=EDGE_CURVE('',#169,#171,#3161,.F.);
#3159=EDGE_CURVE('',#171,#107,#3162,.T.);
#3160=EDGE_CURVE('',#107,#169,#3163,.T.);
#3161=LINE('',#168,#3164);
#3162=LINE('',#170,#3165);
#3163=LINE('',#106,#3166);
#3164=VECTOR('',#3167,1.0);
#3165=VECTOR('',#3168,1.0);
#3166=VECTOR('',#3169,1.0);
#3167=DIRECTION('',(0,-1,0));
#3168=DIRECTION('',(0,0.042817909624414716,0.9990828927648573));
#3169=DIRECTION('',(0,0,-1));
#3170=FACE_SURFACE('',(#3175),#3171,.T.);
#3171=PLANE('',#3172);
#3172=AXIS2_PLACEMENT_3D('',#170,#3173,#3174);
#3173=DIRECTION('',(-0.4157589005344455,-0.9094748686062685,0));
#3174=DIRECTION('',(0.9094748686062684,-0.4157589005344454,0));
#3175=FACE_BOUND('',#3176,.T.);
#3176=EDGE_LOOP('',(#3177,#3178,#3179));
#3177=ORIENTED_EDGE('',*,*,#3180,.T.);
#3178=ORIENTED_EDGE('',*,*,#3181,.T.);
#3179=ORIENTED_EDGE('',*,*,#3182,.T.);
#3180=EDGE_CURVE('',#171,#163,#3183,.F.);
#3181=EDGE_CURVE('',#163,#109,#3184,.T.);
#3182=EDGE_CURVE('',#109,#171,#3185,.T.);
#3183=LINE('',#170,#3186);
#3184=LINE('',#162,#3187);
#3185=LINE('',#108,#3188);
#3186=VECTOR('',#3189,1.0);
#3187=VECTOR('',#3190,1.0);
#3188=VECTOR('',#3191,1.0);
#3189=DIRECTION('',(0.9094748686062684,-0.4157589005344454,0));
#3190=DIRECTION('',(-0.06235294028159351,0.028504130011082502,0.9976470445054961));
#3191=DIRECTION('',(0,0,-1));
#3192=FACE_SURFACE('',(#3197),#3193,.T.);
#3193=PLANE('',#3194);
#3194=AXIS2_PLACEMENT_3D('',#108,#3195,#3196);
#3195=DIRECTION('',(-0.4157589005344455,-0.9094748686062685,0));
#3196=DIRECTION('',(0.06235294028159351,-0.028504130011082502,-0.9976470445054961));
#3197=FACE_BOUND('',#3198,.T.);
#3198=EDGE_LOOP('',(#3199,#3200,#3201));
#3199=ORIENTED_EDGE('',*,*,#3202,.T.);
#3200=ORIENTED_EDGE('',*,*,#3203,.T.);
#3201=ORIENTED_EDGE('',*,*,#3204,.T.);
#3202=EDGE_CURVE('',#109,#163,#3205,.F.);
#3203=EDGE_CURVE('',#163,#111,#3206,.T.);
#3204=EDGE_CURVE('',#111,#109,#3207,.T.);
#3205=LINE('',#108,#3208);
#3206=LINE('',#162,#3209);
#3207=LINE('',#110,#3210);
#3208=VECTOR('',#3211,1.0);
#3209=VECTOR('',#3212,1.0);
#3210=VECTOR('',#3213,1.0);
#3211=DIRECTION('',(0.06235294028159351,-0.028504130011082502,-0.9976470445054961));
#3212=DIRECTION('',(0,0,1));
#3213=DIRECTION('',(-0.9094748686062684,0.4157589005344454,0));
#3214=FACE_SURFACE('',(#3219),#3215,.T.);
#3215=PLANE('',#3216);
#3216=AXIS2_PLACEMENT_3D('',#162,#3217,#3218);
#3217=DIRECTION('',(-1,0,0));
#3218=DIRECTION('',(0,-1,0));
#3219=FACE_BOUND('',#3220,.T.);
#3220=EDGE_LOOP('',(#3221,#3222,#3223));
#3221=ORIENTED_EDGE('',*,*,#3224,.T.);
#3222=ORIENTED_EDGE('',*,*,#3225,.T.);
#3223=ORIENTED_EDGE('',*,*,#3226,.T.);
#3224=EDGE_CURVE('',#163,#151,#3227,.F.);
#3225=EDGE_CURVE('',#151,#101,#3228,.T.);
#3226=EDGE_CURVE('',#101,#163,#3229,.T.);
#3227=LINE('',#162,#3230);
#3228=LINE('',#150,#3231);
#3229=LINE('',#100,#3232);
#3230=VECTOR('',#3233,1.0);
#3231=VECTOR('',#3234,1.0);
#3232=VECTOR('',#3235,1.0);
#3233=DIRECTION('',(0,-1,0));
#3234=DIRECTION('',(0,0,1));
#3235=DIRECTION('',(0,0.15456514930760934,-0.9879825983384103));
#3236=FACE_SURFACE('',(#3241),#3237,.T.);
#3237=PLANE('',#3238);
#3238=AXIS2_PLACEMENT_3D('',#162,#3239,#3240);
#3239=DIRECTION('',(-1,0,0));
#3240=DIRECTION('',(0,-0.15456514930760934,0.9879825983384103));
#3241=FACE_BOUND('',#3242,.T.);
#3242=EDGE_LOOP('',(#3243,#3244,#3245));
#3243=ORIENTED_EDGE('',*,*,#3246,.T.);
#3244=ORIENTED_EDGE('',*,*,#3247,.T.);
#3245=ORIENTED_EDGE('',*,*,#3248,.T.);
#3246=EDGE_CURVE('',#163,#101,#3249,.F.);
#3247=EDGE_CURVE('',#101,#111,#3250,.T.);
#3248=EDGE_CURVE('',#111,#163,#3251,.T.);
#3249=LINE('',#162,#3252);
#3250=LINE('',#100,#3253);
#3251=LINE('',#110,#3254);
#3252=VECTOR('',#3255,1.0);
#3253=VECTOR('',#3256,1.0);
#3254=VECTOR('',#3257,1.0);
#3255=DIRECTION('',(0,-0.15456514930760934,0.9879825983384103));
#3256=DIRECTION('',(0,1,0));
#3257=DIRECTION('',(0,0,-1));
ENDSEC;
END-ISO-10303-21;
