# Created by FreeCAD <https://www.freecad.org>
v 120.000000 20.824081 1.039287
v 120.000000 20.850000 0.000000
v 109.574028 20.696514 0.000000
v 120.000000 20.824081 -1.039287
v 18.516935 6.037137 0.604107
v 9.858468 3.369612 0.000000
v 9.858468 3.352868 0.335505
v 18.516935 6.067286 0.000000
v 18.516935 5.946987 1.202209
v 9.858468 3.302801 0.667676
v 18.516935 5.797734 1.788364
v 9.858468 3.219910 0.993211
v 18.516935 5.590860 2.356745
v 9.858468 3.105017 1.308875
v 18.516935 5.328422 2.901704
v 9.858468 2.959266 1.611530
v 18.516935 5.013027 3.417824
v 9.858468 2.784104 1.898170
v 18.516935 4.647811 3.899976
v 9.858468 2.581273 2.165945
v 9.858468 2.352787 2.412194
v 18.516935 4.236403 4.343369
v 18.516935 3.782891 4.743596
v 9.858468 2.100919 2.634469
v 18.516935 3.291784 5.096678
v 9.858468 1.828170 2.830561
v 29.950144 9.217509 0.922351
v 29.950144 9.263542 0.000000
v 18.516935 2.767961 5.399107
v 9.858468 1.537253 2.998523
v 9.858468 1.231058 3.136683
v 29.950144 9.079869 1.835535
v 18.516935 2.216629 5.647878
v 29.950144 8.851989 2.730477
v 18.516935 1.643267 5.840517
v 9.858468 0.912627 3.243670
v 9.858468 0.585127 3.318420
v 29.950144 8.536134 3.598282
v 18.516935 1.053573 5.975111
v 29.950144 8.135443 4.430326
v 18.516935 0.453409 6.050321
v 9.858468 0.251811 3.360190
v 9.858468 -0.084007 3.368565
v 29.950144 7.653898 5.218339
v 18.516935 -0.151262 6.065401
v 29.950144 7.096285 5.954490
v 18.516935 -0.754429 6.020199
v 9.858468 -0.418990 3.343461
v 29.950144 6.468146 6.631463
v 18.516935 -1.350098 5.915167
v 9.858468 -0.749809 3.285129
v 9.858468 -1.073177 3.194147
v 29.950144 5.775724 7.242529
v 18.516935 -1.932350 5.751347
v 29.950144 5.025900 7.781616
v 18.516935 -2.495397 5.530367
v 9.858468 -1.385878 3.071421
v 41.490562 12.018084 1.202591
v 41.490562 12.078103 0.000000
v 29.950144 4.226127 8.243365
v 18.516935 -3.033643 5.254424
v 9.858468 -1.684806 2.918170
v 9.858468 -1.966990 2.735916
v 41.490562 11.838624 2.393229
v 29.950144 3.384352 8.623188
v 18.516935 -3.541740 4.926260
v 41.490562 11.541507 3.560083
v 29.950144 2.508942 8.917311
v 18.516935 -4.014637 4.549137
v 9.858468 -2.229625 2.526472
v 41.490562 11.129684 4.691556
v 29.950144 1.608597 9.122808
v 18.516935 -4.447636 4.126803
v 9.858468 -2.470100 2.291918
v 9.858468 -2.686027 2.034587
v 41.490562 10.607250 5.776401
v 29.950144 0.692265 9.237639
v 18.516935 -4.836431 3.663454
v 41.490562 9.979397 6.803838
v 29.950144 -0.230947 9.260663
v 18.516935 -5.177160 3.163697
v 9.858468 -2.875259 1.757034
v 41.490562 9.252363 7.763655
v 29.950144 -1.151863 9.191649
v 18.516935 -5.466436 2.632497
v 9.858468 -3.035916 1.462020
v 9.858468 -3.166399 1.152475
v 41.490562 8.433376 8.646314
v 29.950144 -2.061332 9.031286
v 18.516935 -5.701384 2.075134
v 9.858468 -3.265414 0.831477
v 41.490562 7.530574 9.443041
v 29.950144 -2.950315 8.781165
v 18.516935 -5.879669 1.497148
v 41.490562 6.552929 10.145920
v 29.950144 -3.809975 8.443773
v 18.516935 -5.999520 0.904282
v 9.858468 -3.331976 0.502215
v 9.858468 -3.365423 0.167961
v 53.125332 14.435019 1.444442
v 53.125332 14.507109 0.000000
v 41.490562 5.510159 10.747963
v 29.950144 -4.631771 8.022463
v 18.516935 -6.059744 0.302429
v 9.858468 -3.365423 -0.167961
v 53.125332 14.219469 2.874528
v 41.490562 4.412626 11.243189
v 29.950144 -5.407534 7.521422
v 18.516935 -6.059744 -0.302429
v 53.125332 13.862598 4.276045
v 41.490562 3.271239 11.626675
v 29.950144 -6.129555 6.945630
v 18.516935 -5.999520 -0.904282
v 9.858468 -3.331976 -0.502215
v 9.858468 -3.265414 -0.831477
v 53.125332 13.367955 5.635066
v 41.490562 2.097341 11.894609
v 29.950144 -6.790657 6.300809
v 18.516935 -5.879669 -1.497148
v 9.858468 -3.166399 -1.152475
v 53.125332 12.740456 6.938082
v 41.490562 0.902598 12.044330
v 29.950144 -7.384271 5.593368
v 18.516935 -5.701384 -2.075134
v 9.858468 -3.035916 -1.462020
v 53.125332 11.986336 8.172145
v 41.490562 -0.301115 12.074348
v 29.950144 -7.904496 4.830337
v 18.516935 -5.466436 -2.632497
v 53.125332 11.113090 9.324989
v 41.490562 -1.501836 11.984367
v 29.950144 -8.346163 4.019300
v 18.516935 -5.177160 -3.163697
v 9.858468 -2.875259 -1.757034
v 53.125332 10.129397 10.385159
v 41.490562 -2.687631 11.775280
v 29.950144 -8.704883 3.168318
v 18.516935 -4.836431 -3.663454
v 9.858468 -2.686027 -2.034587
v 9.858468 -2.470100 -2.291918
v 53.125332 9.045034 11.342114
v 41.490562 -3.846714 11.449164
v 29.950144 -8.977088 2.285848
v 18.516935 -4.447636 -4.126803
v 53.125332 7.870778 12.186347
v 41.490562 -4.967568 11.009261
v 29.950144 -9.160076 1.380659
v 18.516935 -4.014637 -4.549137
v 9.858468 -2.229625 -2.526472
v 53.125332 6.618298 12.909467
v 41.490562 -6.039052 10.459944
v 64.841560 16.464933 1.647565
v 64.841560 16.547159 0.000000
v 76.626213 18.195290 0.000000
v 29.950144 -9.252027 0.461749
v 18.516935 -3.541740 -4.926260
v 9.858468 -1.966990 -2.735916
v 9.858468 -1.684806 -2.918170
v 53.125332 5.300042 13.504287
v 41.490562 -7.050516 9.806671
v 64.841560 16.219070 3.278756
v 29.950144 -9.252027 -0.461749
v 18.516935 -3.033643 -5.254424
v 9.858468 -1.385878 -3.071421
v 53.125332 3.929112 13.964894
v 41.490562 -7.991910 9.055935
v 64.841560 15.812016 4.877361
v 29.950144 -9.160076 -1.380659
v 18.516935 -2.495397 -5.530367
v 9.858468 -1.073177 -3.194147
v 53.125332 2.519133 14.286713
v 41.490562 -8.853876 8.215197
v 64.841560 15.247814 6.427493
v 29.950144 -8.977088 -2.285848
v 18.516935 -1.932350 -5.751347
v 53.125332 1.084118 14.466544
v 41.490562 -9.627849 7.292812
v 64.841560 14.532073 7.913745
v 29.950144 -8.704883 -3.168318
v 18.516935 -1.350098 -5.915167
v 9.858468 -0.749809 -3.285129
v 53.125332 -0.361672 14.502600
v 41.490562 -10.306135 6.297948
v 64.841560 13.671905 9.321347
v 29.950144 -8.346163 -4.019300
v 18.516935 -0.754429 -6.020199
v 9.858468 -0.418990 -3.343461
v 9.858468 -0.084007 -3.368565
v 53.125332 -1.803868 14.394522
v 41.490562 -10.881994 5.240492
v 64.841560 12.675859 10.636310
v 29.950144 -7.904496 -4.830337
v 18.516935 -0.151262 -6.065401
v 53.125332 -3.228135 14.143385
v 41.490562 -11.349704 4.130954
v 64.841560 11.553836 11.845563
v 29.950144 -7.384271 -5.593368
v 18.516935 0.453409 -6.050321
v 9.858468 0.251811 -3.360190
v 9.858468 0.585127 -3.318420
v 53.125332 -4.620320 13.751685
v 41.490562 -11.704616 2.980361
v 64.841560 10.316985 12.937090
v 29.950144 -6.790657 -6.300809
v 18.516935 1.053573 -5.975111
v 53.125332 -5.966587 13.223314
v 41.490562 -11.943200 1.800148
v 64.841560 8.977600 13.900043
v 29.950144 -6.129555 -6.945630
v 18.516935 1.643267 -5.840517
v 9.858468 0.912627 -3.243670
v 53.125332 -7.253554 12.563524
v 41.490562 -12.063088 0.602044
v 64.841560 7.548991 14.724851
v 29.950144 -5.407534 -7.521422
v 76.626213 18.104872 1.811666
v 18.516935 2.216629 -5.647878
v 9.858468 1.231058 -3.136683
v 53.125332 -8.468432 11.778872
v 41.490562 -12.063088 -0.602044
v 64.841560 6.045356 15.403316
v 29.950144 -4.631771 -8.022463
v 76.626213 17.834522 3.605326
v 18.516935 2.767961 -5.399107
v 9.858468 1.537253 -2.998523
v 9.858468 1.828170 -2.830561
v 53.125332 -9.599148 10.877157
v 41.490562 -11.943200 -1.800148
v 64.841560 4.481640 15.928697
v 29.950144 -3.809975 -8.443773
v 76.626213 17.386923 5.363155
v 18.516935 3.291784 -5.096678
v 53.125332 -10.634463 9.867340
v 41.490562 -11.704616 -2.980361
v 64.841560 2.873384 16.295771
v 29.950144 -2.950315 -8.781165
v 76.626213 16.766525 7.067683
v 18.516935 3.782891 -4.743596
v 9.858468 2.100919 -2.634469
v 53.125332 -11.564088 8.759456
v 41.490562 -11.349704 -4.130954
v 64.841560 1.236571 16.500891
v 29.950144 -2.061332 -9.031286
v 76.626213 15.979495 8.701969
v 18.516935 4.236403 -4.343369
v 9.858468 2.352787 -2.412194
v 9.858468 2.581273 -2.165945
v 53.125332 -12.378783 7.564517
v 41.490562 -10.881994 -5.240492
v 64.841560 -0.412532 16.542017
v 29.950144 -1.151863 -9.191649
v 76.626213 15.033653 10.249771
v 18.516935 4.647811 -3.899976
v 53.125332 -13.070453 6.294398
v 41.490562 -10.306135 -6.297948
v 64.841560 -2.057535 16.418741
v 29.950144 -0.230947 -9.260663
v 76.626213 13.938400 11.695706
v 18.516935 5.013027 -3.417824
v 9.858468 2.784104 -1.898170
v 9.858468 2.959266 -1.611530
v 53.125332 -13.632223 4.961723
v 41.490562 -9.627849 -7.292812
v 64.841560 -3.682089 16.132288
v 29.950144 0.692265 -9.237639
v 76.626213 12.704620 13.025404
v 18.516935 5.328422 -2.901704
v 53.125332 -14.058510 3.579736
v 41.490562 -8.853876 -8.215197
v 64.841560 -5.270050 15.685505
v 29.950144 1.608597 -9.122808
v 76.626213 11.344577 14.225650
v 18.516935 5.590860 -2.356745
v 9.858468 3.105017 -1.308875
v 53.125332 -14.345077 2.162172
v 41.490562 -7.991910 -9.055935
v 64.841560 -6.805634 15.082833
v 29.950144 2.508942 -8.917311
v 76.626213 9.871786 15.284514
v 18.516935 5.797734 -1.788364
v 9.858468 3.219910 -0.993211
v 9.858468 3.302801 -0.667676
v 53.125332 -14.489075 0.723120
v 41.490562 -7.050516 -9.806671
v 64.841560 -8.273580 14.330260
v 29.950144 3.384352 -8.623188
v 76.626213 8.300884 16.191475
v 18.516935 5.946987 -1.202209
v 88.466118 19.352320 1.936492
v 88.466118 19.448965 0.000000
v 53.125332 -14.489075 -0.723120
v 41.490562 -6.039052 -10.459944
v 64.841560 -9.659300 13.435267
v 29.950144 4.226127 -8.243365
v 76.626213 6.647485 16.937517
v 18.516935 6.037137 -0.604107
v 9.858468 3.352868 -0.335505
v 88.466118 19.063341 3.853738
v 53.125332 -14.345077 -2.162172
v 41.490562 -4.967568 -11.009261
v 64.841560 -10.949021 12.406749
v 29.950144 5.025900 -7.781616
v 76.626213 4.928020 17.515226
v 88.466118 18.584904 5.732683
v 53.125332 -14.058510 -3.579736
v 41.490562 -3.846714 -11.449164
v 64.841560 -12.129927 11.254927
v 29.950144 5.775724 -7.242529
v 76.626213 3.159579 17.918861
v 88.466118 17.921759 7.554655
v 53.125332 -13.632223 -4.961723
v 41.490562 -2.687631 -11.775280
v 64.841560 -13.190279 9.991248
v 29.950144 6.468146 -6.631463
v 76.626213 1.359736 18.144411
v 88.466118 17.080502 9.301545
v 53.125332 -13.070453 -6.294398
v 41.490562 -1.501836 -11.984367
v 64.841560 -14.119540 8.628271
v 29.950144 7.096285 -5.954490
v 76.626213 -0.453621 18.189634
v 88.466118 16.069490 10.955993
v 53.125332 -12.378783 -7.564517
v 41.490562 -0.301115 -12.074348
v 64.841560 -14.908476 7.179543
v 29.950144 7.653898 -5.218339
v 76.626213 -2.262470 18.054079
v 88.466118 14.898772 12.501554
v 53.125332 -11.564088 -8.759456
v 41.490562 0.902598 -12.044330
v 64.841560 -15.549244 5.659462
v 29.950144 8.135443 -4.430326
v 76.626213 -4.048833 17.739096
v 88.466118 13.579984 13.922870
v 53.125332 -10.634463 -9.867340
v 41.490562 2.097341 -11.894609
v 64.841560 -16.035477 4.083134
v 29.950144 8.536134 -3.598282
v 76.626213 -5.794957 17.247812
v 88.466118 12.126232 15.205813
v 53.125332 -9.599148 -10.877157
v 41.490562 3.271239 -11.626675
v 64.841560 -16.362341 2.466226
v 29.950144 8.851989 -2.730477
v 76.626213 -7.483488 16.585112
v 88.466118 10.551964 16.337635
v 53.125332 -8.468432 -11.778872
v 41.490562 4.412626 -11.243189
v 64.841560 -16.526590 0.824808
v 29.950144 9.079869 -1.835535
v 76.626213 -9.097645 15.757583
v 88.466118 8.872826 17.307087
v 100.348061 20.205204 2.021836
v 100.348061 20.306110 0.000000
v 53.125332 -7.253554 -12.563524
v 41.490562 5.510159 -10.747963
v 64.841560 -16.526590 -0.824808
v 29.950144 9.217509 -0.922351
v 76.626213 -10.621385 14.773446
v 88.466118 7.105505 18.104532
v 100.348061 19.903490 4.023578
v 53.125332 -5.966587 -13.223314
v 41.490562 6.552929 -10.145920
v 64.841560 -16.362341 -2.466226
v 76.626213 -12.039565 13.642486
v 88.466118 5.267567 18.722046
v 100.348061 19.403967 5.985331
v 53.125332 -4.620320 -13.751685
v 41.490562 7.530574 -9.443041
v 64.841560 -16.035477 -4.083134
v 76.626213 -13.338091 12.375939
v 88.466118 3.377277 19.153492
v 100.348061 18.711597 7.887600
v 53.125332 -3.228135 -14.143385
v 41.490562 8.433376 -8.646314
v 64.841560 -15.549244 -5.659462
v 76.626213 -14.504056 10.986396
v 88.466118 1.453423 19.394583
v 100.348061 17.833263 9.711478
v 53.125332 -1.803868 -14.394522
v 41.490562 9.252363 -7.763655
v 64.841560 -14.908476 -7.179543
v 76.626213 -15.525874 9.487664
v 88.466118 -0.484876 19.442921
v 100.348061 16.777697 11.438839
v 53.125332 -0.361672 -14.502600
v 41.490562 9.979397 -6.803838
v 64.841560 -14.119540 -8.628271
v 76.626213 -16.393389 7.894640
v 88.466118 -2.418356 19.298027
v 100.348061 15.555383 13.052516
v 53.125332 1.084118 -14.466544
v 41.490562 10.607250 -5.776401
v 64.841560 -13.190279 -9.991248
v 76.626213 -17.097979 6.223155
v 88.466118 -4.327802 18.961340
v 100.348061 14.178474 14.536471
v 53.125332 2.519133 -14.286713
v 41.490562 11.129684 -4.691556
v 64.841560 -12.129927 -11.254927
v 76.626213 -17.632641 4.489822
v 88.466118 -6.194236 18.436207
v 109.574028 20.593668 2.060707
v 120.000000 20.746391 2.075989
v 120.000000 20.617123 3.107531
v 100.348061 12.660653 15.875957
v 53.125332 3.929112 -13.964894
v 41.490562 11.541507 -3.560083
v 64.841560 -10.949021 -12.406749
v 76.626213 -17.992062 2.711867
v 88.466118 -7.999109 17.727846
v 109.574028 20.286154 4.100935
v 120.000000 20.436596 4.131347
v 120.000000 20.205261 5.144892
v 100.348061 11.017004 17.057659
v 53.125332 5.300042 -13.504287
v 41.490562 11.838624 -2.393229
v 64.841560 -9.659300 -13.435267
v 76.626213 -18.172670 0.906960
v 88.466118 -9.724483 16.843298
v 109.574028 19.777025 6.100405
v 120.000000 19.923693 6.145646
v 120.000000 19.592590 7.131120
v 100.348061 9.263864 18.069836
v 53.125332 6.618298 -12.909467
v 41.490562 12.018084 -1.202591
v 64.841560 -8.273580 -14.330260
v 76.626213 -18.172670 -0.906960
v 88.466118 -11.353210 15.791354
v 109.574028 19.071346 8.039247
v 120.000000 19.212778 8.098866
v 120.000000 18.785200 9.046476
v 100.348061 7.418655 18.902426
v 53.125332 7.870778 -12.186347
v 64.841560 -6.805634 -15.082833
v 76.626213 -17.992062 -2.711867
v 88.466118 -12.869105 14.582469
v 109.574028 18.176125 9.898190
v 120.000000 18.310921 9.971596
v 120.000000 17.791115 10.871924
v 100.348061 5.499716 19.547153
v 53.125332 9.045034 -11.342114
v 64.841560 -5.270050 -15.685505
v 76.626213 -17.632641 -4.489822
v 88.466118 -14.257101 13.228657
v 109.574028 17.100262 11.658762
v 120.000000 17.227079 11.745223
v 120.000000 16.620213 12.589322
v 100.348061 3.526119 19.997616
v 53.125332 10.129397 -10.385159
v 64.841560 -3.682089 -16.132288
v 76.626213 -17.097979 -6.223155
v 88.466118 -15.503403 11.743371
v 109.574028 15.854449 13.303463
v 120.000000 15.972027 13.402122
v 120.000000 15.284132 14.181602
v 100.348061 1.517478 20.249331
v 53.125332 11.113090 -9.324989
v 64.841560 -2.057535 -16.418741
v 76.626213 -16.393389 -7.894640
v 88.466118 -16.595625 10.141376
v 109.574028 14.451068 14.815948
v 120.000000 14.558238 14.925824
v 120.000000 13.796149 15.632938
v 100.348061 -0.506245 20.299799
v 53.125332 11.986336 -8.172145
v 64.841560 -0.412532 -16.542017
v 76.626213 -15.525874 -9.487664
v 88.466118 -17.522913 8.438590
v 109.574028 12.904065 16.181187
v 120.000000 12.999763 16.301186
v 120.000000 12.171056 16.928907
v 100.348061 -2.524937 20.148520
v 53.125332 12.740456 -6.938082
v 64.841560 1.236571 -16.500891
v 76.626213 -14.504056 -10.986396
v 88.466118 -18.276051 6.651938
v 109.574028 11.228816 17.385609
v 120.000000 11.312090 17.514540
v 120.000000 10.425000 18.056629
v 100.348061 -4.518535 19.796993
v 53.125332 13.367955 -5.635066
v 64.841560 2.873384 -16.295771
v 76.626213 -13.338091 -12.375939
v 88.466118 -18.847551 4.799176
v 109.574028 9.441970 18.417244
v 120.000000 9.511992 18.553827
v 120.000000 8.575336 19.004896
v 100.348061 -6.467225 19.248718
v 53.125332 13.862598 -4.276045
v 64.841560 4.481640 -15.928697
v 76.626213 -12.039565 -13.642486
v 88.466118 -19.231737 2.898718
v 109.574028 7.561285 19.265842
v 120.000000 7.617361 19.408718
v 120.000000 6.640447 19.764286
v 100.348061 -8.351642 18.509138
v 53.125332 14.219469 -2.874528
v 64.841560 6.045356 -15.403316
v 76.626213 -10.621385 -14.773446
v 88.466118 -19.424789 0.969451
v 109.574028 5.605453 19.922966
v 120.000000 5.647024 20.070715
v 120.000000 4.639562 20.327248
v 100.348061 -10.153055 17.585608
v 53.125332 14.435019 -1.444442
v 64.841560 7.548991 -14.724851
v 76.626213 -9.097645 -15.757583
v 88.466118 -19.424789 -0.969451
v 109.574028 3.593912 20.382088
v 120.000000 3.620564 20.533241
v 120.000000 2.592566 20.688187
v 100.348061 -11.853563 16.487303
v 64.841560 8.977600 -13.900043
v 76.626213 -7.483488 -16.585112
v 88.466118 -19.231737 -2.898718
v 109.574028 1.546652 20.638643
v 120.000000 1.558122 20.791698
v 120.000000 0.519805 20.843519
v 100.348061 -13.436266 15.225140
v 64.841560 10.316985 -12.937090
v 76.626213 -5.794957 -17.247812
v 88.466118 -18.847551 -4.799176
v 109.574028 -0.515978 20.690081
v 120.000000 -0.519805 20.843519
v 120.000000 -1.558122 20.791698
v 100.348061 -14.885432 13.811663
v 64.841560 11.553836 -11.845563
v 76.626213 -4.048833 -17.739096
v 88.466118 -18.276051 -6.651938
v 109.574028 -2.573481 20.535892
v 120.000000 -2.592566 20.688187
v 120.000000 -3.620564 20.533241
v 100.348061 -16.186661 12.260919
v 64.841560 12.675859 -10.636310
v 76.626213 -2.262470 -18.054079
v 88.466118 -17.522913 -8.438590
v 109.574028 -4.605408 20.177608
v 120.000000 -4.639562 20.327248
v 120.000000 -5.647024 20.070715
v 100.348061 -17.327019 10.588321
v 64.841560 13.671905 -9.321347
v 76.626213 -0.453621 -18.189634
v 88.466118 -16.595625 -10.141376
v 109.574028 -6.591563 19.618792
v 120.000000 -6.640447 19.764286
v 120.000000 -7.617361 19.408718
v 100.348061 -18.295174 8.810492
v 64.841560 14.532073 -7.913745
v 76.626213 1.359736 -18.144411
v 88.466118 -15.503403 -11.743371
v 109.574028 -8.512209 18.864994
v 120.000000 -8.575336 19.004896
v 120.000000 -9.511992 18.553827
v 100.348061 -19.081503 6.945099
v 64.841560 15.247814 -6.427493
v 76.626213 3.159579 -17.918861
v 88.466118 -14.257101 -13.228657
v 109.574028 -10.348257 17.923706
v 120.000000 -10.425000 18.056629
v 120.000000 -11.312090 17.514540
v 100.348061 -19.678190 5.010683
v 64.841560 15.812016 -4.877361
v 76.626213 4.928020 -17.515226
v 88.466118 -12.869105 -14.582469
v 109.574028 -12.081459 16.804287
v 120.000000 -12.171056 16.928907
v 120.000000 -12.999763 16.301186
v 100.348061 -20.079308 3.026469
v 64.841560 16.219070 -3.278756
v 76.626213 6.647485 -16.937517
v 88.466118 -11.353210 -15.791354
v 109.574028 -13.694591 15.517858
v 120.000000 -13.796149 15.632938
v 120.000000 -14.558238 14.925824
v 100.348061 -20.280869 1.012176
v 64.841560 16.464933 -1.647565
v 76.626213 8.300884 -16.191475
v 88.466118 -9.724483 -16.843298
v 109.574028 -15.171618 14.077205
v 120.000000 -15.284132 14.181602
v 120.000000 -15.972027 13.402122
v 100.348061 -20.280869 -1.012176
v 76.626213 9.871786 -15.284514
v 88.466118 -7.999109 -17.727846
v 109.574028 -16.497864 12.496647
v 120.000000 -16.620213 12.589322
v 120.000000 -17.227079 11.745223
v 100.348061 -20.079308 -3.026469
v 76.626213 11.344577 -14.225650
v 88.466118 -6.194236 -18.436207
v 109.574028 -17.660147 10.791891
v 120.000000 -17.791115 10.871924
v 120.000000 -18.310921 9.971596
v 100.348061 -19.678190 -5.010683
v 76.626213 12.704620 -13.025404
v 88.466118 -4.327802 -18.961340
v 109.574028 -18.646915 8.979881
v 120.000000 -18.785200 9.046476
v 120.000000 -19.212778 8.098866
v 100.348061 -19.081503 -6.945099
v 76.626213 13.938400 -11.695706
v 88.466118 -2.418356 -19.298027
v 109.574028 -19.448362 7.078625
v 120.000000 -19.592590 7.131120
v 120.000000 -19.923693 6.145646
v 100.348061 -18.295174 -8.810492
v 76.626213 15.033653 -10.249771
v 88.466118 -0.484876 -19.442921
v 109.574028 -20.056522 5.107018
v 120.000000 -20.205261 5.144892
v 120.000000 -20.436596 4.131347
v 100.348061 -17.327019 -10.588321
v 76.626213 15.979495 -8.701969
v 88.466118 1.453423 -19.394583
v 109.574028 -20.465351 3.084655
v 120.000000 -20.617123 3.107531
v 120.000000 -20.746391 2.075989
v 100.348061 -16.186661 -12.260919
v 76.626213 16.766525 -7.067683
v 88.466118 3.377277 -19.153492
v 109.574028 -20.670786 1.031636
v 120.000000 -20.824081 1.039287
v 120.000000 -20.850000 -0.000000
v 100.348061 -14.885432 -13.811663
v 76.626213 17.386923 -5.363155
v 88.466118 5.267567 -18.722046
v 109.574028 -20.670786 -1.031636
v 120.000000 -20.824081 -1.039287
v 120.000000 -20.746391 -2.075989
v 100.348061 -13.436266 -15.225140
v 76.626213 17.834522 -3.605326
v 88.466118 7.105505 -18.104532
v 109.574028 -20.465351 -3.084655
v 120.000000 -20.617123 -3.107531
v 120.000000 -20.436596 -4.131347
v 100.348061 -11.853563 -16.487303
v 76.626213 18.104872 -1.811666
v 88.466118 8.872826 -17.307087
v 109.574028 -20.056522 -5.107018
v 120.000000 -20.205261 -5.144892
v 120.000000 -19.923693 -6.145646
v 100.348061 -10.153055 -17.585608
v 88.466118 10.551964 -16.337635
v 109.574028 -19.448362 -7.078625
v 120.000000 -19.592590 -7.131120
v 120.000000 -19.212778 -8.098866
v 100.348061 -8.351642 -18.509138
v 88.466118 12.126232 -15.205813
v 109.574028 -18.646915 -8.979881
v 120.000000 -18.785200 -9.046476
v 120.000000 -18.310921 -9.971596
v 100.348061 -6.467225 -19.248718
v 88.466118 13.579984 -13.922870
v 109.574028 -17.660147 -10.791891
v 120.000000 -17.791115 -10.871924
v 120.000000 -17.227079 -11.745223
v 100.348061 -4.518535 -19.796993
v 88.466118 14.898772 -12.501554
v 109.574028 -16.497864 -12.496647
v 120.000000 -16.620213 -12.589322
v 120.000000 -15.972027 -13.402122
v 100.348061 -2.524937 -20.148520
v 88.466118 16.069490 -10.955993
v 109.574028 -15.171618 -14.077205
v 120.000000 -15.284132 -14.181602
v 120.000000 -14.558238 -14.925824
v 100.348061 -0.506245 -20.299799
v 88.466118 17.080502 -9.301545
v 109.574028 -13.694591 -15.517858
v 120.000000 -13.796149 -15.632938
v 120.000000 -12.999763 -16.301186
v 100.348061 1.517478 -20.249331
v 88.466118 17.921759 -7.554655
v 109.574028 -12.081459 -16.804287
v 120.000000 -12.171056 -16.928907
v 120.000000 -11.312090 -17.514540
v 100.348061 3.526119 -19.997616
v 88.466118 18.584904 -5.732683
v 109.574028 -10.348257 -17.923706
v 120.000000 -10.425000 -18.056629
v 120.000000 -9.511992 -18.553827
v 100.348061 5.499716 -19.547153
v 88.466118 19.063341 -3.853738
v 109.574028 -8.512209 -18.864994
v 120.000000 -8.575336 -19.004896
v 120.000000 -7.617361 -19.408718
v 100.348061 7.418655 -18.902426
v 88.466118 19.352320 -1.936492
v 109.574028 -6.591563 -19.618792
v 120.000000 -5.647024 -20.070715
v 120.000000 -6.640447 -19.764286
v 100.348061 9.263864 -18.069836
v 109.574028 -4.605408 -20.177608
v 120.000000 -4.639562 -20.327248
v 120.000000 -3.620564 -20.533241
v 100.348061 11.017004 -17.057659
v 109.574028 -2.573481 -20.535892
v 120.000000 -2.592566 -20.688187
v 120.000000 -1.558122 -20.791698
v 100.348061 12.660653 -15.875957
v 109.574028 -0.515978 -20.690081
v 120.000000 -0.519805 -20.843519
v 120.000000 0.519805 -20.843519
v 100.348061 14.178474 -14.536471
v 109.574028 1.546652 -20.638643
v 120.000000 1.558122 -20.791698
v 120.000000 2.592566 -20.688187
v 100.348061 15.555383 -13.052516
v 109.574028 3.593912 -20.382088
v 120.000000 3.620564 -20.533241
v 120.000000 4.639562 -20.327248
v 100.348061 16.777697 -11.438839
v 109.574028 5.605453 -19.922966
v 120.000000 5.647024 -20.070715
v 120.000000 6.640447 -19.764286
v 100.348061 17.833263 -9.711478
v 109.574028 7.561285 -19.265842
v 120.000000 7.617361 -19.408718
v 120.000000 8.575336 -19.004896
v 100.348061 18.711597 -7.887600
v 109.574028 9.441970 -18.417244
v 120.000000 9.511992 -18.553827
v 120.000000 10.425000 -18.056629
v 100.348061 19.403967 -5.985331
v 109.574028 11.228816 -17.385609
v 120.000000 11.312090 -17.514540
v 120.000000 12.171056 -16.928907
v 100.348061 19.903490 -4.023578
v 109.574028 12.904065 -16.181187
v 120.000000 12.999763 -16.301186
v 120.000000 13.796149 -15.632938
v 100.348061 20.205204 -2.021836
v 109.574028 14.451068 -14.815948
v 120.000000 14.558238 -14.925824
v 120.000000 15.284132 -14.181602
v 109.574028 15.854449 -13.303463
v 120.000000 15.972027 -13.402122
v 120.000000 16.620213 -12.589322
v 109.574028 17.100262 -11.658762
v 120.000000 17.227079 -11.745223
v 120.000000 17.791115 -10.871924
v 109.574028 18.176125 -9.898190
v 120.000000 18.310921 -9.971596
v 120.000000 18.785200 -9.046476
v 109.574028 19.071346 -8.039247
v 120.000000 19.212778 -8.098866
v 120.000000 19.592590 -7.131120
v 109.574028 19.777025 -6.100405
v 120.000000 19.923693 -6.145646
v 120.000000 20.205261 -5.144892
v 109.574028 20.286154 -4.100935
v 120.000000 20.436596 -4.131347
v 120.000000 20.617123 -3.107531
v 109.574028 20.593668 -2.060707
v 120.000000 20.746391 -2.075989
v 5.529234 1.926821 0.096164
v 0.000000 0.000000 0.000000
v 5.529234 1.919633 0.192088
v 5.529234 1.907672 0.287535
v 5.529234 1.890968 0.382267
v 5.529234 1.869563 0.476049
v 5.529234 1.843510 0.568647
v 5.529234 1.812873 0.659832
v 5.529234 1.777730 0.749376
v 5.529234 1.738167 0.837057
v 5.529234 1.694282 0.922657
v 6.972312 1.850922 1.553108
v 5.529234 1.646185 1.005963
v 5.529234 1.593996 1.086768
v 5.529234 1.537844 1.164871
v 5.529234 1.477868 1.240078
v 5.529234 1.414218 1.312202
v 6.972312 1.743644 1.672651
v 5.529234 1.347052 1.381064
v 6.972312 1.628661 1.784803
v 5.529234 1.276537 1.446493
v 6.972312 1.506481 1.889067
v 5.529234 1.202849 1.508325
v 5.529234 1.126170 1.566407
v 6.972312 1.377643 1.984983
v 5.529234 1.046691 1.620594
v 6.972312 1.242717 2.072128
v 5.529234 0.964610 1.670753
v 6.972312 1.102300 2.150115
v 5.529234 0.880130 1.716758
v 5.529234 0.793463 1.758495
v 6.972312 0.957011 2.218601
v 5.529234 0.704823 1.795860
v 6.972312 0.807493 2.277282
v 5.529234 0.614431 1.828760
v 6.972312 0.654407 2.325900
v 5.529234 0.522511 1.857113
v 5.529234 0.429292 1.880850
v 6.972312 0.498429 2.364239
v 5.529234 0.335005 1.899910
v 6.972312 0.340248 2.392131
v 5.529234 0.239886 1.914247
v 6.972312 0.180563 2.409451
v 5.529234 0.144171 1.923825
v 5.529234 0.048097 1.928620
v 6.972312 0.020081 2.416124
v 5.529234 -0.048097 1.928620
v 6.972312 -0.140490 2.412120
v 6.972312 -0.300440 2.397456
v 6.972312 -0.459063 2.372197
v 6.972312 -0.615657 2.336456
v 6.972312 -0.769530 2.290389
v 6.972312 -0.920002 2.234201
v 6.972312 -1.066409 2.168140
v 6.972312 -1.208104 2.092497
v 6.972312 -0.920002 -2.234201
v 6.972312 -1.066409 -2.168140
v 6.972312 -0.769530 -2.290389
v 6.972312 -0.615657 -2.336456
v 6.972312 -0.459063 -2.372197
v 6.972312 -0.300440 -2.397456
v 6.972312 -0.140490 -2.412120
v 6.972312 0.020081 -2.416124
v 6.972312 0.180563 -2.409451
v 5.529234 0.048097 -1.928620
v 5.529234 0.144171 -1.923825
v 5.529234 0.239886 -1.914247
v 6.972312 0.340248 -2.392131
v 5.529234 0.335005 -1.899910
v 6.972312 0.498429 -2.364239
v 5.529234 0.429292 -1.880850
v 6.972312 0.654407 -2.325900
v 5.529234 0.522511 -1.857113
v 5.529234 0.614431 -1.828760
v 6.972312 0.807493 -2.277282
v 5.529234 0.704823 -1.795860
v 6.972312 0.957011 -2.218601
v 5.529234 0.793463 -1.758495
v 6.972312 1.102300 -2.150115
v 5.529234 0.880130 -1.716758
v 5.529234 0.964610 -1.670753
v 6.972312 1.242717 -2.072128
v 5.529234 1.046691 -1.620594
v 6.972312 1.377643 -1.984983
v 5.529234 1.126170 -1.566407
v 6.972312 1.506481 -1.889067
v 5.529234 1.202849 -1.508325
v 5.529234 1.276537 -1.446493
v 6.972312 1.628661 -1.784803
v 5.529234 1.347052 -1.381064
v 6.972312 1.743644 -1.672651
v 5.529234 1.414218 -1.312202
v 6.972312 1.850922 -1.553108
v 5.529234 1.477868 -1.240078
v 5.529234 1.537844 -1.164871
v 5.529234 1.593996 -1.086768
v 5.529234 1.646185 -1.005963
v 5.529234 1.694282 -0.922657
v 5.529234 1.738167 -0.837057
v 5.529234 1.777730 -0.749376
v 5.529234 1.812873 -0.659832
v 5.529234 1.843510 -0.568647
v 5.529234 1.869563 -0.476049
v 5.529234 1.890968 -0.382267
v 5.529234 1.907672 -0.287535
v 5.529234 1.919633 -0.192088
v 5.529234 1.926821 -0.096164
v 3.363862 1.179639 0.118041
v 3.363862 1.176330 0.147413
v 3.363862 1.172289 0.176694
v 3.363862 1.167520 0.205865
v 3.363862 1.162024 0.234908
v 3.363862 1.155807 0.263805
v 3.363862 1.148871 0.292538
v 3.363862 1.141220 0.321090
v 3.363862 1.132861 0.349441
v 3.363862 1.123797 0.377576
v 3.363862 1.114034 0.405475
v 3.363862 1.103579 0.433123
v 3.363862 1.092438 0.460501
v 3.363862 1.080618 0.487593
v 3.363862 1.068126 0.514382
v 3.363862 1.054970 0.540852
v 3.363862 1.041159 0.566985
v 3.363862 1.026700 0.592765
v 3.363862 1.011602 0.618177
v 3.363862 0.995876 0.643205
v 3.363862 0.979531 0.667833
v 3.363862 0.962577 0.692046
v 3.363862 0.945025 0.715829
v 3.363862 0.926885 0.739166
v 3.363862 0.908169 0.762044
v 3.363862 0.888889 0.784449
v 4.086156 0.984986 1.044025
v 3.363862 0.848682 0.827781
v 3.363862 0.827781 0.848682
v 3.363862 0.869055 0.806366
v 4.086156 0.949741 1.076187
v 4.086156 0.913445 1.107160
v 4.086156 0.876141 1.136910
v 4.086156 0.837867 1.165403
v 4.086156 0.798669 1.192608
v 4.086156 0.758587 1.218495
v 4.086156 0.717667 1.243036
v 6.250773 -0.306080 2.151915
v 6.250773 -0.377437 2.140552
v 6.250773 -0.448377 2.126824
v 6.250773 -0.518821 2.110746
v 6.250773 -0.588692 2.092335
v 8.415390 -1.805831 2.264441
v 8.415390 -1.916460 2.171613
v 8.415390 -2.022323 2.073386
v 8.415390 -2.123159 1.970004
v 8.415390 -2.218716 1.861724
v 8.415390 -2.308758 1.748816
v 8.415390 -2.393059 1.631560
v 8.896416 -2.606674 1.592905
v 8.415390 -2.471411 1.510248
v 8.415390 -2.543618 1.385181
v 8.896416 -2.706747 1.416199
v 8.896416 -2.794858 1.233234
v 8.896416 -2.870618 1.044820
v 7.934364 -2.734991 -0.106130
v 8.896416 -2.766842 -1.294868
v 6.250773 -2.092335 -0.588692
v 8.896416 -2.674697 -1.475836
v 8.415390 -2.419847 -1.591559
v 6.491286 -1.917323 -1.186292
v 8.896416 -2.570733 -1.650281
v 8.896416 -2.455409 -1.817433
v 8.415390 -2.337507 -1.710200
v 8.415390 -2.249354 -1.824589
v 8.415390 -2.155610 -1.934442
v 8.415390 -2.056507 -2.039485
v 8.415390 -1.952290 -2.139458
v 8.415390 -1.843220 -2.234113
v 8.415390 -1.729568 -2.323212
v 8.415390 -1.611615 -2.406536
v 6.250773 -0.466037 -2.123024
v 6.250773 -0.395214 -2.137341
v 6.250773 -0.323954 -2.149297
v 6.250773 -0.252337 -2.158877
v 6.250773 -0.180440 -2.166071
v 4.086156 0.758587 -1.218495
v 4.086156 0.798669 -1.192608
v 4.086156 0.837867 -1.165403
v 4.086156 0.876141 -1.136910
v 4.086156 0.913445 -1.107160
v 4.086156 0.949741 -1.076187
v 4.086156 0.984986 -1.044025
v 3.363862 0.848682 -0.827781
v 3.363862 0.869055 -0.806366
v 3.363862 0.888889 -0.784449
v 3.363862 0.908169 -0.762044
v 3.363862 0.926885 -0.739166
v 3.363862 0.945025 -0.715829
v 3.363862 0.962577 -0.692046
v 3.363862 0.979531 -0.667833
v 3.363862 0.995876 -0.643205
v 3.363862 1.011602 -0.618177
v 3.363862 1.026700 -0.592765
v 3.363862 1.041159 -0.566985
v 3.363862 1.054970 -0.540852
v 3.363862 1.068126 -0.514382
v 3.363862 1.080618 -0.487593
v 3.363862 1.092438 -0.460501
v 3.363862 1.103579 -0.433123
v 3.363862 1.114034 -0.405475
v 3.363862 1.123797 -0.377576
v 3.363862 1.132861 -0.349441
v 3.363862 1.141220 -0.321090
v 3.363862 1.148871 -0.292538
v 3.363862 1.155807 -0.263805
v 3.363862 1.162024 -0.234908
v 3.363862 1.167520 -0.205865
v 3.363862 1.172289 -0.176694
v 3.363862 1.176330 -0.147413
v 3.363862 1.179639 -0.118041
v 2.149528 0.754307 0.104094
v 2.149528 0.752950 0.113489
v 2.149528 0.751477 0.122867
v 2.149528 0.749887 0.132225
v 2.149528 0.748180 0.141563
v 2.149528 0.746358 0.150879
v 2.149528 0.744419 0.160172
v 2.149528 0.742364 0.169440
v 2.149528 0.740194 0.178681
v 2.149528 0.737909 0.187895
v 2.149528 0.735509 0.197079
v 2.149528 0.732995 0.206233
v 2.149528 0.730367 0.215355
v 2.149528 0.727626 0.224443
v 2.149528 0.724771 0.233496
v 2.149528 0.721804 0.242513
v 2.149528 0.718725 0.251493
v 2.149528 0.715534 0.260433
v 2.149528 0.712232 0.269333
v 2.149528 0.708819 0.278191
v 2.149528 0.705296 0.287006
v 2.149528 0.701663 0.295776
v 3.725386 0.808714 1.031568
v 3.725386 0.791456 1.044867
v 4.807695 0.653791 1.550974
v 4.807695 0.614920 1.566792
v 4.807695 0.575668 1.581635
v 4.807695 0.536058 1.595495
v 4.807695 0.496115 1.608364
v 4.807695 0.455863 1.620232
v 4.807695 0.415328 1.631094
v 5.890003 -0.272015 2.033499
v 5.890003 -0.305777 2.028697
v 5.208550 -0.444226 1.765020
v 5.048208 -0.617555 1.653819
v 3.605130 -0.443978 1.188980
v 6.611542 -0.891499 2.114885
v 5.930089 -1.012710 1.799835
v 5.769747 -1.187357 1.622883
v 6.411115 -1.398540 1.733917
v 6.130517 -1.463731 1.551464
v 3.363862 -0.848682 0.827781
v 3.725386 -1.044867 0.791456
v 7.693851 -1.604384 2.118080
v 7.693851 -1.656690 2.077424
v 6.491286 -1.739142 1.434852
v 4.487011 -1.346938 0.812881
v 7.212825 -2.141161 1.284118
v 7.212825 -2.172509 1.230339
v 7.212825 -2.202507 1.175794
v 7.212825 -2.231136 1.120519
v 7.212825 -2.258378 1.064547
v 6.010260 -1.977755 0.682835
v 6.491286 -2.229460 0.336037
v 5.769747 -1.987140 0.307964
v 5.529234 -1.928620 -0.048097
v 6.972312 -2.414872 -0.080310
v 5.890003 -2.028697 -0.305777
v 4.687438 -1.597701 -0.378662
v 6.611542 -2.268030 -0.351496
v 7.092568 -2.426449 -0.382934
v 4.446925 -1.429337 -0.623613
v 8.896416 -3.023204 -0.438558
v 6.371029 -2.026929 -0.891033
v 4.807695 -1.447038 -0.859677
v 4.927951 -1.345108 -1.078798
v 7.453338 -2.023659 -1.595551
v 5.168464 -0.638937 -1.689623
v 4.086156 -0.696907 -1.254793
v 5.168464 -0.610765 -1.700010
v 3.605130 -0.203055 -1.252820
v 4.807695 -0.401757 -1.634489
v 4.086156 0.035784 -1.434888
v 3.363862 0.014779 -1.185439
v 4.567182 0.039907 -1.600234
v 3.725386 0.189974 -1.296943
v 4.807695 0.482730 -1.612432
v 3.845643 0.377077 -1.298714
v 4.807695 0.522779 -1.599895
v 4.807695 0.562503 -1.586365
v 2.592369 0.464912 -0.790014
v 4.807695 0.601878 -1.571848
v 4.807695 0.640878 -1.556355
v 2.149528 0.295776 -0.701663
v 4.807695 0.679480 -1.539893
v 4.807695 0.717659 -1.522475
v 3.725386 0.821511 -1.021406
v 2.149528 0.705296 -0.287006
v 2.149528 0.708819 -0.278191
v 2.149528 0.712232 -0.269333
v 2.149528 0.715534 -0.260433
v 2.149528 0.718725 -0.251493
v 2.149528 0.721804 -0.242513
v 2.149528 0.724771 -0.233496
v 2.149528 0.727626 -0.224443
v 2.149528 0.730367 -0.215355
v 2.149528 0.732995 -0.206233
v 2.149528 0.735509 -0.197079
v 2.149528 0.737909 -0.187895
v 2.149528 0.740194 -0.178681
v 2.149528 0.742364 -0.169440
v 2.149528 0.744419 -0.160172
v 2.149528 0.746358 -0.150879
v 2.149528 0.748180 -0.141563
v 2.149528 0.749887 -0.132225
v 2.149528 0.751477 -0.122867
v 2.149528 0.752950 -0.113489
v 2.149528 0.754307 -0.104094
v 2.796364 0.861688 0.483274
v 2.796364 0.855597 0.493979
v 2.796364 0.849372 0.504607
v 2.796364 0.843016 0.515156
v 2.796364 0.836528 0.525625
v 2.796364 0.829910 0.536013
v 2.796364 0.823164 0.546317
v 2.796364 0.816289 0.556537
v 1.622538 0.405544 0.408929
v 2.377562 0.462381 0.703016
v 2.991586 0.393978 0.979816
v 3.180073 0.352817 1.064742
v 3.363862 0.302077 1.146400
v 3.725386 0.206127 1.294474
v 3.725386 0.189974 1.296943
v 3.725386 0.173791 1.299210
v 3.725386 0.157581 1.301276
v 2.592369 -0.007618 0.916628
v 3.117867 -0.200016 1.081697
v 2.377562 -0.170155 0.824060
v 3.925814 -0.175391 1.368841
v 2.796364 -0.556537 0.816289
v 4.026028 -0.697097 1.230921
v 2.149528 -0.295776 0.701663
v 4.687438 -0.779275 1.445256
v 5.128379 -1.685032 0.611980
v 4.206412 -1.444994 0.304633
v 4.299945 -1.432568 0.473967
v 3.484785 -1.201075 0.253210
v 5.008122 -1.693232 0.448676
v 4.587224 -1.588298 0.248405
v 2.796364 -0.970734 0.183673
v 3.363862 -1.185439 -0.014779
v 3.544992 -1.244850 -0.093289
v 3.925814 -1.368841 -0.175391
v 4.026028 -1.230921 -0.697097
v 2.149528 -0.701663 -0.295776
v 2.592369 -0.790014 -0.464912
v 3.905771 -1.129675 -0.780559
v 4.086156 -1.127746 -0.887904
v 4.326669 -1.053976 -1.092635
v 3.363862 -0.827781 -0.848682
v 3.725386 -0.782745 -1.051409
v 3.484785 -0.552409 -1.096148
v 1.303258 -0.256061 -0.385820
v 3.665258 -0.502720 -1.187992
v 3.845643 -0.443114 -1.277691
v 4.446925 -0.569733 -1.451655
v 2.796364 -0.183673 -0.970734
v 1.622538 -0.146747 -0.556915
v 2.927361 0.122845 -1.026343
v 2.796364 0.201792 -0.967130
v 2.991586 0.283910 -1.017179
v 2.991586 0.651556 -0.831103
v 2.991586 0.661866 -0.822916
v 2.149528 0.541776 -0.535064
v 2.377562 0.636648 -0.550187
v 2.796364 0.833235 -0.530829
v 1.303258 0.385820 -0.256061
v 2.796364 0.839788 -0.520401
v 2.796364 0.846210 -0.509891
v 2.796364 0.852501 -0.499303
v 2.796364 0.858659 -0.488636
v 2.796364 0.864684 -0.477894
v 2.796364 0.870574 -0.467077
v 0.933202 0.306369 0.127649
v 0.725948 0.227618 0.122121
v 1.901231 0.558595 0.377453
v 2.265462 0.622960 0.505321
v 2.028542 0.204766 0.689174
v 2.796364 0.183673 0.970734
v 1.901231 0.128087 0.661886
v 2.894945 0.158674 1.009974
v 1.766321 0.058506 0.623907
v 2.991586 0.131314 1.047862
v 0.933202 -0.044005 0.328968
v 0.725948 -0.122121 0.227618
v 2.592369 -0.653541 0.642767
v 2.894945 -0.796660 0.640749
v 2.486444 -0.684256 0.552689
v 3.180073 -0.939700 0.612471
v 1.303258 -0.385820 0.256061
v 3.363862 -1.031591 0.584212
v 2.377562 -0.798734 0.264672
v 2.991586 -0.979816 0.393978
v 2.149528 -0.705296 0.287006
v 4.393478 -1.399995 0.644192
v 1.766321 -0.623907 0.058506
v 2.486444 -0.874652 -0.093032
v 1.901231 -0.672485 -0.047586
v 2.796364 -0.967130 -0.201792
v 2.894945 -0.993817 -0.239905
v 3.097002 -1.055144 -0.284292
v 2.991586 -0.831103 -0.651556
v 2.028542 -0.521919 -0.494459
v 1.766321 -0.482538 -0.399799
v 1.468608 -0.213518 -0.475840
v 5.649490 -1.132217 -1.612216
v 2.592369 -0.112091 -0.909780
v 2.340567 -0.057334 -0.826490
v 2.265462 -0.020831 -0.801870
v 1.901231 0.047586 -0.672485
v 1.303258 0.091753 -0.453878
v 1.468608 0.185489 -0.487450
v 0.725948 0.122121 -0.227618
v 2.149528 0.426980 -0.630478
v 1.766321 0.399799 -0.482538
v 2.377562 0.517079 -0.663819
v 1.766321 0.557633 -0.285882
v 1.766321 0.559404 -0.282400
v 1.766321 0.561153 -0.278908
v 1.215902 0.346351 0.258409
v 1.031034 0.271060 0.246831
v 0.502179 0.117731 0.134528
v 1.303258 0.256061 0.385820
v 0.383703 0.070147 0.117241
v 0.831560 0.134682 0.263380
v 1.695618 0.254861 0.545072
v 1.622538 0.218184 0.532996
v 1.546921 0.183012 0.517834
v 1.125214 0.089817 0.389780
v 1.387440 -0.009728 0.492751
v 1.622538 -0.151371 0.555676
v 0.831560 -0.091004 0.281473
v 1.215902 -0.258409 0.346351
v 1.031034 -0.246831 0.271060
v 1.622538 -0.408929 0.405544
v 1.546921 -0.517834 0.183012
v 1.965757 -0.676901 0.165637
v 2.089746 -0.724691 0.151993
v 1.125214 -0.389780 0.089817
v 1.031034 -0.366204 0.017132
v 1.303258 -0.453878 -0.091753
v 2.028542 -0.699225 -0.167255
v 1.766321 -0.598804 -0.184707
v 1.834805 -0.604045 -0.242154
v 1.546921 -0.495573 -0.236755
v 1.965757 -0.595764 -0.361518
v 0.725948 -0.227618 -0.122121
v 0.933202 -0.262892 -0.202593
v 1.546921 -0.367247 -0.408381
v 1.695618 -0.387252 -0.460537
v 0.383703 -0.070147 -0.117241
v 6.551414 -1.563408 -1.652524
v 1.303258 -0.088922 -0.454441
v 0.502179 -0.034694 -0.175370
v 1.387440 -0.054673 -0.489805
v 1.965757 -0.098491 -0.689877
v 1.766321 -0.058506 -0.623907
v 1.468608 -0.015169 -0.521329
v 1.031034 -0.017132 -0.366204
v 1.031034 0.124312 -0.344884
v 1.031034 0.246831 -0.271060
v 1.546921 0.408381 -0.367247
v 0.882867 0.256396 0.181323
v 0.616208 0.171606 0.136560
v 0.982584 0.119679 0.328284
v 0.779260 0.103564 0.257176
v 0.671604 0.048208 0.234087
v 1.259987 0.046200 0.445350
v 1.031034 0.017132 0.366204
v 0.616208 0.024781 0.217907
v 0.559739 0.004657 0.199182
v 0.197303 -0.034663 0.061133
v 0.882867 -0.181323 0.256396
v 1.170985 -0.315902 0.271000
v 0.933202 -0.263731 0.201499
v 1.078570 -0.330985 0.193625
v 0.882867 -0.265639 0.167490
v 0.383703 -0.117241 0.070147
v 1.428391 -0.453957 0.226511
v 0.725948 -0.247302 0.074598
v 0.559739 -0.199182 0.004657
v 0.882867 -0.306268 -0.069402
v 1.031034 -0.344884 -0.124312
v 0.559739 -0.144136 -0.137550
v 0.671604 -0.158793 -0.178621
v 0.443507 -0.056693 -0.147371
v 1.031034 -0.111329 -0.349291
v 1.170985 0.031751 -0.415002
v 1.031034 0.054640 -0.362509
v 0.616208 0.032461 -0.216895
v 0.779260 0.020862 -0.276460
v 0.882867 0.181323 -0.256396
v 1.170985 0.315902 -0.271000
v 0.531097 0.068565 0.176180
v 0.502179 0.057287 0.169341
v 0.472983 0.046741 0.161768
v 0.291832 0.001215 0.103922
v 0.698906 -0.035853 0.246103
v 0.383703 -0.033300 0.132503
v 0.644039 -0.134520 0.185576
v 0.291832 -0.072625 0.074343
v 0.725948 -0.199930 0.163558
v 0.559739 -0.182238 0.080526
v 0.472983 -0.161768 0.046741
v 0.644039 -0.226342 0.036102
v 0.291832 -0.103922 0.001215
v 1.170985 -0.415002 -0.031751
v 0.725948 -0.257025 -0.025719
v 0.644039 -0.222928 -0.053263
v 0.383703 -0.132503 -0.033300
v 0.805535 -0.268445 -0.100320
v 0.559739 -0.185802 -0.071921
v 0.472983 -0.147438 -0.081336
v 0.644039 -0.185576 -0.134520
v 0.472983 -0.105089 -0.131567
v 0.644039 -0.013743 -0.228791
v 0.559739 -0.004657 -0.199182
v 0.671604 0.075294 -0.226829
v 0.443507 0.066211 0.143348
v 0.428663 0.060868 0.139956
v 0.338096 0.032743 0.115856
v 0.383703 0.019942 0.135160
v 0.338096 -0.014086 0.119568
v 0.244904 -0.021753 0.084467
v 0.291832 -0.038647 0.096476
v 0.244904 -0.052422 0.069713
v 0.338096 -0.094507 0.074587
v 0.244904 -0.075109 0.044345
v 0.428663 -0.139956 0.060868
v 0.291832 -0.095546 0.040891
v 0.338096 -0.115856 0.032743
v 0.383703 -0.135160 0.019942
v 0.338096 -0.119568 -0.014086
v 0.428663 -0.142004 -0.055924
v 0.338096 -0.105076 -0.058770
v 0.516673 -0.148281 -0.108813
v 0.383703 -0.109674 -0.081472
v 0.472983 -0.128737 -0.108537
v 0.428663 -0.109793 -0.106010
v 0.360981 0.050919 0.118023
v 0.315047 0.016051 0.111037
v 0.268452 -0.011463 0.094917
v 0.221188 -0.029509 0.073045
v 0.221188 -0.055216 0.056192
v 0.244904 -0.065015 0.058146
v 0.268452 -0.075222 0.059011
v 0.268452 -0.092078 0.025733
v 0.291832 -0.101688 0.021465
v 0.315047 -0.111037 0.016051
v 0.315047 -0.108727 -0.027663
v 0.338096 -0.114522 -0.037141
v 0.360981 -0.119460 -0.047449
v 0.360981 -0.092208 -0.089553
v 0.383703 -0.091672 -0.101303
v 0.406264 -0.089946 -0.113285
v 0.209267 -0.044883 0.059507
v 0.233067 -0.065385 0.051140
v 0.256699 -0.084101 0.035848
v 0.280163 -0.098769 0.014130
v 0.303460 -0.107307 -0.012800
v 0.326592 -0.108023 -0.043090
v 0.349559 -0.099812 -0.074373
v 0.372363 -0.082293 -0.103959
v 120.000000 -13.488154 -12.515179
v 120.000000 -12.847557 -13.171950
v 120.000000 -12.175019 -13.795974
v 120.000000 -14.095218 -11.827292
v 120.000000 -11.472213 -14.385699
v 120.000000 -14.667238 -11.110002
v 120.000000 -10.740884 -14.939659
v 120.000000 -15.202793 -10.365089
v 120.000000 -9.982851 -15.456477
v 120.000000 -15.700552 -9.594408
v 120.000000 -9.200000 -15.934868
v 120.000000 -16.159277 -8.799873
v 120.000000 -8.394276 -16.373642
v 120.000000 -16.577827 -7.983461
v 120.000000 -7.567683 -16.771708
v 120.000000 -16.955162 -7.147200
v 120.000000 -6.722275 -17.128077
v 120.000000 -17.290344 -6.293170
v 120.000000 -5.860154 -17.441864
v 120.000000 -17.582541 -5.423495
v 120.000000 -4.983465 -17.712286
v 120.000000 -17.831022 -4.540336
v 120.000000 -4.094385 -17.938673
v 120.000000 -18.035173 -3.645889
v 120.000000 -3.195127 -18.120462
v 120.000000 -18.194487 -2.742378
v 120.000000 -2.287924 -18.257202
v 120.000000 -18.308567 -1.832048
v 120.000000 -1.375034 -18.348551
v 120.000000 -18.377127 -0.917164
v 120.000000 -0.458725 -18.394281
v 120.000000 -18.400000 -0.000000
v 120.000000 0.458725 -18.394281
v 120.000000 -18.377127 0.917164
v 120.000000 1.375034 -18.348551
v 120.000000 -18.308567 1.832048
v 120.000000 2.287924 -18.257202
v 120.000000 -18.194487 2.742378
v 120.000000 3.195127 -18.120462
v 120.000000 -18.035173 3.645889
v 120.000000 4.094385 -17.938673
v 120.000000 -17.831022 4.540336
v 120.000000 4.983465 -17.712286
v 120.000000 -17.582541 5.423495
v 120.000000 5.860154 -17.441864
v 120.000000 -17.290344 6.293170
v 120.000000 6.722275 -17.128077
v 120.000000 -16.955162 7.147200
v 120.000000 7.567683 -16.771708
v 120.000000 -16.577827 7.983461
v 120.000000 8.394276 -16.373642
v 120.000000 -16.159277 8.799873
v 120.000000 9.200000 -15.934868
v 120.000000 -15.700552 9.594408
v 120.000000 9.982851 -15.456477
v 120.000000 -15.202793 10.365089
v 120.000000 10.740884 -14.939659
v 120.000000 -14.667238 11.110002
v 120.000000 11.472213 -14.385699
v 120.000000 -14.095218 11.827292
v 120.000000 12.175019 -13.795974
v 120.000000 -13.488154 12.515179
v 120.000000 12.847557 -13.171950
v 120.000000 -12.847557 13.171950
v 120.000000 13.488154 -12.515179
v 120.000000 -12.175019 13.795974
v 120.000000 14.095218 -11.827292
v 120.000000 -11.472213 14.385699
v 120.000000 14.667238 -11.110002
v 120.000000 -10.740884 14.939659
v 120.000000 15.202793 -10.365089
v 120.000000 -9.982851 15.456477
v 120.000000 -9.200000 15.934868
v 120.000000 15.700552 -9.594408
v 120.000000 16.159277 -8.799873
v 120.000000 -8.394276 16.373642
v 120.000000 -7.567683 16.771708
v 120.000000 16.577827 -7.983461
v 120.000000 16.955162 -7.147200
v 120.000000 17.290344 -6.293170
v 120.000000 -6.722275 17.128077
v 120.000000 -5.860154 17.441864
v 120.000000 17.582541 -5.423495
v 120.000000 -4.983465 17.712286
v 120.000000 17.831022 -4.540336
v 120.000000 -4.094385 17.938673
v 120.000000 18.035173 -3.645889
v 120.000000 -3.195127 18.120462
v 120.000000 18.194487 -2.742378
v 120.000000 -2.287924 18.257202
v 120.000000 18.308567 -1.832048
v 120.000000 18.377127 -0.917164
v 120.000000 -1.375034 18.348551
v 120.000000 -0.458725 18.394281
v 120.000000 18.377127 0.917164
v 120.000000 18.400000 0.000000
v 120.000000 0.458725 18.394281
v 120.000000 18.308567 1.832048
v 120.000000 1.375034 18.348551
v 120.000000 2.287924 18.257202
v 120.000000 18.194487 2.742378
v 120.000000 3.195127 18.120462
v 120.000000 18.035173 3.645889
v 120.000000 4.094385 17.938673
v 120.000000 4.983465 17.712286
v 120.000000 17.831022 4.540336
v 120.000000 5.860154 17.441864
v 120.000000 17.582541 5.423495
v 120.000000 17.290344 6.293170
v 120.000000 16.955162 7.147200
v 120.000000 6.722275 17.128077
v 120.000000 7.567683 16.771708
v 120.000000 16.577827 7.983461
v 120.000000 8.394276 16.373642
v 120.000000 16.159277 8.799873
v 120.000000 15.700552 9.594408
v 120.000000 9.200000 15.934868
v 120.000000 9.982851 15.456477
v 120.000000 15.202793 10.365089
v 120.000000 14.667238 11.110002
v 120.000000 10.740884 14.939659
v 120.000000 11.472213 14.385699
v 120.000000 14.095218 11.827292
v 120.000000 13.488154 12.515179
v 120.000000 12.175019 13.795974
v 120.000000 12.847557 13.171950
v 130.000000 18.377127 0.917164
v 130.000000 18.400000 0.000000
v 130.000000 18.308567 1.832048
v 130.000000 18.194487 2.742378
v 130.000000 18.035173 3.645889
v 130.000000 17.831022 4.540336
v 130.000000 17.582541 5.423495
v 130.000000 17.290344 6.293170
v 130.000000 16.955162 7.147200
v 130.000000 16.577827 7.983461
v 130.000000 16.159277 8.799873
v 130.000000 15.700552 9.594408
v 130.000000 15.202793 10.365089
v 130.000000 14.667238 11.110002
v 130.000000 14.095218 11.827292
v 130.000000 13.488154 12.515179
v 130.000000 12.847557 13.171950
v 130.000000 12.175019 13.795974
v 130.000000 11.472213 14.385699
v 130.000000 10.740884 14.939659
v 130.000000 9.982851 15.456477
v 130.000000 9.200000 15.934868
v 130.000000 8.394276 16.373642
v 130.000000 7.567683 16.771708
v 130.000000 6.722275 17.128077
v 130.000000 5.860154 17.441864
v 130.000000 4.983465 17.712286
v 130.000000 4.094385 17.938673
v 130.000000 3.195127 18.120462
v 130.000000 2.287924 18.257202
v 130.000000 1.375034 18.348551
v 130.000000 0.458725 18.394281
v 130.000000 -0.458725 18.394281
v 130.000000 -1.375034 18.348551
v 130.000000 -2.287924 18.257202
v 130.000000 -3.195127 18.120462
v 130.000000 -4.094385 17.938673
v 130.000000 -4.983465 17.712286
v 130.000000 -5.860154 17.441864
v 130.000000 -6.722275 17.128077
v 130.000000 -7.567683 16.771708
v 130.000000 -8.394276 16.373642
v 130.000000 -9.200000 15.934868
v 130.000000 -9.982851 15.456477
v 130.000000 -10.740884 14.939659
v 130.000000 -11.472213 14.385699
v 130.000000 -12.175019 13.795974
v 130.000000 -12.847557 13.171950
v 130.000000 -13.488154 12.515179
v 130.000000 -14.095218 11.827292
v 130.000000 -14.667238 11.110002
v 130.000000 -15.202793 10.365089
v 130.000000 -15.700552 9.594408
v 130.000000 -16.159277 8.799873
v 130.000000 -16.577827 7.983461
v 130.000000 -16.955162 7.147200
v 130.000000 -17.290344 6.293170
v 130.000000 -17.582541 5.423495
v 130.000000 -17.831022 4.540336
v 130.000000 -18.035173 3.645889
v 130.000000 -18.194487 2.742378
v 130.000000 -18.308567 1.832048
v 130.000000 -18.377127 0.917164
v 130.000000 -18.400000 -0.000000
v 130.000000 -18.377127 -0.917164
v 130.000000 -18.308567 -1.832048
v 130.000000 -18.194487 -2.742378
v 130.000000 -18.035173 -3.645889
v 130.000000 -17.831022 -4.540336
v 130.000000 -17.582541 -5.423495
v 130.000000 -17.290344 -6.293170
v 130.000000 -16.955162 -7.147200
v 130.000000 -16.577827 -7.983461
v 130.000000 -16.159277 -8.799873
v 130.000000 -15.700552 -9.594408
v 130.000000 -15.202793 -10.365089
v 130.000000 -14.667238 -11.110002
v 130.000000 -14.095218 -11.827292
v 130.000000 -13.488154 -12.515179
v 130.000000 -12.847557 -13.171950
v 130.000000 -12.175019 -13.795974
v 130.000000 -11.472213 -14.385699
v 130.000000 -10.740884 -14.939659
v 130.000000 -9.982851 -15.456477
v 130.000000 -9.200000 -15.934868
v 130.000000 -8.394276 -16.373642
v 130.000000 -7.567683 -16.771708
v 130.000000 -6.722275 -17.128077
v 130.000000 -5.860154 -17.441864
v 130.000000 -4.983465 -17.712286
v 130.000000 -4.094385 -17.938673
v 130.000000 -3.195127 -18.120462
v 130.000000 -2.287924 -18.257202
v 130.000000 -1.375034 -18.348551
v 130.000000 -0.458725 -18.394281
v 130.000000 0.458725 -18.394281
v 130.000000 1.375034 -18.348551
v 130.000000 2.287924 -18.257202
v 130.000000 3.195127 -18.120462
v 130.000000 4.094385 -17.938673
v 130.000000 4.983465 -17.712286
v 130.000000 5.860154 -17.441864
v 130.000000 6.722275 -17.128077
v 130.000000 7.567683 -16.771708
v 130.000000 8.394276 -16.373642
v 130.000000 9.200000 -15.934868
v 130.000000 9.982851 -15.456477
v 130.000000 10.740884 -14.939659
v 130.000000 11.472213 -14.385699
v 130.000000 12.175019 -13.795974
v 130.000000 12.847557 -13.171950
v 130.000000 13.488154 -12.515179
v 130.000000 14.095218 -11.827292
v 130.000000 14.667238 -11.110002
v 130.000000 15.202793 -10.365089
v 130.000000 15.700552 -9.594408
v 130.000000 16.159277 -8.799873
v 130.000000 16.577827 -7.983461
v 130.000000 16.955162 -7.147200
v 130.000000 17.290344 -6.293170
v 130.000000 17.582541 -5.423495
v 130.000000 17.831022 -4.540336
v 130.000000 18.035173 -3.645889
v 130.000000 18.194487 -2.742378
v 130.000000 18.308567 -1.832048
v 130.000000 18.377127 -0.917164
v 130.000000 -12.022051 -11.154833
v 130.000000 -11.451084 -11.740216
v 130.000000 -10.851647 -12.296412
v 130.000000 -12.563128 -10.541717
v 130.000000 -10.225233 -12.822037
v 130.000000 -13.072973 -9.902392
v 130.000000 -9.573397 -13.315784
v 130.000000 -13.550316 -9.238449
v 130.000000 -8.897758 -13.776425
v 130.000000 -13.993971 -8.551538
v 130.000000 -8.200000 -14.202817
v 130.000000 -14.402834 -7.843365
v 130.000000 -7.481855 -14.593898
v 130.000000 -14.775889 -7.115693
v 130.000000 -6.745109 -14.948696
v 130.000000 -15.112210 -6.370331
v 130.000000 -5.991593 -15.266330
v 130.000000 -15.410959 -5.609130
v 130.000000 -5.223181 -15.546008
v 130.000000 -15.671394 -4.833985
v 130.000000 -4.441784 -15.787038
v 130.000000 -15.892867 -4.046821
v 130.000000 -3.649343 -15.988818
v 130.000000 -16.074829 -3.249597
v 130.000000 -2.847830 -16.150846
v 130.000000 -16.216825 -2.444293
v 130.000000 -2.039237 -16.272722
v 130.000000 -16.318504 -1.632913
v 130.000000 -1.225574 -16.354143
v 130.000000 -16.379614 -0.817473
v 130.000000 -0.408863 -16.394903
v 130.000000 -16.400000 -0.000000
v 130.000000 0.408863 -16.394903
v 130.000000 -16.379614 0.817473
v 130.000000 1.225574 -16.354143
v 130.000000 -16.318504 1.632913
v 130.000000 2.039237 -16.272722
v 130.000000 -16.216825 2.444293
v 130.000000 2.847830 -16.150846
v 130.000000 -16.074829 3.249597
v 130.000000 3.649343 -15.988818
v 130.000000 -15.892867 4.046821
v 130.000000 4.441784 -15.787038
v 130.000000 -15.671394 4.833985
v 130.000000 5.223181 -15.546008
v 130.000000 -15.410959 5.609130
v 130.000000 5.991593 -15.266330
v 130.000000 -15.112210 6.370331
v 130.000000 6.745109 -14.948696
v 130.000000 -14.775889 7.115693
v 130.000000 7.481855 -14.593898
v 130.000000 -14.402834 7.843365
v 130.000000 8.200000 -14.202817
v 130.000000 -13.993971 8.551538
v 130.000000 8.897758 -13.776425
v 130.000000 -13.550316 9.238449
v 130.000000 9.573397 -13.315784
v 130.000000 -13.072973 9.902392
v 130.000000 10.225233 -12.822037
v 130.000000 -12.563128 10.541717
v 130.000000 10.851647 -12.296412
v 130.000000 -12.022051 11.154833
v 130.000000 11.451084 -11.740216
v 130.000000 -11.451084 11.740216
v 130.000000 12.022051 -11.154833
v 130.000000 -10.851647 12.296412
v 130.000000 12.563128 -10.541717
v 130.000000 -10.225233 12.822037
v 130.000000 13.072973 -9.902392
v 130.000000 -9.573397 13.315784
v 130.000000 13.550316 -9.238449
v 130.000000 -8.897758 13.776425
v 130.000000 13.993971 -8.551538
v 130.000000 14.402834 -7.843365
v 130.000000 -8.200000 14.202817
v 130.000000 14.775889 -7.115693
v 130.000000 -7.481855 14.593898
v 130.000000 15.112210 -6.370331
v 130.000000 -6.745109 14.948696
v 130.000000 15.410959 -5.609130
v 130.000000 -5.991593 15.266330
v 130.000000 -5.223181 15.546008
v 130.000000 -4.441784 15.787038
v 130.000000 15.671394 -4.833985
v 130.000000 15.892867 -4.046821
v 130.000000 16.074829 -3.249597
v 130.000000 -3.649343 15.988818
v 130.000000 -2.847830 16.150846
v 130.000000 -2.039237 16.272722
v 130.000000 16.216825 -2.444293
v 130.000000 16.318504 -1.632913
v 130.000000 -1.225574 16.354143
v 130.000000 -0.408863 16.394903
v 130.000000 16.379614 -0.817473
v 130.000000 16.400000 0.000000
v 130.000000 0.408863 16.394903
v 130.000000 16.379614 0.817473
v 130.000000 16.318504 1.632913
v 130.000000 1.225574 16.354143
v 130.000000 16.216825 2.444293
v 130.000000 2.039237 16.272722
v 130.000000 2.847830 16.150846
v 130.000000 16.074829 3.249597
v 130.000000 3.649343 15.988818
v 130.000000 15.892867 4.046821
v 130.000000 4.441784 15.787038
v 130.000000 5.223181 15.546008
v 130.000000 15.671394 4.833985
v 130.000000 15.410959 5.609130
v 130.000000 15.112210 6.370331
v 130.000000 5.991593 15.266330
v 130.000000 14.775889 7.115693
v 130.000000 6.745109 14.948696
v 130.000000 7.481855 14.593898
v 130.000000 14.402834 7.843365
v 130.000000 8.200000 14.202817
v 130.000000 13.993971 8.551538
v 130.000000 8.897758 13.776425
v 130.000000 13.550316 9.238449
v 130.000000 9.573397 13.315784
v 130.000000 13.072973 9.902392
v 130.000000 10.225233 12.822037
v 130.000000 10.851647 12.296412
v 130.000000 12.563128 10.541717
v 130.000000 12.022051 11.154833
v 130.000000 11.451084 11.740216
v 118.699997 16.379614 0.817473
v 118.699997 16.400000 0.000000
v 118.699997 16.318504 1.632913
v 118.699997 16.216825 2.444293
v 118.699997 16.074829 3.249597
v 118.699997 15.892867 4.046821
v 118.699997 15.671394 4.833985
v 118.699997 15.410959 5.609130
v 118.699997 15.112210 6.370331
v 118.699997 14.775889 7.115693
v 118.699997 14.402834 7.843365
v 118.699997 13.993971 8.551538
v 118.699997 13.550316 9.238449
v 118.699997 13.072973 9.902392
v 118.699997 12.563128 10.541717
v 118.699997 12.022051 11.154833
v 118.699997 11.451084 11.740216
v 118.699997 10.851647 12.296412
v 118.699997 10.225233 12.822037
v 118.699997 9.573397 13.315784
v 118.699997 8.897758 13.776425
v 118.699997 8.200000 14.202817
v 118.699997 7.481855 14.593898
v 118.699997 6.745109 14.948696
v 118.699997 5.991593 15.266330
v 118.699997 5.223181 15.546008
v 118.699997 4.441784 15.787038
v 118.699997 3.649343 15.988818
v 118.699997 2.847830 16.150846
v 118.699997 2.039237 16.272722
v 118.699997 1.225574 16.354143
v 118.699997 0.408863 16.394903
v 118.699997 -0.408863 16.394903
v 118.699997 -1.225574 16.354143
v 118.699997 -2.039237 16.272722
v 118.699997 -2.847830 16.150846
v 118.699997 -3.649343 15.988818
v 118.699997 -4.441784 15.787038
v 118.699997 -5.223181 15.546008
v 118.699997 -5.991593 15.266330
v 118.699997 -6.745109 14.948696
v 118.699997 -7.481855 14.593898
v 118.699997 -8.200000 14.202817
v 118.699997 -8.897758 13.776425
v 118.699997 -9.573397 13.315784
v 118.699997 -10.225233 12.822037
v 118.699997 -10.851647 12.296412
v 118.699997 -11.451084 11.740216
v 118.699997 -12.022051 11.154833
v 118.699997 -12.563128 10.541717
v 118.699997 -13.072973 9.902392
v 118.699997 -13.550316 9.238449
v 118.699997 -13.993971 8.551538
v 118.699997 -14.402834 7.843365
v 118.699997 -14.775889 7.115693
v 118.699997 -15.112210 6.370331
v 118.699997 -15.410959 5.609130
v 118.699997 -15.671394 4.833985
v 118.699997 -15.892867 4.046821
v 118.699997 -16.074829 3.249597
v 118.699997 -16.216825 2.444293
v 118.699997 -16.318504 1.632913
v 118.699997 -16.379614 0.817473
v 118.699997 -16.400000 -0.000000
v 118.699997 -16.379614 -0.817473
v 118.699997 -16.318504 -1.632913
v 118.699997 -16.216825 -2.444293
v 118.699997 -16.074829 -3.249597
v 118.699997 -15.892867 -4.046821
v 118.699997 -15.671394 -4.833985
v 118.699997 -15.410959 -5.609130
v 118.699997 -15.112210 -6.370331
v 118.699997 -14.775889 -7.115693
v 118.699997 -14.402834 -7.843365
v 118.699997 -13.993971 -8.551538
v 118.699997 -13.550316 -9.238449
v 118.699997 -13.072973 -9.902392
v 118.699997 -12.563128 -10.541717
v 118.699997 -12.022051 -11.154833
v 118.699997 -11.451084 -11.740216
v 118.699997 -10.851647 -12.296412
v 118.699997 -10.225233 -12.822037
v 118.699997 -9.573397 -13.315784
v 118.699997 -8.897758 -13.776425
v 118.699997 -8.200000 -14.202817
v 118.699997 -7.481855 -14.593898
v 118.699997 -6.745109 -14.948696
v 118.699997 -5.991593 -15.266330
v 118.699997 -5.223181 -15.546008
v 118.699997 -4.441784 -15.787038
v 118.699997 -3.649343 -15.988818
v 118.699997 -2.847830 -16.150846
v 118.699997 -2.039237 -16.272722
v 118.699997 -1.225574 -16.354143
v 118.699997 -0.408863 -16.394903
v 118.699997 0.408863 -16.394903
v 118.699997 1.225574 -16.354143
v 118.699997 2.039237 -16.272722
v 118.699997 2.847830 -16.150846
v 118.699997 3.649343 -15.988818
v 118.699997 4.441784 -15.787038
v 118.699997 5.223181 -15.546008
v 118.699997 5.991593 -15.266330
v 118.699997 6.745109 -14.948696
v 118.699997 7.481855 -14.593898
v 118.699997 8.200000 -14.202817
v 118.699997 8.897758 -13.776425
v 118.699997 9.573397 -13.315784
v 118.699997 10.225233 -12.822037
v 118.699997 10.851647 -12.296412
v 118.699997 11.451084 -11.740216
v 118.699997 12.022051 -11.154833
v 118.699997 12.563128 -10.541717
v 118.699997 13.072973 -9.902392
v 118.699997 13.550316 -9.238449
v 118.699997 13.993971 -8.551538
v 118.699997 14.402834 -7.843365
v 118.699997 14.775889 -7.115693
v 118.699997 15.112210 -6.370331
v 118.699997 15.410959 -5.609130
v 118.699997 15.671394 -4.833985
v 118.699997 15.892867 -4.046821
v 118.699997 16.074829 -3.249597
v 118.699997 16.216825 -2.444293
v 118.699997 16.318504 -1.632913
v 118.699997 16.379614 -0.817473
v 118.699997 13.648834 -13.993458
v 118.699997 12.934351 -14.656402
v 118.699997 14.329384 -13.295725
v 118.699997 12.187711 -15.282907
v 118.699997 14.974308 -12.564937
v 118.699997 11.410771 -15.871416
v 118.699997 15.582005 -11.802910
v 118.699997 16.150961 -11.011539
v 118.699997 16.679764 -10.192792
v 118.699997 10.605462 -16.420465
v 118.699997 9.773786 -16.928694
v 118.699997 8.917810 -17.394833
v 118.699997 17.167099 -9.348703
v 118.699997 8.039664 -17.817726
v 118.699997 17.611753 -8.481373
v 118.699997 18.012621 -7.592957
v 118.699997 7.141530 -18.196321
v 118.699997 6.225640 -18.529676
v 118.699997 18.368708 -6.685663
v 118.699997 18.679127 -5.761748
v 118.699997 18.943108 -4.823508
v 118.699997 5.294273 -18.816965
v 118.699997 4.349744 -19.057472
v 118.699997 3.394400 -19.250599
v 118.699997 19.159992 -3.873276
v 118.699997 19.329241 -2.913414
v 118.699997 2.430617 -19.395866
v 118.699997 1.460792 -19.492912
v 118.699997 19.450436 -1.946310
v 118.699997 19.523272 -0.974366
v 118.699997 0.487334 -19.541494
v 118.699997 19.547571 0.000000
v 118.699997 -0.487334 -19.541494
v 118.699997 19.523272 0.974366
v 118.699997 -1.460792 -19.492912
v 118.699997 19.450436 1.946310
v 118.699997 -2.430617 -19.395866
v 118.699997 19.329241 2.913414
v 118.699997 -3.394400 -19.250599
v 118.699997 -4.349744 -19.057472
v 118.699997 19.159992 3.873276
v 118.699997 18.943108 4.823508
v 118.699997 -5.294273 -18.816965
v 118.699997 -6.225640 -18.529676
v 118.699997 18.679127 5.761748
v 118.699997 18.368708 6.685663
v 118.699997 18.012621 7.592957
v 118.699997 -7.141530 -18.196321
v 118.699997 -8.039664 -17.817726
v 118.699997 17.611753 8.481373
v 118.699997 -8.917810 -17.394833
v 118.699997 -9.773786 -16.928694
v 118.699997 17.167099 9.348703
v 118.699997 -10.605462 -16.420465
v 118.699997 16.679764 10.192792
v 118.699997 16.150961 11.011539
v 118.699997 -11.410771 -15.871416
v 118.699997 15.582005 11.802910
v 118.699997 -12.187711 -15.282907
v 118.699997 14.974308 12.564937
v 118.699997 -12.934351 -14.656402
v 118.699997 14.329384 13.295725
v 118.699997 -13.648834 -13.993458
v 118.699997 13.648834 13.993458
v 118.699997 -14.329384 -13.295725
v 118.699997 12.934351 14.656402
v 118.699997 -14.974308 -12.564937
v 118.699997 12.187711 15.282907
v 118.699997 -15.582005 -11.802910
v 118.699997 11.410771 15.871416
v 118.699997 -16.150961 -11.011539
v 118.699997 10.605462 16.420465
v 118.699997 -16.679764 -10.192792
v 118.699997 9.773786 16.928694
v 118.699997 -17.167099 -9.348703
v 118.699997 8.917810 17.394833
v 118.699997 -17.611753 -8.481373
v 118.699997 8.039664 17.817726
v 118.699997 -18.012621 -7.592957
v 118.699997 7.141530 18.196321
v 118.699997 -18.368708 -6.685663
v 118.699997 6.225640 18.529676
v 118.699997 -18.679127 -5.761748
v 118.699997 5.294273 18.816965
v 118.699997 -18.943108 -4.823508
v 118.699997 4.349744 19.057472
v 118.699997 -19.159992 -3.873276
v 118.699997 3.394400 19.250599
v 118.699997 -19.329241 -2.913414
v 118.699997 2.430617 19.395866
v 118.699997 -19.450436 -1.946310
v 118.699997 1.460792 19.492912
v 118.699997 -19.523272 -0.974366
v 118.699997 0.487334 19.541494
v 118.699997 -19.547571 -0.000000
v 118.699997 -0.487334 19.541494
v 118.699997 -19.523272 0.974366
v 118.699997 -1.460792 19.492912
v 118.699997 -19.450436 1.946310
v 118.699997 -2.430617 19.395866
v 118.699997 -19.329241 2.913414
v 118.699997 -3.394400 19.250599
v 118.699997 -19.159992 3.873276
v 118.699997 -4.349744 19.057472
v 118.699997 -18.943108 4.823508
v 118.699997 -5.294273 18.816965
v 118.699997 -18.679127 5.761748
v 118.699997 -6.225640 18.529676
v 118.699997 -18.368708 6.685663
v 118.699997 -7.141530 18.196321
v 118.699997 -18.012621 7.592957
v 118.699997 -8.039664 17.817726
v 118.699997 -17.611753 8.481373
v 118.699997 -8.917810 17.394833
v 118.699997 -17.167099 9.348703
v 118.699997 -9.773786 16.928694
v 118.699997 -16.679764 10.192792
v 118.699997 -10.605462 16.420465
v 118.699997 -16.150961 11.011539
v 118.699997 -11.410771 15.871416
v 118.699997 -15.582005 11.802910
v 118.699997 -12.187711 15.282907
v 118.699997 -14.974308 12.564937
v 118.699997 -12.934351 14.656402
v 118.699997 -14.329384 13.295725
v 118.699997 -13.648834 13.993458
v 13.417105 3.235304 0.000000
v 22.000921 5.810199 0.581398
v 13.417105 3.219227 0.322132
v 22.000921 5.839215 0.000000
v 22.000921 5.723438 1.157018
v 13.417105 3.171156 0.641063
v 22.000921 5.579795 1.721139
v 13.417105 3.091568 0.953622
v 22.000921 5.380698 2.268154
v 13.417105 2.981255 1.256704
v 22.000921 5.128125 2.792628
v 13.417105 2.841313 1.547297
v 13.417105 2.673133 1.822511
v 22.000921 4.824586 3.289347
v 22.000921 4.473098 3.753375
v 13.417105 2.478386 2.079613
v 22.000921 4.077155 4.180100
v 13.417105 2.259008 2.316047
v 22.000921 3.640691 4.565282
v 13.417105 2.017179 2.529462
v 22.000921 3.168044 4.905092
v 13.417105 1.755302 2.717739
v 22.000921 2.663912 5.196153
v 13.417105 1.475980 2.879005
v 33.333195 8.867431 0.887320
v 33.333195 8.911716 0.000000
v 22.000921 2.133305 5.435572
v 13.417105 1.181989 3.011659
v 33.333195 8.735019 1.765822
v 13.417105 0.876251 3.114382
v 22.000921 1.581496 5.620970
v 13.417105 0.561805 3.186152
v 33.333195 8.515793 2.626774
v 22.000921 1.013969 5.750504
v 33.333195 8.211934 3.461620
v 13.417105 0.241775 3.226257
v 22.000921 0.436365 5.822887
v 13.417105 -0.080658 3.234298
v 33.333195 7.826461 4.262064
v 22.000921 -0.145576 5.837400
v 33.333195 7.363205 5.020148
v 22.000921 -0.726070 5.793898
v 13.417105 -0.402290 3.210195
v 33.333195 6.826770 5.728340
v 22.000921 -1.299348 5.692813
v 13.417105 -0.719923 3.154188
v 33.333195 6.222488 6.379601
v 22.000921 -1.859712 5.535151
v 13.417105 -1.030401 3.066833
v 33.333195 5.556364 6.967460
v 22.000921 -2.401594 5.322479
v 13.417105 -1.330639 2.948998
v 33.333195 4.835018 7.486072
v 22.000921 -2.919607 5.056909
v 13.417105 -1.617652 2.801855
v 33.333195 4.065619 7.930285
v 22.000921 -3.408605 4.741081
v 13.417105 -1.888588 2.626866
v 13.417105 -2.140755 2.425770
v 44.769650 11.543957 1.155147
v 44.769650 11.601608 0.000000
v 56.297329 13.905107 0.000000
v 33.333195 3.255815 8.295682
v 22.000921 -3.863726 4.378134
v 44.769650 11.371576 2.298814
v 33.333195 2.413653 8.578633
v 13.417105 -2.371645 2.200565
v 22.000921 -4.280447 3.971675
v 13.417105 -2.578966 1.953491
v 44.769650 11.086181 3.419634
v 33.333195 1.547503 8.776326
v 22.000921 -4.654628 3.525744
v 44.769650 10.690605 4.506468
v 33.333195 0.665973 8.886797
v 13.417105 -2.760655 1.687001
v 22.000921 -4.982549 3.044772
v 13.417105 -2.914908 1.403746
v 44.769650 10.188783 5.548515
v 33.333195 -0.222175 8.908945
v 22.000921 -5.260951 2.533540
v 44.769650 9.585698 6.535419
v 33.333195 -1.108116 8.842553
v 22.000921 -5.487067 1.997129
v 13.417105 -3.040191 1.106539
v 44.769650 8.887347 7.457370
v 33.333195 -1.983043 8.688280
v 22.000921 -5.658650 1.440869
v 13.417105 -3.135259 0.798335
v 13.417105 -3.199168 0.482197
v 44.769650 8.100670 8.305206
v 33.333195 -2.838262 8.447659
v 22.000921 -5.773996 0.870290
v 44.769650 7.233484 9.070502
v 33.333195 -3.665274 8.123081
v 22.000921 -5.831956 0.291061
v 13.417105 -3.231282 0.161267
v 44.769650 6.294409 9.745651
v 33.333195 -4.455858 7.717772
v 22.000921 -5.831956 -0.291061
v 13.417105 -3.231282 -0.161267
v 44.769650 5.292777 10.323944
v 33.333195 -5.202157 7.235761
v 22.000921 -5.773996 -0.870290
v 13.417105 -3.199168 -0.482197
v 44.769650 4.238544 10.799632
v 56.297329 13.836010 1.384502
v 33.333195 -5.896756 6.681837
v 22.000921 -5.658650 -1.440869
v 13.417105 -3.135259 -0.798335
v 44.769650 3.142185 11.167989
v 56.297329 13.629404 2.755243
v 33.333195 -6.532750 6.061506
v 22.000921 -5.487067 -1.997129
v 13.417105 -3.040191 -1.106539
v 44.769650 2.014598 11.425353
v 56.297329 13.287342 4.098602
v 33.333195 -7.103818 5.380933
v 22.000921 -5.260951 -2.533540
v 13.417105 -2.914908 -1.403746
v 13.417105 -2.760655 -1.687001
v 44.769650 0.866989 11.569167
v 56.297329 12.813226 5.401227
v 33.333195 -7.604286 4.646882
v 22.000921 -4.982549 -3.044772
v 44.769650 -0.289236 11.598001
v 56.297329 12.211765 6.650173
v 33.333195 -8.029179 3.866648
v 22.000921 -4.654628 -3.525744
v 13.417105 -2.578966 -1.953491
v 13.417105 -2.371645 -2.200565
v 44.769650 -1.442587 11.511570
v 56.297329 11.488939 7.833026
v 33.333195 -8.374273 3.047986
v 22.000921 -4.280447 -3.971675
v 44.769650 -2.581601 11.310731
v 56.297329 10.651930 8.938031
v 33.333195 -8.636141 2.199032
v 13.417105 -2.140755 -2.425770
v 22.000921 -3.863726 -4.378134
v 13.417105 -1.888588 -2.626866
v 44.769650 -3.694957 10.997481
v 56.297329 9.709058 9.954206
v 33.333195 -8.812179 1.328222
v 22.000921 -3.408605 -4.741081
v 44.769650 -4.771592 10.574933
v 56.297329 8.669693 10.871450
v 33.333195 -8.900638 0.444212
v 22.000921 -2.919607 -5.056909
v 13.417105 -1.617652 -2.801855
v 13.417105 -1.330639 -2.948998
v 44.769650 -5.800804 10.047287
v 56.297329 7.544164 11.680651
v 33.333195 -8.900638 -0.444212
v 22.000921 -2.401594 -5.322479
v 44.769650 -6.772365 9.419786
v 56.297329 6.343658 12.373763
v 33.333195 -8.812179 -1.328222
v 22.000921 -1.859712 -5.535151
v 13.417105 -1.030401 -3.066833
v 44.769650 -7.676620 8.698668
v 56.297329 5.080106 12.943899
v 33.333195 -8.636141 -2.199032
v 67.903099 15.740261 1.575051
v 67.903099 15.818869 0.000000
v 22.000921 -1.299348 -5.692813
v 13.417105 -0.719923 -3.154188
v 44.769650 -8.504580 7.891098
v 56.297329 3.766066 13.385393
v 33.333195 -8.374273 -3.047986
v 67.903099 15.505220 3.134448
v 22.000921 -0.726070 -5.793898
v 13.417105 -0.402290 -3.210195
v 44.769650 -9.248018 7.005102
v 56.297329 2.414597 13.693857
v 33.333195 -8.029179 -3.866648
v 67.903099 15.116081 4.662694
v 22.000921 -0.145576 -5.837400
v 13.417105 -0.080658 -3.234298
v 13.417105 0.241775 -3.226257
v 44.769650 -9.899547 6.049487
v 56.297329 1.039130 13.866226
v 33.333195 -7.604286 -4.646882
v 67.903099 14.576712 6.144599
v 22.000921 0.436365 -5.822887
v 44.769650 -10.452687 5.033749
v 56.297329 -0.346664 13.900785
v 33.333195 -7.103818 -5.380933
v 67.903099 13.892472 7.565437
v 22.000921 1.013969 -5.750504
v 13.417105 0.561805 -3.186152
v 44.769650 -10.901945 3.967983
v 56.297329 -1.729013 13.797193
v 33.333195 -6.532750 -6.061506
v 67.903099 13.070163 8.911086
v 22.000921 1.581496 -5.620970
v 13.417105 0.876251 -3.114382
v 44.769650 -11.242855 2.862782
v 56.297329 -3.094177 13.556478
v 33.333195 -5.896756 -6.681837
v 67.903099 12.117956 10.168173
v 22.000921 2.133305 -5.435572
v 13.417105 1.181989 -3.011659
v 13.417105 1.475980 -2.879005
v 44.769650 -11.472028 1.729130
v 56.297329 -4.428591 13.181031
v 33.333195 -5.202157 -7.235761
v 67.903099 11.045317 11.324203
v 22.000921 2.663912 -5.196153
v 44.769650 -11.587186 0.578292
v 56.297329 -5.718991 12.674586
v 33.333195 -4.455858 -7.717772
v 67.903099 9.862904 12.367690
v 22.000921 3.168044 -4.905092
v 13.417105 1.755302 -2.717739
v 13.417105 2.017179 -2.529462
v 44.769650 -11.587186 -0.578292
v 56.297329 -6.952554 12.042176
v 33.333195 -3.665274 -8.123081
v 67.903099 8.582468 13.288260
v 22.000921 3.640691 -4.565282
v 44.769650 -11.472028 -1.729130
v 56.297329 -8.117019 11.290085
v 33.333195 -2.838262 -8.447659
v 67.903099 7.216737 14.076765
v 22.000921 4.077155 -4.180100
v 13.417105 2.259008 -2.316047
v 44.769650 -11.242855 -2.862782
v 56.297329 -9.200812 10.425788
v 33.333195 -1.983043 -8.688280
v 67.903099 5.779282 14.725369
v 79.573761 17.253839 1.726507
v 79.573761 17.340006 0.000000
v 91.296013 18.466082 0.000000
v 22.000921 4.473098 -3.753375
v 13.417105 2.478386 -2.079613
v 44.769650 -10.901945 -3.967983
v 56.297329 -10.193165 9.457875
v 33.333195 -1.108116 -8.842553
v 67.903099 4.284390 15.227627
v 79.573761 16.996197 3.435855
v 22.000921 4.824586 -3.289347
v 13.417105 2.673133 -1.822511
v 44.769650 -10.452687 -5.033749
v 56.297329 -11.084213 8.395966
v 33.333195 -0.222175 -8.908945
v 67.903099 2.746918 15.578545
v 79.573761 16.569637 5.111056
v 22.000921 5.128125 -2.792628
v 13.417105 2.841313 -1.547297
v 13.417105 2.981255 -1.256704
v 44.769650 -9.899547 -6.049487
v 56.297329 -11.865101 7.250612
v 33.333195 0.665973 -8.886797
v 67.903099 1.182146 15.774636
v 79.573761 15.978402 6.735462
v 22.000921 5.380698 -2.268154
v 13.417105 3.091568 -0.953622
v 44.769650 -9.248018 -7.005102
v 56.297329 -12.528069 6.033200
v 33.333195 1.547503 -8.776326
v 67.903099 -0.394375 15.813952
v 79.573761 15.228367 8.292927
v 22.000921 5.579795 -1.721139
v 44.769650 -8.504580 -7.891098
v 56.297329 -13.066526 4.755827
v 33.333195 2.413653 -8.578633
v 67.903099 -1.966977 15.696102
v 79.573761 14.326985 9.767973
v 22.000921 5.723438 -1.157018
v 13.417105 3.171156 -0.641063
v 44.769650 -7.676620 -8.698668
v 56.297329 -13.475123 3.431188
v 33.333195 3.255815 -8.295682
v 67.903099 -3.520030 15.422256
v 79.573761 13.283215 11.145941
v 22.000921 5.810199 -0.581398
v 13.417105 3.219227 -0.322132
v 44.769650 -6.772365 -9.419786
v 56.297329 -13.749799 2.072449
v 33.333195 4.065619 -7.930285
v 67.903099 -5.038098 14.995138
v 79.573761 12.107430 12.413136
v 44.769650 -5.800804 -10.047287
v 56.297329 -13.887822 0.693112
v 33.333195 4.835018 -7.486072
v 67.903099 -6.506097 14.418992
v 79.573761 10.811316 13.556962
v 44.769650 -4.771592 -10.574933
v 56.297329 -13.887822 -0.693112
v 33.333195 5.556364 -6.967460
v 67.903099 -7.909434 13.699542
v 79.573761 9.407755 14.566054
v 44.769650 -3.694957 -10.997481
v 56.297329 -13.749799 -2.072449
v 33.333195 6.222488 -6.379601
v 67.903099 -9.234164 12.843941
v 79.573761 7.910696 15.430382
v 44.769650 -2.581601 -11.310731
v 56.297329 -13.475123 -3.431188
v 33.333195 6.826770 -5.728340
v 67.903099 -10.467121 11.860690
v 79.573761 6.335015 16.141356
v 91.296013 18.374319 1.838628
v 44.769650 -1.442587 -11.511570
v 56.297329 -13.066526 -4.755827
v 33.333195 7.363205 -5.020148
v 67.903099 -11.596051 10.759563
v 79.573761 4.696375 16.691910
v 91.296013 18.099945 3.658983
v 44.769650 -0.289236 -11.598001
v 56.297329 -12.528069 -6.033200
v 33.333195 7.826461 -4.262064
v 67.903099 -12.609735 9.551503
v 79.573761 3.011060 17.076572
v 91.296013 17.645685 5.442973
v 44.769650 0.866989 -11.569167
v 56.297329 -11.865101 -7.250612
v 33.333195 8.211934 -3.461620
v 67.903099 -13.498096 8.248515
v 79.573761 1.295820 17.291519
v 91.296013 17.016056 7.172869
v 44.769650 2.014598 -11.425353
v 56.297329 -11.084213 -8.395966
v 33.333195 8.515793 -2.626774
v 67.903099 -14.252309 6.863550
v 79.573761 -0.432298 17.334616
v 91.296013 16.217312 8.831477
v 44.769650 3.142185 -11.167989
v 56.297329 -10.193165 -9.457875
v 33.333195 8.735019 -1.765822
v 67.903099 -14.864875 5.410372
v 79.573761 -2.156121 17.205433
v 91.296013 15.257393 10.402314
v 44.769650 4.238544 -10.799632
v 56.297329 -9.200812 -10.425788
v 33.333195 8.867431 -0.887320
v 67.903099 -15.329706 3.903423
v 79.573761 -3.858514 16.905256
v 91.296013 14.145840 11.869769
v 44.769650 5.292777 -10.323944
v 56.297329 -8.117019 -11.290085
v 67.903099 -15.642185 2.357680
v 79.573761 -5.522560 16.437065
v 91.296013 12.893699 13.219256
v 44.769650 6.294409 -9.745651
v 56.297329 -6.952554 -12.042176
v 67.903099 -15.799205 0.788506
v 79.573761 -7.131721 15.805516
v 91.296013 11.513413 14.437365
v 44.769650 7.233484 -9.070502
v 56.297329 -5.718991 -12.674586
v 67.903099 -15.799205 -0.788506
v 79.573761 -8.670003 15.016886
v 91.296013 10.018703 15.511988
v 44.769650 8.100670 -8.305206
v 56.297329 -4.428591 -13.181031
v 67.903099 -15.642185 -2.357680
v 79.573761 -10.122119 14.079009
v 91.296013 8.424423 16.432446
v 44.769650 8.887347 -7.457370
v 56.297329 -3.094177 -13.556478
v 67.903099 -15.329706 -3.903423
v 102.581360 19.173409 0.000000
v 102.581360 19.078133 1.909055
v 79.573761 -11.473636 13.001210
v 91.296013 6.746418 17.189590
v 44.769650 9.585698 -6.535419
v 56.297329 -1.729013 -13.797193
v 67.903099 -14.864875 -5.410372
v 102.581360 18.793247 3.799137
v 79.573761 -12.711123 11.794199
v 91.296013 5.001362 17.775898
v 44.769650 10.188783 -5.548515
v 56.297329 -0.346664 -13.900785
v 67.903099 -14.252309 -6.863550
v 102.581360 18.321589 5.651462
v 79.573761 -13.822282 10.469972
v 91.296013 3.206602 18.185541
v 44.769650 10.690605 -4.506468
v 56.297329 1.039130 -13.866226
v 67.903099 -13.498096 -8.248515
v 102.581360 17.667841 7.447619
v 79.573761 -14.796068 9.041689
v 91.296013 1.379972 18.414448
v 44.769650 11.086181 -3.419634
v 56.297329 2.414597 -13.693857
v 67.903099 -12.609735 -9.551503
v 102.581360 16.838501 9.169759
v 79.573761 -15.622806 7.523546
v 91.296013 -0.460372 18.460342
v 44.769650 11.371576 -2.298814
v 56.297329 3.766066 -13.385393
v 67.903099 -11.596051 -10.759563
v 102.581360 15.841814 10.800766
v 79.573761 -16.294275 5.930631
v 91.296013 -2.296141 18.322771
v 44.769650 11.543957 -1.155147
v 56.297329 5.080106 -12.943899
v 67.903099 -10.467121 -11.860690
v 102.581360 14.687683 12.324430
v 79.573761 -16.803806 4.278775
v 91.296013 -4.109090 18.003099
v 56.297329 6.343658 -12.373763
v 67.903099 -9.234164 -12.843941
v 102.581360 13.387580 13.725608
v 79.573761 -17.146332 2.584394
v 91.296013 -5.881201 17.504503
v 56.297329 7.544164 -11.680651
v 67.903099 -7.909434 -13.699542
v 102.581360 11.954425 14.990375
v 79.573761 -17.318451 0.864328
v 91.296013 -7.594862 16.831942
v 56.297329 8.669693 -10.871450
v 67.903099 -6.506097 -14.418992
v 102.581360 10.402461 16.106161
v 79.573761 -17.318451 -0.864328
v 91.296013 -9.233041 15.992096
v 56.297329 9.709058 -9.954206
v 67.903099 -5.038098 -14.995138
v 102.581360 8.747113 17.061876
v 79.573761 -17.146332 -2.584394
v 91.296013 -10.779459 14.993314
v 56.297329 10.651930 -8.938031
v 67.903099 -3.520030 -15.422256
v 102.581360 7.004833 17.848022
v 79.573761 -16.803806 -4.278775
v 91.296013 -12.218745 13.845521
v 56.297329 11.488939 -7.833026
v 67.903099 -1.966977 -15.696102
v 102.581360 5.192935 18.456789
v 79.573761 -16.294275 -5.930631
v 91.296013 -13.536596 12.560125
v 56.297329 12.211765 -6.650173
v 67.903099 -0.394375 -15.813952
v 102.581360 3.329427 18.882122
v 79.573761 -15.622806 -7.523546
v 91.296013 -14.719914 11.149901
v 56.297329 12.813226 -5.401227
v 67.903099 1.182146 -15.774636
v 102.581360 1.432831 19.119797
v 79.573761 -14.796068 -9.041689
v 91.296013 -15.756940 9.628865
v 56.297329 13.287342 -4.098602
v 67.903099 2.746918 -15.578545
v 102.581360 -0.478006 19.167450
v 79.573761 -13.822282 -10.469972
v 91.296013 -16.637365 8.012133
v 56.297329 13.629404 -2.755243
v 67.903099 4.284390 -15.227627
v 102.581360 -2.384093 19.024609
v 79.573761 -12.711123 -11.794199
v 91.296013 -17.352442 6.315772
v 56.297329 13.836010 -1.384502
v 67.903099 5.779282 -14.725369
v 102.581360 -4.266485 18.692692
v 79.573761 -11.473636 -13.001210
v 91.296013 -17.895061 4.556643
v 67.903099 7.216737 -14.076765
v 102.581360 -6.106475 18.174999
v 79.573761 -10.122119 -14.079009
v 91.296013 -18.259830 2.752227
v 67.903099 8.582468 -13.288260
v 102.581360 -7.885776 17.476675
v 79.573761 -8.670003 -15.016886
v 91.296013 -18.443127 0.920458
v 67.903099 9.862904 -12.367690
v 102.581360 -9.586704 16.604660
v 79.573761 -7.131721 -15.805516
v 91.296013 -18.443127 -0.920458
v 67.903099 11.045317 -11.324203
v 102.581360 -11.192356 15.567619
v 79.573761 -5.522560 -16.437065
v 91.296013 -18.259830 -2.752227
v 67.903099 12.117956 -10.168173
v 102.581360 -12.686773 14.375861
v 79.573761 -3.858514 -16.905256
v 91.296013 -17.895061 -4.556643
v 67.903099 13.070163 -8.911086
v 102.581360 -14.055103 13.041230
v 79.573761 -2.156121 -17.205433
v 91.296013 -17.352442 -6.315772
v 67.903099 13.892472 -7.565437
v 102.581360 -15.283748 11.576989
v 79.573761 -0.432298 -17.334616
v 91.296013 -16.637365 -8.012133
v 67.903099 14.576712 -6.144599
v 102.581360 -16.360495 9.997690
v 79.573761 1.295820 -17.291519
v 91.296013 -15.756940 -9.628865
v 67.903099 15.116081 -4.662694
v 102.581360 -17.274645 8.319031
v 79.573761 3.011060 -17.076572
v 91.296013 -14.719914 -11.149901
v 67.903099 15.505220 -3.134448
v 102.581360 -18.017111 6.557692
v 79.573761 4.696375 -16.691910
v 91.296013 -13.536596 -12.560125
v 67.903099 15.740261 -1.575051
v 102.581360 -18.580515 4.731181
v 79.573761 6.335015 -16.141356
v 91.296013 -12.218745 -13.845521
v 102.581360 -18.959257 2.857648
v 79.573761 7.910696 -15.430382
v 91.296013 -10.779459 -14.993314
v 102.581360 -19.149574 0.955716
v 79.573761 9.407755 -14.566054
v 91.296013 -9.233041 -15.992096
v 102.581360 -19.149574 -0.955716
v 79.573761 10.811316 -13.556962
v 91.296013 -7.594862 -16.831942
v 102.581360 -18.959257 -2.857648
v 79.573761 12.107430 -12.413136
v 91.296013 -5.881201 -17.504503
v 102.581360 -18.580515 -4.731181
v 79.573761 13.283215 -11.145941
v 91.296013 -4.109090 -18.003099
v 102.581360 -18.017111 -6.557692
v 79.573761 14.326985 -9.767973
v 91.296013 -2.296141 -18.322771
v 102.581360 -17.274645 -8.319031
v 79.573761 15.228367 -8.292927
v 91.296013 -0.460372 -18.460342
v 102.581360 -16.360495 -9.997690
v 79.573761 15.978402 -6.735462
v 91.296013 1.379972 -18.414448
v 102.581360 -15.283748 -11.576989
v 79.573761 16.569637 -5.111056
v 91.296013 3.206602 -18.185541
v 102.581360 -14.055103 -13.041230
v 79.573761 16.996197 -3.435855
v 91.296013 5.001362 -17.775898
v 102.581360 -12.686773 -14.375861
v 79.573761 17.253839 -1.726507
v 91.296013 6.746418 -17.189590
v 102.581360 -11.192356 -15.567619
v 91.296013 8.424423 -16.432446
v 102.581360 -9.586704 -16.604660
v 91.296013 10.018703 -15.511988
v 102.581360 -7.885776 -17.476675
v 91.296013 11.513413 -14.437365
v 102.581360 -6.106475 -18.174999
v 91.296013 12.893699 -13.219256
v 102.581360 -4.266485 -18.692692
v 91.296013 14.145840 -11.869769
v 102.581360 -2.384093 -19.024609
v 91.296013 15.257393 -10.402314
v 102.581360 -0.478006 -19.167450
v 91.296013 16.217312 -8.831477
v 102.581360 1.432831 -19.119797
v 91.296013 17.016056 -7.172869
v 102.581360 3.329427 -18.882122
v 91.296013 17.645685 -5.442973
v 102.581360 5.192935 -18.456789
v 91.296013 18.099945 -3.658983
v 102.581360 7.004833 -17.848022
v 91.296013 18.374319 -1.838628
v 102.581360 8.747113 -17.061876
v 102.581360 10.402461 -16.106161
v 102.581360 11.954425 -14.990375
v 102.581360 13.387580 -13.725608
v 102.581360 14.687683 -12.324430
v 102.581360 15.841814 -10.800766
v 102.581360 16.838501 -9.169759
v 102.581360 17.667841 -7.447619
v 102.581360 18.321589 -5.651462
v 102.581360 18.793247 -3.799137
v 102.581360 19.078133 -1.909055
v 9.125197 1.832834 0.183403
v 3.720703 0.000000 0.000000
v 9.125197 1.821414 0.274534
v 9.125197 1.805466 0.364983
v 9.125197 1.785028 0.454524
v 9.125197 1.760153 0.542935
v 9.125197 1.730902 0.629997
v 9.125197 1.697348 0.715492
v 9.125197 1.659574 0.799209
v 9.125197 1.617673 0.880938
v 9.125197 1.350273 1.252870
v 10.555833 1.669359 1.601390
v 9.125197 1.286144 1.318618
v 10.555833 1.559274 1.708763
v 9.125197 1.218817 1.381088
v 10.555833 1.442299 1.808586
v 9.125197 1.148461 1.440124
v 9.125197 1.075249 1.495580
v 10.555833 1.318950 1.900415
v 9.125197 0.999364 1.547317
v 10.555833 1.189773 1.983847
v 9.125197 0.920994 1.595208
v 9.125197 0.840334 1.639133
v 10.555833 1.055337 2.058512
v 9.125197 0.757586 1.678983
v 10.555833 0.916239 2.124080
v 9.125197 0.672954 1.714658
v 10.555833 0.773091 2.180261
v 9.125197 0.586649 1.746071
v 10.555833 0.626527 2.226808
v 9.125197 0.498885 1.773142
v 9.125197 0.409881 1.795805
v 10.555833 0.477194 2.263514
v 9.125197 0.319858 1.814004
v 10.555833 0.325752 2.290217
v 9.125197 0.229040 1.827692
v 10.555833 0.172871 2.306799
v 9.125197 0.137652 1.836837
v 9.125197 0.045922 1.841415
v 10.555833 0.019226 2.313188
v 9.125197 -0.045922 1.841415
v 10.555833 -0.134505 2.309354
v 10.555833 -0.287640 2.295315
v 10.555833 -0.439505 2.271133
v 10.555833 -0.589427 2.236914
v 10.555833 -0.736745 2.192810
v 10.555833 -0.880807 2.139016
v 10.555833 -1.020976 2.075769
v 10.555833 -1.156634 2.003349
v 10.555833 -0.880807 -2.139016
v 10.555833 -1.020976 -2.075769
v 10.555833 -0.736745 -2.192810
v 10.555833 -0.589427 -2.236914
v 10.555833 -0.439505 -2.271133
v 10.555833 -0.287640 -2.295315
v 10.555833 -0.134505 -2.309354
v 10.555833 0.019226 -2.313188
v 9.125197 0.137652 -1.836837
v 10.555833 0.172871 -2.306799
v 9.125197 0.229040 -1.827692
v 9.125197 0.045922 -1.841415
v 10.555833 0.325752 -2.290217
v 9.125197 0.319858 -1.814004
v 10.555833 0.477194 -2.263514
v 9.125197 0.409881 -1.795805
v 10.555833 0.626527 -2.226808
v 9.125197 0.498885 -1.773142
v 9.125197 0.586649 -1.746071
v 10.555833 0.773091 -2.180261
v 9.125197 0.672954 -1.714658
v 10.555833 0.916239 -2.124080
v 9.125197 0.757586 -1.678983
v 10.555833 1.055337 -2.058512
v 9.125197 0.840334 -1.639133
v 9.125197 0.920994 -1.595208
v 10.555833 1.189773 -1.983847
v 9.125197 0.999364 -1.547317
v 10.555833 1.318950 -1.900415
v 9.125197 1.075249 -1.495580
v 10.555833 1.442299 -1.808586
v 9.125197 1.148461 -1.440124
v 9.125197 1.218817 -1.381088
v 10.555833 1.559274 -1.708763
v 9.125197 1.286144 -1.318618
v 10.555833 1.669359 -1.601390
v 9.125197 1.350273 -1.252870
v 9.125197 1.659574 -0.799209
v 9.125197 1.617673 -0.880938
v 9.125197 1.697348 -0.715492
v 9.125197 1.730902 -0.629997
v 9.125197 1.760153 -0.542935
v 9.125197 1.785028 -0.454524
v 9.125197 1.805466 -0.364983
v 9.125197 1.821414 -0.274534
v 9.125197 1.832834 -0.183403
v 105.261169 19.021503 3.191234
v 110.620789 19.453161 0.000000
v 106.601074 19.240461 1.925299
v 105.261169 18.767448 4.447967
v 106.601074 19.120575 2.881963
v 105.261169 18.430458 5.685044
v 106.601074 18.953154 3.831463
v 106.601074 18.738611 4.771437
v 112.258453 19.481241 0.485832
v 112.258453 19.463074 0.971362
v 112.258453 19.432808 1.456288
v 112.885406 19.430946 1.618652
v 112.258453 19.390461 1.940308
v 112.885406 19.366409 2.263608
v 112.258453 19.336061 2.423123
v 112.885406 19.280470 2.906063
v 112.258453 19.269642 2.904431
v 112.258453 19.191242 3.383934
v 112.885406 19.173223 3.545306
v 112.258453 19.100914 3.861333
v 112.885406 19.044790 4.180632
v 112.258453 18.998711 4.336332
v 112.885406 18.895311 4.811337
v 112.258453 18.884699 4.808635
v 112.885406 18.724949 5.436726
v 112.885406 18.533895 6.056106
v 108.224037 -16.287455 10.519553
v 108.224037 -16.791565 9.694614
v 108.224037 -17.253927 8.845572
v 108.224037 -17.673395 7.974540
v 108.224037 -18.048923 7.083681
v 108.224037 -18.379580 6.175210
v 108.224037 -18.664541 5.251388
v 108.224037 -18.903101 4.314509
v 108.224037 -19.094664 3.366904
v 108.224037 -19.238752 2.410928
v 108.224037 -19.335012 1.448959
v 108.224037 -19.383202 0.483387
v 108.224037 -19.383202 -0.483387
v 108.224037 -19.335012 -1.448959
v 108.224037 -19.238752 -2.410928
v 108.224037 -19.094664 -3.366904
v 108.224037 -18.903101 -4.314509
v 108.224037 -18.664541 -5.251388
v 108.224037 -18.379580 -6.175210
v 108.224037 -18.048923 -7.083681
v 108.224037 -17.673395 -7.974540
v 108.224037 -17.253927 -8.845572
v 108.224037 -16.791565 -9.694614
v 108.224037 -16.287455 -10.519553
v 105.261169 18.430458 -5.685044
v 105.261169 18.767448 -4.447967
v 105.261169 19.021503 -3.191234
v 106.601074 18.738611 -4.771437
v 106.601074 18.953154 -3.831463
v 106.601074 19.120575 -2.881963
v 106.601074 19.240461 -1.925299
v 112.885406 18.533895 -6.056106
v 112.885406 18.724949 -5.436726
v 112.258453 18.884699 -4.808635
v 112.885406 18.895311 -4.811337
v 112.258453 18.998711 -4.336332
v 112.885406 19.044790 -4.180632
v 112.258453 19.100914 -3.861333
v 112.885406 19.173223 -3.545306
v 112.258453 19.191242 -3.383934
v 112.258453 19.269642 -2.904431
v 112.885406 19.280470 -2.906063
v 112.258453 19.336061 -2.423123
v 112.885406 19.366409 -2.263608
v 112.258453 19.390461 -1.940308
v 112.258453 19.432808 -1.456288
v 112.258453 19.463074 -0.971362
v 112.885406 19.430946 -1.618652
v 112.258453 19.481241 -0.485832
v 6.979209 1.116570 0.111730
v 6.979209 1.113437 0.139532
v 6.979209 1.109612 0.167247
v 6.979209 1.105098 0.194859
v 6.979209 1.099896 0.222349
v 6.979209 1.094011 0.249701
v 6.979209 1.087446 0.276898
v 6.979209 1.080205 0.303922
v 6.979209 1.072292 0.330758
v 6.979209 1.063713 0.357388
v 6.979209 1.054472 0.383796
v 6.979209 1.044576 0.409966
v 6.979209 1.034031 0.435880
v 6.979209 1.022842 0.461524
v 6.979209 1.011018 0.486881
v 6.979209 0.998566 0.511935
v 6.979209 0.985493 0.536671
v 6.979209 0.971807 0.561073
v 9.125197 1.571751 0.960477
v 6.979209 0.957517 0.585126
v 6.979209 0.942631 0.608816
v 9.125197 1.521922 1.037629
v 6.979209 0.927160 0.632127
v 6.979209 0.911113 0.655045
v 9.125197 1.468308 1.112200
v 6.979209 0.894499 0.677557
v 9.125197 1.411044 1.184007
v 6.979209 0.877329 0.699646
v 6.979209 0.859613 0.721301
v 6.979209 0.841364 0.742508
v 6.979209 0.822591 0.763253
v 6.979209 0.803307 0.783523
v 7.694561 0.902425 1.022572
v 6.979209 0.783523 0.803307
v 9.840515 1.646341 1.268726
v 7.694561 0.867938 1.052002
v 7.694561 0.832492 1.080269
v 7.694561 0.796125 1.107343
v 7.694561 0.758879 1.133193
v 7.694561 0.720795 1.157791
v 7.694561 0.681914 1.181109
v 9.840515 -0.292690 2.057775
v 9.840515 -0.360925 2.046909
v 9.840515 -0.428762 2.033782
v 9.840515 -0.496124 2.018407
v 9.840515 -0.562938 2.000801
v 11.986469 -1.731866 2.171691
v 11.986469 -1.837963 2.082665
v 11.986469 -1.939490 1.988461
v 11.986469 -2.036196 1.889314
v 11.986469 -2.127839 1.785469
v 11.986469 -2.214193 1.677186
v 11.986469 -2.295041 1.564732
v 12.463347 -2.500986 1.528321
v 11.986469 -2.370183 1.448389
v 11.986469 -2.439433 1.328445
v 12.463347 -2.597002 1.358779
v 12.463347 -2.681540 1.183233
v 12.463347 -2.754229 1.002457
v 11.509590 -2.621674 -0.101733
v 12.463347 -2.654660 -1.242368
v 12.463347 -2.566252 -1.415998
v 11.986469 -2.320732 -1.526369
v 10.078955 -1.834235 -1.134883
v 12.463347 -2.466503 -1.583370
v 11.986469 -2.241764 -1.640151
v 11.986469 -2.157222 -1.749855
v 11.986469 -2.067318 -1.855208
v 11.986469 -1.972273 -1.955949
v 11.986469 -1.872326 -2.051828
v 11.986469 -1.767723 -2.142605
v 11.986469 -1.658726 -2.228055
v 11.986469 -1.545604 -2.307966
v 9.840515 -0.445649 -2.030148
v 9.840515 -0.377925 -2.043839
v 9.840515 -0.309782 -2.055271
v 9.840515 -0.241297 -2.064432
v 9.840515 -0.172546 -2.071312
v 7.694561 0.720795 -1.157791
v 7.694561 0.758879 -1.133193
v 7.694561 0.796125 -1.107343
v 7.694561 0.832492 -1.080269
v 7.694561 0.867938 -1.052002
v 7.694561 0.902425 -1.022572
v 6.979209 0.822591 -0.763253
v 6.979209 0.803307 -0.783523
v 6.979209 0.841364 -0.742508
v 9.125197 1.411044 -1.184007
v 6.979209 0.859613 -0.721301
v 9.125197 1.468308 -1.112200
v 6.979209 0.877329 -0.699646
v 6.979209 0.894499 -0.677557
v 9.125197 1.521922 -1.037629
v 6.979209 0.911113 -0.655045
v 6.979209 0.927160 -0.632127
v 9.125197 1.571751 -0.960477
v 6.979209 0.942631 -0.608816
v 6.979209 0.957517 -0.585126
v 6.979209 0.971807 -0.561073
v 6.979209 0.985493 -0.536671
v 6.979209 0.998566 -0.511935
v 6.979209 1.011018 -0.486881
v 6.979209 1.022842 -0.461524
v 6.979209 1.034031 -0.435880
v 9.840515 1.646341 -1.268726
v 6.979209 1.044576 -0.409966
v 6.979209 1.054472 -0.383796
v 6.979209 1.063713 -0.357388
v 6.979209 1.072292 -0.330758
v 6.979209 1.080205 -0.303922
v 6.979209 1.087446 -0.276898
v 6.979209 1.094011 -0.249701
v 6.979209 1.099896 -0.222349
v 6.979209 1.105098 -0.194859
v 6.979209 1.109612 -0.167247
v 6.979209 1.113437 -0.139532
v 6.979209 1.116570 -0.111730
v 103.474632 17.169977 8.623087
v 103.921265 17.328300 8.344870
v 107.812012 18.925943 4.154543
v 108.748276 19.203621 2.785751
v 109.022957 18.349503 6.335304
v 106.695427 18.117884 6.765419
v 105.355522 17.017843 9.084865
v 106.742599 17.727638 7.734489
v 106.742599 17.529303 8.174047
v 107.412552 17.935696 7.298563
v 109.821869 19.165831 3.215448
v 107.949356 18.080076 6.980549
v 108.224037 16.791565 9.694614
v 107.236412 17.299007 8.687888
v 110.629166 19.176239 3.271840
v 113.326538 19.503065 0.243150
v 114.202164 19.470409 1.296474
v 114.202164 19.496679 0.810660
v 114.202164 19.341251 2.587219
v 110.504387 17.762280 7.925972
v 114.202164 19.244570 3.228658
v 114.202164 18.987535 4.500129
v 114.202164 18.827469 5.128755
v 111.625160 17.427679 8.692134
v 111.045372 16.732624 9.940749
v 114.202164 18.445114 6.368315
v 111.045372 16.479593 10.354815
v 108.224037 16.287455 10.519553
v 114.202164 18.280615 6.826185
v 111.045372 16.216318 10.762444
v 114.202164 18.104752 7.279811
v 111.045372 15.942964 11.163383
v 108.224037 15.742851 11.318339
v 111.045372 15.659698 11.557383
v 115.205460 17.816563 7.979806
v 114.202164 17.917633 7.728913
v 114.202164 17.719378 8.173209
v 111.045372 15.366696 11.944198
v 108.224037 15.159109 12.088986
v 111.045372 15.064143 12.323587
v 115.205460 17.541483 8.567588
v 111.045372 14.752225 12.695316
v 108.224037 14.537680 12.829578
v 111.045372 14.431137 13.059154
v 111.045372 14.101078 13.414873
v 108.224037 13.880106 13.538274
v 111.045372 13.762253 13.762253
v 108.224037 13.188025 14.213310
v 111.045372 13.414873 14.101078
v 111.045372 13.059154 14.431137
v 111.045372 12.695316 14.752225
v 108.224037 12.463156 14.853011
v 111.045372 12.323587 15.064143
v 108.224037 11.707302 15.455785
v 111.045372 11.944198 15.366696
v 111.045372 11.557383 15.659698
v 111.045372 11.163383 15.942964
v 108.224037 10.922341 16.020132
v 111.045372 10.762444 16.216318
v 108.224037 10.110227 16.544653
v 111.045372 10.354815 16.479593
v 111.045372 9.940749 16.732624
v 111.045372 9.520503 16.975254
v 108.224037 9.272976 17.028038
v 111.045372 9.094339 17.207331
v 108.224037 8.412671 17.469091
v 111.045372 8.662522 17.428709
v 111.045372 8.225320 17.639256
v 111.045372 7.783004 17.838835
v 108.224037 7.531451 17.866713
v 111.045372 7.335851 18.027327
v 111.045372 6.884137 18.204611
v 108.224037 6.631507 18.219915
v 111.045372 6.428144 18.370579
v 111.045372 5.968154 18.525127
v 108.224037 5.715075 18.527821
v 111.045372 5.504455 18.668159
v 111.045372 5.037334 18.799587
v 108.224037 4.784436 18.789661
v 111.045372 4.567082 18.919329
v 111.045372 4.093990 19.027308
v 108.224037 3.841901 19.004789
v 111.045372 3.618354 19.123461
v 111.045372 3.140468 19.207724
v 108.224037 2.889815 19.172667
v 111.045372 2.660630 19.280048
v 111.045372 2.179138 19.340387
v 108.224037 1.930544 19.292879
v 111.045372 1.696292 19.388702
v 108.224037 0.966473 19.365126
v 111.045372 1.212391 19.424967
v 111.045372 0.727736 19.449154
v 111.045372 0.242629 19.461252
v 108.224037 0.000000 19.389229
v 111.045372 -0.242629 19.461252
v 111.045372 -0.727736 19.449154
v 108.224037 -0.966473 19.365126
v 111.045372 -1.212391 19.424967
v 111.045372 -1.696292 19.388702
v 108.224037 -1.930544 19.292879
v 111.045372 -2.179138 19.340387
v 111.045372 -2.660630 19.280048
v 108.224037 -2.889815 19.172667
v 111.045372 -3.140468 19.207724
v 111.045372 -3.618354 19.123461
v 108.224037 -3.841901 19.004789
v 111.045372 -4.093990 19.027308
v 111.045372 -4.567082 18.919329
v 108.224037 -4.784436 18.789661
v 111.045372 -5.037334 18.799587
v 111.045372 -5.504455 18.668159
v 108.224037 -5.715075 18.527821
v 111.045372 -5.968154 18.525127
v 111.045372 -6.428144 18.370579
v 108.224037 -6.631507 18.219915
v 111.045372 -6.884137 18.204611
v 111.045372 -7.335851 18.027327
v 108.224037 -7.531451 17.866713
v 111.045372 -7.783004 17.838835
v 111.045372 -8.225320 17.639256
v 108.224037 -8.412671 17.469091
v 111.045372 -8.662522 17.428709
v 111.045372 -9.094339 17.207331
v 108.224037 -9.272976 17.028038
v 111.045372 -9.520503 16.975254
v 111.045372 -9.940749 16.732624
v 108.224037 -10.110227 16.544653
v 111.045372 -10.354815 16.479593
v 111.045372 -10.762444 16.216318
v 108.224037 -10.922341 16.020132
v 111.045372 -11.163383 15.942964
v 111.045372 -11.557383 15.659698
v 108.224037 -11.707302 15.455785
v 111.045372 -11.944198 15.366696
v 111.045372 -12.323587 15.064143
v 108.224037 -12.463156 14.853011
v 111.045372 -12.695316 14.752225
v 108.224037 -13.188025 14.213310
v 111.045372 -13.059154 14.431137
v 111.045372 -13.414873 14.101078
v 111.045372 -13.762253 13.762253
v 108.224037 -13.880106 13.538274
v 111.045372 -14.101078 13.414873
v 111.045372 -14.431137 13.059154
v 108.224037 -14.537680 12.829578
v 111.045372 -14.752225 12.695316
v 111.045372 -15.064143 12.323587
v 108.224037 -15.159109 12.088986
v 111.045372 -15.366696 11.944198
v 111.045372 -15.659698 11.557383
v 108.224037 -15.742851 11.318339
v 111.045372 -15.942964 11.163383
v 111.045372 -16.216318 10.762444
v 111.045372 -16.479593 10.354815
v 111.045372 -16.732624 9.940749
v 111.045372 -16.975254 9.520503
v 111.045372 -17.207331 9.094339
v 111.045372 -17.428709 8.662522
v 111.045372 -17.639256 8.225320
v 111.045372 -17.838835 7.783004
v 111.045372 -18.027327 7.335851
v 111.045372 -18.204611 6.884137
v 111.045372 -18.370579 6.428144
v 111.045372 -18.525127 5.968154
v 111.045372 -18.668159 5.504455
v 111.045372 -18.799587 5.037334
v 111.045372 -18.919329 4.567082
v 111.045372 -19.027308 4.093990
v 111.045372 -19.123461 3.618354
v 111.045372 -19.207724 3.140468
v 111.045372 -19.280048 2.660630
v 111.045372 -19.340387 2.179138
v 111.045372 -19.388702 1.696292
v 111.045372 -19.424967 1.212391
v 111.045372 -19.449154 0.727736
v 111.045372 -19.461252 0.242629
v 111.045372 -19.461252 -0.242629
v 111.045372 -19.449154 -0.727736
v 111.045372 -19.424967 -1.212391
v 111.045372 -19.388702 -1.696292
v 111.045372 -19.340387 -2.179138
v 111.045372 -19.280048 -2.660630
v 111.045372 -19.207724 -3.140468
v 111.045372 -19.123461 -3.618354
v 111.045372 -19.027308 -4.093990
v 111.045372 -18.919329 -4.567082
v 111.045372 -18.799587 -5.037334
v 111.045372 -18.668159 -5.504455
v 111.045372 -18.525127 -5.968154
v 111.045372 -18.370579 -6.428144
v 111.045372 -18.204611 -6.884137
v 111.045372 -18.027327 -7.335851
v 111.045372 -17.838835 -7.783004
v 111.045372 -17.639256 -8.225320
v 111.045372 -17.428709 -8.662522
v 111.045372 -17.207331 -9.094339
v 111.045372 -16.975254 -9.520503
v 111.045372 -16.732624 -9.940749
v 111.045372 -16.479593 -10.354815
v 111.045372 -16.216318 -10.762444
v 108.224037 -15.742851 -11.318339
v 111.045372 -15.942964 -11.163383
v 111.045372 -15.659698 -11.557383
v 111.045372 -15.366696 -11.944198
v 108.224037 -15.159109 -12.088986
v 111.045372 -15.064143 -12.323587
v 111.045372 -14.752225 -12.695316
v 108.224037 -14.537680 -12.829578
v 111.045372 -14.431137 -13.059154
v 111.045372 -14.101078 -13.414873
v 108.224037 -13.880106 -13.538274
v 111.045372 -13.762253 -13.762253
v 111.045372 -13.414873 -14.101078
v 108.224037 -13.188025 -14.213310
v 111.045372 -13.059154 -14.431137
v 108.224037 -12.463156 -14.853011
v 111.045372 -12.695316 -14.752225
v 111.045372 -12.323587 -15.064143
v 111.045372 -11.944198 -15.366696
v 108.224037 -11.707302 -15.455785
v 111.045372 -11.557383 -15.659698
v 108.224037 -10.922341 -16.020132
v 111.045372 -11.163383 -15.942964
v 111.045372 -10.762444 -16.216318
v 111.045372 -10.354815 -16.479593
v 108.224037 -10.110227 -16.544653
v 111.045372 -9.940749 -16.732624
v 111.045372 -9.520503 -16.975254
v 108.224037 -9.272976 -17.028038
v 111.045372 -9.094339 -17.207331
v 111.045372 -8.662522 -17.428709
v 108.224037 -8.412671 -17.469091
v 111.045372 -8.225320 -17.639256
v 111.045372 -7.783004 -17.838835
v 108.224037 -7.531451 -17.866713
v 111.045372 -7.335851 -18.027327
v 111.045372 -6.884137 -18.204611
v 108.224037 -6.631507 -18.219915
v 111.045372 -6.428144 -18.370579
v 111.045372 -5.968154 -18.525127
v 108.224037 -5.715075 -18.527821
v 111.045372 -5.504455 -18.668159
v 108.224037 -4.784436 -18.789661
v 111.045372 -5.037334 -18.799587
v 111.045372 -4.567082 -18.919329
v 111.045372 -4.093990 -19.027308
v 108.224037 -3.841901 -19.004789
v 111.045372 -3.618354 -19.123461
v 108.224037 -2.889815 -19.172667
v 111.045372 -3.140468 -19.207724
v 111.045372 -2.660630 -19.280048
v 111.045372 -2.179138 -19.340387
v 108.224037 -1.930544 -19.292879
v 111.045372 -1.696292 -19.388702
v 111.045372 -1.212391 -19.424967
v 108.224037 -0.966473 -19.365126
v 111.045372 -0.727736 -19.449154
v 108.224037 0.000000 -19.389229
v 111.045372 -0.242629 -19.461252
v 111.045372 0.242629 -19.461252
v 111.045372 0.727736 -19.449154
v 108.224037 0.966473 -19.365126
v 111.045372 1.212391 -19.424967
v 108.224037 1.930544 -19.292879
v 111.045372 1.696292 -19.388702
v 111.045372 2.179138 -19.340387
v 111.045372 2.660630 -19.280048
v 108.224037 2.889815 -19.172667
v 111.045372 3.140468 -19.207724
v 111.045372 3.618354 -19.123461
v 108.224037 3.841901 -19.004789
v 111.045372 4.093990 -19.027308
v 111.045372 4.567082 -18.919329
v 108.224037 4.784436 -18.789661
v 111.045372 5.037334 -18.799587
v 111.045372 5.504455 -18.668159
v 108.224037 5.715075 -18.527821
v 111.045372 5.968154 -18.525127
v 108.224037 6.631507 -18.219915
v 111.045372 6.428144 -18.370579
v 111.045372 6.884137 -18.204611
v 108.224037 7.531451 -17.866713
v 103.474632 17.169977 -8.623087
v 111.045372 7.335851 -18.027327
v 111.045372 7.783004 -17.838835
v 111.045372 8.225320 -17.639256
v 108.224037 8.412671 -17.469091
v 103.921265 17.328300 -8.344870
v 111.045372 8.662522 -17.428709
v 111.045372 9.094339 -17.207331
v 108.224037 9.272976 -17.028038
v 111.045372 9.520503 -16.975254
v 111.045372 9.940749 -16.732624
v 108.224037 10.110227 -16.544653
v 105.355522 17.017843 -9.084865
v 111.045372 10.354815 -16.479593
v 111.045372 10.762444 -16.216318
v 108.224037 10.922341 -16.020132
v 111.045372 11.163383 -15.942964
v 108.224037 11.707302 -15.455785
v 111.045372 11.557383 -15.659698
v 111.045372 11.944198 -15.366696
v 111.045372 12.323587 -15.064143
v 108.224037 12.463156 -14.853011
v 111.045372 12.695316 -14.752225
v 111.045372 13.059154 -14.431137
v 108.224037 13.188025 -14.213310
v 106.742599 17.529303 -8.174047
v 106.742599 17.727638 -7.734489
v 107.236412 17.299007 -8.687888
v 111.045372 13.414873 -14.101078
v 111.045372 13.762253 -13.762253
v 108.224037 13.880106 -13.538274
v 106.695427 18.117884 -6.765419
v 111.045372 14.101078 -13.414873
v 111.045372 14.431137 -13.059154
v 108.224037 14.537680 -12.829578
v 107.412552 17.935696 -7.298563
v 111.045372 14.752225 -12.695316
v 108.224037 15.159109 -12.088986
v 111.045372 15.064143 -12.323587
v 107.949356 18.080076 -6.980549
v 109.022957 18.349503 -6.335304
v 108.224037 16.791565 -9.694614
v 111.045372 15.366696 -11.944198
v 111.045372 15.659698 -11.557383
v 108.224037 15.742851 -11.318339
v 111.045372 15.942964 -11.163383
v 108.224037 16.287455 -10.519553
v 111.045372 16.216318 -10.762444
v 111.045372 16.479593 -10.354815
v 111.045372 16.732624 -9.940749
v 107.812012 18.925943 -4.154543
v 110.504387 17.762280 -7.925972
v 111.625160 17.427679 -8.692134
v 108.748276 19.203621 -2.785751
v 109.821869 19.165831 -3.215448
v 110.629166 19.176239 -3.271840
v 115.205460 17.816563 -7.979806
v 115.205460 17.541483 -8.567588
v 114.202164 17.719378 -8.173209
v 114.202164 17.917633 -7.728913
v 114.202164 18.104752 -7.279811
v 114.202164 18.280615 -6.826185
v 114.202164 18.445114 -6.368315
v 114.202164 18.827469 -5.128755
v 114.202164 18.987535 -4.500129
v 114.202164 19.244570 -3.228658
v 114.202164 19.341251 -2.587219
v 114.202164 19.470409 -1.296474
v 114.202164 19.496679 -0.810660
v 113.326538 19.503065 -0.243150
v 5.803275 0.712877 0.107449
v 5.803275 0.711482 0.116328
v 5.803275 0.709977 0.125188
v 5.803275 0.708361 0.134029
v 5.803275 0.706635 0.142849
v 5.803275 0.704799 0.151647
v 5.803275 0.702854 0.160422
v 5.803275 0.700800 0.169171
v 5.803275 0.698636 0.177895
v 5.803275 0.696364 0.186590
v 5.803275 0.693984 0.195257
v 5.803275 0.691496 0.203893
v 5.803275 0.688901 0.212498
v 5.803275 0.686198 0.221069
v 5.803275 0.683389 0.229606
v 5.803275 0.680473 0.238108
v 5.803275 0.677452 0.246572
v 5.803275 0.674326 0.254999
v 5.803275 0.671094 0.263385
v 5.803275 0.667759 0.271731
v 5.803275 0.664319 0.280034
v 7.336902 0.767023 0.978388
v 7.336902 0.750655 0.991002
v 8.409879 0.622960 1.477835
v 8.409879 0.585923 1.492907
v 8.409879 0.548521 1.507050
v 8.409879 0.510779 1.520257
v 8.409879 0.472719 1.532518
v 8.409879 0.434366 1.543827
v 8.409879 0.395742 1.554176
v 9.482856 -0.259928 1.943144
v 9.482856 -0.292190 1.938555
v 8.807278 -0.423788 1.683814
v 8.648318 -0.588872 1.577008
v 7.217682 -0.420798 1.126904
v 10.198174 -0.853038 2.023646
v 9.522596 -0.967794 1.720007
v 9.363636 -1.134302 1.550369
v 9.999475 -1.337747 1.658546
v 6.979209 -0.803307 0.783523
v 9.721295 -1.399376 1.483252
v 7.336902 -0.991002 0.750655
v 11.271151 -1.537490 2.029768
v 11.271151 -1.587615 1.990806
v 10.078955 -1.663775 1.372672
v 8.091960 -1.281974 0.773675
v 10.794272 -2.050637 1.229828
v 10.794272 -2.080660 1.178322
v 10.794272 -2.109389 1.126084
v 10.794272 -2.136808 1.073145
v 10.794272 -2.162898 1.019539
v 9.602076 -1.890348 0.652657
v 9.125197 -1.841415 -0.045922
v 10.078955 -2.132846 0.321475
v 10.555833 -2.311990 -0.076889
v 9.363636 -1.898349 0.294203
v 11.509590 -2.591003 0.412582
v 11.986469 -2.744336 0.429206
v 8.290659 -1.521744 -0.360660
v 9.482856 -1.938555 -0.292190
v 9.840515 -2.000801 -0.562938
v 10.198174 -2.170184 -0.336332
v 10.675053 -2.323475 -0.366683
v 8.052220 -1.360191 -0.593445
v 12.463347 -2.900628 -0.420776
v 9.959735 -1.938683 -0.852240
v 8.409879 -1.378801 -0.819137
v 8.529099 -1.282168 -1.028319
v 11.032712 -1.938714 -1.528576
v 8.767538 -0.609472 -1.611706
v 8.767538 -0.582599 -1.621614
v 11.271151 -1.381506 -2.138989
v 8.409879 -0.382812 -1.557412
v 7.217682 -0.192454 -1.187411
v 7.694561 0.034001 -1.363403
v 6.979209 0.013989 -1.122059
v 8.171440 0.037994 -1.523507
v 7.336902 0.180180 -1.230082
v 8.409879 0.459966 -1.536394
v 7.456122 0.357870 -1.232561
v 8.409879 0.498127 -1.524449
v 6.230158 0.439789 -0.747323
v 8.409879 0.535977 -1.511557
v 8.409879 0.573495 -1.497725
v 8.409879 0.610656 -1.482962
v 5.803275 0.280034 -0.664319
v 8.409879 0.647437 -1.467277
v 8.409879 0.683816 -1.450680
v 7.336902 0.779160 -0.968750
v 5.803275 0.667759 -0.271731
v 5.803275 0.671094 -0.263385
v 5.803275 0.674326 -0.254999
v 5.803275 0.677452 -0.246572
v 5.803275 0.680473 -0.238108
v 5.803275 0.683389 -0.229606
v 5.803275 0.686198 -0.221069
v 5.803275 0.688901 -0.212498
v 5.803275 0.691496 -0.203893
v 5.803275 0.693984 -0.195257
v 5.803275 0.696364 -0.186590
v 5.803275 0.698636 -0.177895
v 5.803275 0.700800 -0.169171
v 5.803275 0.702854 -0.160422
v 5.803275 0.704799 -0.151647
v 5.803275 0.706635 -0.142849
v 5.803275 0.708361 -0.134029
v 5.803275 0.709977 -0.125188
v 5.803275 0.711482 -0.116328
v 5.803275 0.712877 -0.107449
v 103.968445 15.937563 10.769305
v 103.506081 15.154776 11.813188
v 103.968445 15.380946 11.550340
v 105.386971 14.915176 12.236248
v 106.789780 15.890878 11.028786
v 110.052170 18.530300 5.875521
v 106.789780 15.610983 11.421528
v 110.566772 18.615288 5.643366
v 113.326538 19.466702 1.214996
v 115.873055 19.522947 0.405701
v 111.125771 18.710007 5.366878
v 113.326538 19.390848 2.103259
v 107.267868 15.268385 11.901746
v 113.326538 19.085073 4.023512
v 111.936150 18.259771 6.789597
v 113.326538 18.589622 5.903779
v 113.326538 18.410049 6.441955
v 113.326538 18.328310 6.670959
v 113.326538 18.243725 6.898928
v 112.514481 17.677053 8.213154
v 112.836617 17.058075 9.443093
v 112.492416 16.438972 10.472780
v 116.669106 17.128452 9.389276
v 112.492416 15.754667 11.476472
v 112.492416 15.314531 12.057532
v 112.492416 14.694476 12.805910
v 112.492416 14.037888 13.522450
v 112.492416 13.346398 14.205372
v 112.492416 12.621729 14.852977
v 112.492416 11.671983 15.610373
v 112.492416 11.080130 16.035887
v 112.492416 10.267034 16.568253
v 112.492416 9.428411 17.059425
v 112.492416 8.566349 17.508186
v 112.492416 7.682989 17.913420
v 112.492416 6.780529 18.274118
v 112.492416 5.861210 18.589384
v 112.492416 4.691842 18.918392
v 112.492416 3.981179 19.080597
v 112.492416 3.025141 19.255323
v 112.492416 1.819798 19.406372
v 112.492416 0.850208 19.472958
v 112.492416 0.121496 19.491131
v 112.492416 -0.850208 19.472958
v 112.492416 -1.819798 19.406372
v 112.492416 -2.784863 19.291540
v 112.492416 -3.743005 19.128744
v 112.492416 -4.691842 18.918392
v 112.492416 -5.629014 18.661007
v 112.492416 -6.552190 18.357225
v 112.492416 -7.682989 17.913420
v 112.492416 -8.347421 17.613617
v 112.492416 -9.215011 17.175638
v 112.492416 -10.267034 16.568253
v 112.492416 -10.879360 16.172770
v 112.492416 -11.671983 15.610373
v 112.492416 -12.435586 15.009169
v 112.492416 -13.168273 14.370648
v 112.492416 -13.868221 13.696401
v 112.492416 -14.533691 12.988101
v 112.492416 -15.163029 12.247511
v 112.492416 -15.754667 11.476472
v 112.492416 -16.307138 10.676900
v 112.492416 -16.940563 9.640347
v 112.492416 -17.289181 9.000177
v 112.492416 -17.816250 7.905706
v 112.492416 -18.099394 7.234007
v 112.492416 -18.437481 6.322834
v 112.492416 -18.729729 5.395942
v 112.492416 -19.029484 4.218735
v 112.492416 -19.173920 3.504250
v 112.492416 -19.354971 2.303046
v 112.492416 -19.427551 1.577730
v 112.492416 -19.482044 0.607386
v 112.492416 -19.488102 -0.364469
v 112.492416 -19.445709 -1.335418
v 112.492416 -19.354971 -2.303046
v 112.492416 -19.216114 -3.264949
v 112.492416 -18.975412 -4.455635
v 112.492416 -18.729729 -5.395942
v 112.492416 -18.514872 -6.092495
v 112.492416 -18.099394 -7.234007
v 112.492416 -17.816250 -7.905706
v 112.492416 -17.400036 -8.783946
v 112.492416 -16.940563 -9.640347
v 112.492416 -16.307138 -10.676900
v 112.492416 -15.896513 -11.279177
v 112.492416 -15.163029 -12.247511
v 112.492416 -14.694476 -12.805910
v 112.492416 -14.037888 -13.522450
v 112.492416 -13.346398 -14.205372
v 112.492416 -12.435586 -15.009169
v 112.492416 -11.865680 -15.463655
v 112.492416 -11.080130 -16.035887
v 112.492416 -10.267034 -16.568253
v 112.492416 -9.428411 -17.059425
v 112.492416 -8.347421 -17.613617
v 112.492416 -7.682989 -17.913420
v 112.492416 -6.780529 -18.274118
v 112.492416 -5.629014 -18.661007
v 112.492416 -4.927320 -18.858433
v 112.492416 -3.981179 -19.080597
v 112.492416 -3.025141 -19.255323
v 112.492416 -2.061582 -19.382177
v 112.492416 -1.092898 -19.460846
v 112.492416 -0.121496 -19.491131
v 112.492416 0.850208 -19.472958
v 103.506081 15.154776 -11.813188
v 112.492416 1.819798 -19.406372
v 112.492416 3.025141 -19.255323
v 103.968445 15.937563 -10.769305
v 103.968445 15.380946 -11.550340
v 112.492416 3.743005 -19.128744
v 105.386971 14.915176 -12.236248
v 112.492416 4.691842 -18.918392
v 112.492416 5.629014 -18.661007
v 112.492416 6.552190 -18.357225
v 112.492416 7.459078 -18.007807
v 107.267868 15.268385 -11.901746
v 106.789780 15.890878 -11.028786
v 106.789780 15.610983 -11.421528
v 112.492416 8.347421 -17.613617
v 112.492416 9.428411 -17.059425
v 112.492416 10.059690 -16.694956
v 112.492416 10.879360 -16.172770
v 112.492416 11.671983 -15.610373
v 112.492416 12.435586 -15.009169
v 112.492416 13.168273 -14.370648
v 112.492416 13.868221 -13.696401
v 112.492416 14.694476 -12.805910
v 112.492416 15.163029 -12.247511
v 112.492416 15.896513 -11.279177
v 112.492416 16.307138 -10.676900
v 110.052170 18.530300 -5.875521
v 112.836617 17.058075 -9.443093
v 110.566772 18.615288 -5.643366
v 112.514481 17.677053 -8.213154
v 111.125771 18.710007 -5.366878
v 111.936150 18.259771 -6.789597
v 116.669106 17.128452 -9.389276
v 113.326538 18.243725 -6.898928
v 113.326538 18.328310 -6.670959
v 113.326538 18.410049 -6.441955
v 113.326538 18.589622 -5.903779
v 113.326538 19.085073 -4.023512
v 113.326538 19.390848 -2.103259
v 113.326538 19.466702 -1.214996
v 115.873055 19.522947 -0.405701
v 6.427041 0.814937 0.457054
v 6.427041 0.809176 0.467178
v 6.427041 0.803289 0.477229
v 6.427041 0.797278 0.487206
v 6.427041 0.791142 0.497108
v 6.427041 0.784883 0.506931
v 6.427041 0.778503 0.516677
v 6.427041 0.772001 0.526342
v 5.300007 0.385761 0.388980
v 6.023012 0.437546 0.665257
v 6.615971 0.372595 0.926636
v 6.799257 0.333754 1.007214
v 6.979209 0.285926 1.085107
v 7.336902 0.195501 1.227740
v 7.336902 0.180180 1.230082
v 7.336902 0.164832 1.232233
v 7.336902 0.149458 1.234192
v 6.738646 -0.189186 1.023129
v 6.023012 -0.161016 0.779800
v 6.230158 -0.007207 0.867095
v 7.535602 -0.166525 1.299647
v 8.966237 -0.242135 1.772739
v 6.427041 -0.526342 0.772001
v 7.634951 -0.662182 1.169269
v 5.803275 -0.280034 0.664319
v 8.290659 -0.742227 1.376546
v 8.727798 -1.607144 0.583692
v 6.615971 -0.926636 0.372595
v 7.813781 -1.373741 0.289612
v 7.098463 -1.137551 0.239818
v 8.608579 -1.614397 0.427786
v 8.191310 -1.512254 0.236512
v 7.158072 -1.179430 -0.088386
v 6.979209 -1.122059 -0.013989
v 7.535602 -1.299647 -0.166525
v 5.803275 -0.664319 -0.280034
v 7.634951 -1.169269 -0.662182
v 6.230158 -0.747323 -0.439789
v 7.515731 -1.072463 -0.741027
v 11.569201 -2.527139 -0.773772
v 7.694561 -1.071563 -0.843669
v 12.463347 -2.807857 -0.840617
v 6.979209 -0.783523 -0.803307
v 7.933001 -1.002511 -1.039282
v 7.336902 -0.742393 -0.997206
v 9.900125 -1.405641 -1.557648
v 7.694561 -0.662188 -1.192280
v 7.098463 -0.523193 -1.038174
v 4.994103 -0.244512 -0.368419
v 7.277292 -0.476641 -1.126364
v 7.456122 -0.420543 -1.212609
v 8.052220 -0.542171 -1.381430
v 6.427041 -0.173708 -0.918067
v 5.300007 -0.139588 -0.529747
v 6.553735 0.116176 -0.970618
v 6.427041 0.190844 -0.914658
v 6.615971 0.268501 -0.961971
v 6.615971 0.616193 -0.785994
v 6.615971 0.625943 -0.778252
v 5.803275 0.512942 -0.506587
v 6.023012 0.602454 -0.520637
v 6.427041 0.788028 -0.502029
v 4.994103 0.368419 -0.244512
v 6.427041 0.794225 -0.492166
v 6.427041 0.800299 -0.482227
v 6.427041 0.806248 -0.472213
v 6.427041 0.812073 -0.462125
v 6.427041 0.817770 -0.451966
v 6.427041 0.823341 -0.441736
v 103.984169 13.507115 13.695521
v 103.516563 12.527316 14.570607
v 103.984169 12.807660 14.351771
v 105.397453 12.208934 14.938062
v 106.805504 13.410186 13.940655
v 106.805504 13.058468 14.270647
v 107.278351 12.621152 14.679749
v 113.284721 17.399052 8.813713
v 113.498993 17.302551 9.007138
v 114.117180 16.864653 9.814837
v 113.598389 16.549879 10.327173
v 113.598389 16.287271 10.736563
v 113.598389 15.944793 11.238886
v 113.598389 15.659644 11.632907
v 113.598389 15.439384 11.923691
v 113.598389 15.137319 12.304899
v 113.598389 14.825845 12.678458
v 113.598389 14.505154 13.044136
v 113.598389 14.175446 13.401706
v 113.598389 13.836926 13.750944
v 113.598389 13.489804 14.091634
v 113.598389 13.134297 14.423564
v 113.598389 12.770626 14.746528
v 113.598389 12.399015 15.060325
v 113.598389 11.923691 15.439384
v 113.598389 11.535070 15.731851
v 113.598389 11.238886 15.944793
v 113.598389 10.837877 16.220030
v 113.598389 10.430133 16.485184
v 113.598389 10.015903 16.740091
v 113.598389 9.595448 16.984591
v 113.598389 9.169028 17.218533
v 113.598389 8.736909 17.441772
v 113.598389 8.299357 17.654167
v 113.598389 7.856647 17.855589
v 113.598389 7.409053 18.045912
v 113.598389 6.956853 18.225016
v 113.598389 6.500329 18.392790
v 113.598389 6.039763 18.549129
v 113.598389 5.575443 18.693941
v 113.598389 4.990203 18.858601
v 113.598389 4.518495 18.977148
v 113.598389 4.162853 19.058321
v 113.598389 3.686422 19.156181
v 113.598389 3.207700 19.242132
v 113.598389 2.726983 19.316122
v 113.598389 2.123739 19.391718
v 113.598389 1.639629 19.438637
v 113.598389 1.154501 19.473473
v 113.598389 0.668655 19.496201
v 113.598389 0.303981 19.505297
v 113.598389 -0.182394 19.506811
v 113.598389 -0.668655 19.496201
v 113.598389 -1.154501 19.473473
v 113.598389 -1.639629 19.438637
v 113.598389 -2.123739 19.391718
v 113.598389 -2.606527 19.332745
v 113.598389 -3.087696 19.261753
v 113.598389 -3.566945 19.178787
v 113.598389 -4.043977 19.083900
v 113.598389 -4.518495 18.977148
v 113.598389 -4.990203 18.858601
v 113.598389 -5.458810 18.728331
v 113.598389 -5.924024 18.586418
v 113.598389 -6.385555 18.432951
v 113.598389 -6.843116 18.268024
v 113.598389 -7.409053 18.045912
v 113.598389 -7.856647 17.855589
v 113.598389 -8.189153 17.705557
v 113.598389 -8.628019 17.495892
v 113.598389 -9.061522 17.275352
v 113.598389 -9.489392 17.044073
v 113.598389 -10.015903 16.740091
v 113.598389 -10.430133 16.485184
v 113.598389 -10.736563 16.287271
v 113.598389 -11.139279 16.014538
v 113.598389 -11.535070 15.731851
v 113.598389 -11.923691 15.439384
v 113.598389 -12.304899 15.137319
v 113.598389 -12.678458 14.825845
v 113.598389 -13.044136 14.505154
v 113.598389 -13.401706 14.175446
v 113.598389 -13.750944 13.836926
v 113.598389 -14.091634 13.489804
v 113.598389 -14.423564 13.134297
v 113.598389 -14.746528 12.770626
v 113.598389 -15.060325 12.399015
v 113.598389 -15.364760 12.019697
v 113.598389 -15.659644 11.632907
v 113.598389 -15.944793 11.238886
v 113.598389 -16.220030 10.837877
v 113.598389 -16.485184 10.430133
v 113.598389 -16.802198 9.911364
v 113.598389 -17.044073 9.489392
v 113.598389 -17.218533 9.169028
v 113.598389 -17.441772 8.736909
v 113.598389 -17.705557 8.189153
v 113.598389 -17.904215 7.745196
v 113.598389 -18.045912 7.409053
v 113.598389 -18.225016 6.956853
v 113.598389 -18.392790 6.500329
v 113.598389 -18.549129 6.039763
v 113.598389 -18.693941 5.575443
v 113.598389 -18.827129 5.107657
v 113.598389 -18.977148 4.518495
v 113.598389 -19.083900 4.043977
v 113.598389 -19.156181 3.686422
v 113.598389 -19.242132 3.207700
v 113.598389 -19.332745 2.606527
v 113.598389 -19.391718 2.123739
v 113.598389 -19.428038 1.760764
v 113.598389 -19.465897 1.275862
v 113.598389 -19.491655 0.790167
v 113.598389 -19.505297 0.303981
v 113.598389 -19.506811 -0.182394
v 113.598389 -19.496201 -0.668655
v 113.598389 -19.473473 -1.154501
v 113.598389 -19.438637 -1.639629
v 113.598389 -19.391718 -2.123739
v 113.598389 -19.332745 -2.606527
v 113.598389 -19.261753 -3.087696
v 113.598389 -19.178787 -3.566945
v 113.598389 -19.058321 -4.162853
v 113.598389 -18.948616 -4.636697
v 113.598389 -18.827129 -5.107657
v 113.598389 -18.693941 -5.575443
v 113.598389 -18.586418 -5.924024
v 113.598389 -18.432951 -6.385555
v 113.598389 -18.225016 -6.956853
v 113.598389 -18.045912 -7.409053
v 113.598389 -17.904215 -7.745196
v 113.598389 -17.705557 -8.189153
v 113.598389 -17.495892 -8.628019
v 113.598389 -17.275352 -9.061522
v 113.598389 -17.044073 -9.489392
v 113.598389 -16.802198 -9.911364
v 113.598389 -16.485184 -10.430133
v 113.598389 -16.220030 -10.837877
v 113.598389 -16.014538 -11.139279
v 113.598389 -15.731851 -11.535070
v 113.598389 -15.364760 -12.019697
v 113.598389 -15.060325 -12.399015
v 113.598389 -14.825845 -12.678458
v 113.598389 -14.505154 -13.044136
v 113.598389 -14.175446 -13.401706
v 113.598389 -13.836926 -13.750944
v 113.598389 -13.489804 -14.091634
v 113.598389 -13.134297 -14.423564
v 113.598389 -12.678458 -14.825845
v 113.598389 -12.304899 -15.137319
v 113.598389 -12.019697 -15.364760
v 113.598389 -11.632907 -15.659644
v 113.598389 -11.238886 -15.944793
v 113.598389 -10.837877 -16.220030
v 113.598389 -10.430133 -16.485184
v 113.598389 -10.015903 -16.740091
v 113.598389 -9.595448 -16.984591
v 113.598389 -9.169028 -17.218533
v 113.598389 -8.628019 -17.495892
v 113.598389 -8.189153 -17.705557
v 113.598389 -7.856647 -17.855589
v 113.598389 -7.409053 -18.045912
v 113.598389 -6.956853 -18.225016
v 113.598389 -6.500329 -18.392790
v 113.598389 -5.924024 -18.586418
v 113.598389 -5.458810 -18.728331
v 113.598389 -5.107657 -18.827129
v 113.598389 -4.636697 -18.948616
v 113.598389 -4.162853 -19.058321
v 103.516563 12.527316 -14.570607
v 113.598389 -3.686422 -19.156181
v 113.598389 -3.207700 -19.242132
v 113.598389 -2.726983 -19.316122
v 113.598389 -2.244571 -19.378103
v 103.984169 13.507115 -13.695521
v 103.984169 12.807660 -14.351771
v 113.598389 -1.760764 -19.428038
v 113.598389 -1.275862 -19.465897
v 105.397453 12.208934 -14.938062
v 113.598389 -0.790167 -19.491655
v 113.598389 -0.303981 -19.505297
v 113.598389 0.182394 -19.506811
v 113.598389 0.668655 -19.496201
v 113.598389 1.154501 -19.473473
v 113.598389 1.639629 -19.438637
v 113.598389 2.123739 -19.391718
v 113.598389 2.726983 -19.316122
v 107.278351 12.621152 -14.679749
v 106.805504 13.410186 -13.940655
v 106.805504 13.058468 -14.270647
v 113.598389 3.207700 -19.242132
v 113.598389 3.566945 -19.178787
v 113.598389 4.043977 -19.083900
v 113.598389 4.518495 -18.977148
v 113.598389 4.990203 -18.858601
v 113.598389 5.458810 -18.728331
v 113.598389 5.924024 -18.586418
v 113.598389 6.385555 -18.432951
v 113.598389 6.843116 -18.268024
v 113.598389 7.296424 -18.091743
v 113.598389 7.745196 -17.904215
v 113.598389 8.189153 -17.705557
v 113.598389 8.628019 -17.495892
v 113.598389 9.169028 -17.218533
v 113.598389 9.595448 -16.984591
v 113.598389 9.911364 -16.802198
v 113.598389 10.327173 -16.549879
v 113.598389 10.736563 -16.287271
v 113.598389 11.139279 -16.014538
v 113.598389 11.535070 -15.731851
v 113.598389 11.923691 -15.439384
v 113.598389 12.304899 -15.137319
v 113.598389 12.678458 -14.825845
v 113.598389 13.044136 -14.505154
v 113.598389 13.401706 -14.175446
v 113.598389 13.750944 -13.836926
v 113.598389 14.091634 -13.489804
v 113.598389 14.505154 -13.044136
v 113.598389 14.825845 -12.678458
v 113.598389 15.060325 -12.399015
v 113.598389 15.364760 -12.019697
v 113.598389 15.731851 -11.535070
v 113.598389 16.014538 -11.139279
v 113.598389 16.220030 -10.837877
v 113.598389 16.485184 -10.430133
v 114.117180 16.864653 -9.814837
v 113.498993 17.302551 -9.007138
v 113.284721 17.399052 -8.813713
v 4.636617 0.293875 0.122443
v 4.434922 0.218866 0.117425
v 5.565881 0.529783 0.357984
v 5.914868 0.589610 0.478269
v 5.687416 0.194003 0.652948
v 6.427041 0.173708 0.918067
v 5.565881 0.121480 0.627746
v 6.522356 0.150059 0.955138
v 5.437226 0.055562 0.592519
v 6.615971 0.124187 0.990989
v 4.636617 -0.042210 0.315552
v 7.436252 -0.004421 1.276749
v 4.434922 -0.117425 0.218866
v 6.230158 -0.618225 0.608033
v 6.522356 -0.753406 0.605960
v 6.128012 -0.647388 0.522909
v 6.799257 -0.888927 0.579379
v 4.994103 -0.368419 0.244512
v 6.979209 -0.976436 0.552977
v 6.427041 -0.918067 0.173708
v 6.023012 -0.755834 0.250456
v 5.803275 -0.667759 0.271731
v 7.038852 -1.136919 0.111381
v 5.437226 -0.592519 0.055562
v 6.128012 -0.827525 -0.088020
v 5.565881 -0.637797 -0.045132
v 6.427041 -0.914658 -0.190844
v 6.522356 -0.939858 -0.226880
v 6.718345 -0.997981 -0.268890
v 6.615971 -0.785994 -0.616193
v 5.687416 -0.494485 -0.468469
v 5.437226 -0.458263 -0.379685
v 5.152781 -0.203475 -0.453458
v 8.797343 -1.007736 -1.409900
v 10.227979 -1.237558 -1.826013
v 6.230158 -0.106034 -0.860618
v 5.987327 -0.054258 -0.782148
v 5.914868 -0.019716 -0.758941
v 5.565881 0.045132 -0.637797
v 4.994103 0.087615 -0.433408
v 5.152781 0.176765 -0.464522
v 4.434922 0.117425 -0.218866
v 5.803275 0.404256 -0.596923
v 5.437226 0.379685 -0.458263
v 6.023012 0.489307 -0.628166
v 5.437226 0.527876 -0.274795
v 5.437226 0.529579 -0.271499
v 5.437226 0.531261 -0.268193
v 5.437226 0.532922 -0.264876
v 103.989410 10.533143 16.095680
v 103.520058 9.397055 16.761189
v 103.989410 9.717746 16.600706
v 105.400948 9.012256 17.058374
v 106.810745 10.389639 16.316778
v 106.810745 9.979622 16.570728
v 107.281845 10.023478 16.562693
v 107.281845 9.467424 16.886705
v 115.259781 16.481350 10.463707
v 115.259781 15.761703 11.519236
v 115.259781 15.357602 12.052723
v 115.259781 14.737733 12.803254
v 115.259781 14.081223 13.521954
v 115.259781 13.389706 14.207036
v 115.259781 12.664899 14.856797
v 115.259781 11.666101 15.653312
v 115.259781 11.122705 16.043987
v 115.259781 10.309152 16.578465
v 115.259781 9.469968 17.071724
v 115.259781 8.607241 17.522543
v 115.259781 7.723115 17.929796
v 115.259781 6.819788 18.292473
v 115.259781 5.899506 18.609673
v 115.259781 4.669744 18.955673
v 115.259781 4.017265 19.104599
v 115.259781 3.059986 19.281094
v 115.259781 1.792390 19.439943
v 115.259781 0.821161 19.505121
v 115.259781 0.152110 19.521807
v 115.259781 -0.821161 19.505121
v 115.259781 -1.792390 19.439943
v 115.259781 -2.759163 19.326435
v 115.259781 -3.719077 19.164879
v 115.259781 -4.669744 18.955673
v 115.259781 -5.608801 18.699343
v 115.259781 -6.533915 18.396523
v 115.259781 -7.723115 17.929796
v 115.259781 -8.333148 17.654539
v 115.259781 -9.202795 17.217218
v 115.259781 -10.309152 16.578465
v 115.259781 -10.871346 16.215361
v 115.259781 -11.666101 15.653312
v 115.259781 -12.431852 15.052346
v 115.259781 -13.166697 14.413959
v 115.259781 -13.868806 13.739735
v 115.259781 -14.536435 13.031352
v 115.259781 -15.167924 12.290572
v 115.259781 -15.761703 11.519236
v 115.259781 -16.316298 10.719260
v 115.259781 -16.982435 9.629172
v 115.259781 -17.302511 9.041415
v 115.259781 -17.856802 7.890418
v 115.259781 -18.116766 7.273712
v 115.259781 -18.456810 6.361624
v 115.259781 -18.750967 5.433720
v 115.259781 -19.066202 4.195714
v 115.259781 -19.198812 3.539726
v 115.259781 -19.389215 2.276484
v 115.259781 -19.455853 1.610551
v 115.259781 -19.511948 0.638755
v 115.259781 -19.519531 -0.334629
v 115.259781 -19.478588 -1.307182
v 115.259781 -19.389215 -2.276484
v 115.259781 -19.251640 -3.240127
v 115.259781 -18.998507 -4.492307
v 115.259781 -18.750967 -5.433720
v 115.259781 -18.553699 -6.073246
v 115.259781 -18.116766 -7.273712
v 115.259781 -17.856802 -7.890418
v 115.259781 -17.441299 -8.770698
v 115.259781 -16.982435 -9.629172
v 115.259781 -16.316298 -10.719260
v 115.259781 -15.939290 -11.272227
v 115.259781 -15.167924 -12.290572
v 115.259781 -14.737733 -12.803254
v 115.259781 -14.081223 -13.521954
v 115.259781 -13.389706 -14.207036
v 115.259781 -12.431852 -15.052346
v 115.259781 -11.908605 -15.469623
v 115.259781 -11.122705 -16.043987
v 115.259781 -10.309152 -16.578465
v 115.259781 -9.469968 -17.071724
v 115.259781 -8.333148 -17.654539
v 103.520058 9.397055 -16.761189
v 115.259781 -7.723115 -17.929796
v 115.259781 -6.819788 -18.292473
v 103.989410 10.533143 -16.095680
v 103.989410 9.717746 -16.600706
v 115.259781 -5.608801 -18.699343
v 105.400948 9.012256 -17.058374
v 115.259781 -4.964557 -18.880606
v 115.259781 -4.017265 -19.104599
v 115.259781 -3.059986 -19.281094
v 115.259781 -2.095098 -19.409653
v 107.281845 9.467424 -16.886705
v 106.810745 10.389639 -16.316778
v 106.810745 9.979622 -16.570728
v 115.259781 -1.125003 -19.489958
v 107.281845 10.023478 -16.562693
v 115.259781 -0.152110 -19.521807
v 115.259781 0.821161 -19.505121
v 115.259781 1.792390 -19.439943
v 115.259781 3.059986 -19.281094
v 115.259781 3.719077 -19.164879
v 115.259781 4.669744 -18.955673
v 115.259781 5.608801 -18.699343
v 115.259781 6.533915 -18.396523
v 115.259781 7.442783 -18.047966
v 115.259781 8.333148 -17.654539
v 115.259781 9.469968 -17.071724
v 115.259781 10.049563 -16.737095
v 115.259781 10.871346 -16.215361
v 115.259781 11.666101 -15.653312
v 115.259781 12.431852 -15.052346
v 115.259781 13.166697 -14.413959
v 115.259781 13.868806 -13.739735
v 115.259781 14.737733 -12.803254
v 115.259781 15.167924 -12.290572
v 115.259781 15.939290 -11.272227
v 115.259781 16.316298 -10.719260
v 4.910018 0.331087 0.247020
v 4.731456 0.259700 0.236486
v 4.216001 0.113488 0.129680
v 4.994103 0.244512 0.368419
v 4.099629 0.067706 0.113160
v 4.537833 0.129345 0.252943
v 5.369778 0.242226 0.518050
v 5.300007 0.207540 0.506995
v 5.227736 0.174239 0.493012
v 4.822530 0.085955 0.373017
v 5.074964 -0.009279 0.470040
v 5.300007 -0.143986 0.528569
v 4.537833 -0.087397 0.270318
v 4.910018 -0.247020 0.331087
v 4.731456 -0.236486 0.259700
v 5.300007 -0.388980 0.385761
v 5.227736 -0.493012 0.174239
v 5.627449 -0.641627 0.157005
v 5.745965 -0.686330 0.143947
v 4.822530 -0.373017 0.085955
v 4.731456 -0.350856 0.016414
v 4.994103 -0.433408 -0.087615
v 5.687416 -0.662471 -0.158463
v 5.437226 -0.568679 -0.175414
v 5.502534 -0.573252 -0.229810
v 5.227736 -0.471818 -0.225407
v 5.627449 -0.564718 -0.342680
v 4.434922 -0.218866 -0.117425
v 4.636617 -0.252171 -0.194331
v 5.227736 -0.349643 -0.388805
v 5.369778 -0.368054 -0.437705
v 4.099629 -0.067706 -0.113160
v 4.994103 -0.084912 -0.433945
v 4.216001 -0.033444 -0.169050
v 8.782440 -0.814864 -1.523868
v 5.074964 -0.052153 -0.467230
v 5.627449 -0.093359 -0.653927
v 5.437226 -0.055562 -0.592519
v 5.152781 -0.014456 -0.496807
v 4.731456 -0.016414 -0.350856
v 4.731456 0.119102 -0.330431
v 4.731456 0.236486 -0.259700
v 5.227736 0.388805 -0.349643
v 103.991158 7.137776 17.862616
v 103.521225 5.891462 18.290291
v 103.991158 6.238526 18.196199
v 105.402115 5.455425 18.505377
v 106.812492 6.953331 18.050911
v 106.812492 6.501149 18.218651
v 107.283005 6.544786 18.219774
v 107.283005 5.935576 18.427244
v 103.521225 5.891462 -18.290291
v 103.991158 6.238526 -18.196199
v 103.991158 7.137776 -17.862616
v 105.402115 5.455425 -18.505377
v 107.283005 5.935576 -18.427244
v 106.812492 6.953331 -18.050911
v 106.812492 6.501149 -18.218651
v 107.283005 6.544786 -18.219774
v 4.587729 0.246087 0.174032
v 4.327705 0.165213 0.131473
v 4.684519 0.114730 0.314710
v 4.486905 0.099521 0.247136
v 4.381864 0.046383 0.225226
v 4.952475 0.044140 0.425491
v 4.731456 0.016414 0.350856
v 4.327705 0.023858 0.209789
v 4.272425 0.004486 0.191883
v 3.915925 -0.033521 0.059119
v 4.587729 -0.174032 0.246087
v 4.866711 -0.302146 0.259200
v 4.636617 -0.252976 0.193282
v 4.587729 -0.254958 0.160756
v 4.777452 -0.316931 0.185403
v 4.099629 -0.113160 0.067706
v 5.114241 -0.432817 0.215963
v 4.910018 -0.379469 0.163220
v 4.434922 -0.237794 0.071729
v 4.272425 -0.191883 0.004486
v 4.587729 -0.293954 -0.066611
v 4.731456 -0.330431 -0.119102
v 4.272425 -0.138854 -0.132509
v 4.381864 -0.152782 -0.171859
v 4.158410 -0.054685 -0.142151
v 4.731456 -0.106663 -0.334653
v 4.866711 0.030368 -0.396931
v 4.731456 0.052350 -0.347317
v 4.486905 0.020048 -0.265666
v 4.327705 0.031252 -0.208815
v 4.587729 0.174032 -0.246087
v 4.866711 0.302146 -0.259200
v 103.991737 3.457819 18.922613
v 103.521614 2.151154 19.094954
v 103.991737 2.510306 19.071449
v 105.402504 1.681148 19.219389
v 106.813072 3.239728 19.070635
v 106.813072 2.763277 19.145475
v 107.283394 2.805498 19.155262
v 107.283394 2.167261 19.237928
v 103.521614 2.151154 -19.094954
v 103.991737 3.457819 -18.922613
v 103.991737 2.510306 -19.071449
v 105.402504 1.681148 -19.219389
v 107.283394 2.167261 -19.237928
v 106.813072 3.239728 -19.070635
v 106.813072 2.763277 -19.145475
v 107.283394 2.805498 -19.155262
v 4.244358 0.066074 0.169777
v 4.216001 0.055223 0.163238
v 4.187353 0.045071 0.155987
v 4.009179 0.001173 0.100401
v 4.408529 -0.034485 0.236713
v 4.099629 -0.032141 0.127891
v 4.354923 -0.129468 0.178607
v 4.009179 -0.070165 0.071824
v 4.434922 -0.192243 0.157269
v 4.272425 -0.175560 0.077575
v 4.187353 -0.155987 0.045071
v 4.354923 -0.217842 0.034746
v 4.009179 -0.100401 0.001173
v 4.866711 -0.396931 -0.030368
v 4.434922 -0.247142 -0.024730
v 4.354923 -0.214557 -0.051263
v 4.099629 -0.127891 -0.032141
v 4.512499 -0.257885 -0.096374
v 4.272425 -0.178993 -0.069286
v 4.187353 -0.142170 -0.078430
v 4.354923 -0.178607 -0.129468
v 4.187353 -0.101334 -0.126866
v 4.354923 -0.013227 -0.220199
v 4.272425 -0.004486 -0.191883
v 4.381864 0.072444 -0.218243
v 103.991936 -0.359855 19.232594
v 103.521744 -1.674872 19.142614
v 103.991936 -1.318073 19.190748
v 105.402634 -2.160215 19.171459
v 106.813271 -0.602950 19.334469
v 106.813271 -1.084784 19.313427
v 107.283524 -1.045449 19.331375
v 107.283524 -1.687412 19.285946
v 103.521744 -1.674872 -19.142614
v 103.991936 -1.318073 -19.190748
v 103.991936 -0.359855 -19.232594
v 105.402634 -2.160215 -19.171459
v 107.283524 -1.687412 -19.285946
v 106.813271 -0.602950 -19.334469
v 106.813271 -1.084784 -19.313427
v 107.283524 -1.045449 -19.331375
v 4.158410 0.063865 0.138270
v 4.143827 0.058721 0.135020
v 4.054749 0.031619 0.111878
v 4.099629 0.019247 0.130456
v 4.054749 -0.013602 0.115461
v 3.962907 -0.021027 0.081646
v 4.009179 -0.037338 0.093208
v 3.962907 -0.050671 0.067384
v 4.054749 -0.091262 0.072026
v 3.962907 -0.072600 0.042864
v 4.143827 -0.135020 0.058721
v 4.009179 -0.092310 0.039506
v 4.054749 -0.111878 0.031619
v 4.099629 -0.130456 0.019247
v 4.054749 -0.115461 -0.013602
v 4.143827 -0.136996 -0.053952
v 4.054749 -0.101467 -0.056752
v 4.230216 -0.142915 -0.104875
v 4.099629 -0.105856 -0.078636
v 4.187353 -0.124137 -0.104659
v 4.143827 -0.105921 -0.102271
v 103.991997 -4.163478 18.779982
v 103.521782 -5.434629 18.431217
v 103.991997 -5.094407 18.549105
v 105.402679 -5.916065 18.363323
v 106.813332 -4.421938 18.831669
v 106.813332 -4.890051 18.715574
v 107.283569 -4.855087 18.740952
v 107.283569 -5.475321 18.569221
v 103.521782 -5.434629 -18.431217
v 103.991997 -4.163478 -18.779982
v 103.991997 -5.094407 -18.549105
v 105.402679 -5.916065 -18.363323
v 107.283569 -5.475321 -18.569221
v 106.813332 -4.421938 -18.831669
v 106.813332 -4.890051 -18.715574
v 107.283569 -4.855087 -18.740952
v 4.077275 0.049159 0.113942
v 4.032051 0.015504 0.107250
v 3.986131 -0.011077 0.091724
v 3.939505 -0.028530 0.070622
v 3.939505 -0.053384 0.054328
v 3.962907 -0.062843 0.056204
v 3.986131 -0.072691 0.057025
v 3.986131 -0.088981 0.024867
v 4.009179 -0.098243 0.020738
v 4.032051 -0.107250 0.015504
v 4.032051 -0.105019 -0.026719
v 4.054749 -0.110589 -0.035866
v 4.077275 -0.115330 -0.045809
v 4.077275 -0.089020 -0.086457
v 4.099629 -0.088481 -0.097777
v 4.121813 -0.086794 -0.109316
v 103.992020 -7.802074 17.582659
v 103.521797 -8.978928 16.988934
v 103.992020 -8.668798 17.171902
v 105.402695 -9.437365 16.826990
v 106.813354 -8.065652 17.582109
v 106.813354 -8.501479 17.375563
v 107.283585 -8.472248 17.407358
v 107.283585 -9.046157 17.116138
v 103.521797 -8.978928 -16.988934
v 103.992020 -8.668798 -17.171902
v 103.992020 -7.802074 -17.582659
v 105.402695 -9.437365 -16.826990
v 107.283585 -9.046157 -17.116138
v 106.813354 -8.501479 -17.375563
v 106.813354 -8.065652 -17.582109
v 107.283585 -8.472248 -17.407358
v 3.927737 -0.043400 0.057540
v 3.951228 -0.063209 0.049438
v 3.974541 -0.081282 0.034646
v 3.997677 -0.095435 0.013653
v 4.020637 -0.103659 -0.012365
v 4.043422 -0.104326 -0.041615
v 4.066034 -0.096373 -0.071810
v 4.088473 -0.079439 -0.100353
v 103.992027 -11.131305 15.688095
v 103.521805 -12.167183 14.872951
v 103.992027 -11.899455 15.113744
v 105.402695 -12.584442 14.623382
v 106.813362 -11.389547 15.635329
v 106.813362 -11.775807 15.346520
v 107.283585 -11.753459 15.383476
v 107.283585 -12.258285 14.984312
v 103.521805 -12.167183 -14.872951
v 103.992027 -11.131305 -15.688095
v 103.992027 -11.899455 -15.113744
v 105.402695 -12.584442 -14.623382
v 107.283585 -12.258285 -14.984312
v 106.813362 -11.775807 -15.346520
v 106.813362 -11.389547 -15.635329
v 107.283585 -11.753459 -15.383476
v 130.000000 -9.400000 13.438750
v 130.000000 -9.400000 -13.438750
v 125.000000 -9.400000 13.438750
v 125.000000 -9.400000 -13.438750
v 130.000000 -10.980042 12.181899
v 125.000000 -10.980042 12.181899
v 130.000000 -12.393678 10.740427
v 125.000000 -12.393678 10.740427
v 130.000000 -13.619480 9.136178
v 125.000000 -13.619480 9.136178
v 125.000000 -14.638875 7.393467
v 130.000000 -14.638875 7.393467
v 125.000000 -15.436410 5.538704
v 130.000000 -15.436410 5.538704
v 125.000000 -16.000000 3.600000
v 130.000000 -16.000000 3.600000
v 130.000000 -15.436410 -5.538704
v 130.000000 -16.000000 -3.600000
v 125.000000 -16.000000 -3.600000
v 125.000000 -15.436410 -5.538704
v 130.000000 -14.638875 -7.393467
v 125.000000 -14.638875 -7.393467
v 130.000000 -13.619480 -9.136178
v 125.000000 -13.619480 -9.136178
v 130.000000 -12.393678 -10.740427
v 125.000000 -12.393678 -10.740427
v 130.000000 -10.980042 -12.181899
v 125.000000 -10.980042 -12.181899
v 130.000000 -12.500000 -3.600000
v 130.000000 -12.500000 3.600000
v 125.000000 -12.500000 -3.600000
v 125.000000 -12.500000 3.600000
v 130.000000 -16.299694 1.811077
v 125.000000 -16.299694 1.811077
v 130.000000 -16.400000 0.000000
v 125.000000 -16.400000 0.000000
v 130.000000 -16.299694 -1.811077
v 125.000000 -16.299694 -1.811077
vn -0.014715 0.999581 0.024929
vn -0.014715 0.999581 -0.024929
vn -0.297124 0.953652 0.047595
vn -0.297124 0.953652 0.047595
vn -0.297124 0.944174 0.142311
vn -0.297124 0.944174 0.142311
vn -0.297124 0.925313 0.235613
vn -0.297124 0.925313 0.235614
vn -0.297124 0.897255 0.326574
vn -0.297124 0.897255 0.326574
vn -0.297124 0.860280 0.414289
vn -0.297124 0.860280 0.414289
vn -0.297125 0.814755 0.497886
vn -0.297124 0.814755 0.497886
vn -0.297124 0.761133 0.576536
vn -0.297124 0.761133 0.576536
vn -0.297124 0.699946 0.649455
vn -0.297124 0.699946 0.649456
vn -0.297124 0.631804 0.715920
vn -0.297124 0.631803 0.715920
vn -0.297124 0.557381 0.775270
vn -0.297124 0.557381 0.775270
vn -0.268926 0.961964 0.048010
vn -0.268926 0.961964 0.048010
vn -0.297124 0.477420 0.826914
vn -0.297124 0.477419 0.826915
vn -0.297125 0.392713 0.870341
vn -0.268926 0.952403 0.143552
vn -0.268926 0.952403 0.143551
vn -0.297124 0.392713 0.870341
vn -0.268926 0.933377 0.237667
vn -0.268926 0.933377 0.237667
vn -0.297124 0.304103 0.905118
vn -0.297124 0.304103 0.905118
vn -0.297124 0.212472 0.930899
vn -0.268926 0.905075 0.329420
vn -0.268926 0.905075 0.329421
vn -0.297124 0.212471 0.930899
vn -0.268926 0.867778 0.417900
vn -0.268926 0.867778 0.417900
vn -0.297124 0.118729 0.947428
vn -0.297124 0.118728 0.947429
vn -0.297124 0.023806 0.954542
vn -0.268926 0.821856 0.502226
vn -0.268926 0.821856 0.502226
vn -0.297124 0.023805 0.954542
vn -0.268926 0.767767 0.581561
vn -0.268926 0.767767 0.581561
vn -0.297124 -0.071356 0.952169
vn -0.297124 -0.071355 0.952169
vn -0.268926 0.706047 0.655116
vn -0.268926 0.706047 0.655116
vn -0.297124 -0.165806 0.940333
vn -0.297124 -0.165806 0.940333
vn -0.297124 -0.258609 0.919151
vn -0.268926 0.637310 0.722160
vn -0.268926 0.637310 0.722160
vn -0.297124 -0.258609 0.919151
vn -0.268926 0.562239 0.782027
vn -0.268926 0.562239 0.782027
vn -0.297124 -0.348842 0.888834
vn -0.297124 -0.348841 0.888834
vn -0.236664 0.970384 0.048430
vn -0.236664 0.970384 0.048430
vn -0.268926 0.481580 0.834122
vn -0.268926 0.396136 0.877927
vn -0.268926 0.481581 0.834122
vn -0.297124 -0.435607 0.849684
vn -0.297124 -0.435608 0.849684
vn -0.297124 -0.518044 0.802089
vn -0.236664 0.960740 0.144808
vn -0.236664 0.960740 0.144808
vn -0.268926 0.396135 0.877927
vn -0.297124 -0.518044 0.802089
vn -0.236664 0.941547 0.239747
vn -0.236664 0.941547 0.239748
vn -0.268926 0.306754 0.913007
vn -0.268926 0.306754 0.913006
vn -0.297124 -0.595332 0.746523
vn -0.297124 -0.595333 0.746523
vn -0.236664 0.912997 0.332304
vn -0.236664 0.912997 0.332304
vn -0.268926 0.214323 0.939012
vn -0.268926 0.214323 0.939012
vn -0.268926 0.119763 0.955686
vn -0.297125 -0.731449 0.613759
vn -0.297125 -0.666704 0.683537
vn -0.297124 -0.666703 0.683538
vn -0.236664 0.875374 0.421558
vn -0.236664 0.829050 0.506622
vn -0.236664 0.875374 0.421558
vn -0.268926 0.119763 0.955686
vn -0.297124 -0.731449 0.613758
vn -0.236664 0.829050 0.506622
vn -0.268926 0.024012 0.962862
vn -0.268926 0.024012 0.962862
vn -0.297124 -0.788925 0.537880
vn -0.297124 -0.788925 0.537880
vn -0.236664 0.774487 0.586651
vn -0.236664 0.774487 0.586652
vn -0.268926 -0.167251 0.948528
vn -0.268926 -0.071978 0.960468
vn -0.268926 -0.071977 0.960468
vn -0.297124 -0.838560 0.456656
vn -0.297124 -0.879862 0.370892
vn -0.297124 -0.838560 0.456655
vn -0.236664 0.712227 0.660850
vn -0.236664 0.712227 0.660850
vn -0.268926 -0.167250 0.948529
vn -0.297124 -0.879861 0.370893
vn -0.297124 -0.912418 0.281444
vn -0.236664 0.642888 0.728481
vn -0.236664 0.567161 0.788872
vn -0.236664 0.642888 0.728481
vn -0.268926 -0.260863 0.927162
vn -0.268926 -0.260863 0.927162
vn -0.268926 -0.351882 0.896581
vn -0.297124 -0.912418 0.281444
vn -0.236664 0.567161 0.788872
vn -0.268926 -0.351882 0.896581
vn -0.297124 -0.935907 0.189198
vn -0.297124 -0.935907 0.189198
vn -0.297124 -0.950094 0.095072
vn -0.204122 0.977729 0.048797
vn -0.204122 0.977729 0.048796
vn -0.236664 0.485796 0.841423
vn -0.236664 0.485795 0.841423
vn -0.268926 -0.439405 0.857090
vn -0.268926 -0.439404 0.857090
vn -0.297124 -0.954839 0.000000
vn -0.297124 -0.950094 0.095071
vn -0.204122 0.968012 0.145904
vn -0.204122 0.968011 0.145904
vn -0.236664 0.399603 0.885611
vn -0.236664 0.399603 0.885611
vn -0.236664 0.309439 0.920998
vn -0.268926 -0.522559 0.809080
vn -0.268926 -0.522559 0.809080
vn -0.297124 -0.954839 0.000000
vn -0.204122 0.948674 0.241562
vn -0.204122 0.948674 0.241562
vn -0.236664 0.309439 0.920998
vn -0.268926 -0.600521 0.753030
vn -0.268926 -0.600521 0.753029
vn -0.297124 -0.950094 -0.095071
vn -0.297124 -0.935907 -0.189198
vn -0.297124 -0.950094 -0.095072
vn -0.204122 0.919908 0.334819
vn -0.204122 0.881999 0.424749
vn -0.204122 0.919908 0.334819
vn -0.236664 0.216200 0.947232
vn -0.236664 0.216199 0.947232
vn -0.268926 -0.672514 0.689495
vn -0.268926 -0.672515 0.689495
vn -0.297124 -0.912418 -0.281444
vn -0.297124 -0.935907 -0.189198
vn -0.204122 0.881999 0.424748
vn -0.236664 0.120811 0.964051
vn -0.236664 0.120811 0.964051
vn -0.236664 0.024223 0.971290
vn -0.268926 -0.737824 0.619108
vn -0.268926 -0.737824 0.619108
vn -0.297124 -0.912418 -0.281444
vn -0.297124 -0.879861 -0.370892
vn -0.204122 0.780349 0.591092
vn -0.204122 0.835325 0.510457
vn -0.204122 0.835325 0.510456
vn -0.236664 -0.072608 0.968875
vn -0.236664 0.024223 0.971290
vn -0.268926 -0.795801 0.542568
vn -0.268926 -0.795801 0.542568
vn -0.297124 -0.879861 -0.370893
vn -0.204122 0.780349 0.591092
vn -0.236664 -0.072607 0.968875
vn -0.268926 -0.845869 0.460635
vn -0.268926 -0.845869 0.460635
vn -0.297124 -0.838560 -0.456655
vn -0.297124 -0.838560 -0.456656
vn -0.204122 0.647754 0.733995
vn -0.204122 0.717618 0.665852
vn -0.204122 0.717618 0.665852
vn -0.236664 -0.263147 0.935277
vn -0.236664 -0.168715 0.956831
vn -0.236664 -0.168714 0.956831
vn -0.268926 -0.887530 0.374125
vn -0.268926 -0.887530 0.374126
vn -0.297124 -0.788925 -0.537880
vn -0.297124 -0.788925 -0.537880
vn -0.297124 -0.731449 -0.613759
vn -0.204122 0.647754 0.733995
vn -0.236664 -0.263146 0.935278
vn -0.268926 -0.920370 0.283897
vn -0.268926 -0.920371 0.283896
vn -0.297124 -0.731449 -0.613758
vn -0.204122 0.571453 0.794843
vn -0.204122 0.489472 0.847792
vn -0.204122 0.571453 0.794843
vn -0.236664 -0.354963 0.904429
vn -0.236664 -0.354962 0.904429
vn -0.268926 -0.944064 0.190847
vn -0.268926 -0.944064 0.190847
vn -0.297124 -0.666703 -0.683538
vn -0.297124 -0.666703 -0.683538
vn -0.204122 0.489473 0.847792
vn -0.236664 -0.443250 0.864592
vn -0.236664 -0.527133 0.816162
vn -0.236664 -0.443251 0.864592
vn -0.171334 0.983988 0.049108
vn -0.138337 0.989154 0.049366
vn -0.171334 0.983988 0.049109
vn -0.268926 -0.958375 0.095900
vn -0.268926 -0.958375 0.095899
vn -0.268926 -0.963161 0.000000
vn -0.297124 -0.595332 -0.746523
vn -0.297124 -0.595332 -0.746523
vn -0.297124 -0.518044 -0.802089
vn -0.204122 0.402628 0.892314
vn -0.204122 0.402628 0.892314
vn -0.236664 -0.605777 0.759621
vn -0.236664 -0.527133 0.816162
vn -0.171334 0.974209 0.146838
vn -0.171334 0.974209 0.146839
vn -0.268926 -0.963161 0.000000
vn -0.297124 -0.518044 -0.802089
vn -0.297124 -0.435608 -0.849684
vn -0.204122 0.311781 0.927969
vn -0.204122 0.311781 0.927969
vn -0.236664 -0.605777 0.759621
vn -0.171334 0.954748 0.243109
vn -0.171334 0.954747 0.243109
vn -0.268926 -0.958375 -0.095900
vn -0.268926 -0.958375 -0.095899
vn -0.297124 -0.435607 -0.849684
vn -0.297124 -0.348841 -0.888834
vn -0.204122 0.121725 0.971348
vn -0.204122 0.217836 0.954401
vn -0.204122 0.217836 0.954401
vn -0.236664 -0.678401 0.695530
vn -0.236664 -0.678401 0.695530
vn -0.171334 0.925797 0.336963
vn -0.171334 0.925798 0.336962
vn -0.268926 -0.944064 -0.190847
vn -0.268926 -0.944064 -0.190847
vn -0.297124 -0.348842 -0.888834
vn -0.204122 0.121726 0.971348
vn -0.236664 -0.744282 0.624527
vn -0.236664 -0.744282 0.624527
vn -0.171334 0.887646 0.427468
vn -0.171334 0.887646 0.427468
vn -0.268926 -0.920371 -0.283896
vn -0.268926 -0.920370 -0.283897
vn -0.297124 -0.258609 -0.919151
vn -0.297124 -0.258609 -0.919151
vn -0.204122 0.024406 0.978641
vn -0.204122 0.024406 0.978641
vn -0.236664 -0.802767 0.547317
vn -0.236664 -0.802767 0.547317
vn -0.171334 0.840673 0.513725
vn -0.171334 0.840673 0.513725
vn -0.268926 -0.887530 -0.374126
vn -0.268926 -0.887530 -0.374125
vn -0.268926 -0.845869 -0.460635
vn -0.297124 -0.165806 -0.940333
vn -0.297124 -0.165806 -0.940333
vn -0.297124 -0.071356 -0.952169
vn -0.204122 -0.073156 0.976208
vn -0.204122 -0.073157 0.976208
vn -0.236664 -0.853273 0.464667
vn -0.236664 -0.853273 0.464667
vn -0.236664 -0.895298 0.377401
vn -0.171334 0.785345 0.594876
vn -0.171334 0.785345 0.594876
vn -0.268926 -0.845869 -0.460635
vn -0.297124 -0.071355 -0.952169
vn -0.204122 -0.169992 0.964073
vn -0.204122 -0.169992 0.964073
vn -0.236664 -0.895298 0.377400
vn -0.171334 0.722212 0.670115
vn -0.171334 0.722213 0.670115
vn -0.268926 -0.795801 -0.542568
vn -0.268926 -0.737824 -0.619108
vn -0.268926 -0.795801 -0.542568
vn -0.297124 0.023806 -0.954542
vn -0.297124 0.118728 -0.947429
vn -0.297124 0.023805 -0.954542
vn -0.204122 -0.265138 0.942357
vn -0.204122 -0.265138 0.942357
vn -0.236664 -0.928426 0.286382
vn -0.236664 -0.928427 0.286381
vn -0.171334 0.651901 0.738694
vn -0.171334 0.651901 0.738694
vn -0.268926 -0.737824 -0.619108
vn -0.297124 0.118729 -0.947428
vn -0.204122 -0.357649 0.911275
vn -0.204122 -0.357650 0.911274
vn -0.236664 -0.952327 0.192517
vn -0.236664 -0.966763 0.096739
vn -0.236664 -0.952327 0.192517
vn -0.171334 0.492607 0.853219
vn -0.171334 0.575112 0.799932
vn -0.171334 0.575112 0.799932
vn -0.268926 -0.672514 -0.689495
vn -0.268926 -0.672515 -0.689495
vn -0.297124 0.212472 -0.930899
vn -0.297124 0.212471 -0.930899
vn -0.204122 -0.446605 0.871136
vn -0.204122 -0.531123 0.822340
vn -0.204122 -0.446605 0.871136
vn -0.236664 -0.966763 0.096739
vn -0.171334 0.492606 0.853220
vn -0.268926 -0.522559 -0.809080
vn -0.268926 -0.600521 -0.753030
vn -0.268926 -0.600521 -0.753030
vn -0.138337 0.989154 0.049367
vn -0.297124 0.304103 -0.905118
vn -0.297124 0.304103 -0.905118
vn -0.204122 -0.610363 0.765370
vn -0.204122 -0.531123 0.822340
vn -0.236664 -0.971591 0.000000
vn -0.236664 -0.971592 0.000000
vn -0.171334 0.405205 0.898027
vn -0.171334 0.405206 0.898027
vn -0.268926 -0.522559 -0.809080
vn -0.138337 0.959760 0.244385
vn -0.138337 0.979324 0.147609
vn -0.138337 0.979323 0.147610
vn -0.297124 0.477420 -0.826914
vn -0.297125 0.392713 -0.870341
vn -0.297124 0.392713 -0.870341
vn -0.204122 -0.683536 0.700795
vn -0.204122 -0.610362 0.765370
vn -0.236664 -0.966763 -0.096739
vn -0.236664 -0.966763 -0.096739
vn -0.236664 -0.952327 -0.192517
vn -0.171334 0.313777 0.933910
vn -0.171334 0.313777 0.933910
vn -0.171334 0.219230 0.960512
vn -0.268926 -0.439405 -0.857090
vn -0.268926 -0.439404 -0.857090
vn -0.138337 0.930658 0.338731
vn -0.138337 0.959760 0.244385
vn -0.297124 0.477419 -0.826915
vn -0.204122 -0.683535 0.700795
vn -0.236664 -0.952327 -0.192517
vn -0.171334 0.219231 0.960512
vn -0.268926 -0.351882 -0.896581
vn -0.268926 -0.351882 -0.896581
vn -0.138337 0.930658 0.338732
vn -0.297124 0.557381 -0.775270
vn -0.297124 0.557381 -0.775270
vn -0.204122 -0.749916 0.629254
vn -0.204122 -0.749916 0.629254
vn -0.236664 -0.928427 -0.286381
vn -0.236664 -0.928426 -0.286382
vn -0.171334 0.122506 0.977567
vn -0.171334 0.122506 0.977567
vn -0.268926 -0.260863 -0.927162
vn -0.268926 -0.167251 -0.948528
vn -0.268926 -0.260863 -0.927162
vn -0.138337 0.892306 0.429712
vn -0.138337 0.892306 0.429712
vn -0.138337 0.845087 0.516422
vn -0.297124 0.631803 -0.715920
vn -0.297124 0.699946 -0.649455
vn -0.297124 0.631804 -0.715920
vn -0.204122 -0.808843 0.551459
vn -0.204122 -0.859731 0.468184
vn -0.204122 -0.808843 0.551460
vn -0.236664 -0.895298 -0.377401
vn -0.236664 -0.895298 -0.377400
vn -0.236664 -0.853273 -0.464667
vn -0.171334 0.024562 0.984907
vn -0.171334 -0.073625 0.982458
vn -0.171334 0.024562 0.984907
vn -0.268926 -0.167250 -0.948529
vn -0.268926 -0.071977 -0.960468
vn -0.138337 0.845087 0.516422
vn -0.297124 0.699946 -0.649456
vn -0.204122 -0.902075 0.380257
vn -0.204122 -0.859731 0.468184
vn -0.236664 -0.853273 -0.464667
vn -0.171334 -0.073625 0.982458
vn -0.268926 -0.071978 -0.960468
vn -0.138337 0.789468 0.597999
vn -0.138337 0.789468 0.597999
vn -0.297125 0.814755 -0.497886
vn -0.297124 0.761133 -0.576536
vn -0.297124 0.761133 -0.576536
vn -0.204122 -0.902075 0.380257
vn -0.236664 -0.802767 -0.547317
vn -0.236664 -0.802767 -0.547317
vn -0.171334 -0.171081 0.970245
vn -0.171334 -0.171080 0.970245
vn -0.268926 0.024012 -0.962862
vn -0.268926 0.024012 -0.962862
vn -0.138337 0.726004 0.673633
vn -0.138337 0.655324 0.742572
vn -0.138337 0.726004 0.673633
vn -0.297124 0.814755 -0.497886
vn -0.204122 -0.935454 0.288549
vn -0.204122 -0.935454 0.288550
vn -0.204122 -0.959536 0.193974
vn -0.236664 -0.744282 -0.624527
vn -0.236664 -0.744282 -0.624527
vn -0.171334 -0.266835 0.948390
vn -0.171334 -0.266836 0.948390
vn -0.268926 0.119763 -0.955686
vn -0.268926 0.119763 -0.955686
vn -0.138337 0.655324 0.742572
vn -0.297124 0.860280 -0.414289
vn -0.297124 0.860280 -0.414289
vn -0.204122 -0.959536 0.193974
vn -0.236664 -0.678401 -0.695530
vn -0.236664 -0.678401 -0.695530
vn -0.171334 -0.359938 0.917109
vn -0.171334 -0.359939 0.917109
vn -0.268926 0.214323 -0.939013
vn -0.268926 0.214323 -0.939012
vn -0.138337 0.578132 0.804131
vn -0.138337 0.578131 0.804131
vn -0.297124 0.897255 -0.326574
vn -0.297124 0.897255 -0.326574
vn -0.297124 0.925313 -0.235613
vn -0.204122 -0.974081 0.097471
vn -0.204122 -0.974081 0.097471
vn -0.236664 -0.527133 -0.816162
vn -0.236664 -0.605777 -0.759621
vn -0.236664 -0.605777 -0.759621
vn -0.171334 -0.449465 0.876713
vn -0.171334 -0.449465 0.876713
vn -0.268926 0.306754 -0.913006
vn -0.268926 0.306754 -0.913007
vn -0.138337 0.495193 0.857699
vn -0.138337 0.495192 0.857699
vn -0.297124 0.925313 -0.235614
vn -0.105168 0.993218 0.049569
vn -0.105168 0.993218 0.049570
vn -0.204122 -0.978945 0.000000
vn -0.204122 -0.978945 0.000000
vn -0.236664 -0.527133 -0.816162
vn -0.171334 -0.534524 0.827604
vn -0.171334 -0.534524 0.827604
vn -0.268926 0.396135 -0.877927
vn -0.268926 0.396136 -0.877927
vn -0.138337 0.407333 0.902742
vn -0.138337 0.407333 0.902742
vn -0.297124 0.953652 -0.047595
vn -0.297124 0.944174 -0.142311
vn -0.297124 0.953652 -0.047595
vn -0.297124 0.944174 -0.142311
vn -0.105168 0.983347 0.148216
vn -0.105168 0.983347 0.148215
vn -0.204122 -0.974081 -0.097471
vn -0.204122 -0.974081 -0.097471
vn -0.236664 -0.443251 -0.864592
vn -0.236664 -0.443250 -0.864592
vn -0.171334 -0.614270 0.770271
vn -0.171334 -0.614270 0.770271
vn -0.268926 0.481580 -0.834122
vn -0.268926 0.481580 -0.834122
vn -0.138337 0.315424 0.938813
vn -0.138337 0.315424 0.938813
vn -0.138337 0.220381 0.965554
vn -0.105168 0.963703 0.245389
vn -0.105168 0.963703 0.245390
vn -0.204122 -0.959536 -0.193974
vn -0.204122 -0.959536 -0.193974
vn -0.236664 -0.354963 -0.904429
vn -0.236664 -0.354962 -0.904429
vn -0.236664 -0.263147 -0.935277
vn -0.171334 -0.687912 0.705282
vn -0.171334 -0.687912 0.705282
vn -0.268926 0.562239 -0.782027
vn -0.268926 0.562239 -0.782027
vn -0.138337 0.220381 0.965554
vn -0.105168 0.895973 0.431477
vn -0.105168 0.934481 0.340124
vn -0.105168 0.934482 0.340124
vn -0.204122 -0.935454 -0.288549
vn -0.204122 -0.935453 -0.288550
vn -0.236664 -0.263146 -0.935278
vn -0.171334 -0.754717 0.633282
vn -0.171334 -0.754717 0.633283
vn -0.268926 0.637310 -0.722160
vn -0.268926 0.637310 -0.722160
vn -0.138337 0.123149 0.982699
vn -0.138337 0.123148 0.982699
vn -0.105168 0.895973 0.431477
vn -0.204122 -0.902075 -0.380257
vn -0.204122 -0.902075 -0.380257
vn -0.204122 -0.859731 -0.468184
vn -0.236664 -0.168715 -0.956831
vn -0.236664 -0.168714 -0.956831
vn -0.171334 -0.814021 0.554990
vn -0.171334 -0.814021 0.554990
vn -0.268926 0.706047 -0.655116
vn -0.268926 0.706047 -0.655116
vn -0.138337 0.024691 0.990077
vn -0.138337 0.024692 0.990077
vn -0.105168 0.848559 0.518543
vn -0.105168 0.848559 0.518543
vn -0.204122 -0.859731 -0.468184
vn -0.236664 -0.072608 -0.968875
vn -0.236664 -0.072607 -0.968875
vn -0.171334 -0.865235 0.471182
vn -0.171334 -0.865236 0.471182
vn -0.171334 -0.907850 0.382692
vn -0.268926 0.767767 -0.581561
vn -0.268926 0.821856 -0.502226
vn -0.268926 0.767767 -0.581561
vn -0.138337 -0.171979 0.975339
vn -0.138337 -0.074012 0.987616
vn -0.138337 -0.074012 0.987616
vn -0.105168 0.792712 0.600456
vn -0.105168 0.792712 0.600456
vn -0.204122 -0.808843 -0.551459
vn -0.204122 -0.749916 -0.629254
vn -0.204122 -0.808843 -0.551460
vn -0.236664 0.120811 -0.964051
vn -0.236664 0.024223 -0.971290
vn -0.236664 0.024223 -0.971290
vn -0.171334 -0.907850 0.382691
vn -0.268926 0.821856 -0.502226
vn -0.138337 -0.171978 0.975339
vn -0.105168 0.728987 0.676401
vn -0.105168 0.728987 0.676401
vn -0.204122 -0.749916 -0.629254
vn -0.236664 0.120811 -0.964051
vn -0.171334 -0.941443 0.290397
vn -0.171334 -0.941443 0.290397
vn -0.268926 0.867778 -0.417900
vn -0.268926 0.867778 -0.417900
vn -0.138337 -0.268237 0.953369
vn -0.138337 -0.268237 0.953369
vn -0.105168 0.658017 0.745623
vn -0.105168 0.658017 0.745623
vn -0.204122 -0.683535 -0.700795
vn -0.204122 -0.683536 -0.700795
vn -0.236664 0.216200 -0.947232
vn -0.236664 0.216199 -0.947232
vn -0.171334 -0.965679 0.195216
vn -0.171334 -0.965679 0.195216
vn -0.268926 0.905075 -0.329420
vn -0.268926 0.905075 -0.329421
vn -0.138337 -0.361828 0.921924
vn -0.138337 -0.361829 0.921923
vn -0.105168 0.580507 0.807435
vn -0.105168 0.580507 0.807435
vn -0.204122 -0.610362 -0.765370
vn -0.204122 -0.610363 -0.765370
vn -0.204122 -0.531123 -0.822340
vn -0.236664 0.309439 -0.920998
vn -0.236664 0.309439 -0.920998
vn -0.171334 -0.985213 0.000000
vn -0.171334 -0.980317 0.098095
vn -0.171334 -0.980317 0.098096
vn -0.268926 0.933377 -0.237668
vn -0.268926 0.933377 -0.237667
vn -0.138337 -0.451825 0.881316
vn -0.138337 -0.451824 0.881316
vn -0.105168 0.497227 0.861223
vn -0.105168 0.497228 0.861223
vn -0.071862 0.996175 0.049717
vn -0.071863 0.996175 0.049717
vn -0.204122 -0.531123 -0.822340
vn -0.236664 0.399603 -0.885611
vn -0.236664 0.399603 -0.885612
vn -0.171334 -0.985213 0.000000
vn -0.268926 0.961964 -0.048010
vn -0.268926 0.961964 -0.048010
vn -0.268926 0.952403 -0.143552
vn -0.268926 0.952403 -0.143551
vn -0.138337 -0.617495 0.774314
vn -0.138337 -0.537330 0.831949
vn -0.138337 -0.537330 0.831949
vn -0.105168 0.409006 0.906451
vn -0.105168 0.409006 0.906451
vn -0.071862 0.986274 0.148657
vn -0.071862 0.986274 0.148657
vn -0.204122 -0.446605 -0.871136
vn -0.204122 -0.446605 -0.871136
vn -0.236664 0.485796 -0.841423
vn -0.236664 0.485795 -0.841423
vn -0.236664 0.567161 -0.788872
vn -0.171334 -0.980317 -0.098096
vn -0.171334 -0.980317 -0.098095
vn -0.138337 -0.617495 0.774315
vn -0.105168 0.316720 0.942671
vn -0.105168 0.221287 0.969522
vn -0.105168 0.316720 0.942671
vn -0.071862 0.966572 0.246119
vn -0.071862 0.966572 0.246119
vn -0.204122 -0.357649 -0.911275
vn -0.204122 -0.357649 -0.911275
vn -0.204122 -0.265138 -0.942357
vn -0.236664 0.567161 -0.788872
vn -0.171334 -0.965679 -0.195216
vn -0.171334 -0.965679 -0.195216
vn -0.171334 -0.941443 -0.290397
vn -0.138337 -0.691523 0.708984
vn -0.138337 -0.758679 0.636607
vn -0.138337 -0.691523 0.708984
vn -0.105168 0.221287 0.969522
vn -0.071862 0.937263 0.341136
vn -0.071863 0.937263 0.341137
vn -0.204122 -0.265138 -0.942357
vn -0.236664 0.642888 -0.728481
vn -0.236664 0.642888 -0.728481
vn -0.171334 -0.941443 -0.290397
vn -0.138337 -0.758679 0.636607
vn -0.105168 0.024793 0.994145
vn -0.105168 0.123654 0.986737
vn -0.105168 0.123654 0.986737
vn -0.071863 0.898639 0.432762
vn -0.071862 0.898640 0.432762
vn -0.204122 -0.169992 -0.964073
vn -0.204122 -0.169992 -0.964073
vn -0.236664 0.712227 -0.660850
vn -0.236664 0.712227 -0.660850
vn -0.236664 0.774487 -0.586651
vn -0.171334 -0.865236 -0.471182
vn -0.171334 -0.907850 -0.382692
vn -0.171334 -0.907850 -0.382691
vn -0.138337 -0.818295 0.557904
vn -0.138337 -0.818295 0.557904
vn -0.105168 0.024792 0.994145
vn -0.071862 0.851085 0.520087
vn -0.071862 0.851085 0.520087
vn -0.204122 -0.073156 -0.976208
vn -0.204122 0.024406 -0.978641
vn -0.204122 -0.073157 -0.976208
vn -0.236664 0.774487 -0.586652
vn -0.171334 -0.865235 -0.471182
vn -0.138337 -0.869778 0.473656
vn -0.138337 -0.912616 0.384700
vn -0.138337 -0.869778 0.473656
vn -0.105168 -0.074316 0.991674
vn -0.105168 -0.172685 0.979347
vn -0.105168 -0.074315 0.991674
vn -0.071862 0.795071 0.602243
vn -0.071862 0.795071 0.602244
vn -0.204122 0.024406 -0.978641
vn -0.236664 0.829050 -0.506622
vn -0.236664 0.875374 -0.421558
vn -0.236664 0.829050 -0.506622
vn -0.171334 -0.814021 -0.554990
vn -0.171334 -0.814021 -0.554990
vn -0.138337 -0.912616 0.384700
vn -0.105168 -0.172685 0.979346
vn -0.071862 0.731157 0.678414
vn -0.071863 0.731156 0.678414
vn -0.204122 0.121725 -0.971348
vn -0.204122 0.121726 -0.971348
vn -0.204122 0.217836 -0.954401
vn -0.236664 0.875374 -0.421558
vn -0.171334 -0.754717 -0.633282
vn -0.171334 -0.687912 -0.705282
vn -0.171334 -0.754717 -0.633283
vn -0.138337 -0.946385 0.291921
vn -0.138337 -0.946385 0.291921
vn -0.138337 -0.970748 0.196241
vn -0.105168 -0.269339 0.957286
vn -0.105168 -0.269339 0.957286
vn -0.105168 -0.363315 0.925711
vn -0.014715 0.997096 0.074722
vn -0.014715 0.992132 0.124330
vn -0.042225 0.997866 0.049802
vn -0.042225 0.997866 0.049802
vn -0.017187 0.998609 0.049839
vn -0.071863 0.659975 0.747843
vn -0.071863 0.659975 0.747843
vn -0.204122 0.217836 -0.954401
vn -0.236664 0.912997 -0.332304
vn -0.236664 0.912997 -0.332304
vn -0.171334 -0.687912 -0.705282
vn -0.138337 -0.970748 0.196241
vn -0.105168 -0.363315 0.925712
vn -0.017187 0.988685 0.149020
vn -0.014715 0.984701 0.173630
vn -0.014715 0.974822 0.222497
vn -0.042226 0.987949 0.148909
vn -0.042226 0.968213 0.246537
vn -0.042225 0.987949 0.148909
vn -0.071863 0.582234 0.809839
vn -0.071862 0.582234 0.809839
vn -0.204122 0.311781 -0.927969
vn -0.204122 0.311781 -0.927969
vn -0.236664 0.960740 -0.144808
vn -0.236664 0.941547 -0.239747
vn -0.236664 0.941547 -0.239748
vn -0.171334 -0.614270 -0.770271
vn -0.171334 -0.614270 -0.770271
vn -0.138337 -0.985464 0.098611
vn -0.138337 -0.985464 0.098611
vn -0.138337 -0.990385 0.000000
vn -0.105168 -0.453680 0.884937
vn -0.105168 -0.453681 0.884937
vn -0.105168 -0.539538 0.835367
vn -0.014715 0.962520 0.270811
vn -0.014715 0.947825 0.318453
vn -0.042225 0.968213 0.246538
vn -0.017187 0.968934 0.246721
vn -0.071862 0.498707 0.863786
vn -0.071862 0.498708 0.863786
vn -0.204122 0.402628 -0.892314
vn -0.204122 0.402628 -0.892314
vn -0.204122 0.489472 -0.847792
vn -0.236664 0.970384 -0.048430
vn -0.236664 0.960740 -0.144808
vn -0.236664 0.970384 -0.048430
vn -0.171334 -0.534524 -0.827604
vn -0.171334 -0.449465 -0.876713
vn -0.171334 -0.534524 -0.827604
vn -0.138337 -0.990385 0.000000
vn -0.105168 -0.539537 0.835368
vn -0.042226 0.938854 0.341715
vn -0.017187 0.939554 0.341969
vn -0.014715 0.930773 0.365302
vn -0.014715 0.911407 0.411242
vn -0.042226 0.900165 0.433497
vn -0.042225 0.938855 0.341714
vn -0.071862 0.410224 0.909149
vn -0.071862 0.410224 0.909149
vn -0.204122 0.489473 -0.847792
vn -0.171334 -0.449465 -0.876713
vn -0.171334 -0.359939 -0.917109
vn -0.138337 -0.970748 -0.196241
vn -0.138337 -0.985464 -0.098611
vn -0.138337 -0.985464 -0.098611
vn -0.105168 -0.620032 0.777496
vn -0.105168 -0.620032 0.777496
vn -0.014715 0.889776 0.456160
vn -0.014715 0.865931 0.499947
vn -0.042225 0.900165 0.433497
vn -0.017187 0.900836 0.433820
vn -0.071862 0.317663 0.945477
vn -0.071862 0.317663 0.945477
vn -0.204122 0.571453 -0.794843
vn -0.204122 0.571454 -0.794843
vn -0.204122 0.647754 -0.733995
vn -0.171334 -0.359938 -0.917109
vn -0.138337 -0.970748 -0.196241
vn -0.105168 -0.694365 0.711897
vn -0.105168 -0.694365 0.711897
vn -0.017187 0.853165 0.521358
vn -0.042225 0.852530 0.520970
vn -0.014715 0.839935 0.542487
vn -0.014715 0.811850 0.583681
vn -0.042225 0.852530 0.520970
vn -0.071863 0.221946 0.972407
vn -0.071862 0.221946 0.972407
vn -0.204122 0.647754 -0.733995
vn -0.171334 -0.266835 -0.948390
vn -0.171334 -0.266836 -0.948390
vn -0.171334 -0.171080 -0.970245
vn -0.138337 -0.946385 -0.291921
vn -0.138337 -0.946385 -0.291921
vn -0.105168 -0.761797 0.639223
vn -0.105168 -0.761796 0.639223
vn -0.042225 0.796421 0.603266
vn -0.014715 0.781747 0.623422
vn -0.014715 0.749700 0.661614
vn -0.042225 0.796422 0.603266
vn -0.042225 0.732398 0.679566
vn -0.017187 0.797015 0.603715
vn -0.071863 0.124022 0.989674
vn -0.071862 0.124023 0.989674
vn -0.204122 0.780349 -0.591092
vn -0.204122 0.717618 -0.665852
vn -0.204122 0.717618 -0.665852
vn -0.171334 -0.171081 -0.970245
vn -0.138337 -0.912616 -0.384700
vn -0.138337 -0.912616 -0.384700
vn -0.105168 -0.821657 0.560196
vn -0.105168 -0.821657 0.560196
vn -0.042225 0.732398 0.679566
vn -0.014715 0.715789 0.698161
vn -0.014715 0.680099 0.732973
vn -0.017187 0.732944 0.680072
vn -0.071862 0.024866 0.997105
vn -0.071862 0.024866 0.997105
vn -0.204122 0.780349 -0.591092
vn -0.171334 0.024562 -0.984907
vn -0.171334 -0.073625 -0.982458
vn -0.171334 -0.073625 -0.982458
vn -0.138337 -0.869778 -0.473656
vn -0.138337 -0.869777 -0.473656
vn -0.105168 -0.873351 0.475602
vn -0.105168 -0.873351 0.475602
vn -0.042225 0.661096 0.749112
vn -0.017187 0.661588 0.749670
vn -0.042225 0.661096 0.749113
vn -0.014715 0.642718 0.765962
vn -0.014715 0.603740 0.797046
vn -0.071862 -0.074537 0.994626
vn -0.071862 -0.074537 0.994626
vn -0.204122 0.835325 -0.510456
vn -0.204122 0.881999 -0.424749
vn -0.204122 0.835325 -0.510457
vn -0.171334 0.122506 -0.977567
vn -0.171334 0.024562 -0.984907
vn -0.138337 -0.818295 -0.557904
vn -0.138337 -0.818295 -0.557904
vn -0.105168 -0.916366 0.386281
vn -0.105168 -0.916366 0.386281
vn -0.014715 0.563259 0.826150
vn -0.042225 0.583223 0.811214
vn -0.014715 0.521379 0.853198
vn -0.017187 0.583657 0.811818
vn -0.042225 0.583223 0.811214
vn -0.071862 -0.173200 0.982261
vn -0.071862 -0.173199 0.982262
vn -0.204122 0.881999 -0.424748
vn -0.171334 0.122506 -0.977567
vn -0.171334 0.219230 -0.960512
vn -0.138337 -0.758679 -0.636607
vn -0.138337 -0.691523 -0.708984
vn -0.138337 -0.758679 -0.636607
vn -0.105168 -0.950274 0.293120
vn -0.105168 -0.974737 0.197047
vn -0.105168 -0.950274 0.293120
vn -0.014715 0.478203 0.878126
vn -0.014715 0.433836 0.900872
vn -0.042225 0.499554 0.865253
vn -0.017187 0.499926 0.865898
vn -0.042225 0.499554 0.865253
vn -0.042225 0.410920 0.910693
vn -0.071862 -0.270140 0.960136
vn -0.071863 -0.270140 0.960135
vn -0.204122 0.919908 -0.334819
vn -0.204122 0.919908 -0.334819
vn -0.171334 0.219231 -0.960512
vn -0.138337 -0.691523 -0.708984
vn -0.138337 -0.617495 -0.774314
vn -0.105168 -0.974737 0.197047
vn -0.017187 0.411227 0.911371
vn -0.042225 0.318202 0.947082
vn -0.014715 0.388394 0.921376
vn -0.014715 0.341983 0.939591
vn -0.042225 0.410921 0.910693
vn -0.071862 -0.364397 0.928467
vn -0.071863 -0.364397 0.928467
vn -0.204122 0.948674 -0.241562
vn -0.204122 0.948674 -0.241562
vn -0.171334 0.313777 -0.933910
vn -0.171334 0.313777 -0.933910
vn -0.171334 0.405206 -0.898027
vn -0.138337 -0.617495 -0.774315
vn -0.105168 -0.989513 0.099016
vn -0.105168 -0.989513 0.099016
vn -0.042225 0.318202 0.947082
vn -0.014715 0.294722 0.955470
vn -0.014715 0.246732 0.968972
vn -0.017187 0.318439 0.947788
vn -0.071862 -0.455031 0.887571
vn -0.071863 -0.455031 0.887571
vn -0.071863 -0.541143 0.837854
vn -0.204122 0.968012 -0.145904
vn -0.204122 0.977729 -0.048796
vn -0.204122 0.977729 -0.048797
vn -0.204122 0.968012 -0.145904
vn -0.171334 0.405205 -0.898027
vn -0.138337 -0.537330 -0.831949
vn -0.138337 -0.537330 -0.831949
vn -0.138337 -0.451825 -0.881316
vn -0.105168 -0.994455 0.000000
vn -0.105168 -0.994455 0.000000
vn -0.042225 0.222323 0.974058
vn -0.014715 0.198124 0.980067
vn -0.014715 0.149026 0.988724
vn -0.042226 0.222323 0.974058
vn -0.017187 0.222488 0.974784
vn -0.071863 -0.541144 0.837854
vn -0.171334 0.492606 -0.853220
vn -0.171334 0.575112 -0.799932
vn -0.171334 0.492607 -0.853219
vn -0.138337 -0.451824 -0.881316
vn -0.105168 -0.989513 -0.099016
vn -0.105168 -0.989513 -0.099016
vn -0.042225 0.124233 0.991354
vn -0.042226 0.124232 0.991354
vn -0.014715 0.099557 0.994923
vn -0.014715 0.049841 0.998649
vn -0.017186 0.124326 0.992093
vn -0.071862 -0.621878 0.779810
vn -0.071862 -0.621878 0.779810
vn -0.171334 0.575112 -0.799932
vn -0.138337 -0.268237 -0.953369
vn -0.138337 -0.361828 -0.921924
vn -0.138337 -0.361829 -0.921923
vn -0.105168 -0.974737 -0.197047
vn -0.105168 -0.974737 -0.197047
vn -0.042226 0.024908 0.998798
vn -0.042225 0.024908 0.998798
vn -0.014715 0.000000 0.999892
vn -0.014715 -0.049841 0.998649
vn -0.017187 0.024926 0.999542
vn -0.071862 -0.696432 0.714016
vn -0.071862 -0.764064 0.641125
vn -0.071862 -0.696431 0.714016
vn -0.171334 0.651901 -0.738694
vn -0.171334 0.651901 -0.738694
vn -0.171334 0.722213 -0.670115
vn -0.138337 -0.268237 -0.953369
vn -0.105168 -0.950274 -0.293120
vn -0.105168 -0.950274 -0.293120
vn -0.042225 -0.074663 0.996314
vn -0.017187 -0.074719 0.997057
vn -0.014715 -0.099557 0.994923
vn -0.014715 -0.149026 0.988724
vn -0.042225 -0.074663 0.996314
vn -0.071862 -0.764064 0.641126
vn -0.171334 0.722212 -0.670115
vn -0.138337 -0.171978 -0.975339
vn -0.138337 -0.171979 -0.975339
vn -0.105168 -0.916366 -0.386281
vn -0.105168 -0.916366 -0.386281
vn -0.014715 -0.198124 0.980067
vn -0.014715 -0.246732 0.968972
vn -0.042225 -0.173494 0.983929
vn -0.042225 -0.173494 0.983929
vn -0.017187 -0.173623 0.984662
vn -0.071862 -0.824103 0.561864
vn -0.071862 -0.824103 0.561864
vn -0.171334 0.785345 -0.594876
vn -0.171334 0.785345 -0.594876
vn -0.138337 -0.074012 -0.987616
vn -0.138337 -0.074012 -0.987616
vn -0.105168 -0.873351 -0.475602
vn -0.105168 -0.873351 -0.475602
vn -0.042225 -0.270598 0.961766
vn -0.014715 -0.294722 0.955470
vn -0.014715 -0.341983 0.939591
vn -0.042225 -0.270599 0.961766
vn -0.042225 -0.365016 0.930043
vn -0.017187 -0.270800 0.962482
vn -0.071862 -0.919094 0.387431
vn -0.071862 -0.875951 0.477018
vn -0.071862 -0.875951 0.477018
vn -0.171334 0.840673 -0.513725
vn -0.171334 0.887646 -0.427468
vn -0.171334 0.840673 -0.513725
vn -0.138337 0.024691 -0.990077
vn -0.138337 0.123149 -0.982699
vn -0.138337 0.024692 -0.990077
vn -0.105168 -0.761796 -0.639223
vn -0.105168 -0.821657 -0.560196
vn -0.105168 -0.821657 -0.560196
vn -0.017187 -0.365287 0.930736
vn -0.042225 -0.455804 0.889078
vn -0.042225 -0.365015 0.930044
vn -0.014715 -0.388394 0.921376
vn -0.014715 -0.433836 0.900872
vn -0.071862 -0.919094 0.387431
vn -0.171334 0.887646 -0.427468
vn -0.171334 0.925797 -0.336963
vn -0.138337 0.123148 -0.982699
vn -0.105168 -0.761797 -0.639223
vn -0.017187 -0.456144 0.889740
vn -0.042225 -0.455804 0.889078
vn -0.014715 -0.478203 0.878126
vn -0.014715 -0.521379 0.853198
vn -0.071862 -0.953102 0.293993
vn -0.071862 -0.977638 0.197634
vn -0.071862 -0.953102 0.293993
vn -0.171334 0.925798 -0.336962
vn -0.138337 0.220381 -0.965554
vn -0.138337 0.315424 -0.938813
vn -0.138337 0.220381 -0.965554
vn -0.105168 -0.694365 -0.711897
vn -0.105168 -0.694365 -0.711897
vn -0.017187 -0.542466 0.839902
vn -0.042226 -0.542062 0.839277
vn -0.014715 -0.563259 0.826150
vn -0.014715 -0.603740 0.797046
vn -0.042225 -0.542062 0.839277
vn -0.071862 -0.977638 0.197634
vn -0.171334 0.954748 -0.243109
vn -0.171334 0.954747 -0.243109
vn -0.138337 0.315424 -0.938813
vn -0.138337 0.407333 -0.902742
vn -0.105168 -0.620032 -0.777496
vn -0.105168 -0.620032 -0.777496
vn -0.042225 -0.697614 0.715228
vn -0.042225 -0.622934 0.781134
vn -0.014715 -0.642718 0.765962
vn -0.014715 -0.680099 0.732973
vn -0.017186 -0.623398 0.781716
vn -0.042226 -0.622934 0.781134
vn -0.071862 -0.992458 0.099311
vn -0.071862 -0.992458 0.099310
vn -0.171334 0.983988 -0.049108
vn -0.171334 0.974209 -0.146839
vn -0.171334 0.983988 -0.049109
vn -0.171334 0.974209 -0.146838
vn -0.138337 0.407333 -0.902742
vn -0.105168 -0.539537 -0.835368
vn -0.105168 -0.539538 -0.835367
vn -0.014715 -0.715789 0.698161
vn -0.014715 -0.749700 0.661614
vn -0.017187 -0.698134 0.715761
vn -0.042225 -0.697614 0.715228
vn -0.071862 -0.997414 0.000000
vn -0.071862 -0.997415 0.000000
vn -0.071862 -0.992458 -0.099310
vn -0.138337 0.495192 -0.857699
vn -0.138337 0.495193 -0.857699
vn -0.138337 0.578132 -0.804131
vn -0.105168 -0.453681 -0.884937
vn -0.105168 -0.363316 -0.925711
vn -0.105168 -0.453680 -0.884937
vn -0.017187 -0.765931 0.642693
vn -0.042225 -0.765361 0.642214
vn -0.014715 -0.781747 0.623422
vn -0.014715 -0.811850 0.583681
vn -0.042225 -0.765361 0.642214
vn -0.071862 -0.992458 -0.099311
vn -0.138337 0.655324 -0.742572
vn -0.138337 0.578131 -0.804131
vn -0.105168 -0.363315 -0.925712
vn -0.042225 -0.825502 0.562818
vn -0.042225 -0.877438 0.477828
vn -0.042225 -0.825502 0.562818
vn -0.014715 -0.839935 0.542487
vn -0.014715 -0.865931 0.499947
vn -0.017187 -0.826117 0.563237
vn -0.071862 -0.977638 -0.197634
vn -0.071862 -0.977638 -0.197634
vn -0.138337 0.655324 -0.742572
vn -0.105168 -0.269339 -0.957286
vn -0.105168 -0.269339 -0.957286
vn -0.042225 -0.920654 0.388088
vn -0.042225 -0.877438 0.477828
vn -0.014715 -0.889776 0.456160
vn -0.014715 -0.911407 0.411242
vn -0.017187 -0.878092 0.478184
vn -0.071862 -0.953102 -0.293993
vn -0.071862 -0.953102 -0.293993
vn -0.138337 0.726004 -0.673633
vn -0.138337 0.726004 -0.673633
vn -0.105168 -0.172685 -0.979347
vn -0.105168 -0.172685 -0.979346
vn -0.017186 -0.921340 0.388377
vn -0.042225 -0.920654 0.388088
vn -0.014715 -0.930773 0.365302
vn -0.014715 -0.947825 0.318453
vn -0.071862 -0.919094 -0.387431
vn -0.071862 -0.919094 -0.387431
vn -0.138337 0.789468 -0.597999
vn -0.138337 0.789468 -0.597999
vn -0.105168 -0.074316 -0.991674
vn -0.105168 -0.074315 -0.991674
vn -0.017186 -0.955432 0.294712
vn -0.042225 -0.954720 0.294492
vn -0.042226 -0.954721 0.294492
vn -0.014715 -0.962520 0.270811
vn -0.014715 -0.974822 0.222497
vn -0.042226 -0.979298 0.197969
vn -0.071862 -0.875951 -0.477018
vn -0.071862 -0.875951 -0.477018
vn -0.138337 0.845087 -0.516422
vn -0.138337 0.845087 -0.516422
vn -0.105168 0.024792 -0.994145
vn -0.105168 0.024793 -0.994145
vn -0.014715 -0.984701 0.173630
vn -0.014715 -0.992132 0.124330
vn -0.017187 -0.980028 0.198117
vn -0.042225 -0.979298 0.197969
vn -0.071862 -0.824103 -0.561864
vn -0.071862 -0.824102 -0.561864
vn -0.138337 0.930658 -0.338731
vn -0.138337 0.892306 -0.429712
vn -0.138337 0.892306 -0.429712
vn -0.105168 0.123654 -0.986737
vn -0.105168 0.123654 -0.986737
vn -0.042225 -0.994143 0.099479
vn -0.017187 -0.994884 0.099553
vn -0.042225 -0.994143 0.099479
vn -0.042225 -0.999108 0.000000
vn -0.014715 -0.997096 0.074722
vn -0.014715 -0.999581 0.024929
vn -0.071862 -0.764064 -0.641126
vn -0.071862 -0.764064 -0.641125
vn -0.138337 0.930658 -0.338732
vn -0.138337 0.959760 -0.244385
vn -0.105168 0.221287 -0.969522
vn -0.105168 0.221287 -0.969522
vn -0.017187 -0.999852 0.000000
vn -0.014715 -0.999581 -0.024929
vn -0.014715 -0.997096 -0.074722
vn -0.042225 -0.999108 0.000000
vn -0.071862 -0.696432 -0.714016
vn -0.071862 -0.621878 -0.779810
vn -0.071862 -0.696431 -0.714016
vn -0.138337 0.959760 -0.244385
vn -0.105168 0.316720 -0.942671
vn -0.105168 0.316720 -0.942671
vn -0.042225 -0.994143 -0.099479
vn -0.042225 -0.979298 -0.197969
vn -0.042225 -0.994143 -0.099479
vn -0.014715 -0.992132 -0.124330
vn -0.014715 -0.984701 -0.173630
vn -0.017187 -0.994884 -0.099553
vn -0.071862 -0.621878 -0.779810
vn -0.138337 0.989154 -0.049366
vn -0.138337 0.989154 -0.049367
vn -0.138337 0.979323 -0.147610
vn -0.138337 0.979324 -0.147609
vn -0.105168 0.409006 -0.906451
vn -0.105168 0.409006 -0.906451
vn -0.042226 -0.979298 -0.197969
vn -0.017187 -0.980028 -0.198117
vn -0.014715 -0.974822 -0.222497
vn -0.014715 -0.962520 -0.270811
vn -0.071863 -0.541143 -0.837854
vn -0.071863 -0.541144 -0.837854
vn -0.105168 0.497228 -0.861223
vn -0.105168 0.497227 -0.861223
vn -0.042225 -0.920654 -0.388088
vn -0.042225 -0.954721 -0.294492
vn -0.042226 -0.954720 -0.294492
vn -0.014715 -0.947825 -0.318453
vn -0.014715 -0.930773 -0.365302
vn -0.017186 -0.955432 -0.294712
vn -0.071862 -0.455031 -0.887571
vn -0.071862 -0.364397 -0.928467
vn -0.071863 -0.455031 -0.887571
vn -0.105168 0.580507 -0.807435
vn -0.105168 0.580507 -0.807435
vn -0.042225 -0.920654 -0.388088
vn -0.017186 -0.921340 -0.388377
vn -0.014715 -0.911407 -0.411242
vn -0.014715 -0.889776 -0.456160
vn -0.071863 -0.364397 -0.928467
vn -0.105168 0.658017 -0.745623
vn -0.105168 0.658017 -0.745623
vn -0.017187 -0.878092 -0.478184
vn -0.042225 -0.877438 -0.477828
vn -0.042225 -0.877438 -0.477828
vn -0.014715 -0.865931 -0.499947
vn -0.014715 -0.839935 -0.542487
vn -0.071863 -0.270140 -0.960136
vn -0.071862 -0.270140 -0.960135
vn -0.105168 0.728986 -0.676401
vn -0.105168 0.728987 -0.676401
vn -0.042225 -0.825502 -0.562818
vn -0.042225 -0.825502 -0.562818
vn -0.017187 -0.826117 -0.563237
vn -0.014715 -0.811850 -0.583681
vn -0.014715 -0.781747 -0.623422
vn -0.071862 -0.173200 -0.982261
vn -0.071862 -0.173199 -0.982262
vn -0.071862 -0.074537 -0.994626
vn -0.105168 0.848559 -0.518543
vn -0.105168 0.792712 -0.600456
vn -0.105168 0.792712 -0.600456
vn -0.042225 -0.765361 -0.642214
vn -0.042225 -0.765361 -0.642214
vn -0.017187 -0.765931 -0.642693
vn -0.014715 -0.749700 -0.661614
vn -0.014715 -0.715789 -0.698161
vn -0.071862 -0.074537 -0.994626
vn -0.105168 0.848559 -0.518543
vn -0.042225 -0.697614 -0.715228
vn -0.042225 -0.697614 -0.715228
vn -0.014715 -0.680099 -0.732973
vn -0.014715 -0.642718 -0.765962
vn -0.017187 -0.698134 -0.715761
vn -0.071862 0.024866 -0.997105
vn -0.071862 0.124023 -0.989674
vn -0.071862 0.024866 -0.997105
vn -0.105168 0.895973 -0.431477
vn -0.105168 0.895973 -0.431477
vn -0.017186 -0.623398 -0.781716
vn -0.042226 -0.622934 -0.781134
vn -0.042226 -0.622934 -0.781134
vn -0.014715 -0.603740 -0.797046
vn -0.014715 -0.563259 -0.826150
vn -0.042226 -0.542062 -0.839277
vn -0.071863 0.124022 -0.989674
vn -0.105168 0.934481 -0.340124
vn -0.105168 0.934482 -0.340124
vn -0.042225 -0.542062 -0.839277
vn -0.017187 -0.542466 -0.839902
vn -0.014715 -0.521379 -0.853198
vn -0.014715 -0.478203 -0.878126
vn -0.071862 0.221945 -0.972407
vn -0.071863 0.221946 -0.972407
vn -0.105168 0.963703 -0.245389
vn -0.105168 0.963703 -0.245390
vn -0.105168 0.983347 -0.148215
vn -0.017187 -0.456144 -0.889740
vn -0.042225 -0.455804 -0.889078
vn -0.042225 -0.455804 -0.889078
vn -0.014715 -0.433836 -0.900872
vn -0.014715 -0.388394 -0.921376
vn -0.071862 0.410224 -0.909149
vn -0.071862 0.317663 -0.945477
vn -0.071862 0.317663 -0.945477
vn -0.105168 0.993218 -0.049569
vn -0.105168 0.983347 -0.148216
vn -0.105168 0.993218 -0.049570
vn -0.014715 -0.294722 -0.955470
vn -0.042225 -0.365015 -0.930044
vn -0.017187 -0.365287 -0.930736
vn -0.042225 -0.270598 -0.961766
vn -0.042225 -0.365016 -0.930043
vn -0.014715 -0.341983 -0.939591
vn -0.071862 0.410224 -0.909149
vn -0.014715 -0.246732 -0.968972
vn -0.014715 -0.198124 -0.980067
vn -0.042225 -0.270599 -0.961766
vn -0.017187 -0.270800 -0.962482
vn -0.071862 0.498707 -0.863786
vn -0.071862 0.498708 -0.863786
vn -0.071862 0.582234 -0.809839
vn -0.014715 -0.149026 -0.988724
vn -0.014715 -0.099557 -0.994923
vn -0.042225 -0.074663 -0.996314
vn -0.042225 -0.173494 -0.983929
vn -0.017187 -0.173623 -0.984662
vn -0.042225 -0.173494 -0.983929
vn -0.071863 0.582234 -0.809839
vn -0.042225 -0.074663 -0.996314
vn -0.014715 -0.049841 -0.998649
vn -0.014715 0.000000 -0.999892
vn -0.017187 -0.074719 -0.997057
vn -0.071863 0.659975 -0.747843
vn -0.071863 0.659975 -0.747843
vn -0.014715 0.049841 -0.998649
vn -0.042226 0.024908 -0.998798
vn -0.014715 0.099557 -0.994923
vn -0.042225 0.024908 -0.998798
vn -0.017187 0.024926 -0.999542
vn -0.071863 0.731157 -0.678414
vn -0.071862 0.731156 -0.678414
vn -0.071862 0.795071 -0.602243
vn -0.014715 0.149026 -0.988724
vn -0.014715 0.198124 -0.980067
vn -0.042225 0.124232 -0.991354
vn -0.042226 0.124233 -0.991354
vn -0.017186 0.124326 -0.992093
vn -0.071862 0.795071 -0.602244
vn -0.042226 0.222323 -0.974058
vn -0.017187 0.222488 -0.974784
vn -0.014715 0.246732 -0.968972
vn -0.014715 0.294722 -0.955470
vn -0.042226 0.318202 -0.947082
vn -0.042225 0.222323 -0.974058
vn -0.071862 0.851085 -0.520087
vn -0.071862 0.851085 -0.520087
vn -0.017187 0.318439 -0.947788
vn -0.014715 0.341983 -0.939591
vn -0.014715 0.388394 -0.921376
vn -0.042225 0.318202 -0.947082
vn -0.071863 0.898640 -0.432762
vn -0.071863 0.937263 -0.341137
vn -0.071862 0.898639 -0.432762
vn -0.014715 0.433836 -0.900872
vn -0.014715 0.478203 -0.878126
vn -0.017187 0.411227 -0.911371
vn -0.042225 0.499554 -0.865253
vn -0.042225 0.410920 -0.910693
vn -0.042225 0.410921 -0.910693
vn -0.071862 0.937263 -0.341136
vn -0.014715 0.521379 -0.853198
vn -0.014715 0.563259 -0.826150
vn -0.042225 0.499554 -0.865253
vn -0.017187 0.499926 -0.865898
vn -0.071862 0.966572 -0.246119
vn -0.071862 0.966572 -0.246119
vn -0.014715 0.603740 -0.797046
vn -0.014715 0.642718 -0.765962
vn -0.042225 0.583223 -0.811214
vn -0.042225 0.583223 -0.811214
vn -0.017187 0.583657 -0.811818
vn -0.071862 0.986274 -0.148657
vn -0.071863 0.996175 -0.049717
vn -0.071862 0.986274 -0.148657
vn -0.071862 0.996175 -0.049717
vn -0.014715 0.680099 -0.732973
vn -0.014715 0.715789 -0.698161
vn -0.042225 0.661096 -0.749112
vn -0.042225 0.661096 -0.749112
vn -0.017187 0.661588 -0.749670
vn -0.014715 0.749700 -0.661614
vn -0.014715 0.781747 -0.623422
vn -0.042225 0.732398 -0.679566
vn -0.017187 0.732944 -0.680072
vn -0.042225 0.732398 -0.679566
vn -0.042225 0.796422 -0.603266
vn -0.014715 0.811850 -0.583681
vn -0.014715 0.839935 -0.542487
vn -0.017187 0.797015 -0.603715
vn -0.042225 0.852530 -0.520970
vn -0.042225 0.796421 -0.603266
vn -0.017187 0.853165 -0.521358
vn -0.042225 0.852530 -0.520970
vn -0.014715 0.865931 -0.499947
vn -0.014715 0.889776 -0.456160
vn -0.042225 0.900165 -0.433497
vn -0.014715 0.911407 -0.411242
vn -0.014715 0.930773 -0.365302
vn -0.017187 0.900836 -0.433820
vn -0.042226 0.900165 -0.433497
vn -0.042225 0.968213 -0.246537
vn -0.017187 0.939554 -0.341969
vn -0.042225 0.938854 -0.341715
vn -0.014715 0.947825 -0.318453
vn -0.014715 0.962520 -0.270811
vn -0.042226 0.938855 -0.341714
vn -0.042226 0.968213 -0.246538
vn -0.017187 0.968934 -0.246721
vn -0.014715 0.974822 -0.222497
vn -0.014715 0.984701 -0.173630
vn -0.042225 0.987949 -0.148909
vn -0.042225 0.997866 -0.049802
vn -0.042225 0.997866 -0.049802
vn -0.042226 0.987949 -0.148909
vn -0.017187 0.988685 -0.149020
vn -0.014715 0.992132 -0.124330
vn -0.014715 0.997096 -0.074722
vn -0.017187 0.998609 -0.049839
vn -0.314871 0.947955 0.047311
vn -0.303973 0.889335 -0.341591
vn -0.315610 0.946236 0.070911
vn -0.315610 0.941525 0.117989
vn -0.314871 0.938534 0.141460
vn -0.315610 0.934473 0.164773
vn -0.314871 0.919784 0.234206
vn -0.315610 0.925098 0.211148
vn -0.315610 0.913424 0.256997
vn -0.314871 0.891895 0.324623
vn -0.315610 0.899478 0.302208
vn -0.315610 0.883296 0.346668
vn -0.314871 0.855140 0.411814
vn -0.315610 0.864918 0.390266
vn -0.315610 0.844390 0.432893
vn -0.308988 0.798920 0.515997
vn -0.298226 0.826617 0.477248
vn -0.316113 0.770303 0.553810
vn -0.320405 0.808306 0.493946
vn -0.319659 0.740811 0.590777
vn -0.319659 0.710442 0.626969
vn -0.314658 0.791784 0.523516
vn -0.313315 0.756996 0.573402
vn -0.320053 0.678213 0.661509
vn -0.319119 0.705342 0.632974
vn -0.313510 0.706734 0.634223
vn -0.312522 0.696334 0.646103
vn -0.314062 0.662908 0.679646
vn -0.312522 0.628542 0.712225
vn -0.320053 0.644395 0.694493
vn -0.318961 0.661766 0.678475
vn -0.319660 0.609062 0.725852
vn -0.319659 0.572124 0.755309
vn -0.313510 0.616406 0.722326
vn -0.319119 0.615192 0.720904
vn -0.313510 0.567053 0.761684
vn -0.320053 0.533689 0.782778
vn -0.319119 0.565936 0.760184
vn -0.312522 0.554504 0.771269
vn -0.314062 0.515094 0.797523
vn -0.318961 0.514207 0.796150
vn -0.312522 0.474955 0.822647
vn -0.320053 0.494008 0.808407
vn -0.319660 0.411119 0.853697
vn -0.313510 0.461059 0.830142
vn -0.319119 0.460151 0.828508
vn -0.319660 0.453160 0.832144
vn -0.313510 0.404885 0.858941
vn -0.319119 0.404087 0.857249
vn -0.320053 0.368003 0.873006
vn -0.312522 0.390686 0.865849
vn -0.320053 0.324029 0.890265
vn -0.318961 0.346259 0.882252
vn -0.314062 0.346856 0.883774
vn -0.312522 0.302534 0.900446
vn -0.313510 0.287427 0.905040
vn -0.319660 0.233811 0.918232
vn -0.319119 0.286861 0.903258
vn -0.319660 0.279290 0.905436
vn -0.320053 0.187724 0.928615
vn -0.313510 0.226661 0.922137
vn -0.319119 0.226214 0.920321
vn -0.312522 0.211375 0.926094
vn -0.312522 0.118115 0.942538
vn -0.320053 0.141203 0.936818
vn -0.314062 0.164861 0.934979
vn -0.318961 0.164577 0.933369
vn -0.319659 0.094343 0.942824
vn -0.319659 0.047230 0.946355
vn -0.313510 0.102397 0.944048
vn -0.319119 0.102196 0.942189
vn -0.312522 0.023682 0.949615
vn -0.320053 0.000000 0.947400
vn -0.319119 0.039372 0.946897
vn -0.313510 0.039450 0.948765
vn -0.312522 -0.070987 0.947254
vn -0.318961 -0.023629 0.947473
vn -0.314062 -0.023670 0.949107
vn -0.313510 -0.086691 0.945620
vn -0.313510 -0.149327 0.937770
vn -0.312522 -0.164950 0.935479
vn -0.314062 -0.211262 0.925599
vn -0.312522 -0.257274 0.914407
vn -0.313510 -0.272343 0.909693
vn -0.312522 -0.347041 0.884247
vn -0.313510 -0.332182 0.889588
vn -0.312522 -0.433359 0.845299
vn -0.314062 -0.390478 0.865386
vn -0.313510 -0.447196 0.837692
vn -0.314062 -0.390478 -0.865386
vn -0.312522 -0.347041 -0.884247
vn -0.313510 -0.332182 -0.889588
vn -0.312522 -0.257274 -0.914407
vn -0.313510 -0.272343 -0.909693
vn -0.314062 -0.211262 -0.925599
vn -0.312522 -0.164950 -0.935479
vn -0.313510 -0.149327 -0.937770
vn -0.313510 -0.086691 -0.945620
vn -0.312522 -0.070987 -0.947254
vn -0.314062 -0.023670 -0.949107
vn -0.312522 0.023682 -0.949615
vn -0.319119 0.039372 -0.946897
vn -0.319659 0.047230 -0.946355
vn -0.313510 0.039450 -0.948765
vn -0.319659 0.094343 -0.942824
vn -0.320053 0.141203 -0.936818
vn -0.319119 0.102196 -0.942189
vn -0.313510 0.102397 -0.944048
vn -0.312522 0.118115 -0.942538
vn -0.320053 0.187724 -0.928615
vn -0.318961 0.164577 -0.933369
vn -0.314062 0.164861 -0.934979
vn -0.312522 0.211375 -0.926094
vn -0.319119 0.226214 -0.920321
vn -0.319660 0.279290 -0.905436
vn -0.319660 0.233811 -0.918232
vn -0.313510 0.226661 -0.922137
vn -0.319119 0.286861 -0.903258
vn -0.320053 0.324029 -0.890265
vn -0.313510 0.287427 -0.905040
vn -0.312522 0.302534 -0.900446
vn -0.312522 0.390686 -0.865849
vn -0.320053 0.368003 -0.873006
vn -0.318961 0.346259 -0.882252
vn -0.314062 0.346856 -0.883774
vn -0.319660 0.453160 -0.832144
vn -0.319660 0.411119 -0.853697
vn -0.313510 0.404885 -0.858941
vn -0.319119 0.404087 -0.857249
vn -0.312522 0.474955 -0.822647
vn -0.320053 0.494008 -0.808407
vn -0.319119 0.460151 -0.828508
vn -0.313510 0.461059 -0.830142
vn -0.312522 0.554504 -0.771269
vn -0.318961 0.514207 -0.796150
vn -0.314062 0.515094 -0.797523
vn -0.320053 0.533689 -0.782778
vn -0.319659 0.572124 -0.755309
vn -0.319660 0.609062 -0.725852
vn -0.313510 0.567053 -0.761684
vn -0.319119 0.565936 -0.760184
vn -0.312522 0.628542 -0.712225
vn -0.320053 0.644395 -0.694493
vn -0.319119 0.615192 -0.720904
vn -0.313510 0.616406 -0.722326
vn -0.312522 0.696334 -0.646103
vn -0.318961 0.661766 -0.678475
vn -0.320053 0.678213 -0.661509
vn -0.314062 0.662908 -0.679646
vn -0.319659 0.740811 -0.590777
vn -0.316113 0.770303 -0.553810
vn -0.319119 0.705342 -0.632974
vn -0.319659 0.710442 -0.626969
vn -0.320405 0.808306 -0.493946
vn -0.313510 0.706734 -0.634223
vn -0.313315 0.756996 -0.573402
vn -0.308988 0.798920 -0.515997
vn -0.298226 0.826617 -0.477248
vn -0.314658 0.791783 -0.523516
vn -0.315610 0.844390 -0.432893
vn -0.314871 0.855140 -0.411814
vn -0.315610 0.864918 -0.390266
vn -0.314871 0.891895 -0.324623
vn -0.315610 0.883296 -0.346668
vn -0.315610 0.899478 -0.302208
vn -0.315610 0.913424 -0.256997
vn -0.314871 0.919784 -0.234206
vn -0.315610 0.925098 -0.211148
vn -0.315610 0.934473 -0.164773
vn -0.314871 0.938534 -0.141460
vn -0.315610 0.941525 -0.117989
vn -0.303973 0.889335 0.341591
vn -0.315610 0.946236 -0.070911
vn -0.314871 0.947955 -0.047311
vn -0.325011 0.938480 -0.116716
vn -0.324733 0.943161 0.070680
vn -0.324800 0.939836 0.105894
vn -0.324589 0.938515 0.117612
vn -0.324800 0.936904 0.129291
vn -0.324800 0.933389 0.152612
vn -0.324589 0.931486 0.164246
vn -0.324800 0.929295 0.175830
vn -0.324589 0.922141 0.210473
vn -0.324800 0.924622 0.198945
vn -0.324800 0.919375 0.221934
vn -0.324800 0.913555 0.244790
vn -0.324589 0.910503 0.256176
vn -0.324800 0.907170 0.267485
vn -0.324589 0.896602 0.301242
vn -0.324800 0.900218 0.290020
vn -0.324800 0.892710 0.312369
vn -0.324589 0.880472 0.345560
vn -0.324800 0.884642 0.334533
vn -0.324800 0.876028 0.356481
vn -0.324589 0.862153 0.389018
vn -0.324800 0.866868 0.378212
vn -0.324800 0.857171 0.399703
vn -0.324800 0.846939 0.420951
vn -0.324589 0.841690 0.431509
vn -0.324800 0.836181 0.441935
vn -0.324589 0.819135 0.472928
vn -0.324800 0.824904 0.462642
vn -0.324800 0.813111 0.483068
vn -0.324589 0.794543 0.513170
vn -0.324800 0.800818 0.503186
vn -0.324800 0.788023 0.522996
vn -0.324800 0.774740 0.542479
vn -0.324589 0.767976 0.552137
vn -0.324800 0.760974 0.561625
vn -0.324800 0.746737 0.580422
vn -0.324589 0.739499 0.589731
vn -0.324800 0.732034 0.598858
vn -0.324800 0.716876 0.616923
vn -0.324589 0.709184 0.625859
vn -0.325071 0.686545 0.650373
vn -0.326251 0.668416 0.668416
vn -0.324510 0.685306 0.651958
vn -0.324180 0.677207 0.660528
vn -0.323482 0.643602 0.693639
vn -0.321720 0.702055 0.635307
vn -0.327386 0.636910 0.697972
vn -0.323765 0.637750 0.698893
vn -0.323765 0.614168 0.719704
vn -0.323482 0.608227 0.724858
vn -0.323922 0.589875 0.739677
vn -0.323482 0.571340 0.754274
vn -0.323765 0.564993 0.758919
vn -0.323765 0.539458 0.777278
vn -0.323482 0.533033 0.781815
vn -0.323922 0.513294 0.794735
vn -0.323482 0.493400 0.807413
vn -0.323765 0.486622 0.811403
vn -0.323715 0.452502 0.830934
vn -0.320346 -0.086483 0.943345
vn -0.317512 -0.149118 0.936456
vn -0.317512 -0.149117 0.936456
vn -0.319088 -0.180062 0.930462
vn -0.317512 -0.211007 0.924479
vn -0.317512 -0.211007 0.924479
vn -0.317512 -0.271962 0.908418
vn -0.319088 -0.241483 0.916444
vn -0.309142 -0.592949 0.743534
vn -0.317683 -0.514441 0.796510
vn -0.311548 -0.610797 0.727918
vn -0.311548 -0.646320 0.696568
vn -0.309142 -0.664034 0.680801
vn -0.311548 -0.680238 0.663486
vn -0.309142 -0.728520 0.611301
vn -0.311548 -0.712465 0.628753
vn -0.311548 -0.742919 0.592460
vn -0.311548 -0.771528 0.554691
vn -0.310610 -0.785371 0.535457
vn -0.308344 -0.790183 0.529656
vn -0.312900 -0.797845 0.515302
vn -0.312900 -0.822539 0.474893
vn -0.310804 -0.827056 0.468379
vn -0.307592 -0.835644 0.455068
vn -0.310691 -0.827088 0.468398
vn -0.316387 -0.854686 0.411596
vn -0.312464 -0.855856 0.412160
vn -0.307592 -0.876802 0.369602
vn -0.310804 -0.881855 0.354589
vn -0.310610 -0.908308 0.280176
vn -0.311363 -0.950291 0.000000
vn -0.322077 -0.942009 0.094263
vn -0.309270 -0.876300 -0.369391
vn -0.333071 -0.901011 -0.277925
vn -0.312580 -0.896083 -0.315164
vn -0.311727 -0.846729 -0.431135
vn -0.307256 -0.835739 -0.455120
vn -0.315226 -0.815436 -0.485486
vn -0.312280 -0.816057 -0.486345
vn -0.315046 -0.815273 -0.485877
vn -0.308263 -0.786002 -0.535887
vn -0.312064 -0.780502 -0.541694
vn -0.311247 -0.782220 -0.539682
vn -0.309511 -0.782687 -0.540004
vn -0.312282 -0.727734 -0.610641
vn -0.313567 -0.752138 -0.579623
vn -0.307352 -0.738346 -0.600316
vn -0.310441 -0.723093 -0.617060
vn -0.309381 -0.663980 -0.680745
vn -0.312102 -0.691041 -0.651962
vn -0.310441 -0.658059 -0.685992
vn -0.309381 -0.592900 -0.743473
vn -0.312102 -0.622693 -0.717528
vn -0.310441 -0.586487 -0.748104
vn -0.309381 -0.515928 -0.798813
vn -0.311183 -0.460036 -0.831585
vn -0.320745 -0.432107 -0.842856
vn -0.312102 -0.548155 -0.775963
vn -0.324315 -0.271301 -0.906210
vn -0.317246 -0.211026 -0.924566
vn -0.318990 -0.187796 -0.928966
vn -0.317246 -0.149132 -0.936544
vn -0.318202 -0.156858 -0.934956
vn -0.318990 -0.125660 -0.939391
vn -0.320414 -0.027810 -0.946869
vn -0.321494 -0.023608 -0.946617
vn -0.317246 -0.086578 -0.944383
vn -0.318202 -0.094392 -0.943312
vn -0.323482 0.493400 -0.807413
vn -0.323922 0.513294 -0.794735
vn -0.323482 0.533033 -0.781815
vn -0.323765 0.539458 -0.777278
vn -0.323482 0.571340 -0.754274
vn -0.323765 0.564993 -0.758919
vn -0.323482 0.608227 -0.724858
vn -0.323922 0.589875 -0.739677
vn -0.323765 0.614168 -0.719704
vn -0.328963 0.636541 -0.697567
vn -0.323765 0.637750 -0.698893
vn -0.323482 0.643602 -0.693639
vn -0.324180 0.677207 -0.660528
vn -0.324510 0.685306 -0.651958
vn -0.325071 0.686545 -0.650373
vn -0.324589 0.709184 -0.625859
vn -0.321720 0.702055 -0.635307
vn -0.324800 0.716876 -0.616923
vn -0.324589 0.739499 -0.589731
vn -0.324800 0.732034 -0.598858
vn -0.324800 0.746737 -0.580422
vn -0.324589 0.767976 -0.552137
vn -0.324800 0.760974 -0.561625
vn -0.324800 0.774740 -0.542479
vn -0.324800 0.788023 -0.522996
vn -0.324589 0.794543 -0.513170
vn -0.324800 0.800818 -0.503186
vn -0.324589 0.819135 -0.472928
vn -0.324800 0.813111 -0.483068
vn -0.324800 0.824904 -0.462642
vn -0.324589 0.841690 -0.431509
vn -0.324800 0.836181 -0.441935
vn -0.324800 0.846939 -0.420951
vn -0.324589 0.862153 -0.389018
vn -0.324800 0.857171 -0.399703
vn -0.324800 0.866868 -0.378212
vn -0.324589 0.880472 -0.345560
vn -0.324800 0.876028 -0.356481
vn -0.324800 0.884642 -0.334533
vn -0.324589 0.896602 -0.301242
vn -0.324800 0.892710 -0.312369
vn -0.324800 0.900218 -0.290020
vn -0.324589 0.910503 -0.256176
vn -0.324800 0.907170 -0.267485
vn -0.324800 0.913555 -0.244790
vn -0.324589 0.922141 -0.210473
vn -0.324800 0.919375 -0.221934
vn -0.324800 0.924622 -0.198945
vn -0.324589 0.931486 -0.164246
vn -0.324800 0.929295 -0.175830
vn -0.324800 0.933389 -0.152612
vn -0.324589 0.938515 -0.117612
vn -0.324800 0.936904 -0.129291
vn -0.325011 0.938480 0.116716
vn -0.324733 0.943161 -0.070680
vn -0.324800 0.939836 -0.105894
vn -0.329634 0.935246 0.129062
vn -0.330351 0.943709 -0.016788
vn -0.329798 0.938115 0.105701
vn -0.329693 0.934403 0.134884
vn -0.333905 0.932937 0.134672
vn -0.329634 0.931737 0.152342
vn -0.329693 0.932648 0.146526
vn -0.333905 0.931185 0.146296
vn -0.333905 0.929289 0.157891
vn -0.329693 0.930750 0.158139
vn -0.329692 0.928705 0.169734
vn -0.329634 0.927650 0.175519
vn -0.333905 0.927248 0.169467
vn -0.329693 0.926518 0.181294
vn -0.333905 0.925064 0.181009
vn -0.333905 0.922734 0.192532
vn -0.329693 0.924185 0.192835
vn -0.329634 0.922985 0.198593
vn -0.329693 0.921710 0.204335
vn -0.329692 0.919091 0.215812
vn -0.329634 0.917748 0.221541
vn -0.329693 0.916328 0.227258
vn -0.329693 0.913425 0.238658
vn -0.329634 0.911938 0.244356
vn -0.329692 0.910378 0.250028
vn -0.329692 0.907191 0.261356
vn -0.329634 0.905564 0.267011
vn -0.329693 0.903862 0.272648
vn -0.329692 0.900393 0.283893
vn -0.329634 0.898625 0.289507
vn -0.329692 0.896785 0.295092
vn -0.329692 0.893035 0.306254
vn -0.329634 0.891129 0.311816
vn -0.329693 0.889148 0.317362
vn -0.329693 0.885124 0.328418
vn -0.329634 0.883077 0.333941
vn -0.329693 0.880959 0.339431
vn -0.329693 0.876661 0.350382
vn -0.329634 0.874478 0.355851
vn -0.329692 0.872223 0.361288
vn -0.330003 0.855537 0.398941
vn -0.329675 0.865321 0.377537
vn -0.328522 0.613103 0.718455
vn -0.325981 0.589433 0.739124
vn -0.329375 0.616267 0.715351
vn -0.325982 0.564539 0.758309
vn -0.326446 0.576967 0.748694
vn -0.328522 0.538522 0.775930
vn -0.324543 0.410398 0.852200
vn -0.322086 0.367736 0.872371
vn -0.325569 0.415921 0.849126
vn -0.322768 0.356745 0.876672
vn -0.322086 0.323794 0.889617
vn -0.322768 0.334776 0.885294
vn -0.322768 0.312602 0.893365
vn -0.322086 0.279048 0.904651
vn -0.322768 0.290233 0.900880
vn -0.322768 0.267681 0.907837
vn -0.322086 0.233608 0.917436
vn -0.324543 0.187421 0.927117
vn -0.322768 0.244967 0.914227
vn -0.321116 -0.075194 0.944050
vn -0.318500 -0.094328 0.943218
vn -0.323715 -0.179763 0.928921
vn -0.320422 -0.133395 0.937836
vn -0.319714 -0.149001 0.935725
vn -0.321333 -0.210721 0.923224
vn -0.321059 -0.241313 0.915800
vn -0.323316 -0.178488 0.929306
vn -0.324676 -0.279380 0.903622
vn -0.322798 -0.281189 0.903734
vn -0.318717 -0.313100 0.894644
vn -0.324586 -0.320444 0.889921
vn -0.319752 -0.331453 0.887636
vn -0.316757 -0.390109 0.864569
vn -0.323022 -0.405978 0.854891
vn -0.323224 -0.405380 0.855098
vn -0.318509 -0.446412 0.836223
vn -0.319859 -0.513254 0.796405
vn -0.313611 -0.542816 0.779101
vn -0.324681 -0.610507 0.722401
vn -0.321755 -0.709092 0.627425
vn -0.326240 -0.612027 0.720410
vn -0.317228 -0.678892 0.662172
vn -0.320126 -0.532285 0.783704
vn -0.313245 -0.519006 0.795305
vn -0.309468 -0.539542 0.783023
vn -0.316759 -0.627430 0.711334
vn -0.316118 -0.631644 0.707881
vn -0.314655 -0.582521 0.749440
vn -0.317598 -0.581920 0.748666
vn -0.314589 -0.610152 0.727150
vn -0.322385 -0.643857 0.693914
vn -0.323788 -0.695660 0.641263
vn -0.318357 -0.691559 0.648379
vn -0.316522 -0.711232 0.627665
vn -0.316108 -0.741741 0.591520
vn -0.321392 -0.771383 0.549250
vn -0.320123 -0.777507 0.541299
vn -0.318551 -0.775896 0.544527
vn -0.315694 -0.797068 0.514801
vn -0.320823 -0.769018 0.552886
vn -0.320874 -0.818258 0.476963
vn -0.315047 -0.819946 0.477947
vn -0.314775 -0.822002 0.474583
vn -0.321212 -0.829792 0.456364
vn -0.315474 -0.831481 0.457292
vn -0.315047 -0.842749 0.436485
vn -0.316632 -0.881952 0.349150
vn -0.313597 -0.852878 0.417440
vn -0.313339 -0.853878 0.415584
vn -0.315966 -0.880274 0.353953
vn -0.313944 -0.920498 0.232641
vn -0.318377 -0.913230 0.254258
vn -0.313311 -0.947692 0.060961
vn -0.319898 -0.945506 0.060687
vn -0.317976 -0.920509 0.227056
vn -0.313726 -0.947644 0.059552
vn -0.313991 -0.930601 0.188125
vn -0.317750 -0.946610 0.054443
vn -0.319859 -0.926215 -0.199542
vn -0.319888 -0.943965 -0.081249
vn -0.318605 -0.943865 -0.087233
vn -0.319866 -0.926210 -0.199551
vn -0.316834 -0.944222 -0.089784
vn -0.318245 -0.926231 -0.202033
vn -0.316620 -0.944302 -0.089695
vn -0.315063 -0.924890 -0.212872
vn -0.324133 -0.897616 -0.298704
vn -0.312701 -0.946065 -0.084728
vn -0.311404 -0.931436 -0.188294
vn -0.315304 -0.944349 -0.093749
vn -0.309898 -0.946045 -0.094667
vn -0.313481 -0.929439 -0.194610
vn -0.316499 -0.845322 -0.430418
vn -0.313058 -0.894875 -0.318108
vn -0.317448 -0.839521 -0.440943
vn -0.321303 -0.891068 -0.320564
vn -0.321780 -0.844324 -0.428456
vn -0.319822 -0.838341 -0.441472
vn -0.321981 -0.778456 -0.538827
vn -0.317453 -0.776348 -0.544525
vn -0.314356 -0.751932 -0.579464
vn -0.318461 -0.778756 -0.540482
vn -0.323173 -0.688343 -0.649417
vn -0.319857 -0.770222 -0.551769
vn -0.315937 -0.721714 -0.615883
vn -0.321280 -0.389483 -0.863181
vn -0.322634 -0.402451 -0.856703
vn -0.319634 -0.331467 -0.887673
vn -0.319804 -0.327758 -0.888988
vn -0.320944 -0.260956 -0.910438
vn -0.324127 -0.094191 -0.941313
vn -0.322501 -0.159687 -0.933002
vn -0.322455 -0.187563 -0.927816
vn -0.324365 -0.156512 -0.932894
vn -0.327356 -0.125281 -0.936559
vn -0.319679 -0.266782 -0.909193
vn -0.323968 -0.066911 -0.943699
vn -0.325207 -0.061595 -0.943635
vn -0.323039 0.047173 -0.945209
vn -0.323815 -0.067242 -0.943728
vn -0.326537 0.094110 -0.940487
vn -0.322562 -0.035623 -0.945878
vn -0.327469 0.076352 -0.941772
vn -0.324720 0.082694 -0.942188
vn -0.324928 0.187394 -0.926987
vn -0.324037 0.141001 -0.935478
vn -0.324571 0.083487 -0.942169
vn -0.326472 0.215073 -0.920413
vn -0.323516 0.199176 -0.925022
vn -0.322154 0.279041 -0.904629
vn -0.323793 0.233464 -0.916871
vn -0.325299 0.282478 -0.902434
vn -0.322455 0.282769 -0.903363
vn -0.326283 0.304777 -0.894791
vn -0.322925 0.305149 -0.895882
vn -0.322154 0.323786 -0.889595
vn -0.328346 0.512466 -0.793453
vn -0.328003 0.326785 -0.886355
vn -0.322455 0.327445 -0.888145
vn -0.330452 0.348464 -0.877140
vn -0.327508 0.329546 -0.885516
vn -0.322925 0.349425 -0.879558
vn -0.322154 0.367727 -0.872350
vn -0.327563 0.370619 -0.869105
vn -0.322455 0.371308 -0.870720
vn -0.326588 0.443104 -0.834864
vn -0.325428 0.452221 -0.830417
vn -0.327928 0.415380 -0.848483
vn -0.327664 0.392157 -0.859564
vn -0.322925 0.392833 -0.861047
vn -0.324936 0.449917 -0.831860
vn -0.322154 0.410753 -0.852936
vn -0.328020 0.564118 -0.757743
vn -0.327173 0.613406 -0.718812
vn -0.325902 0.589450 -0.739146
vn -0.329798 0.865282 -0.377519
vn -0.329634 0.874478 -0.355851
vn -0.329693 0.876661 -0.350382
vn -0.329634 0.883077 -0.333941
vn -0.329693 0.880959 -0.339431
vn -0.329693 0.885124 -0.328418
vn -0.329693 0.889148 -0.317362
vn -0.329634 0.891129 -0.311816
vn -0.329692 0.893035 -0.306254
vn -0.329634 0.898625 -0.289507
vn -0.329692 0.896785 -0.295092
vn -0.329692 0.900393 -0.283893
vn -0.333905 0.902443 -0.272221
vn -0.329693 0.903862 -0.272648
vn -0.329634 0.905564 -0.267011
vn -0.333905 0.905768 -0.260945
vn -0.329692 0.907191 -0.261356
vn -0.329692 0.910378 -0.250028
vn -0.333905 0.908950 -0.249635
vn -0.329634 0.911938 -0.244356
vn -0.329693 0.913425 -0.238658
vn -0.333905 0.911991 -0.238283
vn -0.329634 0.917748 -0.221541
vn -0.329693 0.916328 -0.227258
vn -0.333905 0.914890 -0.226901
vn -0.333905 0.917648 -0.215473
vn -0.329692 0.919091 -0.215812
vn -0.329693 0.921710 -0.204335
vn -0.329634 0.922985 -0.198593
vn -0.333905 0.920264 -0.204014
vn -0.333905 0.922734 -0.192532
vn -0.329693 0.924185 -0.192835
vn -0.329634 0.927650 -0.175519
vn -0.333905 0.925064 -0.181009
vn -0.329692 0.926518 -0.181294
vn -0.329692 0.928705 -0.169734
vn -0.333905 0.927248 -0.169467
vn -0.329634 0.931737 -0.152342
vn -0.329692 0.930750 -0.158139
vn -0.333905 0.929289 -0.157891
vn -0.333905 0.931185 -0.146296
vn -0.329693 0.932648 -0.146526
vn -0.333905 0.932937 -0.134672
vn -0.329693 0.934403 -0.134884
vn -0.330351 0.943709 0.016788
vn -0.329634 0.935246 -0.129062
vn -0.329798 0.938115 -0.105701
vn -0.330623 0.845785 0.418732
vn -0.328654 0.823742 0.461990
vn -0.330475 0.845176 0.420075
vn -0.329110 0.834863 0.441239
vn -0.328785 0.820807 0.467093
vn -0.328654 0.811966 0.482387
vn -0.328785 0.814920 0.477291
vn -0.328785 0.808905 0.487414
vn -0.328785 0.802767 0.497460
vn -0.328654 0.799690 0.502477
vn -0.328785 0.796504 0.507427
vn -0.328654 0.786913 0.522259
vn -0.328785 0.790115 0.517318
vn -0.328785 0.783604 0.527129
vn -0.329679 0.759615 0.560622
vn -0.328768 0.773616 0.541691
vn -0.330377 0.667402 0.667402
vn -0.330492 0.683804 0.650529
vn -0.329978 0.614742 0.716384
vn -0.330293 0.576151 0.747634
vn -0.328239 0.512486 0.793484
vn -0.328583 0.485767 0.809977
vn -0.328352 0.539276 0.775478
vn -0.326325 0.356284 0.875542
vn -0.326475 0.412363 0.850512
vn -0.326426 0.331557 0.885164
vn -0.326538 0.334318 0.884084
vn -0.326116 0.312223 0.892281
vn -0.326055 0.289887 0.899807
vn -0.326286 0.274049 0.904674
vn -0.326054 0.267361 0.906756
vn -0.325766 0.244701 0.913235
vn -0.324562 0.187306 0.927133
vn -0.325871 0.198612 0.924317
vn -0.324037 0.141001 0.935478
vn -0.324088 0.142942 0.935166
vn -0.324229 0.131265 0.936827
vn -0.324164 0.094191 0.941300
vn -0.325565 0.047130 0.944344
vn -0.324323 0.119570 0.938359
vn -0.328483 0.000000 0.944510
vn -0.325264 0.030160 0.945142
vn -0.327136 -0.253002 0.910479
vn -0.327081 -0.252867 0.910536
vn -0.323961 -0.175845 0.929585
vn -0.324530 -0.180038 0.928583
vn -0.330631 -0.097698 0.938689
vn -0.323011 -0.078684 0.943119
vn -0.323551 -0.133245 0.936782
vn -0.326006 -0.045942 0.944251
vn -0.325493 -0.603649 0.727779
vn -0.324883 -0.528420 0.784362
vn -0.330646 -0.457283 0.825570
vn -0.327209 -0.402430 0.854976
vn -0.323259 -0.510520 0.796789
vn -0.322141 -0.506145 0.800027
vn -0.324530 -0.388337 0.862482
vn -0.327084 -0.402196 0.855134
vn -0.319987 -0.396104 0.860645
vn -0.323884 -0.850691 0.414033
vn -0.319640 -0.874918 0.363798
vn -0.326042 -0.912504 0.247048
vn -0.322412 -0.903374 0.282784
vn -0.326880 -0.912087 0.247481
vn -0.314380 -0.922298 0.224794
vn -0.322557 -0.903290 0.282886
vn -0.326335 -0.931110 0.162907
vn -0.321282 -0.927927 0.189023
vn -0.322320 -0.927021 0.191681
vn -0.321781 -0.944777 0.062079
vn -0.327198 -0.933375 0.147491
vn -0.323313 -0.944575 0.056983
vn -0.327551 -0.941294 0.081707
vn -0.324906 -0.945121 -0.034384
vn -0.323343 -0.943286 -0.075236
vn -0.322373 -0.942771 -0.085192
vn -0.323912 -0.931636 -0.164731
vn -0.328194 -0.847885 -0.416389
vn -0.328027 -0.849145 -0.413946
vn -0.322559 -0.843386 -0.429716
vn -0.325909 -0.801033 -0.502125
vn -0.327522 -0.801486 -0.500350
vn -0.321310 -0.778858 -0.538646
vn -0.323821 -0.764137 -0.557884
vn -0.325482 -0.700724 -0.634860
vn -0.324967 -0.701317 -0.634469
vn -0.326350 -0.614274 -0.718445
vn -0.328843 -0.499207 -0.801657
vn -0.331323 -0.501341 -0.799301
vn -0.323103 -0.406296 -0.854709
vn -0.323869 -0.275275 -0.905170
vn -0.329098 -0.234963 -0.914597
vn -0.323125 -0.406358 -0.854671
vn -0.320857 -0.410815 -0.853394
vn -0.324684 -0.318026 -0.890752
vn -0.326652 -0.339090 -0.882222
vn -0.324126 -0.327249 -0.887609
vn -0.328736 -0.252979 -0.909909
vn -0.325354 -0.230968 -0.916951
vn -0.325729 0.072168 -0.942705
vn -0.328871 0.153232 -0.931861
vn -0.325497 0.200459 -0.924050
vn -0.327874 0.324499 -0.887242
vn -0.326866 0.216381 -0.919966
vn -0.327358 0.567190 -0.755734
vn -0.329139 0.532296 -0.779954
vn -0.328633 0.538500 -0.775899
vn -0.327773 0.616252 -0.716099
vn -0.328865 0.637191 -0.697019
vn -0.327929 0.587474 -0.739822
vn -0.329050 0.637572 -0.696583
vn -0.329727 0.683998 -0.650713
vn -0.329320 0.715690 -0.615902
vn -0.329580 0.730753 -0.597810
vn -0.329910 0.690322 -0.643906
vn -0.329506 0.700066 -0.633509
vn -0.330287 0.745235 -0.579254
vn -0.328910 0.786839 -0.522210
vn -0.332094 0.758934 -0.560119
vn -0.330049 0.773250 -0.541435
vn -0.330682 0.759618 -0.560027
vn -0.331604 0.761303 -0.557186
vn -0.331721 0.798781 -0.501906
vn -0.328682 0.799681 -0.502472
vn -0.328682 0.799681 -0.502472
vn -0.331823 0.804945 -0.491892
vn -0.328819 0.805842 -0.492440
vn -0.328683 0.811958 -0.482382
vn -0.328682 0.811960 -0.482378
vn -0.331964 0.810973 -0.481792
vn -0.328819 0.817868 -0.472197
vn -0.328682 0.823734 -0.461986
vn -0.328683 0.823732 -0.461988
vn -0.328683 0.834994 -0.441308
vn -0.329366 0.845524 -0.420248
vn -0.330958 0.855234 -0.398800
vn -0.330375 0.853184 -0.403645
vn -0.328819 0.829387 -0.451658
vn -0.334484 0.905570 0.260890
vn -0.336545 0.919347 0.203812
vn -0.333076 0.879850 0.339004
vn -0.334827 0.908635 0.249548
vn -0.333190 0.905705 0.262073
vn -0.335204 0.911546 0.238165
vn -0.333172 0.883978 0.327994
vn -0.332994 0.871152 0.360845
vn -0.334177 0.902352 0.272189
vn -0.333669 0.895457 0.294656
vn -0.333467 0.891780 0.305823
vn -0.333302 0.887953 0.316936
vn -0.333017 0.875577 0.349949
vn -0.335615 0.914299 0.226758
vn -0.336063 0.916902 0.215295
vn -0.333905 0.898980 0.283448
vn -0.332405 0.819706 0.466465
vn -0.334805 0.853023 0.400321
vn -0.332446 0.813814 0.476640
vn -0.332089 0.840327 0.428447
vn -0.332546 0.845912 0.416950
vn -0.330799 0.783021 0.526736
vn -0.331290 0.802022 0.496998
vn -0.331651 0.808046 0.486897
vn -0.332384 0.817687 0.470010
vn -0.330864 0.789508 0.516920
vn -0.331029 0.795842 0.507006
vn -0.329609 0.745422 0.579399
vn -0.330723 0.759977 0.559515
vn -0.330036 0.756873 0.564110
vn -0.330710 0.694795 0.638663
vn -0.329736 0.715580 0.615808
vn -0.329481 0.730780 0.597832
vn -0.330372 0.699842 0.633305
vn -0.329602 0.264620 0.906277
vn -0.330315 0.221956 0.917403
vn -0.330303 0.222074 0.917378
vn -0.326942 0.195136 0.924679
vn -0.330813 0.156307 0.930662
vn -0.328076 0.165989 0.929954
vn -0.331310 0.132470 0.934176
vn -0.328067 0.142734 0.933809
vn -0.328157 0.135443 0.934863
vn -0.329462 0.056442 0.942480
vn -0.331058 0.125668 0.935205
vn -0.328034 0.131083 0.935527
vn -0.327908 0.119415 0.937132
vn -0.327621 0.050213 0.943474
vn -0.330404 -0.096942 0.938848
vn -0.330638 -0.104560 0.937948
vn -0.330680 -0.457404 0.825489
vn -0.327217 -0.607142 0.724091
vn -0.325959 -0.715152 0.618311
vn -0.329001 -0.704427 0.628921
vn -0.329390 -0.705233 0.627813
vn -0.330871 -0.771147 0.543926
vn -0.329726 -0.766276 0.551454
vn -0.329129 -0.765398 0.553028
vn -0.325230 -0.782343 0.531192
vn -0.326801 -0.805602 0.494173
vn -0.330222 -0.884605 0.329284
vn -0.327996 -0.893806 0.305826
vn -0.327733 -0.909218 0.256736
vn -0.325832 -0.879327 0.347299
vn -0.321680 -0.837473 0.441770
vn -0.321455 -0.840839 0.435495
vn -0.328263 -0.850529 0.410906
vn -0.324805 -0.835652 0.442930
vn -0.325564 -0.879474 0.347180
vn -0.320030 -0.868023 0.379628
vn -0.327063 -0.941337 0.083149
vn -0.329758 -0.942881 -0.047273
vn -0.328308 -0.938695 -0.105197
vn -0.329552 -0.942843 -0.049425
vn -0.328702 -0.933567 -0.142853
vn -0.326517 -0.928213 -0.178346
vn -0.324890 -0.926075 -0.191913
vn -0.327353 -0.887937 -0.323122
vn -0.323947 -0.897621 -0.298891
vn -0.326703 -0.920139 -0.215893
vn -0.329661 -0.778794 -0.533669
vn -0.326958 -0.704999 -0.629345
vn -0.327250 -0.758502 -0.563544
vn -0.328438 -0.701851 -0.632087
vn -0.330017 -0.714455 -0.616962
vn -0.330834 -0.458948 -0.824570
vn -0.330037 -0.390118 -0.859583
vn -0.320066 -0.477698 -0.818146
vn -0.324755 -0.514883 -0.793366
vn -0.322202 -0.603406 -0.729443
vn -0.318015 -0.485716 -0.814215
vn -0.317278 -0.547165 -0.774561
vn -0.325599 -0.068936 -0.942992
vn -0.329005 -0.142713 -0.933482
vn -0.326179 -0.065504 -0.943036
vn -0.328308 -0.038946 -0.943768
vn -0.330319 0.025792 -0.943517
vn -0.329242 0.057653 -0.942484
vn -0.331475 0.230428 -0.914892
vn -0.330393 0.304931 -0.893229
vn -0.333284 0.394189 -0.856468
vn -0.331984 0.430893 -0.839117
vn -0.332767 0.485952 -0.808156
vn -0.327504 0.528009 -0.783548
vn -0.330005 0.630951 -0.702138
vn -0.329526 0.550031 -0.767384
vn -0.330483 0.612538 -0.718037
vn -0.329970 0.587032 -0.739266
vn -0.331970 0.811135 -0.481515
vn -0.331622 0.817018 -0.471707
vn -0.331344 0.822920 -0.461534
vn -0.331146 0.828673 -0.451269
vn -0.330813 0.841105 -0.427908
vn -0.338637 0.838628 -0.426647
vn -0.333980 0.821931 -0.461396
vn -0.329961 0.854698 -0.400770
vn -0.337804 0.878280 -0.338399
vn -0.333146 0.878721 -0.341853
vn -0.339495 0.881861 -0.327207
vn -0.341392 0.885223 -0.315962
vn -0.345801 0.891295 -0.293284
vn -0.343494 0.888368 -0.304653
vn -0.339251 0.841076 -0.421306
vn -0.348306 0.893996 -0.281877
vn -0.336322 0.874487 -0.349514
vn -0.330688 0.843798 -0.422670
vn -0.332019 0.754690 0.565868
vn -0.332124 0.703630 0.628170
vn -0.334352 0.661716 0.671074
vn -0.327216 0.651438 0.684513
vn -0.331431 0.582664 0.742062
vn -0.331350 0.594408 0.732726
vn -0.334624 0.557019 0.760103
vn -0.321266 0.283876 0.903439
vn -0.334201 0.555492 0.761405
vn -0.333149 0.495659 0.802081
vn -0.332084 0.467953 0.818987
vn -0.329525 0.451971 0.828936
vn -0.328555 0.425218 0.843351
vn -0.330803 0.373835 0.866497
vn -0.330915 0.330394 0.883932
vn -0.330659 0.315734 0.889369
vn -0.330616 0.318811 0.888286
vn -0.332246 0.225739 0.915781
vn -0.329600 -0.111698 0.937490
vn -0.328729 -0.266078 0.906168
vn -0.330170 -0.300208 0.894909
vn -0.332305 -0.313381 0.889587
vn -0.329671 -0.604277 0.725373
vn -0.328908 -0.585415 0.741019
vn -0.330544 -0.613387 0.717285
vn -0.331515 -0.886328 0.323296
vn -0.328832 -0.911923 0.245491
vn -0.329474 -0.917739 0.221814
vn -0.331189 -0.933154 0.139777
vn -0.332851 -0.921149 0.201728
vn -0.329534 -0.917974 0.220752
vn -0.331165 -0.943493 0.012288
vn -0.331210 -0.943510 0.009404
vn -0.331306 -0.931145 -0.152333
vn -0.331499 -0.928539 -0.167104
vn -0.330481 -0.920012 -0.210618
vn -0.330459 -0.911480 -0.244951
vn -0.329117 -0.892215 -0.309247
vn -0.330649 -0.908071 -0.257055
vn -0.329522 -0.891277 -0.311513
vn -0.330015 -0.843732 -0.423327
vn -0.332454 -0.863447 -0.379385
vn -0.331341 -0.832719 -0.443612
vn -0.333082 -0.825878 -0.454953
vn -0.329520 -0.779109 -0.533297
vn -0.331597 -0.765018 -0.552078
vn -0.330923 -0.785022 -0.523670
vn -0.330492 -0.646340 -0.687765
vn -0.330219 -0.635896 -0.697561
vn -0.330416 -0.552283 -0.765382
vn -0.328775 -0.609209 -0.721645
vn -0.333148 -0.453896 -0.826433
vn -0.318000 -0.702040 -0.637194
vn -0.321822 -0.605081 -0.728222
vn -0.315897 -0.656814 -0.684693
vn -0.316832 -0.621666 -0.716344
vn -0.320347 -0.584456 -0.745513
vn -0.321097 -0.693808 -0.644614
vn -0.318986 -0.703686 -0.634881
vn -0.318235 -0.596798 -0.736585
vn -0.334145 -0.221450 -0.916137
vn -0.331557 -0.194823 -0.923100
vn -0.334188 -0.140855 -0.931922
vn -0.331641 -0.181150 -0.925851
vn -0.333245 -0.143160 -0.931908
vn -0.330363 -0.147647 -0.932234
vn -0.332511 -0.113887 -0.936198
vn -0.331328 -0.105714 -0.937575
vn -0.331038 -0.094121 -0.938912
vn -0.332005 -0.047697 -0.942071
vn -0.332132 -0.052495 -0.941771
vn -0.331931 0.016529 -0.943159
vn -0.333235 -0.062432 -0.940774
vn -0.332004 0.265071 -0.905268
vn -0.334143 0.380718 -0.862208
vn -0.332337 0.641074 -0.691792
vn -0.333197 0.667588 -0.665812
vn -0.331515 0.695140 -0.637870
vn -0.333420 0.803502 0.493168
vn -0.333420 0.777641 0.533016
vn -0.335989 0.686811 0.644517
vn -0.333070 0.712004 0.618154
vn -0.333192 0.735062 0.590481
vn -0.334133 0.682684 0.649845
vn -0.334065 0.787884 0.517339
vn -0.337260 0.791978 0.508946
vn -0.334546 0.752974 0.566665
vn -0.333535 0.337632 0.880204
vn -0.333846 0.349821 0.875312
vn -0.333623 0.162290 0.928632
vn -0.332443 0.135090 0.933398
vn -0.331980 0.026863 0.942904
vn -0.333274 0.063769 0.940671
vn -0.331646 0.040090 0.942552
vn -0.334401 0.076266 0.939340
vn -0.334174 0.006260 0.942491
vn -0.334855 0.064958 0.940028
vn -0.333021 -0.535252 0.776274
vn -0.332139 -0.506123 0.795942
vn -0.327484 -0.377760 0.866055
vn -0.331014 -0.713345 0.617712
vn -0.331570 -0.702694 0.629510
vn -0.332265 -0.753705 0.567035
vn -0.332454 -0.745224 0.578027
vn -0.330829 -0.816142 0.473777
vn -0.331065 -0.810670 0.482919
vn -0.333741 -0.800247 0.498219
vn -0.334722 -0.809584 0.482218
vn -0.331125 -0.814611 0.476199
vn -0.329747 -0.848241 0.414433
vn -0.328493 -0.837326 0.437010
vn -0.332023 -0.913756 0.234115
vn -0.333013 -0.904880 0.265133
vn -0.332788 -0.902434 0.273615
vn -0.333415 -0.942508 -0.022635
vn -0.333258 -0.914198 -0.230611
vn -0.332791 -0.888602 -0.315654
vn -0.333471 -0.668314 -0.664946
vn -0.333509 -0.698310 -0.633352
vn -0.333914 -0.611242 -0.717554
vn -0.334320 -0.412113 -0.847581
vn -0.334600 -0.411397 -0.847818
vn -0.334286 -0.261023 -0.905605
vn -0.334352 -0.237526 -0.912025
vn -0.333755 -0.340675 -0.878947
vn -0.335385 -0.258498 -0.905923
vn -0.330580 -0.323447 -0.886622
vn -0.330557 -0.330171 -0.884149
vn -0.329833 -0.306677 -0.892838
vn -0.332904 0.024472 -0.942643
vn -0.331757 0.130365 -0.934314
vn -0.330659 0.121210 -0.935934
vn -0.334449 0.172055 -0.926575
vn -0.334185 0.104783 -0.936665
vn -0.332568 0.113625 -0.936209
vn -0.334402 0.107330 -0.936299
vn -0.331490 0.148736 -0.931661
vn -0.332974 0.491355 -0.804797
vn -0.334616 0.498043 -0.799991
vn -0.334510 0.592572 -0.732777
vn -0.332657 0.561569 -0.757615
vn -0.332567 0.557324 -0.760782
vn -0.334114 0.591430 -0.733879
vn -0.334403 0.678128 -0.654459
vn -0.334294 0.753415 -0.566228
vn -0.331778 0.749948 -0.572277
vn -0.332174 0.734660 -0.591553
vn -0.334377 0.678077 -0.654526
vn -0.334682 0.333117 0.881488
vn -0.333520 0.258322 0.906661
vn -0.334803 0.321263 0.885831
vn -0.333654 0.267700 0.903887
vn -0.333885 0.277368 0.900882
vn -0.333655 0.268093 0.903770
vn -0.335051 0.065614 0.939913
vn -0.334577 -0.027824 0.941957
vn -0.333180 -0.191495 0.923212
vn -0.333347 -0.182218 0.925028
vn -0.333255 -0.206061 0.920044
vn -0.334444 -0.562746 0.755952
vn -0.334903 -0.514663 0.789279
vn -0.334299 -0.669729 0.663104
vn -0.334081 -0.732522 0.593128
vn -0.333375 -0.867858 0.368352
vn -0.334511 -0.912069 0.237132
vn -0.332913 -0.931072 0.149245
vn -0.332875 -0.931356 0.147548
vn -0.334033 -0.941231 -0.050070
vn -0.330188 -0.941004 0.074077
vn -0.332682 -0.934423 -0.127187
vn -0.334728 -0.941259 -0.044585
vn -0.332729 -0.935242 -0.120888
vn -0.325719 -0.907448 -0.265416
vn -0.333421 -0.912095 -0.238566
vn -0.332347 -0.894517 -0.298972
vn -0.334166 -0.900973 -0.276733
vn -0.333678 -0.871750 -0.358763
vn -0.333571 -0.857569 -0.391543
vn -0.333838 -0.798140 -0.501523
vn -0.333137 -0.781562 -0.527429
vn -0.333584 -0.570031 -0.750857
vn -0.334004 -0.594189 -0.731697
vn -0.333604 -0.059289 -0.940847
vn -0.333933 -0.090786 -0.938215
vn -0.334740 -0.117447 -0.934963
vn -0.334219 0.059579 -0.940611
vn -0.334670 -0.036563 -0.941626
vn -0.338850 -0.092884 -0.936244
vn -0.334253 -0.102232 -0.936923
vn -0.333842 0.018093 -0.942455
vn -0.333815 0.017517 -0.942476
vn -0.338191 0.066522 -0.938723
vn -0.334119 -0.003727 -0.942524
vn -0.334185 0.219637 -0.916559
vn -0.332199 0.266100 -0.904895
vn -0.334150 0.373221 -0.865477
vn -0.335002 0.220829 -0.915974
vn -0.335046 0.374273 -0.864676
vn -0.332314 0.239928 -0.912141
vn -0.335291 0.438009 0.834103
vn -0.334034 0.384433 0.860600
vn -0.334018 0.381795 0.861780
vn -0.334006 0.380643 0.862294
vn -0.332908 0.430864 0.838766
vn -0.334773 0.223756 0.915347
vn -0.335232 0.282634 0.898742
vn -0.334732 0.227299 0.914489
vn -0.333178 0.120940 0.935075
vn -0.333783 0.155083 0.929806
vn -0.332574 0.192490 0.923224
vn -0.334493 -0.049025 0.941122
vn -0.334127 -0.065043 0.940281
vn -0.333222 -0.327666 0.884080
vn -0.334995 -0.176516 0.925538
vn -0.334304 -0.237271 0.912109
vn -0.333649 -0.357790 0.872161
vn -0.334256 -0.604071 0.723444
vn -0.335010 -0.517548 0.787345
vn -0.334870 -0.743821 0.578439
vn -0.334585 -0.837170 0.432665
vn -0.334154 -0.844300 0.418926
vn -0.334528 -0.834606 0.437633
vn -0.335005 -0.841140 0.424564
vn -0.333503 -0.868081 0.367711
vn -0.332825 -0.898058 0.287609
vn -0.334985 -0.841018 0.424823
vn -0.334465 -0.885792 0.321722
vn -0.334773 -0.915347 0.223756
vn -0.334166 -0.938292 0.089119
vn -0.334309 -0.930761 -0.148059
vn -0.334970 -0.940862 -0.050734
vn -0.332217 -0.831851 -0.444586
vn -0.333671 -0.782126 -0.526253
vn -0.333899 -0.800203 -0.498183
vn -0.334963 -0.790410 -0.512886
vn -0.334780 -0.751113 -0.568992
vn -0.334954 -0.790462 -0.512811
vn -0.334899 -0.743664 -0.578625
vn -0.333909 -0.714112 -0.615263
vn -0.333826 -0.707830 -0.622525
vn -0.334320 -0.644341 -0.687790
vn -0.335145 -0.699982 -0.630637
vn -0.335253 0.385897 0.859470
vn -0.336490 0.318030 0.886359
vn -0.334808 0.315738 0.887814
vn -0.336787 0.432013 0.836624
vn -0.335030 0.355578 0.872536
vn -0.334974 0.361346 0.870185
vn -0.335933 0.325318 0.883921
vn -0.334795 0.429740 0.838592
vn -0.335208 0.172829 0.926156
vn -0.335670 0.197601 0.921021
vn -0.334820 0.196255 0.921618
vn -0.335124 0.118115 0.934741
vn -0.335414 0.074413 0.939127
vn -0.334832 0.073364 0.939417
vn -0.334845 -0.153677 0.929657
vn -0.335090 -0.173558 0.926063
vn -0.334857 -0.174079 0.926049
vn -0.334936 -0.050614 0.940880
vn -0.334838 -0.104915 0.936417
vn -0.334845 -0.050798 0.940903
vn -0.334881 -0.409478 0.848635
vn -0.333716 -0.376211 0.864349
vn -0.335274 -0.293349 0.895286
vn -0.335128 -0.305409 0.891299
vn -0.334869 -0.294334 0.895114
vn -0.334985 -0.409205 0.848726
vn -0.329095 -0.515498 0.791175
vn -0.332392 -0.742534 0.581514
vn -0.334283 -0.682363 0.650104
vn -0.335108 -0.720411 0.607215
vn -0.334326 -0.678726 0.653879
vn -0.334687 -0.703366 0.627105
vn -0.334845 -0.766034 0.548699
vn -0.335296 -0.722345 0.604810
vn -0.334860 -0.917499 0.214625
vn -0.335134 -0.927398 0.166189
vn -0.334631 -0.923427 0.187895
vn -0.334773 -0.914822 0.225894
vn -0.335263 -0.927668 0.164409
vn -0.334200 -0.939923 0.069673
vn -0.334200 -0.895040 -0.295319
vn -0.334968 -0.888390 -0.313943
vn -0.334720 -0.892973 -0.300935
vn -0.334091 -0.903962 -0.266900
vn -0.334052 -0.906522 -0.258122
vn -0.335155 -0.886548 -0.318909
vn -0.329438 -0.801312 -0.499370
vn -0.335228 -0.886222 -0.319737
vn -0.335200 -0.700136 -0.630437
vn -0.334431 -0.638325 -0.693323
vn -0.335062 -0.610141 -0.717957
vn -0.334066 -0.656819 -0.676010
vn -0.330969 -0.727990 -0.600409
vn -0.334446 -0.547607 -0.766989
vn -0.335194 -0.609027 -0.718840
vn -0.290806 -0.886083 0.360955
vn -0.334899 -0.517299 0.787556
vn -0.334429 -0.596799 0.729375
vn -0.334971 -0.615387 0.713508
vn -0.334967 -0.517367 0.787482
vn -0.334911 -0.615028 0.713845
vn -0.334892 -0.615325 0.713598
vn -0.334686 -0.774678 0.536525
vn -0.343313 -0.707739 0.617448
vn -0.334977 -0.778575 0.530671
vn -0.335320 -0.722408 0.604721
vn -0.334693 -0.774390 0.536937
vn -0.334880 -0.778538 0.530786
vn -0.334585 -0.770224 0.542962
vn -0.334953 -0.778418 0.530915
vn -0.334886 -0.702900 0.627521
vn -0.334868 -0.889088 0.312067
vn -0.334434 -0.884092 0.326397
vn -0.334516 -0.888657 0.313667
vn -0.334989 -0.889149 0.311764
vn -0.334959 -0.889090 0.311963
vn -0.334955 -0.840970 0.424940
vn -0.334979 -0.889100 0.311913
vn -0.334874 -0.840954 0.425036
vn -0.334862 -0.922123 0.193797
vn -0.335288 -0.927676 0.164312
vn -0.334857 -0.939338 0.074258
vn -0.334172 -0.940434 0.062551
vn -0.345056 -0.920638 0.182651
vn -0.334856 -0.939497 0.072234
vn -0.334134 -0.936998 0.101928
vn -0.334974 -0.939464 0.072114
vn -0.334947 -0.926299 -0.172571
vn -0.334844 -0.926352 -0.172485
vn -0.334581 -0.928454 -0.161333
vn -0.334944 -0.940876 -0.050641
vn -0.334898 -0.926570 -0.171205
vn -0.334850 -0.940914 -0.050553
vn -0.334609 -0.928147 -0.163037
vn -0.334974 -0.926261 -0.172723
vn -0.334959 -0.850422 -0.405691
vn -0.334837 -0.896057 -0.291488
vn -0.334425 -0.855523 -0.395273
vn -0.325926 -0.772043 -0.545639
vn -0.334831 -0.850545 -0.405539
vn -0.346821 -0.888620 -0.300117
vn -0.333972 -0.868077 -0.367296
vn -0.335257 -0.886182 -0.319819
vn -0.334949 -0.850464 -0.405611
vn -0.334913 -0.739718 -0.583653
vn -0.334903 -0.735972 -0.588375
vn -0.334819 -0.717200 -0.611163
vn -0.334825 -0.790586 -0.512705
vn -0.334932 -0.790507 -0.512757
vn -0.337066 -0.715451 -0.611978
vn -0.334806 -0.535339 -0.775446
vn -0.334813 -0.631633 -0.699243
vn -0.334520 -0.544917 -0.768870
vn -0.348607 -0.620490 -0.702471
vn -0.335224 -0.608956 -0.718887
vn -0.334731 -0.535399 -0.775437
vn 1.000000 0.000000 0.000000
vn 1.000000 0.000000 0.000000
vn 1.000000 0.000000 0.000000
vn 1.000000 0.000000 0.000000
vn 1.000000 0.000000 0.000000
vn 1.000000 0.000000 0.000000
vn 1.000000 0.000000 0.000000
vn 1.000000 0.000000 0.000000
vn 1.000000 0.000000 0.000000
vn 1.000000 0.000000 0.000000
vn 1.000000 0.000000 0.000000
vn 1.000000 0.000000 0.000000
vn 1.000000 0.000000 0.000000
vn 1.000000 0.000000 0.000000
vn 1.000000 0.000000 0.000000
vn 1.000000 0.000000 0.000000
vn 1.000000 0.000000 0.000000
vn 1.000000 0.000000 0.000000
vn 1.000000 0.000000 0.000000
vn 1.000000 0.000000 0.000000
vn 1.000000 0.000000 0.000000
vn 1.000000 0.000000 0.000000
vn 1.000000 0.000000 0.000000
vn 1.000000 0.000000 0.000000
vn 1.000000 0.000000 0.000000
vn 1.000000 0.000000 0.000000
vn 1.000000 0.000000 0.000000
vn 1.000000 0.000000 0.000000
vn 1.000000 0.000000 0.000000
vn 1.000000 0.000000 0.000000
vn 1.000000 0.000000 0.000000
vn 1.000000 0.000000 0.000000
vn 1.000000 0.000000 0.000000
vn 1.000000 0.000000 0.000000
vn 1.000000 0.000000 0.000000
vn 1.000000 0.000000 0.000000
vn 1.000000 0.000000 0.000000
vn 1.000000 0.000000 0.000000
vn 1.000000 0.000000 0.000000
vn 1.000000 0.000000 0.000000
vn 1.000000 0.000000 0.000000
vn 1.000000 0.000000 0.000000
vn 1.000000 0.000000 0.000000
vn 1.000000 0.000000 0.000000
vn 1.000000 0.000000 0.000000
vn 1.000000 0.000000 0.000000
vn 1.000000 0.000000 0.000000
vn 1.000000 0.000000 0.000000
vn 1.000000 0.000000 0.000000
vn 1.000000 0.000000 0.000000
vn 1.000000 0.000000 0.000000
vn 1.000000 0.000000 0.000000
vn 1.000000 0.000000 0.000000
vn 1.000000 0.000000 0.000000
vn 1.000000 0.000000 0.000000
vn 1.000000 0.000000 0.000000
vn 1.000000 0.000000 0.000000
vn 1.000000 0.000000 0.000000
vn 1.000000 0.000000 0.000000
vn 1.000000 0.000000 0.000000
vn 1.000000 0.000000 0.000000
vn 1.000000 0.000000 0.000000
vn 1.000000 0.000000 0.000000
vn 1.000000 0.000000 0.000000
vn 1.000000 0.000000 0.000000
vn 1.000000 0.000000 0.000000
vn 1.000000 0.000000 0.000000
vn 1.000000 0.000000 0.000000
vn 1.000000 0.000000 0.000000
vn 1.000000 0.000000 0.000000
vn 1.000000 0.000000 0.000000
vn 1.000000 0.000000 0.000000
vn 1.000000 0.000000 0.000000
vn 1.000000 0.000000 0.000000
vn 1.000000 0.000000 0.000000
vn 1.000000 0.000000 0.000000
vn 1.000000 0.000000 0.000000
vn 1.000000 0.000000 0.000000
vn 1.000000 0.000000 0.000000
vn 1.000000 0.000000 0.000000
vn 1.000000 0.000000 0.000000
vn 1.000000 0.000000 0.000000
vn 1.000000 0.000000 0.000000
vn 1.000000 0.000000 0.000000
vn 1.000000 0.000000 0.000000
vn 1.000000 0.000000 0.000000
vn 1.000000 0.000000 0.000000
vn 1.000000 0.000000 0.000000
vn 1.000000 0.000000 0.000000
vn 1.000000 0.000000 0.000000
vn 1.000000 0.000000 0.000000
vn 1.000000 0.000000 0.000000
vn 1.000000 0.000000 0.000000
vn 1.000000 0.000000 0.000000
vn 1.000000 0.000000 0.000000
vn 1.000000 0.000000 0.000000
vn 1.000000 0.000000 0.000000
vn 1.000000 0.000000 0.000000
vn 1.000000 0.000000 0.000000
vn 1.000000 0.000000 0.000000
vn 1.000000 0.000000 0.000000
vn 1.000000 0.000000 0.000000
vn 1.000000 0.000000 0.000000
vn 1.000000 0.000000 0.000000
vn 1.000000 0.000000 0.000000
vn 1.000000 0.000000 0.000000
vn 1.000000 0.000000 0.000000
vn 1.000000 0.000000 0.000000
vn 1.000000 0.000000 0.000000
vn 1.000000 0.000000 0.000000
vn 1.000000 0.000000 0.000000
vn 1.000000 0.000000 0.000000
vn 1.000000 0.000000 0.000000
vn 1.000000 0.000000 0.000000
vn 1.000000 0.000000 0.000000
vn 1.000000 0.000000 0.000000
vn 1.000000 0.000000 0.000000
vn 1.000000 0.000000 0.000000
vn 1.000000 0.000000 0.000000
vn 1.000000 0.000000 0.000000
vn 1.000000 0.000000 0.000000
vn 1.000000 0.000000 0.000000
vn 1.000000 0.000000 0.000000
vn 1.000000 0.000000 0.000000
vn 1.000000 0.000000 0.000000
vn 1.000000 0.000000 0.000000
vn 1.000000 0.000000 0.000000
vn 1.000000 0.000000 0.000000
vn 1.000000 0.000000 0.000000
vn 1.000000 0.000000 0.000000
vn 1.000000 0.000000 0.000000
vn 1.000000 0.000000 0.000000
vn 1.000000 0.000000 0.000000
vn 1.000000 0.000000 0.000000
vn 1.000000 0.000000 0.000000
vn 1.000000 0.000000 0.000000
vn 1.000000 0.000000 0.000000
vn 1.000000 0.000000 0.000000
vn 1.000000 0.000000 0.000000
vn 1.000000 0.000000 0.000000
vn 1.000000 0.000000 0.000000
vn 1.000000 0.000000 0.000000
vn 1.000000 0.000000 0.000000
vn 1.000000 0.000000 0.000000
vn 1.000000 0.000000 0.000000
vn 1.000000 0.000000 0.000000
vn 1.000000 0.000000 0.000000
vn 1.000000 0.000000 0.000000
vn 1.000000 0.000000 0.000000
vn 1.000000 0.000000 0.000000
vn 1.000000 0.000000 0.000000
vn 1.000000 0.000000 0.000000
vn 1.000000 0.000000 0.000000
vn 1.000000 0.000000 0.000000
vn 1.000000 0.000000 0.000000
vn 1.000000 0.000000 0.000000
vn 1.000000 0.000000 0.000000
vn 1.000000 0.000000 0.000000
vn 1.000000 0.000000 0.000000
vn 1.000000 0.000000 0.000000
vn 1.000000 0.000000 0.000000
vn 1.000000 0.000000 0.000000
vn 1.000000 0.000000 0.000000
vn 1.000000 0.000000 0.000000
vn 1.000000 0.000000 0.000000
vn 1.000000 0.000000 0.000000
vn 1.000000 0.000000 0.000000
vn 1.000000 0.000000 0.000000
vn 1.000000 0.000000 0.000000
vn 1.000000 0.000000 0.000000
vn 1.000000 0.000000 0.000000
vn 1.000000 0.000000 0.000000
vn 1.000000 0.000000 0.000000
vn 1.000000 0.000000 0.000000
vn 1.000000 0.000000 0.000000
vn 1.000000 0.000000 0.000000
vn 1.000000 0.000000 0.000000
vn 1.000000 0.000000 0.000000
vn 1.000000 0.000000 0.000000
vn 1.000000 0.000000 0.000000
vn 1.000000 0.000000 0.000000
vn 1.000000 0.000000 0.000000
vn 1.000000 0.000000 0.000000
vn 1.000000 0.000000 0.000000
vn 1.000000 0.000000 0.000000
vn 1.000000 0.000000 0.000000
vn 1.000000 0.000000 0.000000
vn 1.000000 0.000000 0.000000
vn 1.000000 0.000000 0.000000
vn 1.000000 0.000000 0.000000
vn 1.000000 0.000000 0.000000
vn 1.000000 0.000000 0.000000
vn 1.000000 0.000000 0.000000
vn 1.000000 0.000000 0.000000
vn 1.000000 0.000000 0.000000
vn 1.000000 0.000000 0.000000
vn 1.000000 0.000000 0.000000
vn 1.000000 0.000000 0.000000
vn 1.000000 0.000000 0.000000
vn 1.000000 0.000000 0.000000
vn 1.000000 0.000000 0.000000
vn 1.000000 0.000000 0.000000
vn 1.000000 0.000000 0.000000
vn 1.000000 0.000000 0.000000
vn 1.000000 0.000000 0.000000
vn 1.000000 0.000000 0.000000
vn 1.000000 0.000000 0.000000
vn 1.000000 0.000000 0.000000
vn 1.000000 0.000000 0.000000
vn 1.000000 0.000000 0.000000
vn 1.000000 0.000000 0.000000
vn 1.000000 0.000000 0.000000
vn 1.000000 0.000000 0.000000
vn 1.000000 0.000000 0.000000
vn 1.000000 0.000000 0.000000
vn 1.000000 0.000000 0.000000
vn 1.000000 0.000000 0.000000
vn 1.000000 0.000000 0.000000
vn 1.000000 0.000000 0.000000
vn 1.000000 0.000000 0.000000
vn 1.000000 0.000000 0.000000
vn 1.000000 0.000000 0.000000
vn 1.000000 0.000000 0.000000
vn 1.000000 0.000000 0.000000
vn 1.000000 0.000000 0.000000
vn 1.000000 0.000000 0.000000
vn 1.000000 0.000000 0.000000
vn 1.000000 0.000000 0.000000
vn 1.000000 0.000000 0.000000
vn 1.000000 0.000000 0.000000
vn 1.000000 0.000000 0.000000
vn 1.000000 0.000000 0.000000
vn 1.000000 0.000000 0.000000
vn 1.000000 0.000000 0.000000
vn 1.000000 0.000000 0.000000
vn 1.000000 0.000000 0.000000
vn 1.000000 0.000000 0.000000
vn 1.000000 0.000000 0.000000
vn 1.000000 0.000000 0.000000
vn 1.000000 0.000000 0.000000
vn 1.000000 0.000000 0.000000
vn 1.000000 0.000000 0.000000
vn 1.000000 0.000000 0.000000
vn 1.000000 0.000000 0.000000
vn 1.000000 0.000000 0.000000
vn 1.000000 0.000000 0.000000
vn 1.000000 0.000000 0.000000
vn 1.000000 0.000000 0.000000
vn 1.000000 0.000000 0.000000
vn 1.000000 0.000000 0.000000
vn 1.000000 0.000000 0.000000
vn 1.000000 0.000000 0.000000
vn 0.000000 0.999689 0.024931
vn 0.000000 0.999689 0.024931
vn 0.000000 0.997204 0.074729
vn 0.000000 0.992239 0.124345
vn 0.000000 0.997204 0.074729
vn 0.000000 0.992239 0.124345
vn 0.000000 0.984808 0.173648
vn 0.000000 0.974928 0.222520
vn 0.000000 0.984808 0.173648
vn 0.000000 0.974928 0.222520
vn 0.000000 0.962624 0.270840
vn 0.000000 0.962624 0.270840
vn 0.000000 0.947927 0.318488
vn 0.000000 0.930874 0.365341
vn 0.000000 0.947927 0.318488
vn 0.000000 0.930874 0.365341
vn 0.000000 0.911506 0.411287
vn 0.000000 0.911506 0.411287
vn 0.000000 0.889872 0.456211
vn 0.000000 0.889872 0.456211
vn 0.000000 0.866025 0.500000
vn 0.000000 0.866025 0.500000
vn 0.000000 0.840026 0.542546
vn 0.000000 0.840026 0.542546
vn 0.000000 0.811938 0.583743
vn 0.000000 0.811938 0.583743
vn 0.000000 0.781831 0.623490
vn 0.000000 0.781831 0.623490
vn 0.000000 0.749781 0.661686
vn 0.000000 0.715867 0.698237
vn 0.000000 0.749781 0.661686
vn 0.000000 0.715867 0.698237
vn 0.000000 0.680173 0.733052
vn 0.000000 0.680173 0.733052
vn 0.000000 0.642788 0.766044
vn 0.000000 0.603804 0.797133
vn 0.000000 0.642788 0.766044
vn 0.000000 0.603804 0.797133
vn 0.000000 0.563320 0.826239
vn 0.000000 0.563320 0.826239
vn 0.000000 0.521435 0.853291
vn 0.000000 0.521435 0.853291
vn 0.000000 0.478254 0.878222
vn 0.000000 0.478254 0.878222
vn 0.000000 0.433883 0.900969
vn 0.000000 0.433883 0.900969
vn 0.000000 0.388434 0.921476
vn 0.000000 0.388434 0.921476
vn 0.000000 0.342021 0.939692
vn 0.000000 0.342021 0.939692
vn 0.000000 0.294754 0.955573
vn 0.000000 0.294754 0.955573
vn 0.000000 0.246757 0.969077
vn 0.000000 0.246757 0.969077
vn 0.000000 0.198146 0.980172
vn 0.000000 0.149043 0.988831
vn 0.000000 0.198146 0.980172
vn 0.000000 0.149043 0.988831
vn 0.000000 0.099568 0.995031
vn 0.000000 0.099568 0.995031
vn 0.000000 0.049845 0.998757
vn 0.000000 0.049845 0.998757
vn 0.000000 0.000000 1.000000
vn 0.000000 -0.000000 1.000000
vn 0.000000 -0.049845 0.998757
vn 0.000000 -0.049845 0.998757
vn 0.000000 -0.099568 0.995031
vn 0.000000 -0.099568 0.995031
vn 0.000000 -0.149043 0.988831
vn 0.000000 -0.149043 0.988831
vn 0.000000 -0.198146 0.980172
vn 0.000000 -0.198146 0.980172
vn 0.000000 -0.246757 0.969077
vn 0.000000 -0.294754 0.955573
vn 0.000000 -0.246757 0.969077
vn 0.000000 -0.294754 0.955573
vn 0.000000 -0.342021 0.939692
vn 0.000000 -0.342021 0.939692
vn 0.000000 -0.388434 0.921476
vn 0.000000 -0.388434 0.921476
vn 0.000000 -0.433883 0.900969
vn 0.000000 -0.433883 0.900969
vn 0.000000 -0.478254 0.878222
vn 0.000000 -0.478254 0.878222
vn 0.000000 -0.521435 0.853291
vn 0.000000 -0.521435 0.853291
vn 0.000000 -0.563320 0.826239
vn 0.000000 -0.563320 0.826239
vn 0.000000 -0.603804 0.797133
vn 0.000000 -0.603804 0.797133
vn 0.000000 -0.642788 0.766044
vn 0.000000 -0.642788 0.766044
vn 0.000000 -0.680173 0.733052
vn 0.000000 -0.680173 0.733052
vn 0.000000 -0.715867 0.698237
vn 0.000000 -0.715867 0.698237
vn 0.000000 -0.749781 0.661686
vn 0.000000 -0.749781 0.661686
vn 0.000000 -0.781831 0.623490
vn 0.000000 -0.811938 0.583743
vn 0.000000 -0.781831 0.623490
vn 0.000000 -0.811938 0.583743
vn 0.000000 -0.840026 0.542546
vn 0.000000 -0.866025 0.500000
vn 0.000000 -0.840026 0.542546
vn 0.000000 -0.866025 0.500000
vn 0.000000 -0.889872 0.456211
vn 0.000000 -0.911506 0.411287
vn 0.000000 -0.889872 0.456211
vn 0.000000 -0.911506 0.411287
vn 0.000000 -0.930874 0.365341
vn 0.000000 -0.930874 0.365341
vn 0.000000 -0.947927 0.318488
vn 0.000000 -0.962624 0.270840
vn 0.000000 -0.947927 0.318488
vn 0.000000 -0.962624 0.270840
vn 0.000000 -0.974928 0.222520
vn 0.000000 -0.974928 0.222520
vn 0.000000 -0.984808 0.173648
vn 0.000000 -0.984808 0.173648
vn 0.000000 -0.992239 0.124345
vn 0.000000 -0.992239 0.124345
vn 0.000000 -0.997204 0.074729
vn 0.000000 -0.999689 0.024931
vn 0.000000 -0.997204 0.074729
vn 0.000000 -0.999689 0.024931
vn -0.000000 -0.999689 -0.024931
vn -0.000000 -0.999689 -0.024931
vn 0.000000 -0.997204 -0.074729
vn -0.000000 -0.997204 -0.074729
vn -0.000000 -0.992239 -0.124345
vn -0.000000 -0.992239 -0.124345
vn -0.000000 -0.984808 -0.173648
vn -0.000000 -0.984808 -0.173648
vn -0.000000 -0.974928 -0.222520
vn -0.000000 -0.974928 -0.222520
vn 0.000000 -0.962624 -0.270840
vn -0.000000 -0.962624 -0.270840
vn -0.000000 -0.947927 -0.318488
vn -0.000000 -0.947927 -0.318488
vn 0.000000 -0.930874 -0.365341
vn -0.000000 -0.930874 -0.365341
vn 0.000000 -0.911506 -0.411287
vn -0.000000 -0.911506 -0.411287
vn -0.000000 -0.889872 -0.456211
vn -0.000000 -0.889872 -0.456211
vn 0.000000 -0.866025 -0.500000
vn -0.000000 -0.866025 -0.500000
vn 0.000000 -0.840026 -0.542546
vn -0.000000 -0.840026 -0.542546
vn 0.000000 -0.811938 -0.583743
vn -0.000000 -0.811938 -0.583743
vn -0.000000 -0.781831 -0.623490
vn -0.000000 -0.781831 -0.623490
vn 0.000000 -0.749781 -0.661686
vn -0.000000 -0.749781 -0.661686
vn 0.000000 -0.715867 -0.698237
vn -0.000000 -0.715867 -0.698237
vn -0.000000 -0.680173 -0.733052
vn -0.000000 -0.680173 -0.733052
vn 0.000000 -0.642788 -0.766044
vn -0.000000 -0.642788 -0.766044
vn 0.000000 -0.603804 -0.797133
vn -0.000000 -0.603804 -0.797133
vn -0.000000 -0.563320 -0.826239
vn 0.000000 -0.563320 -0.826239
vn -0.000000 -0.521435 -0.853291
vn -0.000000 -0.521435 -0.853291
vn -0.000000 -0.478254 -0.878222
vn 0.000000 -0.478254 -0.878222
vn -0.000000 -0.433883 -0.900969
vn 0.000000 -0.433883 -0.900969
vn -0.000000 -0.388434 -0.921476
vn 0.000000 -0.388434 -0.921476
vn 0.000000 -0.342021 -0.939692
vn -0.000000 -0.342021 -0.939692
vn 0.000000 -0.294754 -0.955573
vn -0.000000 -0.294754 -0.955573
vn 0.000000 -0.246757 -0.969077
vn -0.000000 -0.246757 -0.969077
vn 0.000000 -0.198146 -0.980172
vn -0.000000 -0.198146 -0.980172
vn -0.000000 -0.149043 -0.988831
vn -0.000000 -0.149043 -0.988831
vn 0.000000 -0.099568 -0.995031
vn -0.000000 -0.099568 -0.995031
vn 0.000000 -0.049845 -0.998757
vn -0.000000 -0.049845 -0.998757
vn 0.000000 -0.000000 -1.000000
vn -0.000000 0.000000 -1.000000
vn 0.000000 0.049845 -0.998757
vn 0.000000 0.049845 -0.998757
vn 0.000000 0.099568 -0.995031
vn 0.000000 0.099568 -0.995031
vn 0.000000 0.149043 -0.988831
vn 0.000000 0.149043 -0.988831
vn 0.000000 0.198146 -0.980172
vn 0.000000 0.198146 -0.980172
vn 0.000000 0.246757 -0.969077
vn 0.000000 0.246757 -0.969077
vn 0.000000 0.294754 -0.955573
vn 0.000000 0.294754 -0.955573
vn 0.000000 0.342021 -0.939692
vn 0.000000 0.342021 -0.939692
vn 0.000000 0.388434 -0.921476
vn 0.000000 0.388434 -0.921476
vn 0.000000 0.433883 -0.900969
vn 0.000000 0.478254 -0.878222
vn 0.000000 0.433883 -0.900969
vn 0.000000 0.478254 -0.878222
vn 0.000000 0.521435 -0.853291
vn 0.000000 0.521435 -0.853291
vn 0.000000 0.563320 -0.826239
vn 0.000000 0.563320 -0.826239
vn 0.000000 0.603804 -0.797133
vn 0.000000 0.603804 -0.797133
vn 0.000000 0.642788 -0.766044
vn 0.000000 0.642788 -0.766044
vn 0.000000 0.680173 -0.733052
vn 0.000000 0.680173 -0.733052
vn 0.000000 0.715867 -0.698237
vn 0.000000 0.715867 -0.698237
vn 0.000000 0.749781 -0.661686
vn 0.000000 0.749781 -0.661686
vn 0.000000 0.781831 -0.623490
vn 0.000000 0.781831 -0.623490
vn 0.000000 0.811938 -0.583743
vn 0.000000 0.811938 -0.583743
vn 0.000000 0.840026 -0.542546
vn 0.000000 0.840026 -0.542546
vn 0.000000 0.866025 -0.500000
vn 0.000000 0.866025 -0.500000
vn 0.000000 0.889872 -0.456211
vn 0.000000 0.889872 -0.456211
vn 0.000000 0.911506 -0.411287
vn 0.000000 0.911506 -0.411287
vn 0.000000 0.930874 -0.365341
vn 0.000000 0.947927 -0.318488
vn 0.000000 0.930874 -0.365341
vn 0.000000 0.947927 -0.318488
vn 0.000000 0.962624 -0.270840
vn 0.000000 0.962624 -0.270840
vn 0.000000 0.974928 -0.222520
vn 0.000000 0.974928 -0.222520
vn 0.000000 0.984808 -0.173648
vn 0.000000 0.984808 -0.173648
vn 0.000000 0.992239 -0.124345
vn 0.000000 0.992239 -0.124345
vn 0.000000 0.997204 -0.074729
vn 0.000000 0.999689 -0.024931
vn 0.000000 0.997204 -0.074729
vn 0.000000 0.999689 -0.024931
vn 1.000000 0.000000 0.000000
vn 1.000000 0.000000 0.000000
vn 1.000000 0.000000 0.000000
vn 1.000000 0.000000 0.000000
vn 1.000000 0.000000 0.000000
vn 1.000000 0.000000 0.000000
vn 1.000000 0.000000 0.000000
vn 1.000000 0.000000 0.000000
vn 1.000000 0.000000 0.000000
vn 1.000000 0.000000 0.000000
vn 1.000000 0.000000 0.000000
vn 1.000000 0.000000 0.000000
vn 1.000000 0.000000 0.000000
vn 1.000000 0.000000 0.000000
vn 1.000000 0.000000 0.000000
vn 1.000000 0.000000 0.000000
vn 1.000000 0.000000 0.000000
vn 1.000000 0.000000 0.000000
vn 1.000000 0.000000 0.000000
vn 1.000000 0.000000 0.000000
vn 1.000000 0.000000 0.000000
vn 1.000000 0.000000 0.000000
vn 1.000000 0.000000 0.000000
vn 1.000000 0.000000 0.000000
vn 1.000000 0.000000 0.000000
vn 1.000000 0.000000 0.000000
vn 1.000000 0.000000 0.000000
vn 1.000000 0.000000 0.000000
vn 1.000000 0.000000 0.000000
vn 1.000000 0.000000 0.000000
vn 1.000000 0.000000 0.000000
vn 1.000000 0.000000 0.000000
vn 1.000000 0.000000 0.000000
vn 1.000000 0.000000 0.000000
vn 1.000000 0.000000 0.000000
vn 1.000000 0.000000 0.000000
vn 1.000000 0.000000 0.000000
vn 1.000000 0.000000 0.000000
vn 1.000000 0.000000 0.000000
vn 1.000000 0.000000 0.000000
vn 1.000000 0.000000 0.000000
vn 1.000000 0.000000 0.000000
vn 1.000000 0.000000 0.000000
vn 1.000000 0.000000 0.000000
vn 1.000000 0.000000 0.000000
vn 1.000000 0.000000 0.000000
vn 1.000000 0.000000 0.000000
vn 1.000000 0.000000 0.000000
vn 1.000000 0.000000 0.000000
vn 1.000000 0.000000 0.000000
vn 1.000000 0.000000 0.000000
vn 1.000000 0.000000 0.000000
vn 1.000000 0.000000 0.000000
vn 1.000000 0.000000 0.000000
vn 1.000000 0.000000 0.000000
vn 1.000000 0.000000 0.000000
vn 1.000000 0.000000 0.000000
vn 1.000000 0.000000 0.000000
vn 1.000000 0.000000 0.000000
vn 1.000000 0.000000 0.000000
vn 1.000000 0.000000 0.000000
vn 1.000000 0.000000 0.000000
vn 1.000000 0.000000 0.000000
vn 1.000000 0.000000 0.000000
vn 1.000000 0.000000 0.000000
vn 1.000000 0.000000 0.000000
vn 1.000000 0.000000 0.000000
vn 1.000000 0.000000 0.000000
vn 1.000000 0.000000 0.000000
vn 1.000000 0.000000 0.000000
vn 1.000000 0.000000 0.000000
vn 1.000000 0.000000 0.000000
vn 1.000000 0.000000 0.000000
vn 1.000000 0.000000 0.000000
vn 1.000000 0.000000 0.000000
vn 1.000000 0.000000 0.000000
vn 1.000000 0.000000 0.000000
vn 1.000000 0.000000 0.000000
vn 1.000000 0.000000 0.000000
vn 1.000000 0.000000 0.000000
vn 1.000000 0.000000 0.000000
vn 1.000000 0.000000 0.000000
vn 1.000000 0.000000 0.000000
vn 1.000000 0.000000 0.000000
vn 1.000000 0.000000 0.000000
vn 1.000000 0.000000 0.000000
vn 1.000000 0.000000 0.000000
vn 1.000000 0.000000 0.000000
vn 1.000000 0.000000 0.000000
vn 1.000000 0.000000 0.000000
vn 1.000000 0.000000 0.000000
vn 1.000000 0.000000 0.000000
vn 1.000000 0.000000 0.000000
vn 1.000000 0.000000 0.000000
vn 1.000000 0.000000 0.000000
vn 1.000000 0.000000 0.000000
vn 1.000000 0.000000 0.000000
vn 1.000000 0.000000 0.000000
vn 1.000000 0.000000 0.000000
vn 1.000000 0.000000 0.000000
vn 1.000000 0.000000 0.000000
vn 1.000000 0.000000 0.000000
vn 1.000000 0.000000 0.000000
vn 1.000000 0.000000 0.000000
vn 1.000000 0.000000 0.000000
vn 1.000000 0.000000 0.000000
vn 1.000000 0.000000 0.000000
vn 1.000000 0.000000 0.000000
vn 1.000000 0.000000 0.000000
vn 1.000000 0.000000 0.000000
vn 1.000000 0.000000 0.000000
vn 1.000000 0.000000 0.000000
vn 1.000000 0.000000 0.000000
vn 1.000000 0.000000 0.000000
vn 1.000000 0.000000 0.000000
vn 1.000000 0.000000 0.000000
vn 1.000000 0.000000 0.000000
vn 1.000000 0.000000 0.000000
vn 1.000000 0.000000 0.000000
vn 1.000000 0.000000 0.000000
vn 1.000000 0.000000 0.000000
vn 1.000000 0.000000 0.000000
vn 1.000000 0.000000 0.000000
vn 1.000000 0.000000 0.000000
vn 1.000000 0.000000 0.000000
vn 1.000000 0.000000 0.000000
vn 1.000000 0.000000 0.000000
vn 1.000000 0.000000 0.000000
vn 1.000000 0.000000 0.000000
vn 1.000000 0.000000 0.000000
vn 1.000000 0.000000 0.000000
vn 1.000000 0.000000 0.000000
vn 1.000000 0.000000 0.000000
vn 1.000000 0.000000 0.000000
vn 1.000000 0.000000 0.000000
vn 1.000000 0.000000 0.000000
vn 1.000000 0.000000 0.000000
vn 1.000000 0.000000 0.000000
vn 1.000000 0.000000 0.000000
vn 1.000000 0.000000 0.000000
vn 1.000000 0.000000 0.000000
vn 1.000000 0.000000 0.000000
vn 1.000000 0.000000 0.000000
vn 1.000000 0.000000 0.000000
vn 1.000000 0.000000 0.000000
vn 1.000000 0.000000 0.000000
vn 1.000000 0.000000 0.000000
vn 1.000000 0.000000 0.000000
vn 1.000000 0.000000 0.000000
vn 1.000000 0.000000 0.000000
vn 1.000000 0.000000 0.000000
vn 1.000000 0.000000 0.000000
vn 1.000000 0.000000 0.000000
vn 1.000000 0.000000 0.000000
vn 1.000000 0.000000 0.000000
vn 1.000000 0.000000 0.000000
vn 1.000000 0.000000 0.000000
vn 1.000000 0.000000 0.000000
vn 1.000000 0.000000 0.000000
vn 1.000000 0.000000 0.000000
vn 1.000000 0.000000 0.000000
vn 1.000000 0.000000 0.000000
vn 1.000000 0.000000 0.000000
vn 1.000000 0.000000 0.000000
vn 1.000000 0.000000 0.000000
vn 1.000000 0.000000 0.000000
vn 1.000000 0.000000 0.000000
vn 1.000000 0.000000 0.000000
vn 1.000000 0.000000 0.000000
vn 1.000000 0.000000 0.000000
vn 1.000000 0.000000 0.000000
vn 1.000000 0.000000 0.000000
vn 1.000000 0.000000 0.000000
vn 1.000000 0.000000 0.000000
vn 1.000000 0.000000 0.000000
vn 1.000000 0.000000 0.000000
vn 1.000000 0.000000 0.000000
vn 1.000000 0.000000 0.000000
vn 1.000000 0.000000 0.000000
vn 1.000000 0.000000 0.000000
vn 1.000000 0.000000 0.000000
vn 1.000000 0.000000 0.000000
vn 1.000000 0.000000 0.000000
vn 1.000000 0.000000 0.000000
vn 1.000000 0.000000 0.000000
vn 1.000000 0.000000 0.000000
vn 1.000000 0.000000 0.000000
vn 1.000000 0.000000 0.000000
vn 1.000000 0.000000 0.000000
vn 1.000000 0.000000 0.000000
vn 1.000000 0.000000 0.000000
vn 1.000000 0.000000 0.000000
vn 1.000000 0.000000 0.000000
vn 1.000000 0.000000 0.000000
vn 1.000000 0.000000 0.000000
vn 1.000000 0.000000 0.000000
vn 1.000000 0.000000 0.000000
vn 1.000000 0.000000 0.000000
vn 1.000000 0.000000 0.000000
vn 1.000000 0.000000 0.000000
vn 1.000000 0.000000 0.000000
vn 1.000000 0.000000 0.000000
vn 1.000000 0.000000 0.000000
vn 1.000000 0.000000 0.000000
vn 1.000000 0.000000 0.000000
vn 1.000000 0.000000 0.000000
vn 1.000000 0.000000 0.000000
vn 1.000000 0.000000 0.000000
vn 1.000000 0.000000 0.000000
vn 1.000000 0.000000 0.000000
vn 1.000000 0.000000 0.000000
vn 1.000000 0.000000 0.000000
vn 1.000000 0.000000 0.000000
vn 1.000000 0.000000 0.000000
vn 1.000000 0.000000 0.000000
vn 1.000000 0.000000 0.000000
vn 1.000000 0.000000 0.000000
vn 1.000000 0.000000 0.000000
vn 1.000000 0.000000 0.000000
vn 1.000000 0.000000 0.000000
vn 1.000000 0.000000 0.000000
vn 1.000000 0.000000 0.000000
vn 1.000000 0.000000 0.000000
vn 1.000000 0.000000 0.000000
vn 1.000000 0.000000 0.000000
vn 1.000000 0.000000 0.000000
vn 1.000000 0.000000 0.000000
vn 1.000000 0.000000 0.000000
vn 1.000000 0.000000 0.000000
vn 1.000000 0.000000 0.000000
vn 1.000000 0.000000 0.000000
vn 1.000000 0.000000 0.000000
vn 1.000000 0.000000 0.000000
vn 1.000000 0.000000 0.000000
vn 1.000000 0.000000 0.000000
vn 1.000000 0.000000 0.000000
vn 1.000000 0.000000 0.000000
vn 1.000000 0.000000 0.000000
vn 1.000000 0.000000 0.000000
vn 1.000000 0.000000 0.000000
vn 1.000000 0.000000 0.000000
vn 1.000000 0.000000 0.000000
vn 1.000000 0.000000 0.000000
vn 1.000000 0.000000 0.000000
vn 1.000000 0.000000 0.000000
vn 1.000000 0.000000 0.000000
vn 1.000000 0.000000 0.000000
vn 1.000000 0.000000 0.000000
vn 1.000000 0.000000 0.000000
vn 1.000000 0.000000 0.000000
vn 1.000000 0.000000 0.000000
vn 1.000000 0.000000 0.000000
vn 0.000000 -0.999689 -0.024930
vn 0.000000 -0.997204 -0.074731
vn 0.000000 -0.999689 -0.024930
vn 0.000000 -0.997204 -0.074731
vn 0.000000 -0.992239 -0.124343
vn 0.000000 -0.992239 -0.124343
vn 0.000000 -0.984808 -0.173648
vn 0.000000 -0.984808 -0.173648
vn 0.000000 -0.974928 -0.222522
vn 0.000000 -0.974928 -0.222522
vn 0.000000 -0.962624 -0.270840
vn 0.000000 -0.962624 -0.270840
vn 0.000000 -0.947927 -0.318487
vn 0.000000 -0.947927 -0.318487
vn 0.000000 -0.930874 -0.365341
vn 0.000000 -0.930874 -0.365341
vn 0.000000 -0.911506 -0.411288
vn 0.000000 -0.911506 -0.411288
vn 0.000000 -0.889872 -0.456210
vn 0.000000 -0.889872 -0.456210
vn 0.000000 -0.866026 -0.500000
vn 0.000000 -0.866026 -0.500000
vn 0.000000 -0.840026 -0.542547
vn 0.000000 -0.840026 -0.542547
vn 0.000000 -0.811938 -0.583744
vn 0.000000 -0.811938 -0.583744
vn 0.000000 -0.781831 -0.623490
vn 0.000000 -0.781831 -0.623490
vn 0.000000 -0.749782 -0.661685
vn 0.000000 -0.749782 -0.661685
vn 0.000000 -0.715867 -0.698237
vn 0.000000 -0.715867 -0.698237
vn 0.000000 -0.680172 -0.733052
vn 0.000000 -0.680172 -0.733052
vn 0.000000 -0.642788 -0.766044
vn 0.000000 -0.642788 -0.766044
vn 0.000000 -0.603804 -0.797133
vn 0.000000 -0.603804 -0.797133
vn 0.000000 -0.563320 -0.826239
vn 0.000000 -0.563320 -0.826239
vn 0.000000 -0.521435 -0.853291
vn 0.000000 -0.521435 -0.853291
vn 0.000000 -0.478254 -0.878222
vn 0.000000 -0.478254 -0.878222
vn 0.000000 -0.433884 -0.900969
vn 0.000000 -0.433884 -0.900969
vn 0.000000 -0.388435 -0.921476
vn 0.000000 -0.342019 -0.939693
vn 0.000000 -0.388435 -0.921476
vn 0.000000 -0.342019 -0.939693
vn 0.000000 -0.294756 -0.955573
vn 0.000000 -0.294756 -0.955573
vn 0.000000 -0.246758 -0.969077
vn 0.000000 -0.198145 -0.980173
vn 0.000000 -0.246758 -0.969077
vn 0.000000 -0.198145 -0.980173
vn 0.000000 -0.149042 -0.988831
vn 0.000000 -0.149042 -0.988831
vn 0.000000 -0.099570 -0.995031
vn 0.000000 -0.049846 -0.998757
vn 0.000000 -0.099570 -0.995031
vn 0.000000 0.000000 -1.000000
vn 0.000000 -0.049846 -0.998757
vn 0.000000 0.000000 -1.000000
vn 0.000000 0.049846 -0.998757
vn 0.000000 0.049846 -0.998757
vn 0.000000 0.099570 -0.995031
vn 0.000000 0.099570 -0.995031
vn 0.000000 0.149042 -0.988831
vn 0.000000 0.149042 -0.988831
vn 0.000000 0.198145 -0.980173
vn 0.000000 0.246758 -0.969077
vn 0.000000 0.198145 -0.980173
vn 0.000000 0.246758 -0.969077
vn 0.000000 0.294756 -0.955573
vn 0.000000 0.294756 -0.955573
vn 0.000000 0.342019 -0.939693
vn 0.000000 0.342019 -0.939693
vn 0.000000 0.388435 -0.921476
vn 0.000000 0.388435 -0.921476
vn 0.000000 0.433884 -0.900969
vn 0.000000 0.433884 -0.900969
vn 0.000000 0.478254 -0.878222
vn 0.000000 0.478254 -0.878222
vn 0.000000 0.521435 -0.853291
vn 0.000000 0.521435 -0.853291
vn 0.000000 0.563320 -0.826239
vn 0.000000 0.563320 -0.826239
vn 0.000000 0.603804 -0.797133
vn 0.000000 0.603804 -0.797133
vn 0.000000 0.642788 -0.766044
vn 0.000000 0.642788 -0.766044
vn 0.000000 0.680172 -0.733052
vn 0.000000 0.680172 -0.733052
vn 0.000000 0.715867 -0.698237
vn 0.000000 0.715867 -0.698237
vn 0.000000 0.749782 -0.661685
vn 0.000000 0.781831 -0.623490
vn 0.000000 0.749782 -0.661685
vn 0.000000 0.781831 -0.623490
vn 0.000000 0.811938 -0.583744
vn 0.000000 0.811938 -0.583744
vn 0.000000 0.840026 -0.542547
vn 0.000000 0.840026 -0.542547
vn 0.000000 0.866026 -0.500000
vn 0.000000 0.866026 -0.500000
vn 0.000000 0.889872 -0.456210
vn 0.000000 0.911506 -0.411288
vn 0.000000 0.889872 -0.456210
vn 0.000000 0.911506 -0.411288
vn 0.000000 0.930874 -0.365341
vn 0.000000 0.930874 -0.365341
vn 0.000000 0.947927 -0.318487
vn 0.000000 0.947927 -0.318487
vn 0.000000 0.962624 -0.270840
vn 0.000000 0.962624 -0.270840
vn 0.000000 0.974928 -0.222522
vn 0.000000 0.974928 -0.222522
vn 0.000000 0.984808 -0.173648
vn 0.000000 0.984808 -0.173648
vn 0.000000 0.992239 -0.124343
vn 0.000000 0.992239 -0.124343
vn 0.000000 0.997204 -0.074731
vn 0.000000 0.997204 -0.074731
vn 0.000000 0.999689 -0.024930
vn 0.000000 0.999689 -0.024930
vn 0.000000 0.999689 0.024930
vn -0.000000 0.999689 0.024930
vn 0.000000 0.997204 0.074731
vn -0.000000 0.997204 0.074731
vn 0.000000 0.992239 0.124343
vn -0.000000 0.992239 0.124343
vn 0.000000 0.984808 0.173648
vn -0.000000 0.984808 0.173648
vn 0.000000 0.974928 0.222522
vn -0.000000 0.974928 0.222522
vn 0.000000 0.962624 0.270840
vn -0.000000 0.962624 0.270840
vn 0.000000 0.947927 0.318487
vn -0.000000 0.947927 0.318487
vn 0.000000 0.930874 0.365341
vn -0.000000 0.930874 0.365341
vn -0.000000 0.911506 0.411288
vn -0.000000 0.911506 0.411288
vn 0.000000 0.889872 0.456210
vn -0.000000 0.889872 0.456210
vn 0.000000 0.866026 0.500000
vn -0.000000 0.866026 0.500000
vn 0.000000 0.840026 0.542547
vn -0.000000 0.840026 0.542547
vn 0.000000 0.811938 0.583744
vn -0.000000 0.811938 0.583744
vn -0.000000 0.781831 0.623490
vn -0.000000 0.781831 0.623490
vn 0.000000 0.749782 0.661685
vn -0.000000 0.749782 0.661685
vn 0.000000 0.715867 0.698237
vn -0.000000 0.715867 0.698237
vn 0.000000 0.680172 0.733052
vn -0.000000 0.680172 0.733052
vn 0.000000 0.642788 0.766044
vn -0.000000 0.642788 0.766044
vn 0.000000 0.603804 0.797133
vn -0.000000 0.603804 0.797133
vn -0.000000 0.563320 0.826239
vn 0.000000 0.563320 0.826239
vn -0.000000 0.521435 0.853291
vn -0.000000 0.478254 0.878222
vn 0.000000 0.521435 0.853291
vn -0.000000 0.478254 0.878222
vn -0.000000 0.433884 0.900969
vn 0.000000 0.433884 0.900969
vn -0.000000 0.388435 0.921476
vn 0.000000 0.388435 0.921476
vn 0.000000 0.342019 0.939693
vn -0.000000 0.342019 0.939693
vn 0.000000 0.294756 0.955573
vn -0.000000 0.294756 0.955573
vn 0.000000 0.246758 0.969077
vn -0.000000 0.246758 0.969077
vn -0.000000 0.198145 0.980173
vn -0.000000 0.198145 0.980173
vn 0.000000 0.149042 0.988831
vn -0.000000 0.149042 0.988831
vn 0.000000 0.099570 0.995031
vn -0.000000 0.099570 0.995031
vn 0.000000 0.049846 0.998757
vn -0.000000 0.049846 0.998757
vn 0.000000 0.000000 1.000000
vn -0.000000 0.000000 1.000000
vn 0.000000 -0.049846 0.998757
vn 0.000000 -0.049846 0.998757
vn 0.000000 -0.099570 0.995031
vn 0.000000 -0.099570 0.995031
vn 0.000000 -0.149042 0.988831
vn 0.000000 -0.149042 0.988831
vn 0.000000 -0.198145 0.980173
vn 0.000000 -0.198145 0.980173
vn 0.000000 -0.246758 0.969077
vn 0.000000 -0.246758 0.969077
vn 0.000000 -0.294756 0.955573
vn 0.000000 -0.294756 0.955573
vn 0.000000 -0.342019 0.939693
vn 0.000000 -0.342019 0.939693
vn 0.000000 -0.388435 0.921476
vn 0.000000 -0.388435 0.921476
vn 0.000000 -0.433884 0.900969
vn 0.000000 -0.433884 0.900969
vn 0.000000 -0.478254 0.878222
vn 0.000000 -0.478254 0.878222
vn 0.000000 -0.521435 0.853291
vn 0.000000 -0.521435 0.853291
vn 0.000000 -0.563320 0.826239
vn 0.000000 -0.563320 0.826239
vn 0.000000 -0.603804 0.797133
vn 0.000000 -0.603804 0.797133
vn 0.000000 -0.642788 0.766044
vn 0.000000 -0.680172 0.733052
vn 0.000000 -0.642788 0.766044
vn 0.000000 -0.680172 0.733052
vn 0.000000 -0.715867 0.698237
vn 0.000000 -0.715867 0.698237
vn 0.000000 -0.749782 0.661685
vn 0.000000 -0.749782 0.661685
vn 0.000000 -0.781831 0.623490
vn 0.000000 -0.781831 0.623490
vn 0.000000 -0.811938 0.583744
vn 0.000000 -0.811938 0.583744
vn 0.000000 -0.840026 0.542547
vn 0.000000 -0.840026 0.542547
vn 0.000000 -0.866026 0.500000
vn 0.000000 -0.866026 0.500000
vn 0.000000 -0.889872 0.456210
vn 0.000000 -0.889872 0.456210
vn 0.000000 -0.911506 0.411288
vn 0.000000 -0.930874 0.365341
vn 0.000000 -0.911506 0.411288
vn 0.000000 -0.930874 0.365341
vn 0.000000 -0.947927 0.318487
vn 0.000000 -0.947927 0.318487
vn 0.000000 -0.962624 0.270840
vn 0.000000 -0.962624 0.270840
vn 0.000000 -0.974928 0.222522
vn 0.000000 -0.984808 0.173648
vn 0.000000 -0.974928 0.222522
vn 0.000000 -0.984808 0.173648
vn 0.000000 -0.992239 0.124343
vn 0.000000 -0.992239 0.124343
vn 0.000000 -0.997204 0.074731
vn 0.000000 -0.997204 0.074731
vn 0.000000 -0.999689 0.024930
vn 0.000000 -0.999689 0.024930
vn -1.000000 0.000000 0.000000
vn -1.000000 0.000000 0.000000
vn -1.000000 0.000000 -0.000000
vn -1.000000 0.000000 0.000000
vn -1.000000 0.000000 0.000000
vn -1.000000 0.000000 0.000000
vn -1.000000 0.000000 -0.000000
vn -1.000000 0.000000 0.000000
vn -1.000000 0.000000 0.000000
vn -1.000000 0.000000 -0.000000
vn -1.000000 0.000000 0.000000
vn -1.000000 0.000000 0.000000
vn -1.000000 0.000000 0.000000
vn -1.000000 0.000000 0.000000
vn -1.000000 0.000000 -0.000000
vn -1.000000 0.000000 0.000000
vn -1.000000 0.000000 0.000000
vn -1.000000 0.000000 0.000000
vn -1.000000 0.000000 -0.000000
vn -1.000000 0.000000 0.000000
vn -1.000000 0.000000 0.000000
vn -1.000000 0.000000 0.000000
vn -1.000000 0.000000 -0.000000
vn -1.000000 0.000000 0.000000
vn -1.000000 0.000000 0.000000
vn -1.000000 0.000000 -0.000000
vn -1.000000 0.000000 0.000000
vn -1.000000 0.000000 0.000000
vn -1.000000 0.000000 -0.000000
vn -1.000000 0.000000 0.000000
vn -1.000000 0.000000 0.000000
vn -1.000000 0.000000 0.000000
vn -1.000000 0.000000 0.000000
vn -1.000000 0.000000 0.000000
vn -1.000000 0.000000 -0.000000
vn -1.000000 0.000000 0.000000
vn -1.000000 0.000000 0.000000
vn -1.000000 0.000000 0.000000
vn -1.000000 0.000000 -0.000000
vn -1.000000 0.000000 0.000000
vn -1.000000 0.000000 0.000000
vn -1.000000 0.000000 -0.000000
vn -1.000000 0.000000 -0.000000
vn -1.000000 0.000000 0.000000
vn -1.000000 0.000000 -0.000000
vn -1.000000 0.000000 0.000000
vn -1.000000 0.000000 -0.000000
vn -1.000000 0.000000 0.000000
vn -1.000000 0.000000 0.000000
vn -1.000000 0.000000 -0.000000
vn -1.000000 0.000000 0.000000
vn -1.000000 0.000000 -0.000000
vn -1.000000 0.000000 0.000000
vn -1.000000 0.000000 0.000000
vn -1.000000 0.000000 0.000000
vn -1.000000 0.000000 -0.000000
vn -1.000000 0.000000 0.000000
vn -1.000000 0.000000 -0.000000
vn -1.000000 0.000000 -0.000000
vn -1.000000 0.000000 0.000000
vn -1.000000 0.000000 0.000000
vn -1.000000 0.000000 -0.000000
vn -1.000000 0.000000 0.000000
vn -1.000000 0.000000 -0.000000
vn -1.000000 0.000000 0.000000
vn -1.000000 0.000000 0.000000
vn -1.000000 0.000000 -0.000000
vn -1.000000 0.000000 0.000000
vn -1.000000 0.000000 0.000000
vn -1.000000 0.000000 0.000000
vn -1.000000 0.000000 0.000000
vn -1.000000 0.000000 -0.000000
vn -1.000000 0.000000 0.000000
vn -1.000000 0.000000 0.000000
vn -1.000000 0.000000 0.000000
vn -1.000000 0.000000 0.000000
vn -1.000000 0.000000 -0.000000
vn -1.000000 0.000000 0.000000
vn -1.000000 0.000000 0.000000
vn -1.000000 0.000000 -0.000000
vn -1.000000 0.000000 0.000000
vn -1.000000 0.000000 0.000000
vn -1.000000 0.000000 0.000000
vn -1.000000 0.000000 0.000000
vn -1.000000 0.000000 -0.000000
vn -1.000000 0.000000 0.000000
vn -1.000000 0.000000 0.000000
vn -1.000000 0.000000 0.000000
vn -1.000000 0.000000 -0.000000
vn -1.000000 0.000000 0.000000
vn -1.000000 0.000000 0.000000
vn -1.000000 0.000000 -0.000000
vn -1.000000 0.000000 0.000000
vn -1.000000 0.000000 0.000000
vn -1.000000 0.000000 -0.000000
vn -1.000000 0.000000 0.000000
vn -1.000000 0.000000 0.000000
vn -1.000000 0.000000 0.000000
vn -1.000000 0.000000 -0.000000
vn -1.000000 0.000000 0.000000
vn -1.000000 0.000000 0.000000
vn -1.000000 0.000000 0.000000
vn -1.000000 0.000000 0.000000
vn -1.000000 0.000000 -0.000000
vn -1.000000 0.000000 0.000000
vn -1.000000 0.000000 0.000000
vn -1.000000 0.000000 0.000000
vn -1.000000 0.000000 -0.000000
vn -1.000000 0.000000 0.000000
vn -1.000000 0.000000 0.000000
vn -1.000000 0.000000 -0.000000
vn -1.000000 0.000000 0.000000
vn -1.000000 0.000000 0.000000
vn -1.000000 0.000000 0.000000
vn -1.000000 0.000000 -0.000000
vn -1.000000 0.000000 0.000000
vn -1.000000 0.000000 -0.000000
vn -1.000000 0.000000 0.000000
vn -1.000000 0.000000 0.000000
vn -1.000000 0.000000 -0.000000
vn -1.000000 0.000000 0.000000
vn -1.000000 0.000000 0.000000
vn -1.000000 0.000000 -0.000000
vn -1.000000 0.000000 0.000000
vn -1.000000 0.000000 0.000000
vn -1.000000 0.000000 -0.000000
vn -1.000000 0.000000 -0.000000
vn -1.000000 0.000000 0.000000
vn -1.000000 0.000000 -0.000000
vn -1.000000 0.000000 0.000000
vn -1.000000 0.000000 0.000000
vn -1.000000 0.000000 0.000000
vn -1.000000 0.000000 -0.000000
vn -1.000000 0.000000 0.000000
vn -1.000000 0.000000 0.000000
vn -1.000000 0.000000 0.000000
vn -1.000000 0.000000 -0.000000
vn -1.000000 0.000000 -0.000000
vn -1.000000 0.000000 0.000000
vn -1.000000 0.000000 0.000000
vn -1.000000 0.000000 -0.000000
vn -1.000000 0.000000 0.000000
vn -1.000000 0.000000 0.000000
vn -1.000000 0.000000 0.000000
vn -1.000000 0.000000 0.000000
vn -1.000000 0.000000 -0.000000
vn -1.000000 0.000000 0.000000
vn -1.000000 0.000000 0.000000
vn -1.000000 0.000000 -0.000000
vn -1.000000 0.000000 0.000000
vn -1.000000 0.000000 0.000000
vn -1.000000 0.000000 0.000000
vn -1.000000 0.000000 0.000000
vn -1.000000 0.000000 0.000000
vn -1.000000 0.000000 0.000000
vn -1.000000 0.000000 -0.000000
vn -1.000000 0.000000 0.000000
vn -1.000000 0.000000 -0.000000
vn -1.000000 0.000000 0.000000
vn -1.000000 0.000000 0.000000
vn -1.000000 0.000000 0.000000
vn -1.000000 0.000000 -0.000000
vn -1.000000 0.000000 0.000000
vn -1.000000 0.000000 0.000000
vn -1.000000 0.000000 0.000000
vn -1.000000 0.000000 0.000000
vn -1.000000 0.000000 -0.000000
vn -1.000000 0.000000 0.000000
vn -1.000000 0.000000 -0.000000
vn -1.000000 0.000000 0.000000
vn -1.000000 0.000000 0.000000
vn -1.000000 0.000000 0.000000
vn -1.000000 0.000000 0.000000
vn -1.000000 0.000000 -0.000000
vn -1.000000 0.000000 0.000000
vn -1.000000 0.000000 0.000000
vn -1.000000 0.000000 0.000000
vn -1.000000 0.000000 0.000000
vn -1.000000 0.000000 -0.000000
vn -1.000000 0.000000 0.000000
vn -1.000000 0.000000 0.000000
vn -1.000000 0.000000 -0.000000
vn -1.000000 0.000000 0.000000
vn -1.000000 0.000000 0.000000
vn -1.000000 0.000000 0.000000
vn -1.000000 0.000000 -0.000000
vn -1.000000 0.000000 0.000000
vn -1.000000 0.000000 0.000000
vn -1.000000 0.000000 0.000000
vn -1.000000 0.000000 0.000000
vn -1.000000 0.000000 -0.000000
vn -1.000000 0.000000 0.000000
vn -1.000000 0.000000 0.000000
vn -1.000000 0.000000 0.000000
vn -1.000000 0.000000 -0.000000
vn -1.000000 0.000000 -0.000000
vn -1.000000 0.000000 0.000000
vn -1.000000 0.000000 0.000000
vn -1.000000 0.000000 0.000000
vn -1.000000 0.000000 -0.000000
vn -1.000000 0.000000 0.000000
vn -1.000000 0.000000 0.000000
vn -1.000000 0.000000 0.000000
vn -1.000000 0.000000 -0.000000
vn -1.000000 0.000000 -0.000000
vn -1.000000 0.000000 0.000000
vn -1.000000 0.000000 -0.000000
vn -1.000000 0.000000 0.000000
vn -1.000000 0.000000 0.000000
vn -1.000000 0.000000 -0.000000
vn -1.000000 0.000000 0.000000
vn -1.000000 0.000000 -0.000000
vn -1.000000 0.000000 0.000000
vn -1.000000 0.000000 0.000000
vn -1.000000 0.000000 0.000000
vn -1.000000 0.000000 0.000000
vn -1.000000 0.000000 -0.000000
vn -1.000000 0.000000 0.000000
vn -1.000000 0.000000 -0.000000
vn -1.000000 0.000000 0.000000
vn -1.000000 0.000000 0.000000
vn -1.000000 0.000000 0.000000
vn -1.000000 0.000000 0.000000
vn -1.000000 0.000000 0.000000
vn -1.000000 0.000000 -0.000000
vn -1.000000 0.000000 0.000000
vn -1.000000 0.000000 -0.000000
vn -1.000000 0.000000 0.000000
vn -1.000000 0.000000 0.000000
vn -1.000000 0.000000 0.000000
vn -1.000000 0.000000 -0.000000
vn -1.000000 0.000000 0.000000
vn -1.000000 0.000000 0.000000
vn -1.000000 0.000000 0.000000
vn -1.000000 0.000000 -0.000000
vn -1.000000 0.000000 0.000000
vn -1.000000 0.000000 0.000000
vn -1.000000 0.000000 0.000000
vn -1.000000 0.000000 -0.000000
vn -1.000000 0.000000 0.000000
vn -1.000000 0.000000 0.000000
vn -1.000000 0.000000 0.000000
vn -1.000000 0.000000 -0.000000
vn -1.000000 0.000000 0.000000
vn -1.000000 0.000000 0.000000
vn -1.000000 0.000000 0.000000
vn -1.000000 0.000000 -0.000000
vn -1.000000 0.000000 0.000000
vn -1.000000 0.000000 0.000000
vn -1.000000 0.000000 0.000000
vn -1.000000 0.000000 -0.000000
vn -1.000000 0.000000 0.000000
vn 0.289958 -0.955850 -0.047705
vn 0.289958 -0.955850 -0.047704
vn 0.289958 -0.946350 -0.142640
vn 0.289958 -0.946350 -0.142639
vn 0.289958 -0.927445 -0.236157
vn 0.289958 -0.927445 -0.236157
vn 0.289958 -0.899323 -0.327327
vn 0.289958 -0.899323 -0.327327
vn 0.289958 -0.862263 -0.415244
vn 0.289958 -0.816633 -0.499034
vn 0.289958 -0.862263 -0.415244
vn 0.289958 -0.816633 -0.499034
vn 0.289958 -0.762887 -0.577865
vn 0.289958 -0.762887 -0.577865
vn 0.289958 -0.701560 -0.650952
vn 0.289958 -0.701559 -0.650952
vn 0.289958 -0.633259 -0.717570
vn 0.289958 -0.633259 -0.717570
vn 0.289958 -0.558666 -0.777057
vn 0.289958 -0.558665 -0.777057
vn 0.289958 -0.478520 -0.828820
vn 0.289958 -0.478520 -0.828820
vn 0.261378 -0.964037 -0.048112
vn 0.261378 -0.964037 -0.048114
vn 0.289958 -0.393618 -0.872347
vn 0.289958 -0.393618 -0.872347
vn 0.261378 -0.954456 -0.143861
vn 0.261378 -0.954456 -0.143860
vn 0.289958 -0.212961 -0.933044
vn 0.289958 -0.304805 -0.907204
vn 0.289958 -0.304804 -0.907204
vn 0.261378 -0.935389 -0.238179
vn 0.261378 -0.935389 -0.238180
vn 0.289958 -0.212961 -0.933044
vn 0.261378 -0.907026 -0.330130
vn 0.261378 -0.907026 -0.330130
vn 0.289958 -0.023859 -0.956742
vn 0.289958 -0.119002 -0.949612
vn 0.289958 -0.119002 -0.949612
vn 0.261378 -0.823628 -0.503308
vn 0.261378 -0.869648 -0.418801
vn 0.261378 -0.869648 -0.418800
vn 0.289958 -0.023859 -0.956742
vn 0.261378 -0.823628 -0.503308
vn 0.289958 0.071520 -0.954363
vn 0.289958 0.071519 -0.954363
vn 0.261378 -0.769421 -0.582814
vn 0.261378 -0.769421 -0.582814
vn 0.289958 0.166188 -0.942500
vn 0.289958 0.166189 -0.942500
vn 0.261378 -0.707568 -0.656528
vn 0.261378 -0.707568 -0.656528
vn 0.289958 0.259205 -0.921269
vn 0.289958 0.259205 -0.921269
vn 0.261378 -0.638683 -0.723716
vn 0.261378 -0.638683 -0.723716
vn 0.289958 0.349645 -0.890883
vn 0.289958 0.349646 -0.890883
vn 0.261378 -0.563451 -0.783712
vn 0.261378 -0.482618 -0.835919
vn 0.261378 -0.563451 -0.783712
vn 0.289958 0.436612 -0.851642
vn 0.289958 0.436612 -0.851642
vn 0.261378 -0.482618 -0.835919
vn 0.289958 0.519238 -0.803938
vn 0.289958 0.519238 -0.803938
vn 0.289958 0.596704 -0.748244
vn 0.228686 -0.972290 -0.048526
vn 0.228686 -0.972290 -0.048525
vn 0.195715 -0.979442 -0.048882
vn 0.261378 -0.396989 -0.879819
vn 0.261378 -0.396989 -0.879819
vn 0.261378 -0.307415 -0.914974
vn 0.289958 0.596704 -0.748243
vn 0.228686 -0.962627 -0.145093
vn 0.228686 -0.962627 -0.145092
vn 0.261378 -0.307415 -0.914974
vn 0.289958 0.733135 -0.615173
vn 0.289958 0.668240 -0.685113
vn 0.289958 0.668240 -0.685113
vn 0.228686 -0.943397 -0.240219
vn 0.228686 -0.943397 -0.240218
vn 0.261378 -0.214785 -0.941036
vn 0.261378 -0.214785 -0.941036
vn 0.289958 0.733135 -0.615173
vn 0.228686 -0.914791 -0.332956
vn 0.228686 -0.914791 -0.332957
vn 0.261378 -0.120022 -0.957746
vn 0.261378 -0.120021 -0.957746
vn 0.289958 0.840493 -0.457708
vn 0.289958 0.790743 -0.539119
vn 0.289958 0.790743 -0.539120
vn 0.228686 -0.877093 -0.422386
vn 0.228686 -0.877094 -0.422385
vn 0.261378 -0.024064 -0.964937
vn 0.261378 -0.024063 -0.964937
vn 0.289958 0.840492 -0.457708
vn 0.228686 -0.830679 -0.507617
vn 0.228686 -0.830679 -0.507618
vn 0.261378 0.072132 -0.962538
vn 0.261378 0.072132 -0.962538
vn 0.289958 0.881889 -0.371747
vn 0.289958 0.881889 -0.371747
vn 0.228686 -0.776009 -0.587804
vn 0.228686 -0.776009 -0.587804
vn 0.228686 -0.713626 -0.662148
vn 0.261378 0.167611 -0.950573
vn 0.261378 0.167612 -0.950572
vn 0.289958 0.914521 -0.282092
vn 0.289958 0.914521 -0.282092
vn 0.289958 0.938064 -0.189634
vn 0.228686 -0.713626 -0.662148
vn 0.261378 0.261425 -0.929160
vn 0.261378 0.261425 -0.929160
vn 0.289958 0.938064 -0.189634
vn 0.228686 -0.644151 -0.729912
vn 0.228686 -0.644151 -0.729912
vn 0.261378 0.440351 -0.858937
vn 0.261378 0.352640 -0.898514
vn 0.261378 0.352640 -0.898513
vn 0.289958 0.952284 -0.095290
vn 0.289958 0.952284 -0.095291
vn 0.228686 -0.568275 -0.790422
vn 0.228686 -0.568274 -0.790422
vn 0.261378 0.440352 -0.858937
vn 0.261378 0.523685 -0.810824
vn 0.289958 0.957039 0.000000
vn 0.289958 0.957039 0.000000
vn 0.228686 -0.400388 -0.887351
vn 0.228686 -0.486750 -0.843076
vn 0.228686 -0.486750 -0.843076
vn 0.261378 0.523685 -0.810824
vn 0.261378 0.601815 -0.754652
vn 0.289958 0.952284 0.095291
vn 0.289958 0.952284 0.095290
vn 0.228686 -0.310047 -0.922808
vn 0.228686 -0.400388 -0.887351
vn 0.195715 -0.979442 -0.048882
vn 0.261378 0.601816 -0.754652
vn 0.289958 0.938064 0.189634
vn 0.289958 0.938064 0.189634
vn 0.228686 -0.310047 -0.922808
vn 0.195715 -0.969708 -0.146160
vn 0.195715 -0.969708 -0.146160
vn 0.261378 0.673964 -0.690981
vn 0.261378 0.739414 -0.620442
vn 0.261378 0.673964 -0.690981
vn 0.289958 0.914521 0.282092
vn 0.289958 0.914521 0.282092
vn 0.228686 -0.216624 -0.949093
vn 0.228686 -0.216624 -0.949093
vn 0.195715 -0.950336 -0.241985
vn 0.195715 -0.921520 -0.335406
vn 0.195715 -0.950336 -0.241986
vn 0.261378 0.739414 -0.620442
vn 0.289958 0.881889 0.371747
vn 0.289958 0.881889 0.371747
vn 0.289958 0.840493 0.457708
vn 0.228686 -0.121049 -0.965945
vn 0.228686 -0.024269 -0.973198
vn 0.228686 -0.121049 -0.965945
vn 0.195715 -0.921520 -0.335405
vn 0.261378 0.797516 -0.543737
vn 0.261378 0.797516 -0.543737
vn 0.289958 0.840492 0.457708
vn 0.228686 -0.024270 -0.973198
vn 0.195715 -0.883545 -0.425492
vn 0.195715 -0.883545 -0.425493
vn 0.261378 0.847691 -0.461629
vn 0.261378 0.847691 -0.461628
vn 0.289958 0.790743 0.539120
vn 0.289958 0.790743 0.539119
vn 0.289958 0.733135 0.615173
vn 0.228686 0.169046 -0.958711
vn 0.228686 0.072750 -0.970778
vn 0.228686 0.072750 -0.970778
vn 0.195715 -0.836789 -0.511351
vn 0.195715 -0.836789 -0.511351
vn 0.261378 0.889443 -0.374931
vn 0.261378 0.889443 -0.374931
vn 0.289958 0.733135 0.615173
vn 0.228686 0.169047 -0.958711
vn 0.195715 -0.781717 -0.592127
vn 0.195715 -0.781716 -0.592128
vn 0.195715 -0.718875 -0.667019
vn 0.261378 0.922354 -0.284508
vn 0.261378 0.922354 -0.284508
vn 0.289958 0.596704 0.748244
vn 0.289958 0.668240 0.685113
vn 0.289958 0.668240 0.685113
vn 0.228686 0.263663 -0.937115
vn 0.228686 0.263664 -0.937115
vn 0.228686 0.355659 -0.906206
vn 0.195715 -0.648889 -0.735281
vn 0.195715 -0.718875 -0.667019
vn 0.261378 0.946098 -0.191258
vn 0.261378 0.946098 -0.191258
vn 0.289958 0.596704 0.748243
vn 0.228686 0.355660 -0.906206
vn 0.195715 -0.648889 -0.735281
vn 0.261378 0.960440 -0.096106
vn 0.261378 0.960440 -0.096107
vn 0.289958 0.519238 0.803938
vn 0.289958 0.519238 0.803938
vn 0.289958 0.436612 0.851642
vn 0.228686 0.528169 -0.817766
vn 0.228686 0.444122 -0.866290
vn 0.228686 0.444121 -0.866291
vn 0.195715 -0.572455 -0.796236
vn 0.195715 -0.572454 -0.796236
vn 0.261378 0.965237 0.000000
vn 0.261378 0.960440 0.096106
vn 0.261378 0.965237 0.000000
vn 0.289958 0.436612 0.851642
vn 0.228686 0.528169 -0.817765
vn 0.228686 0.606968 -0.761113
vn 0.195715 -0.490330 -0.849277
vn 0.195715 -0.490331 -0.849277
vn 0.195715 -0.403333 -0.893878
vn 0.261378 0.960440 0.096107
vn 0.261378 0.946098 0.191258
vn 0.289958 0.349646 0.890883
vn 0.289958 0.349645 0.890883
vn 0.228686 0.606968 -0.761113
vn 0.195715 -0.403333 -0.893878
vn 0.261378 0.946098 0.191258
vn 0.162503 -0.985481 -0.049183
vn 0.162503 -0.985481 -0.049183
vn 0.289958 0.259205 0.921269
vn 0.289958 0.259205 0.921269
vn 0.228686 0.745744 -0.625754
vn 0.228686 0.679734 -0.696897
vn 0.228686 0.679734 -0.696897
vn 0.195715 -0.218217 -0.956074
vn 0.195715 -0.312327 -0.929595
vn 0.195715 -0.312327 -0.929595
vn 0.261378 0.922354 0.284508
vn 0.261378 0.922354 0.284508
vn 0.162503 -0.975687 -0.147061
vn 0.162503 -0.975687 -0.147061
vn 0.289958 0.166189 0.942500
vn 0.289958 0.166188 0.942500
vn 0.228686 0.745745 -0.625754
vn 0.195715 -0.218218 -0.956074
vn 0.261378 0.889443 0.374931
vn 0.261378 0.847691 0.461629
vn 0.261378 0.889443 0.374931
vn 0.162503 -0.956196 -0.243478
vn 0.162503 -0.956196 -0.243477
vn 0.289958 0.071519 0.954363
vn 0.289958 -0.023859 0.956742
vn 0.289958 0.071520 0.954363
vn 0.228686 0.804344 -0.548392
vn 0.228686 0.804343 -0.548393
vn 0.195715 -0.024448 -0.980356
vn 0.195715 -0.121939 -0.973050
vn 0.195715 -0.121939 -0.973050
vn 0.261378 0.847691 0.461628
vn 0.162503 -0.927202 -0.337474
vn 0.162503 -0.927202 -0.337474
vn 0.289958 -0.023859 0.956742
vn 0.228686 0.854949 -0.465580
vn 0.228686 0.854949 -0.465581
vn 0.195715 -0.024448 -0.980356
vn 0.195715 0.073285 -0.977919
vn 0.261378 0.797516 0.543737
vn 0.261378 0.797516 0.543737
vn 0.261378 0.739414 0.620442
vn 0.162503 -0.888993 -0.428117
vn 0.162503 -0.888993 -0.428117
vn 0.289958 -0.119002 0.949612
vn 0.289958 -0.119002 0.949612
vn 0.228686 0.897057 -0.378141
vn 0.228686 0.930251 -0.286944
vn 0.228686 0.897057 -0.378141
vn 0.195715 0.073285 -0.977919
vn 0.261378 0.739414 0.620442
vn 0.162503 -0.841949 -0.514504
vn 0.162503 -0.841949 -0.514504
vn 0.162503 -0.786537 -0.595779
vn 0.289958 -0.212961 0.933044
vn 0.289958 -0.212961 0.933044
vn 0.228686 0.930250 -0.286945
vn 0.195715 0.170290 -0.965762
vn 0.195715 0.170290 -0.965762
vn 0.261378 0.673964 0.690981
vn 0.261378 0.673964 0.690981
vn 0.162503 -0.786537 -0.595779
vn 0.289958 -0.304804 0.907204
vn 0.289958 -0.304805 0.907204
vn 0.289958 -0.393618 0.872347
vn 0.228686 0.954198 -0.192895
vn 0.228686 0.954198 -0.192895
vn 0.195715 0.265602 -0.944008
vn 0.195715 0.265603 -0.944008
vn 0.261378 0.523685 0.810824
vn 0.261378 0.601815 0.754652
vn 0.261378 0.601816 0.754652
vn 0.162503 -0.652891 -0.739815
vn 0.162503 -0.723308 -0.671132
vn 0.162503 -0.723308 -0.671132
vn 0.289958 -0.393618 0.872347
vn 0.228686 0.968663 -0.096929
vn 0.228686 0.968663 -0.096930
vn 0.195715 0.358276 -0.912871
vn 0.195715 0.358276 -0.912871
vn 0.261378 0.440351 0.858937
vn 0.261378 0.523685 0.810824
vn 0.162503 -0.652891 -0.739815
vn 0.289958 -0.478520 0.828820
vn 0.289958 -0.478520 0.828820
vn 0.289958 -0.558665 0.777057
vn 0.228686 0.973500 0.000000
vn 0.228686 0.968663 0.096930
vn 0.228686 0.973500 0.000000
vn 0.195715 0.447388 -0.872663
vn 0.195715 0.447388 -0.872663
vn 0.261378 0.440352 0.858937
vn 0.162503 -0.575984 -0.801146
vn 0.162503 -0.575985 -0.801146
vn 0.289958 -0.558666 0.777057
vn 0.228686 0.968663 0.096929
vn 0.195715 0.532054 -0.823780
vn 0.195715 0.532054 -0.823780
vn 0.261378 0.352640 0.898514
vn 0.261378 0.261425 0.929160
vn 0.261378 0.352640 0.898514
vn 0.162503 -0.493354 -0.854514
vn 0.162503 -0.405820 -0.899390
vn 0.162503 -0.493354 -0.854514
vn 0.289958 -0.633259 0.717570
vn 0.289958 -0.633259 0.717570
vn 0.228686 0.954198 0.192895
vn 0.228686 0.930250 0.286944
vn 0.228686 0.954198 0.192895
vn 0.195715 0.611432 -0.766711
vn 0.195715 0.684733 -0.702023
vn 0.195715 0.611432 -0.766711
vn 0.261378 0.261425 0.929160
vn 0.261378 0.167612 0.950572
vn 0.162503 -0.405820 -0.899390
vn 0.129087 -0.990401 -0.049429
vn 0.129087 -0.990401 -0.049429
vn 0.095505 -0.994192 -0.049618
vn 0.289958 -0.701560 0.650952
vn 0.289958 -0.701559 0.650952
vn 0.228686 0.897057 0.378141
vn 0.228686 0.930250 0.286945
vn 0.195715 0.684733 -0.702023
vn 0.261378 0.072132 0.962538
vn 0.261378 0.167611 0.950573
vn 0.162503 -0.314254 -0.935327
vn 0.162503 -0.314253 -0.935328
vn 0.129087 -0.980558 -0.147795
vn 0.129087 -0.980558 -0.147795
vn 0.289958 -0.762887 0.577865
vn 0.289958 -0.762887 0.577865
vn 0.228686 0.897057 0.378141
vn 0.195715 0.751230 -0.630357
vn 0.195715 0.751230 -0.630356
vn 0.261378 0.072132 0.962538
vn 0.162503 -0.219563 -0.961969
vn 0.162503 -0.122691 -0.979050
vn 0.162503 -0.219563 -0.961969
vn 0.129087 -0.960969 -0.244693
vn 0.129087 -0.960969 -0.244693
vn 0.289958 -0.816633 0.499034
vn 0.289958 -0.816633 0.499034
vn 0.289958 -0.862263 0.415244
vn 0.228686 0.854949 0.465581
vn 0.228686 0.854949 0.465580
vn 0.195715 0.810260 -0.552425
vn 0.195715 0.810260 -0.552426
vn 0.261378 -0.024064 0.964937
vn 0.261378 -0.120021 0.957746
vn 0.261378 -0.024063 0.964937
vn 0.162503 -0.122691 -0.979050
vn 0.129087 -0.931830 -0.339159
vn 0.129087 -0.931830 -0.339159
vn 0.289958 -0.899323 0.327327
vn 0.289958 -0.862263 0.415244
vn 0.228686 0.804344 0.548392
vn 0.228686 0.804343 0.548393
vn 0.228686 0.745744 0.625754
vn 0.195715 0.861237 -0.469005
vn 0.195715 0.861238 -0.469005
vn 0.261378 -0.120022 0.957746
vn 0.162503 -0.024599 -0.986401
vn 0.162503 -0.024599 -0.986401
vn 0.129087 -0.893431 -0.430253
vn 0.129087 -0.893431 -0.430253
vn 0.289958 -0.899323 0.327327
vn 0.228686 0.679734 0.696897
vn 0.228686 0.745745 0.625754
vn 0.195715 0.903656 -0.380923
vn 0.195715 0.903656 -0.380923
vn 0.261378 -0.214785 0.941036
vn 0.261378 -0.214785 0.941036
vn 0.261378 -0.307415 0.914974
vn 0.162503 0.073737 -0.983949
vn 0.162503 0.073737 -0.983949
vn 0.129087 -0.846152 -0.517072
vn 0.129087 -0.846151 -0.517073
vn 0.289958 -0.927445 0.236157
vn 0.289958 -0.927445 0.236157
vn 0.228686 0.679734 0.696897
vn 0.195715 0.937093 -0.289055
vn 0.195715 0.937093 -0.289055
vn 0.195715 0.961217 -0.194314
vn 0.261378 -0.307415 0.914974
vn 0.162503 0.171340 -0.971718
vn 0.162503 0.171340 -0.971718
vn 0.129087 -0.790463 -0.598753
vn 0.129087 -0.790463 -0.598753
vn 0.289958 -0.955850 0.047704
vn 0.289958 -0.955850 0.047705
vn 0.289958 -0.946350 0.142639
vn 0.289958 -0.946350 0.142640
vn 0.228686 0.606968 0.761113
vn 0.228686 0.606968 0.761113
vn 0.195715 0.961217 -0.194314
vn 0.261378 -0.482618 0.835919
vn 0.261378 -0.396989 0.879819
vn 0.261378 -0.396989 0.879819
vn 0.162503 0.267240 -0.949829
vn 0.162503 0.267241 -0.949829
vn 0.129087 -0.726919 -0.674482
vn 0.129087 -0.656150 -0.743508
vn 0.129087 -0.726919 -0.674482
vn 0.228686 0.444122 0.866290
vn 0.228686 0.528169 0.817766
vn 0.228686 0.528169 0.817765
vn 0.195715 0.980661 0.000000
vn 0.195715 0.975788 -0.097642
vn 0.195715 0.975788 -0.097642
vn 0.261378 -0.482618 0.835919
vn 0.162503 0.360485 -0.918500
vn 0.162503 0.360484 -0.918501
vn 0.162503 0.450146 -0.878044
vn 0.129087 -0.656149 -0.743508
vn 0.228686 0.355659 0.906206
vn 0.228686 0.444121 0.866291
vn 0.195715 0.980661 0.000000
vn 0.195715 0.975788 0.097642
vn 0.261378 -0.563451 0.783712
vn 0.261378 -0.563451 0.783712
vn 0.162503 0.450147 -0.878043
vn 0.129087 -0.578859 -0.805145
vn 0.129087 -0.578860 -0.805145
vn 0.228686 0.355660 0.906206
vn 0.195715 0.975788 0.097642
vn 0.261378 -0.638683 0.723716
vn 0.261378 -0.638683 0.723716
vn 0.261378 -0.707568 0.656528
vn 0.162503 0.535335 -0.828860
vn 0.162503 0.535335 -0.828860
vn 0.129087 -0.495817 -0.858779
vn 0.129087 -0.495817 -0.858780
vn 0.228686 0.263663 0.937115
vn 0.228686 0.263664 0.937115
vn 0.195715 0.961217 0.194314
vn 0.195715 0.961217 0.194314
vn 0.261378 -0.707568 0.656528
vn 0.162503 0.615202 -0.771439
vn 0.162503 0.615202 -0.771439
vn 0.162503 0.688956 -0.706352
vn 0.129087 -0.407846 -0.903880
vn 0.129087 -0.407846 -0.903879
vn 0.095505 -0.994192 -0.049618
vn 0.228686 0.169047 0.958711
vn 0.228686 0.072750 0.970778
vn 0.228686 0.169046 0.958711
vn 0.195715 0.937093 0.289055
vn 0.195715 0.937093 0.289055
vn 0.261378 -0.769421 0.582814
vn 0.261378 -0.769421 0.582814
vn 0.162503 0.688956 -0.706352
vn 0.129087 -0.315822 -0.939996
vn 0.129087 -0.315822 -0.939996
vn 0.095505 -0.984311 -0.148361
vn 0.095505 -0.984311 -0.148361
vn 0.228686 0.072750 0.970778
vn 0.228686 -0.024269 0.973198
vn 0.195715 0.903656 0.380923
vn 0.195715 0.903656 0.380923
vn 0.261378 -0.869648 0.418800
vn 0.261378 -0.823628 0.503308
vn 0.261378 -0.823628 0.503308
vn 0.162503 0.755862 -0.634244
vn 0.162503 0.755862 -0.634244
vn 0.129087 -0.220659 -0.966771
vn 0.129087 -0.220659 -0.966771
vn 0.095505 -0.964647 -0.245630
vn 0.095505 -0.935397 -0.340457
vn 0.095505 -0.964648 -0.245630
vn 0.228686 -0.024270 0.973198
vn 0.228686 -0.121049 0.965945
vn 0.195715 0.861238 0.469005
vn 0.195715 0.810260 0.552426
vn 0.195715 0.861237 0.469005
vn 0.261378 -0.907026 0.330130
vn 0.261378 -0.869648 0.418801
vn 0.162503 0.815257 -0.555832
vn 0.162503 0.866548 -0.471897
vn 0.162503 0.815256 -0.555832
vn 0.129087 -0.123303 -0.983937
vn 0.129087 -0.123304 -0.983937
vn 0.095505 -0.935398 -0.340456
vn 0.228686 -0.121049 0.965945
vn 0.195715 0.810260 0.552425
vn 0.261378 -0.907026 0.330130
vn 0.162503 0.866548 -0.471897
vn 0.129087 -0.024722 -0.991325
vn 0.129087 -0.024722 -0.991325
vn 0.095505 -0.896851 -0.431900
vn 0.095505 -0.849391 -0.519052
vn 0.095505 -0.896850 -0.431901
vn 0.228686 -0.216624 0.949093
vn 0.228686 -0.310047 0.922808
vn 0.228686 -0.216624 0.949093
vn 0.195715 0.684733 0.702023
vn 0.195715 0.751230 0.630356
vn 0.195715 0.751230 0.630357
vn 0.261378 -0.935389 0.238180
vn 0.261378 -0.935389 0.238179
vn 0.261378 -0.954456 0.143861
vn 0.162503 0.909228 -0.383272
vn 0.162503 0.909228 -0.383272
vn 0.129087 0.172196 -0.976568
vn 0.129087 0.074105 -0.988860
vn 0.129087 0.074105 -0.988860
vn 0.095505 -0.849390 -0.519052
vn 0.228686 -0.310047 0.922808
vn 0.195715 0.684733 0.702023
vn 0.261378 -0.964037 0.048113
vn 0.261378 -0.954456 0.143860
vn 0.261378 -0.964037 0.048112
vn 0.162503 0.942872 -0.290837
vn 0.162503 0.942871 -0.290837
vn 0.162503 0.967144 -0.195513
vn 0.129087 0.172195 -0.976568
vn 0.095505 -0.793489 -0.601044
vn 0.095505 -0.793489 -0.601045
vn 0.095505 -0.729701 -0.677063
vn 0.228686 -0.400388 0.887351
vn 0.228686 -0.400388 0.887351
vn 0.195715 0.532054 0.823780
vn 0.195715 0.611432 0.766711
vn 0.195715 0.611432 0.766711
vn 0.162503 0.967144 -0.195513
vn 0.129087 0.268574 -0.954570
vn 0.129087 0.268575 -0.954570
vn 0.095505 -0.729701 -0.677064
vn 0.228686 -0.486750 0.843076
vn 0.228686 -0.486750 0.843076
vn 0.195715 0.532054 0.823780
vn 0.162503 0.981805 -0.098244
vn 0.162503 0.981805 -0.098244
vn 0.129087 0.362284 -0.923086
vn 0.129087 0.362284 -0.923085
vn 0.095505 -0.581075 -0.808227
vn 0.095505 -0.658661 -0.746354
vn 0.095505 -0.658661 -0.746354
vn 0.228686 -0.568274 0.790422
vn 0.228686 -0.568275 0.790422
vn 0.228686 -0.644151 0.729912
vn 0.195715 0.447388 0.872663
vn 0.195715 0.447388 0.872663
vn 0.195715 0.358276 0.912871
vn 0.162503 0.986708 0.000000
vn 0.162503 0.986708 0.000000
vn 0.129087 0.452393 -0.882427
vn 0.129087 0.538007 -0.832998
vn 0.129087 0.452394 -0.882426
vn 0.095505 -0.581075 -0.808227
vn 0.228686 -0.644151 0.729912
vn 0.228686 -0.713626 0.662148
vn 0.195715 0.358276 0.912871
vn 0.162503 0.981805 0.098244
vn 0.162503 0.981805 0.098244
vn 0.129087 0.538007 -0.832997
vn 0.095505 -0.497714 -0.862067
vn 0.095505 -0.497714 -0.862067
vn 0.228686 -0.776009 0.587804
vn 0.228686 -0.713626 0.662148
vn 0.195715 0.265602 0.944008
vn 0.195715 0.265603 0.944008
vn 0.162503 0.967144 0.195513
vn 0.162503 0.967144 0.195513
vn 0.062476 -0.996806 -0.049748
vn 0.062477 -0.986899 -0.148751
vn 0.062477 -0.996806 -0.049749
vn 0.129087 0.692395 -0.709878
vn 0.129087 0.618273 -0.775290
vn 0.129087 0.618273 -0.775290
vn 0.095505 -0.409407 -0.907339
vn 0.095505 -0.409407 -0.907339
vn 0.095505 -0.317031 -0.943594
vn 0.228686 -0.776009 0.587804
vn 0.195715 0.170290 0.965762
vn 0.195715 0.170290 0.965762
vn 0.195715 0.073285 0.977919
vn 0.162503 0.942871 0.290837
vn 0.162503 0.909228 0.383272
vn 0.162503 0.942872 0.290837
vn 0.062476 -0.986899 -0.148752
vn 0.129087 0.759635 -0.637410
vn 0.129087 0.692395 -0.709877
vn 0.095505 -0.317031 -0.943594
vn 0.228686 -0.830679 0.507618
vn 0.228686 -0.830679 0.507617
vn 0.195715 0.073285 0.977919
vn 0.162503 0.909228 0.383272
vn 0.062476 -0.967184 -0.246275
vn 0.062476 -0.967184 -0.246275
vn 0.129087 0.759635 -0.637409
vn 0.095505 -0.221504 -0.970471
vn 0.095505 -0.221504 -0.970471
vn 0.228686 -0.914791 0.332956
vn 0.228686 -0.877094 0.422385
vn 0.228686 -0.877093 0.422386
vn 0.195715 -0.121939 0.973050
vn 0.195715 -0.024448 0.980356
vn 0.195715 -0.024448 0.980356
vn 0.162503 0.866548 0.471897
vn 0.162503 0.866548 0.471897
vn 0.062476 -0.937857 -0.341352
vn 0.062476 -0.937857 -0.341351
vn 0.129087 0.819326 -0.558607
vn 0.129087 0.819326 -0.558607
vn 0.095505 -0.123775 -0.987704
vn 0.095505 -0.024817 -0.995120
vn 0.095505 -0.123775 -0.987704
vn 0.228686 -0.914791 0.332957
vn 0.195715 -0.121939 0.973050
vn 0.162503 0.815257 0.555832
vn 0.162503 0.755862 0.634244
vn 0.162503 0.815256 0.555832
vn 0.062476 -0.899209 -0.433036
vn 0.062476 -0.899209 -0.433037
vn 0.129087 0.870874 -0.474253
vn 0.129087 0.913767 -0.385185
vn 0.129087 0.870873 -0.474253
vn 0.095505 -0.024816 -0.995120
vn 0.228686 -0.943397 0.240219
vn 0.228686 -0.943397 0.240218
vn 0.195715 -0.218217 0.956074
vn 0.195715 -0.312327 0.929595
vn 0.195715 -0.218218 0.956074
vn 0.162503 0.755862 0.634244
vn 0.062476 -0.851624 -0.520416
vn 0.062476 -0.851624 -0.520417
vn 0.129087 0.913766 -0.385185
vn 0.095505 0.074389 -0.992645
vn 0.095505 0.172854 -0.980306
vn 0.095505 0.074388 -0.992646
vn 0.228686 -0.972290 0.048525
vn 0.228686 -0.962627 0.145093
vn 0.228686 -0.972290 0.048526
vn 0.228686 -0.962627 0.145092
vn 0.195715 -0.312327 0.929595
vn 0.162503 0.688956 0.706352
vn 0.162503 0.688956 0.706352
vn 0.062476 -0.795575 -0.602625
vn 0.062476 -0.795575 -0.602625
vn 0.062476 -0.731620 -0.678844
vn 0.129087 0.947578 -0.292289
vn 0.129087 0.947578 -0.292289
vn 0.095505 0.172854 -0.980306
vn 0.095505 0.269603 -0.958224
vn 0.195715 -0.403333 0.893878
vn 0.195715 -0.403333 0.893878
vn 0.162503 0.615202 0.771439
vn 0.162503 0.615202 0.771439
vn 0.162503 0.535335 0.828860
vn 0.062476 -0.731620 -0.678844
vn 0.129087 0.971972 -0.196489
vn 0.129087 0.971972 -0.196488
vn 0.095505 0.269603 -0.958224
vn 0.095505 0.363671 -0.926619
vn 0.195715 -0.490330 0.849277
vn 0.195715 -0.490331 0.849277
vn 0.195715 -0.572454 0.796236
vn 0.162503 0.535335 0.828860
vn 0.062476 -0.660393 -0.748317
vn 0.062476 -0.660393 -0.748317
vn 0.062476 -0.582603 -0.810352
vn 0.129087 0.986705 -0.098735
vn 0.129087 0.986706 -0.098735
vn 0.095505 0.363671 -0.926619
vn 0.195715 -0.572455 0.796236
vn 0.162503 0.450146 0.878044
vn 0.162503 0.450147 0.878043
vn 0.062476 -0.499023 -0.864334
vn 0.062476 -0.582604 -0.810352
vn 0.129087 0.986706 0.098735
vn 0.129087 0.991633 0.000000
vn 0.129087 0.991633 0.000000
vn 0.095505 0.454125 -0.885804
vn 0.095505 0.454125 -0.885804
vn 0.195715 -0.648889 0.735281
vn 0.195715 -0.718875 0.667019
vn 0.195715 -0.648889 0.735281
vn 0.162503 0.267241 0.949829
vn 0.162503 0.360485 0.918500
vn 0.162503 0.360484 0.918501
vn 0.062476 -0.499023 -0.864334
vn 0.129087 0.986705 0.098735
vn 0.095505 0.540066 -0.836186
vn 0.095505 0.540067 -0.836186
vn 0.095505 0.620640 -0.778258
vn 0.195715 -0.718875 0.667019
vn 0.162503 0.267240 0.949829
vn 0.062476 -0.410484 -0.909725
vn 0.062476 -0.410483 -0.909725
vn 0.129087 0.971972 0.196489
vn 0.129087 0.971972 0.196488
vn 0.129087 0.947578 0.292289
vn 0.095505 0.620640 -0.778258
vn 0.195715 -0.781717 0.592127
vn 0.195715 -0.836789 0.511351
vn 0.195715 -0.781716 0.592128
vn 0.162503 0.171340 0.971718
vn 0.162503 0.171340 0.971718
vn 0.162503 0.073737 0.983949
vn 0.062476 -0.317865 -0.946075
vn 0.062476 -0.317865 -0.946075
vn 0.129087 0.947578 0.292289
vn 0.095505 0.695045 -0.712595
vn 0.095505 0.695045 -0.712595
vn 0.095505 0.762543 -0.639849
vn 0.195715 -0.836789 0.511351
vn 0.195715 -0.883545 0.425492
vn 0.162503 0.073737 0.983949
vn 0.062476 -0.124101 -0.990301
vn 0.062476 -0.222086 -0.973023
vn 0.062476 -0.222087 -0.973023
vn 0.129087 0.913767 0.385185
vn 0.129087 0.913766 0.385185
vn 0.095505 0.762543 -0.639849
vn 0.195715 -0.883545 0.425493
vn 0.162503 -0.024599 0.986401
vn 0.162503 -0.024599 0.986401
vn 0.062476 -0.124101 -0.990301
vn 0.129087 0.870873 0.474253
vn 0.129087 0.819326 0.558607
vn 0.129087 0.870874 0.474253
vn 0.095505 0.874207 -0.476068
vn 0.095505 0.822462 -0.560745
vn 0.095505 0.822462 -0.560745
vn 0.195715 -0.921520 0.335406
vn 0.195715 -0.950336 0.241985
vn 0.195715 -0.921520 0.335405
vn 0.162503 -0.122691 0.979050
vn 0.162503 -0.219563 0.961969
vn 0.162503 -0.122691 0.979050
vn 0.062476 -0.024882 -0.997736
vn 0.062476 -0.024882 -0.997736
vn 0.129087 0.819326 0.558607
vn 0.095505 0.874207 -0.476068
vn 0.095505 0.917264 -0.386659
vn 0.195715 -0.950336 0.241986
vn 0.162503 -0.219563 0.961969
vn 0.162503 -0.314253 0.935328
vn 0.062476 0.074584 -0.995256
vn 0.062476 0.074584 -0.995256
vn 0.129087 0.759635 0.637410
vn 0.129087 0.759635 0.637409
vn 0.095505 0.917264 -0.386659
vn 0.195715 -0.979442 0.048882
vn 0.195715 -0.979442 0.048882
vn 0.195715 -0.969708 0.146160
vn 0.195715 -0.969708 0.146160
vn 0.162503 -0.314254 0.935327
vn 0.062476 0.173309 -0.982884
vn 0.062476 0.173309 -0.982884
vn 0.129087 0.692395 0.709878
vn 0.129087 0.692395 0.709877
vn 0.095505 0.951205 -0.293408
vn 0.095505 0.951205 -0.293408
vn 0.162503 -0.405820 0.899390
vn 0.162503 -0.405820 0.899390
vn 0.062476 0.364627 -0.929055
vn 0.062476 0.270311 -0.960744
vn 0.062477 0.270312 -0.960743
vn 0.129087 0.618273 0.775290
vn 0.129087 0.618273 0.775290
vn 0.095505 0.975692 -0.197240
vn 0.095505 0.975692 -0.197240
vn 0.162503 -0.493354 0.854514
vn 0.162503 -0.575985 0.801146
vn 0.162503 -0.493354 0.854514
vn 0.062476 0.364627 -0.929055
vn 0.062476 0.455320 -0.888133
vn 0.129087 0.538007 0.832997
vn 0.129087 0.538007 0.832998
vn 0.095505 0.990482 -0.099113
vn 0.095505 0.990482 -0.099113
vn 0.095505 0.995429 0.000000
vn 0.162503 -0.575984 0.801146
vn 0.062476 0.455319 -0.888133
vn 0.129087 0.452393 0.882427
vn 0.129087 0.452394 0.882426
vn 0.095505 0.995429 0.000000
vn 0.162503 -0.652891 0.739815
vn 0.162503 -0.652891 0.739815
vn 0.162503 -0.723308 0.671132
vn 0.062476 0.541486 -0.838385
vn 0.062476 0.541487 -0.838385
vn 0.062476 0.622272 -0.780304
vn 0.129087 0.362284 0.923086
vn 0.129087 0.362284 0.923085
vn 0.095505 0.975692 0.197240
vn 0.095505 0.990482 0.099113
vn 0.095505 0.990482 0.099113
vn 0.162503 -0.723308 0.671132
vn 0.062476 0.622272 -0.780304
vn 0.129087 0.268575 0.954570
vn 0.129087 0.268574 0.954570
vn 0.095505 0.975692 0.197240
vn 0.162503 -0.786537 0.595779
vn 0.162503 -0.786537 0.595779
vn 0.162503 -0.841949 0.514504
vn 0.062476 0.696873 -0.714468
vn 0.062476 0.764548 -0.641532
vn 0.062476 0.696873 -0.714468
vn 0.129087 0.172196 0.976568
vn 0.129087 0.172195 0.976568
vn 0.095505 0.917264 0.386659
vn 0.095505 0.951205 0.293408
vn 0.095505 0.951205 0.293408
vn 0.162503 -0.888993 0.428117
vn 0.162503 -0.841949 0.514504
vn 0.062476 0.764548 -0.641532
vn 0.129087 0.074105 0.988860
vn 0.129087 0.074105 0.988860
vn 0.095505 0.917264 0.386659
vn 0.162503 -0.888993 0.428117
vn 0.062476 0.824625 -0.562220
vn 0.062476 0.824625 -0.562219
vn 0.129087 -0.024722 0.991325
vn 0.129087 -0.024722 0.991325
vn 0.095505 0.874207 0.476068
vn 0.095505 0.874207 0.476068
vn 0.162503 -0.927202 0.337474
vn 0.162503 -0.927202 0.337474
vn 0.162503 -0.956196 0.243478
vn 0.062476 0.876506 -0.477320
vn 0.062476 0.876506 -0.477320
vn 0.129087 -0.123303 0.983937
vn 0.129087 -0.123304 0.983937
vn 0.095505 0.762543 0.639849
vn 0.095505 0.822462 0.560745
vn 0.095505 0.822462 0.560745
vn 0.162503 -0.975687 0.147061
vn 0.162503 -0.956196 0.243477
vn 0.062476 0.919676 -0.387676
vn 0.062476 0.919676 -0.387676
vn 0.129087 -0.315822 0.939996
vn 0.129087 -0.220659 0.966771
vn 0.129087 -0.220659 0.966771
vn 0.095505 0.762543 0.639849
vn 0.162503 -0.985481 0.049183
vn 0.162503 -0.975687 0.147061
vn 0.162503 -0.985481 0.049183
vn 0.062476 0.953706 -0.294179
vn 0.062476 0.953706 -0.294179
vn 0.129087 -0.315822 0.939996
vn 0.095505 0.695045 0.712595
vn 0.095505 0.695045 0.712595
vn 0.062476 0.978258 -0.197758
vn 0.062476 0.978258 -0.197759
vn 0.129087 -0.407846 0.903880
vn 0.129087 -0.407846 0.903879
vn 0.095505 0.620640 0.778258
vn 0.095505 0.540067 0.836186
vn 0.095505 0.620640 0.778258
vn 0.062476 0.993087 -0.099373
vn 0.062476 0.993087 -0.099373
vn 0.062476 0.998046 0.000000
vn 0.129087 -0.495817 0.858779
vn 0.129087 -0.495817 0.858780
vn 0.095505 0.540066 0.836186
vn 0.062476 0.998046 0.000000
vn 0.062476 0.993087 0.099373
vn 0.129087 -0.578860 0.805145
vn 0.129087 -0.578859 0.805145
vn 0.095505 0.454125 0.885804
vn 0.095505 0.454125 0.885804
vn 0.062476 0.993087 0.099373
vn 0.129087 -0.656150 0.743508
vn 0.129087 -0.726919 0.674482
vn 0.129087 -0.656149 0.743508
vn 0.095505 0.363671 0.926619
vn 0.095505 0.363671 0.926619
vn 0.062476 0.978258 0.197758
vn 0.062476 0.978258 0.197759
vn 0.129087 -0.726919 0.674482
vn 0.095505 0.269603 0.958224
vn 0.095505 0.269603 0.958224
vn 0.095505 0.172854 0.980306
vn 0.062476 0.953706 0.294179
vn 0.062476 0.953706 0.294179
vn 0.129087 -0.790463 0.598753
vn 0.129087 -0.790463 0.598753
vn 0.129087 -0.846151 0.517073
vn 0.095505 0.172854 0.980306
vn 0.062476 0.919676 0.387676
vn 0.062476 0.919676 0.387676
vn 0.129087 -0.846152 0.517072
vn 0.095505 0.074389 0.992646
vn 0.095505 0.074388 0.992646
vn 0.062476 0.876506 0.477320
vn 0.062476 0.876506 0.477320
vn 0.129087 -0.893431 0.430253
vn 0.129087 -0.893431 0.430253
vn 0.095505 -0.123775 0.987704
vn 0.095505 -0.024817 0.995120
vn 0.095505 -0.024816 0.995120
vn 0.062476 0.824625 0.562220
vn 0.062476 0.824625 0.562219
vn 0.062476 0.764548 0.641532
vn 0.129087 -0.931830 0.339159
vn 0.129087 -0.931830 0.339159
vn 0.095505 -0.123775 0.987704
vn 0.062476 0.696873 0.714468
vn 0.062476 0.764548 0.641532
vn 0.129087 -0.960969 0.244693
vn 0.129087 -0.960969 0.244693
vn 0.095505 -0.221504 0.970471
vn 0.095505 -0.221504 0.970471
vn 0.062476 0.696873 0.714468
vn 0.129087 -0.990401 0.049429
vn 0.095505 -0.994192 0.049618
vn 0.129087 -0.980558 0.147795
vn 0.129087 -0.980558 0.147795
vn 0.129087 -0.990401 0.049429
vn 0.095505 -0.317031 0.943594
vn 0.095505 -0.317031 0.943594
vn 0.062476 0.622272 0.780304
vn 0.062476 0.622272 0.780304
vn 0.095505 -0.497714 0.862067
vn 0.095505 -0.409407 0.907339
vn 0.095505 -0.409407 0.907339
vn 0.062476 0.541486 0.838385
vn 0.062476 0.541487 0.838385
vn 0.095505 -0.497714 0.862067
vn 0.062476 0.455320 0.888133
vn 0.062476 0.455319 0.888133
vn 0.095505 -0.581075 0.808227
vn 0.095505 -0.581075 0.808227
vn 0.062476 0.364627 0.929055
vn 0.062476 0.364627 0.929055
vn 0.062477 0.270312 0.960743
vn 0.095505 -0.658661 0.746354
vn 0.095505 -0.658661 0.746354
vn 0.062476 0.270311 0.960744
vn 0.095505 -0.729701 0.677064
vn 0.095505 -0.729701 0.677063
vn 0.062476 0.173309 0.982884
vn 0.062476 0.173309 0.982884
vn 0.062476 0.074584 0.995256
vn 0.095505 -0.793489 0.601045
vn 0.095505 -0.793489 0.601044
vn 0.062476 0.074584 0.995256
vn 0.095505 -0.849391 0.519052
vn 0.095505 -0.849390 0.519052
vn 0.062476 -0.024882 0.997736
vn 0.062476 -0.124101 0.990301
vn 0.062476 -0.024882 0.997736
vn 0.095505 -0.896851 0.431900
vn 0.095505 -0.896850 0.431901
vn 0.062476 -0.124101 0.990301
vn 0.095505 -0.964647 0.245630
vn 0.095505 -0.935397 0.340457
vn 0.095505 -0.935398 0.340456
vn 0.062476 -0.222087 0.973023
vn 0.062476 -0.317865 0.946075
vn 0.062476 -0.222086 0.973023
vn 0.095505 -0.964648 0.245630
vn 0.095505 -0.984311 0.148361
vn 0.062476 -0.410484 0.909725
vn 0.062476 -0.317865 0.946075
vn 0.095505 -0.984311 0.148361
vn 0.095505 -0.994192 0.049618
vn 0.062476 -0.410483 0.909725
vn 0.062476 -0.499023 0.864334
vn 0.062476 -0.499023 0.864334
vn 0.062476 -0.582603 0.810352
vn 0.062476 -0.582604 0.810352
vn 0.062476 -0.660393 0.748317
vn 0.062476 -0.660393 0.748317
vn 0.062476 -0.731620 0.678844
vn 0.062476 -0.731620 0.678844
vn 0.062476 -0.795575 0.602625
vn 0.062476 -0.795575 0.602625
vn 0.062476 -0.851624 0.520416
vn 0.062476 -0.851624 0.520417
vn 0.062476 -0.899209 0.433036
vn 0.062476 -0.937857 0.341351
vn 0.062476 -0.899209 0.433037
vn 0.062476 -0.937857 0.341352
vn 0.062476 -0.967184 0.246275
vn 0.062476 -0.967184 0.246275
vn 0.062477 -0.996806 0.049749
vn 0.062476 -0.996806 0.049748
vn 0.062477 -0.986899 0.148751
vn 0.062476 -0.986899 0.148752
vn 0.308427 -0.950065 -0.047416
vn 0.312869 -0.937687 0.151181
vn 0.308688 -0.943782 -0.118271
vn 0.307968 -0.940770 -0.141798
vn 0.308688 -0.936713 -0.165167
vn 0.307968 -0.921977 -0.234764
vn 0.308688 -0.927316 -0.211654
vn 0.308688 -0.915613 -0.257613
vn 0.307968 -0.894020 -0.325397
vn 0.308688 -0.901634 -0.302932
vn 0.308688 -0.885413 -0.347499
vn 0.307968 -0.857179 -0.412796
vn 0.308688 -0.866991 -0.391201
vn 0.308688 -0.846413 -0.433931
vn 0.313176 -0.679855 -0.663112
vn 0.310210 -0.757808 -0.574018
vn 0.305599 -0.697983 -0.647633
vn 0.305599 -0.630031 -0.713912
vn 0.312115 -0.663356 -0.680105
vn 0.313176 -0.645957 -0.696176
vn 0.307100 -0.664496 -0.681275
vn 0.312793 -0.610533 -0.727606
vn 0.312267 -0.616672 -0.722638
vn 0.312793 -0.573506 -0.757133
vn 0.306561 -0.617877 -0.724050
vn 0.312267 -0.567297 -0.762012
vn 0.306561 -0.568406 -0.763502
vn 0.305599 -0.555817 -0.773095
vn 0.313176 -0.534982 -0.784675
vn 0.307100 -0.516329 -0.799433
vn 0.312115 -0.515443 -0.798062
vn 0.305599 -0.476080 -0.824595
vn 0.313176 -0.495205 -0.810366
vn 0.312793 -0.412112 -0.855760
vn 0.306561 -0.462159 -0.832124
vn 0.312267 -0.461257 -0.830500
vn 0.312793 -0.454256 -0.834153
vn 0.306561 -0.405851 -0.860991
vn 0.313176 -0.368895 -0.875122
vn 0.305599 -0.391611 -0.867900
vn 0.312268 -0.405059 -0.859311
vn 0.313176 -0.324815 -0.892422
vn 0.312115 -0.347089 -0.884372
vn 0.307100 -0.347686 -0.885892
vn 0.305599 -0.303251 -0.902579
vn 0.312267 -0.287551 -0.905430
vn 0.312793 -0.279964 -0.907623
vn 0.312793 -0.234376 -0.920450
vn 0.306561 -0.288114 -0.907199
vn 0.305599 -0.211875 -0.928288
vn 0.313176 -0.188179 -0.930865
vn 0.312268 -0.226759 -0.922534
vn 0.306561 -0.227202 -0.924337
vn 0.312115 -0.164973 -0.935611
vn 0.313176 -0.141544 -0.939088
vn 0.307100 -0.165256 -0.937219
vn 0.305599 -0.118396 -0.944771
vn 0.312793 -0.094572 -0.945101
vn 0.312793 -0.047344 -0.948641
vn 0.312267 -0.102442 -0.944455
vn 0.306561 -0.102642 -0.946301
vn 0.305599 -0.023738 -0.951864
vn 0.313176 0.000000 -0.949695
vn 0.306561 -0.039545 -0.951029
vn 0.312268 -0.039467 -0.949174
vn 0.312115 0.023685 -0.949749
vn 0.307100 0.023726 -0.951381
vn 0.305599 0.071155 -0.949498
vn 0.306561 0.086900 -0.947876
vn 0.305599 0.165340 -0.937695
vn 0.306561 0.149683 -0.940008
vn 0.305599 0.257884 -0.916573
vn 0.307100 0.211768 -0.927817
vn 0.306561 0.272994 -0.911863
vn 0.306561 0.332974 -0.891711
vn 0.305599 0.347863 -0.886341
vn 0.307100 0.391413 -0.867459
vn 0.305599 0.434386 -0.847301
vn 0.306561 0.448263 -0.839691
vn 0.305599 0.347863 0.886341
vn 0.307100 0.391413 0.867459
vn 0.306561 0.332974 0.891711
vn 0.305599 0.257884 0.916573
vn 0.306561 0.272994 0.911863
vn 0.307100 0.211768 0.927817
vn 0.305599 0.165340 0.937695
vn 0.306561 0.149683 0.940008
vn 0.305599 0.071155 0.949498
vn 0.306561 0.086900 0.947876
vn 0.305599 -0.023738 0.951864
vn 0.307100 0.023726 0.951381
vn 0.312793 -0.094572 0.945101
vn 0.312268 -0.039467 0.949174
vn 0.306561 -0.039545 0.951029
vn 0.312793 -0.047344 0.948641
vn 0.305599 -0.118396 0.944771
vn 0.312267 -0.102442 0.944455
vn 0.306561 -0.102642 0.946301
vn 0.313176 -0.141544 0.939088
vn 0.312115 -0.164973 0.935611
vn 0.305599 -0.211875 0.928288
vn 0.313176 -0.188179 0.930865
vn 0.307100 -0.165256 0.937219
vn 0.312268 -0.226759 0.922534
vn 0.312793 -0.234376 0.920450
vn 0.312793 -0.279964 0.907623
vn 0.306561 -0.227202 0.924337
vn 0.305599 -0.303251 0.902579
vn 0.313176 -0.324815 0.892422
vn 0.306561 -0.288114 0.907199
vn 0.312267 -0.287551 0.905430
vn 0.313176 -0.368895 0.875122
vn 0.307100 -0.347686 0.885892
vn 0.305599 -0.391611 0.867900
vn 0.312115 -0.347089 0.884372
vn 0.312793 -0.412112 0.855760
vn 0.312268 -0.405059 0.859311
vn 0.312793 -0.454256 0.834153
vn 0.306561 -0.405851 0.860991
vn 0.313176 -0.495205 0.810366
vn 0.305599 -0.476080 0.824595
vn 0.312267 -0.461257 0.830500
vn 0.306561 -0.462159 0.832124
vn 0.313176 -0.534982 0.784675
vn 0.312115 -0.515443 0.798062
vn 0.307100 -0.516329 0.799433
vn 0.305599 -0.555817 0.773095
vn 0.312793 -0.573506 0.757133
vn 0.306561 -0.568406 0.763502
vn 0.312267 -0.567297 0.762012
vn 0.312793 -0.610533 0.727606
vn 0.312267 -0.616672 0.722638
vn 0.313176 -0.645957 0.696176
vn 0.305599 -0.630031 0.713912
vn 0.306561 -0.617877 0.724050
vn 0.312115 -0.663356 0.680105
vn 0.305599 -0.697983 0.647633
vn 0.310210 -0.757808 0.574018
vn 0.307100 -0.664496 0.681275
vn 0.313176 -0.679855 0.663112
vn 0.308688 -0.846413 0.433931
vn 0.307968 -0.857179 0.412796
vn 0.308688 -0.866991 0.391201
vn 0.307968 -0.894020 0.325397
vn 0.308688 -0.885413 0.347499
vn 0.308688 -0.901634 0.302932
vn 0.307968 -0.921977 0.234764
vn 0.308688 -0.915613 0.257613
vn 0.308688 -0.927316 0.211654
vn 0.307968 -0.940770 0.141798
vn 0.308688 -0.936713 0.165167
vn 0.312869 -0.937687 -0.151181
vn 0.308427 -0.950065 0.047416
vn 0.308688 -0.943782 0.118271
vn 0.050351 -0.987576 -0.148854
vn 0.002743 -0.998753 -0.049845
vn 0.034752 -0.998682 -0.037775
vn 0.065554 -0.992592 -0.102296
vn 0.050351 -0.967848 -0.246444
vn 0.038510 -0.979445 -0.198000
vn 0.044620 -0.991251 -0.124221
vn 0.042453 -0.963972 -0.262594
vn 0.044634 -0.979196 -0.197949
vn 0.032718 -0.984281 -0.173554
vn 0.042647 -0.963964 -0.262592
vn 0.032719 -0.974406 -0.222401
vn 0.028216 -0.998903 -0.037377
vn 0.042949 -0.997137 -0.062235
vn 0.013167 -0.997971 -0.062287
vn 0.019610 -0.996003 -0.087140
vn 0.019611 -0.993521 -0.111942
vn 0.013170 -0.994945 -0.099558
vn 0.014243 -0.991071 -0.132573
vn 0.017462 -0.986745 -0.161335
vn 0.017462 -0.990461 -0.136682
vn 0.019609 -0.982378 -0.185875
vn 0.014242 -0.986117 -0.165442
vn 0.013168 -0.980088 -0.198128
vn 0.019610 -0.977438 -0.210311
vn 0.014243 -0.972947 -0.230591
vn 0.017463 -0.971930 -0.234619
vn 0.017462 -0.964694 -0.262793
vn 0.051737 -0.954293 -0.294360
vn 0.037154 0.852701 -0.521076
vn 0.041368 0.877470 -0.477845
vn 0.041368 0.877470 -0.477844
vn 0.037154 0.900347 -0.433585
vn 0.041368 0.920688 -0.388102
vn 0.041368 0.920687 -0.388102
vn 0.037154 0.939044 -0.341784
vn 0.041368 0.954755 -0.294503
vn 0.041368 0.954755 -0.294503
vn 0.037154 0.968408 -0.246588
vn 0.041368 0.979334 -0.197976
vn 0.041368 0.979333 -0.197977
vn 0.037154 0.988148 -0.148938
vn 0.041368 0.994179 -0.099483
vn 0.041368 0.994179 -0.099483
vn 0.037154 0.998067 -0.049811
vn 0.041368 0.999144 0.000000
vn 0.041368 0.999144 0.000000
vn 0.037154 0.998067 0.049811
vn 0.041368 0.994179 0.099483
vn 0.041368 0.994179 0.099483
vn 0.037154 0.988148 0.148938
vn 0.041368 0.979334 0.197976
vn 0.041368 0.979333 0.197977
vn 0.037154 0.968408 0.246588
vn 0.041368 0.954755 0.294503
vn 0.041368 0.954755 0.294503
vn 0.037154 0.939044 0.341784
vn 0.041368 0.920688 0.388102
vn 0.041368 0.920687 0.388102
vn 0.037154 0.900347 0.433585
vn 0.041368 0.877470 0.477845
vn 0.041368 0.877470 0.477844
vn 0.037154 0.852701 0.521076
vn 0.042453 -0.963972 0.262594
vn 0.050351 -0.967848 0.246444
vn 0.002743 -0.998753 0.049845
vn 0.050351 -0.987576 0.148854
vn 0.038510 -0.979445 0.198000
vn 0.042647 -0.963964 0.262592
vn 0.032719 -0.974406 0.222401
vn 0.044634 -0.979196 0.197949
vn 0.032718 -0.984281 0.173554
vn 0.034752 -0.998682 0.037775
vn 0.065554 -0.992592 0.102296
vn 0.044620 -0.991251 0.124221
vn 0.051737 -0.954293 0.294360
vn 0.017462 -0.964694 0.262793
vn 0.017463 -0.971930 0.234619
vn 0.019610 -0.977438 0.210311
vn 0.014243 -0.972947 0.230591
vn 0.019609 -0.982378 0.185875
vn 0.013168 -0.980088 0.198128
vn 0.017462 -0.990461 0.136682
vn 0.017462 -0.986745 0.161335
vn 0.014242 -0.986117 0.165442
vn 0.019611 -0.993521 0.111942
vn 0.014243 -0.991071 0.132573
vn 0.042949 -0.997137 0.062235
vn 0.019610 -0.996003 0.087140
vn 0.013167 -0.997971 0.062287
vn 0.013170 -0.994945 0.099558
vn 0.028216 -0.998903 0.037377
vn 0.000000 -0.099567 0.995031
vn 0.317999 -0.942129 -0.106153
vn 0.317794 -0.940801 -0.117898
vn 0.317999 -0.939190 -0.129608
vn 0.317794 -0.933755 -0.164646
vn 0.317999 -0.935667 -0.152982
vn 0.317999 -0.931562 -0.176262
vn 0.317999 -0.926879 -0.199429
vn 0.317794 -0.924387 -0.210986
vn 0.317999 -0.921618 -0.222479
vn 0.317999 -0.915785 -0.245384
vn 0.317794 -0.912722 -0.256800
vn 0.317999 -0.909383 -0.268139
vn 0.317999 -0.902417 -0.290724
vn 0.317794 -0.898787 -0.301976
vn 0.317999 -0.894887 -0.313136
vn 0.317999 -0.886803 -0.335347
vn 0.317794 -0.882617 -0.346402
vn 0.317999 -0.878167 -0.357350
vn 0.317999 -0.868983 -0.379137
vn 0.317794 -0.864253 -0.389966
vn 0.318000 -0.859262 -0.400680
vn 0.317999 -0.849006 -0.421977
vn 0.317794 -0.843741 -0.432560
vn 0.317999 -0.838222 -0.443013
vn 0.317999 -0.826916 -0.463774
vn 0.317794 -0.821130 -0.474080
vn 0.317999 -0.815098 -0.484244
vn 0.317999 -0.802771 -0.504415
vn 0.317794 -0.796479 -0.514421
vn 0.317999 -0.789947 -0.524270
vn 0.317999 -0.776630 -0.543803
vn 0.317794 -0.769847 -0.553482
vn 0.317999 -0.762831 -0.562997
vn 0.317794 -0.741301 -0.591168
vn 0.318000 -0.748559 -0.581839
vn 0.317999 -0.733821 -0.600320
vn 0.317794 -0.710912 -0.627384
vn 0.317999 -0.718625 -0.618429
vn 0.318000 -0.702986 -0.636151
vn 0.317026 -0.670632 -0.670632
vn 0.317824 -0.670593 -0.670293
vn 0.318923 -0.678485 -0.661775
vn 0.316904 -0.645115 -0.695268
vn 0.313991 -0.687873 -0.654400
vn 0.304871 -0.735842 -0.604640
vn 0.311655 -0.719755 -0.620342
vn 0.309693 -0.811340 -0.495799
vn 0.314250 -0.742225 -0.591904
vn 0.308167 -0.803689 -0.509035
vn 0.292404 -0.828176 -0.478147
vn 0.305977 -0.799737 -0.516526
vn 0.313219 -0.771082 -0.554370
vn 0.309086 -0.713067 -0.629286
vn 0.316679 -0.609705 -0.726618
vn 0.316953 -0.615664 -0.721456
vn 0.317105 -0.591311 -0.741483
vn 0.316679 -0.572728 -0.756106
vn 0.316953 -0.566371 -0.760766
vn 0.316953 -0.540770 -0.779172
vn 0.316679 -0.534327 -0.783715
vn 0.317105 -0.514546 -0.796673
vn 0.316679 -0.494599 -0.809374
vn 0.316953 -0.487807 -0.813379
vn 0.316904 -0.453604 -0.832956
vn 0.313417 0.086696 -0.945650
vn 0.310663 0.149473 -0.938694
vn 0.310663 0.149474 -0.938694
vn 0.312197 0.180497 -0.932713
vn 0.310663 0.211511 -0.926688
vn 0.310663 0.211509 -0.926689
vn 0.312196 0.242067 -0.918660
vn 0.310663 0.272613 -0.910588
vn 0.310547 0.515722 -0.798493
vn 0.302225 0.594333 -0.745271
vn 0.304571 0.612248 -0.729650
vn 0.304571 0.647858 -0.698224
vn 0.302225 0.665585 -0.682391
vn 0.304571 0.681856 -0.665063
vn 0.302225 0.730222 -0.612729
vn 0.304571 0.714159 -0.630249
vn 0.304571 0.744686 -0.593868
vn 0.304571 0.773363 -0.556009
vn 0.301461 0.791932 -0.531003
vn 0.303628 0.787232 -0.536726
vn 0.305941 0.799747 -0.516532
vn 0.305941 0.824500 -0.476025
vn 0.300687 0.837580 -0.456122
vn 0.303819 0.829019 -0.469491
vn 0.303789 0.829027 -0.469496
vn 0.300687 0.878833 -0.370459
vn 0.305438 0.857913 -0.413149
vn 0.309339 0.856778 -0.412603
vn 0.303628 0.910461 -0.280840
vn 0.303819 0.883948 -0.355430
vn 0.304415 0.952540 -0.000000
vn 0.302322 0.878357 0.370258
vn 0.304719 0.848752 0.432164
vn 0.300359 0.837671 0.456171
vn 0.308329 0.817529 0.486395
vn 0.308032 0.817248 0.487055
vn 0.305258 0.818015 0.487512
vn 0.301341 0.787832 0.537135
vn 0.304149 0.782608 0.543156
vn 0.303563 0.781757 0.544706
vn 0.305111 0.754317 0.581303
vn 0.302457 0.730165 0.612681
vn 0.303491 0.724798 0.618515
vn 0.305111 0.692690 0.653519
vn 0.302457 0.665533 0.682338
vn 0.303491 0.659612 0.687609
vn 0.302457 0.594287 0.745213
vn 0.305111 0.624179 0.719242
vn 0.303491 0.587871 0.749867
vn 0.302457 0.517135 0.800682
vn 0.313531 0.433208 0.845003
vn 0.305111 0.549463 0.777816
vn 0.304305 0.460844 0.833679
vn 0.310404 0.211529 0.926771
vn 0.317273 0.271986 0.908494
vn 0.312101 0.188247 0.931212
vn 0.311334 0.157236 0.937202
vn 0.310404 0.149487 0.938777
vn 0.312100 0.125963 0.941662
vn 0.314532 0.023665 0.948952
vn 0.313522 0.027718 0.949176
vn 0.310405 0.086786 0.946635
vn 0.311334 0.094619 0.945578
vn 0.316679 -0.494599 0.809374
vn 0.317105 -0.514546 0.796673
vn 0.316679 -0.534327 0.783715
vn 0.316953 -0.540770 0.779172
vn 0.316953 -0.566371 0.760766
vn 0.316679 -0.572728 0.756106
vn 0.317105 -0.591311 0.741483
vn 0.316679 -0.609705 0.726618
vn 0.316904 -0.645115 0.695268
vn 0.316953 -0.615664 0.721456
vn 0.318923 -0.678485 0.661775
vn 0.317824 -0.670593 0.670293
vn 0.313991 -0.687873 0.654401
vn 0.318000 -0.702986 0.636151
vn 0.317794 -0.710912 0.627384
vn 0.317999 -0.718625 0.618429
vn 0.317794 -0.741301 0.591168
vn 0.317999 -0.733821 0.600320
vn 0.318000 -0.748559 0.581839
vn 0.317794 -0.769847 0.553482
vn 0.317999 -0.762831 0.562997
vn 0.317999 -0.776630 0.543803
vn 0.317794 -0.796479 0.514421
vn 0.317999 -0.789947 0.524270
vn 0.317999 -0.802771 0.504415
vn 0.317999 -0.815098 0.484244
vn 0.317794 -0.821130 0.474080
vn 0.317999 -0.826916 0.463774
vn 0.317999 -0.838222 0.443013
vn 0.317794 -0.843741 0.432560
vn 0.317999 -0.849006 0.421977
vn 0.318000 -0.859262 0.400680
vn 0.317794 -0.864253 0.389966
vn 0.317999 -0.868983 0.379137
vn 0.311656 -0.719755 0.620342
vn 0.313219 -0.771082 0.554370
vn 0.305977 -0.799737 0.516526
vn 0.292404 -0.828176 0.478147
vn 0.308167 -0.803689 0.509035
vn 0.309693 -0.811340 0.495799
vn 0.309086 -0.713067 0.629286
vn 0.304871 -0.735842 0.604640
vn 0.314250 -0.742225 0.591904
vn 0.317999 -0.878167 0.357350
vn 0.317794 -0.882617 0.346402
vn 0.317999 -0.886803 0.335347
vn 0.317999 -0.894887 0.313136
vn 0.317794 -0.898787 0.301976
vn 0.317999 -0.902417 0.290724
vn 0.317999 -0.909383 0.268139
vn 0.317794 -0.912722 0.256800
vn 0.317999 -0.915785 0.245384
vn 0.317999 -0.921618 0.222479
vn 0.317794 -0.924387 0.210986
vn 0.317999 -0.926879 0.199429
vn 0.317794 -0.933755 0.164646
vn 0.317999 -0.931562 0.176262
vn 0.317999 -0.935667 0.152982
vn 0.317794 -0.940801 0.117898
vn 0.317999 -0.939190 0.129608
vn 0.000000 -0.099568 -0.995031
vn 0.317999 -0.942129 0.106153
vn 0.068638 -0.898844 -0.432861
vn -0.009094 -0.939654 -0.342006
vn 0.055587 -0.903521 -0.424924
vn 0.042361 -0.930366 -0.364178
vn -0.028794 -0.991828 -0.124293
vn 0.024193 -0.984520 -0.173596
vn 0.037436 -0.974245 -0.222364
vn 0.014714 -0.996735 -0.079394
vn -0.048208 -0.971961 -0.230149
vn 0.049578 -0.984898 -0.165888
vn 0.016387 -0.954457 -0.297898
vn -0.001954 -0.923477 -0.383648
vn 0.081840 -0.923112 -0.375722
vn 0.095863 -0.918262 -0.384195
vn 0.065889 -0.909526 -0.410393
vn 0.043554 -0.925994 -0.375019
vn 0.000512 -0.996042 -0.088878
vn 0.061129 -0.969344 -0.237981
vn 0.002074 -0.957977 -0.286838
vn 0.065943 -0.955036 -0.289062
vn 0.034451 -0.930622 -0.364356
vn 0.022375 -0.954266 -0.298122
vn -0.029298 -0.904122 -0.426270
vn 0.002876 -0.911502 -0.411285
vn 0.012260 -0.909606 -0.415292
vn -0.002483 -0.908964 -0.416867
vn -0.030109 -0.904132 -0.426192
vn 0.018738 -0.996258 -0.084369
vn 0.021833 -0.982332 -0.185866
vn 0.062631 -0.994468 -0.084330
vn 0.059646 -0.994421 -0.087002
vn 0.020185 -0.986695 -0.161327
vn 0.039124 -0.992952 -0.111877
vn 0.025954 -0.990278 -0.136657
vn 0.011652 -0.997117 0.074987
vn 0.019004 -0.999800 -0.006272
vn 0.007869 -0.998510 -0.053993
vn 0.006368 -0.997184 -0.074727
vn 0.009966 -0.994981 -0.099563
vn 0.006368 -0.992219 -0.124342
vn 0.073736 -0.911297 -0.405094
vn 0.008168 -0.988798 -0.149037
vn 0.006368 -0.984788 -0.173644
vn 0.009554 -0.988786 -0.149036
vn 0.013646 -0.986125 -0.165443
vn 0.006368 -0.974908 -0.222517
vn 0.009966 -0.980124 -0.198137
vn 0.006368 -0.962605 -0.270836
vn 0.009553 -0.969033 -0.246744
vn 0.008168 -0.969045 -0.246747
vn 0.013646 -0.964751 -0.262809
vn 0.054957 -0.883054 -0.466042
vn 0.021542 -0.887894 -0.459544
vn 0.006368 -0.947908 -0.318480
vn 0.009966 -0.955525 -0.294741
vn 0.027654 -0.852964 -0.521236
vn 0.027654 -0.852964 -0.521236
vn 0.007869 -0.941077 -0.338101
vn 0.025520 -0.839752 -0.542370
vn 0.006368 -0.930855 -0.365334
vn 0.006968 -0.932361 -0.361461
vn 0.027653 -0.825924 -0.563103
vn 0.027654 -0.825923 -0.563105
vn 0.025520 -0.811674 -0.583554
vn 0.005609 -0.911492 -0.411280
vn 0.008363 -0.920390 -0.390913
vn 0.003187 -0.923077 -0.384601
vn 0.009906 -0.913163 -0.407475
vn 0.027654 -0.796828 -0.603573
vn 0.027654 -0.796827 -0.603574
vn 0.025520 -0.781577 -0.623287
vn 0.007755 -0.905694 -0.423861
vn 0.006024 -0.905705 -0.423866
vn 0.027653 -0.765752 -0.642541
vn 0.027654 -0.765751 -0.642543
vn 0.025520 -0.749537 -0.661470
vn 0.027654 -0.732771 -0.679913
vn 0.027653 -0.732772 -0.679912
vn 0.027654 -0.697969 -0.715594
vn 0.025520 -0.715633 -0.698010
vn 0.027654 -0.697971 -0.715592
vn 0.025520 -0.679951 -0.732814
vn 0.027654 -0.661433 -0.749494
vn 0.027654 -0.661432 -0.749495
vn 0.027654 -0.623252 -0.781532
vn 0.025520 -0.642579 -0.765794
vn 0.027654 -0.623251 -0.781533
vn 0.025520 -0.603608 -0.796873
vn 0.027654 -0.583520 -0.811628
vn 0.027654 -0.583520 -0.811627
vn 0.025520 -0.563135 -0.825971
vn 0.027653 -0.542340 -0.839704
vn 0.027653 -0.542339 -0.839704
vn 0.025519 -0.521266 -0.853013
vn 0.027653 -0.499810 -0.865694
vn 0.027654 -0.499807 -0.865695
vn 0.025520 -0.478099 -0.877935
vn 0.027654 -0.456037 -0.889531
vn 0.027653 -0.456034 -0.889533
vn 0.025520 -0.433744 -0.900675
vn 0.027654 -0.411128 -0.911158
vn 0.027654 -0.411129 -0.911157
vn 0.025520 -0.388310 -0.921175
vn 0.027654 -0.365200 -0.930518
vn 0.027653 -0.365202 -0.930518
vn 0.025520 -0.341909 -0.939387
vn 0.027653 -0.318366 -0.947564
vn 0.027653 -0.318365 -0.947565
vn 0.025520 -0.294659 -0.955262
vn 0.027653 -0.270737 -0.962256
vn 0.027654 -0.270736 -0.962256
vn 0.025520 -0.246678 -0.968761
vn 0.027654 -0.222433 -0.974556
vn 0.027653 -0.222436 -0.974555
vn 0.025520 -0.198084 -0.979853
vn 0.027654 -0.173579 -0.984432
vn 0.027654 -0.173580 -0.984431
vn 0.025520 -0.148995 -0.988509
vn 0.027654 -0.124297 -0.991860
vn 0.027654 -0.124296 -0.991860
vn 0.027654 -0.074701 -0.996822
vn 0.025520 -0.099533 -0.994707
vn 0.027654 -0.074704 -0.996822
vn 0.025520 -0.049828 -0.998432
vn 0.027654 -0.024922 -0.999307
vn 0.027654 -0.024922 -0.999307
vn 0.025520 0.000000 -0.999674
vn 0.027654 0.024922 -0.999307
vn 0.027654 0.024922 -0.999307
vn 0.025520 0.049828 -0.998432
vn 0.027654 0.074701 -0.996822
vn 0.027654 0.074704 -0.996822
vn 0.025520 0.099533 -0.994707
vn 0.027654 0.124296 -0.991860
vn 0.027654 0.124297 -0.991860
vn 0.025520 0.148995 -0.988509
vn 0.027654 0.173580 -0.984431
vn 0.027653 0.173579 -0.984432
vn 0.025520 0.198084 -0.979853
vn 0.027653 0.222433 -0.974556
vn 0.027654 0.222436 -0.974555
vn 0.025520 0.246678 -0.968761
vn 0.027654 0.270737 -0.962256
vn 0.027653 0.270736 -0.962256
vn 0.025520 0.294659 -0.955262
vn 0.027653 0.318366 -0.947564
vn 0.027653 0.318365 -0.947565
vn 0.025520 0.341909 -0.939387
vn 0.027653 0.365200 -0.930518
vn 0.027654 0.365202 -0.930518
vn 0.025520 0.388310 -0.921175
vn 0.027654 0.411129 -0.911157
vn 0.027653 0.411128 -0.911158
vn 0.025520 0.433744 -0.900675
vn 0.027654 0.456037 -0.889531
vn 0.027653 0.456034 -0.889533
vn 0.025520 0.478099 -0.877935
vn 0.027654 0.499810 -0.865694
vn 0.027653 0.499807 -0.865695
vn 0.025519 0.521266 -0.853013
vn 0.027653 0.542339 -0.839704
vn 0.027653 0.542340 -0.839704
vn 0.025520 0.563135 -0.825971
vn 0.027654 0.583520 -0.811628
vn 0.027654 0.583520 -0.811627
vn 0.025520 0.603608 -0.796873
vn 0.027654 0.623251 -0.781533
vn 0.027654 0.623252 -0.781532
vn 0.027654 0.661433 -0.749494
vn 0.025520 0.642579 -0.765794
vn 0.027654 0.661432 -0.749495
vn 0.025520 0.679951 -0.732814
vn 0.027654 0.697969 -0.715594
vn 0.027654 0.697971 -0.715592
vn 0.025520 0.715633 -0.698010
vn 0.027653 0.732771 -0.679913
vn 0.027654 0.732772 -0.679912
vn 0.025520 0.749537 -0.661470
vn 0.027653 0.765751 -0.642543
vn 0.027654 0.765752 -0.642541
vn 0.025520 0.781577 -0.623287
vn 0.027654 0.796828 -0.603573
vn 0.027654 0.796827 -0.603574
vn 0.025520 0.811674 -0.583554
vn 0.027654 0.825923 -0.563105
vn 0.027654 0.825924 -0.563103
vn 0.025520 0.839752 -0.542370
vn 0.027654 0.852964 -0.521236
vn 0.027654 0.852964 -0.521236
vn 0.025520 0.865743 -0.499838
vn 0.027654 0.877886 -0.478070
vn 0.027654 0.877886 -0.478072
vn 0.025520 0.889583 -0.456060
vn 0.027654 0.900624 -0.433718
vn 0.027654 0.900624 -0.433719
vn 0.025520 0.911210 -0.411151
vn 0.027653 0.921123 -0.388288
vn 0.027654 0.921124 -0.388286
vn 0.025520 0.930571 -0.365221
vn 0.027654 0.939333 -0.341889
vn 0.027654 0.939333 -0.341889
vn 0.025520 0.947618 -0.318384
vn 0.027654 0.955208 -0.294642
vn 0.027654 0.955207 -0.294643
vn 0.025520 0.962311 -0.270753
vn 0.027654 0.968706 -0.246664
vn 0.027654 0.968706 -0.246664
vn 0.027653 0.979798 -0.198071
vn 0.025520 0.974611 -0.222446
vn 0.027654 0.979797 -0.198073
vn 0.025520 0.984488 -0.173589
vn 0.027653 0.988452 -0.148987
vn 0.027654 0.988453 -0.148984
vn 0.025520 0.991916 -0.124304
vn 0.027654 0.994650 -0.099530
vn 0.027654 0.994650 -0.099528
vn 0.025520 0.996879 -0.074708
vn 0.027654 0.998375 -0.049825
vn 0.027654 0.998375 -0.049826
vn 0.025520 0.999364 -0.024924
vn 0.027654 0.999618 0.000000
vn 0.027654 0.999618 0.000000
vn 0.025520 0.999364 0.024924
vn 0.027653 0.998375 0.049825
vn 0.027654 0.998375 0.049826
vn 0.025520 0.996879 0.074708
vn 0.027653 0.994650 0.099528
vn 0.027654 0.994650 0.099530
vn 0.027654 0.988453 0.148984
vn 0.025520 0.991916 0.124304
vn 0.027653 0.988452 0.148987
vn 0.025520 0.984488 0.173589
vn 0.027653 0.979798 0.198071
vn 0.027654 0.979797 0.198073
vn 0.025520 0.974611 0.222446
vn 0.027654 0.968706 0.246664
vn 0.027654 0.968706 0.246664
vn 0.025520 0.962311 0.270753
vn 0.027654 0.955207 0.294643
vn 0.027654 0.955208 0.294642
vn 0.025520 0.947618 0.318384
vn 0.027654 0.939333 0.341889
vn 0.027654 0.939333 0.341889
vn 0.025520 0.930571 0.365221
vn 0.027654 0.921123 0.388288
vn 0.027654 0.921124 0.388286
vn 0.025520 0.911210 0.411151
vn 0.027654 0.900624 0.433719
vn 0.027654 0.900624 0.433718
vn 0.025520 0.889583 0.456060
vn 0.027654 0.877886 0.478070
vn 0.027654 0.877886 0.478072
vn 0.025520 0.865743 0.499838
vn 0.027654 0.852964 0.521236
vn 0.027654 0.852964 0.521236
vn 0.027654 0.825923 0.563105
vn 0.025520 0.839752 0.542370
vn 0.027654 0.825924 0.563103
vn 0.025520 0.811674 0.583554
vn 0.027654 0.796828 0.603573
vn 0.027654 0.796827 0.603574
vn 0.025520 0.781577 0.623287
vn 0.027653 0.765752 0.642541
vn 0.027654 0.765751 0.642543
vn 0.025520 0.749537 0.661470
vn 0.027654 0.732771 0.679913
vn 0.027653 0.732772 0.679912
vn 0.025520 0.715633 0.698010
vn 0.027654 0.697969 0.715593
vn 0.027653 0.697971 0.715592
vn 0.027654 0.661433 0.749494
vn 0.025520 0.679951 0.732814
vn 0.027653 0.661432 0.749495
vn 0.025520 0.642579 0.765794
vn 0.027654 0.623252 0.781532
vn 0.027654 0.623251 0.781533
vn 0.027654 0.583520 0.811628
vn 0.025520 0.603608 0.796873
vn 0.027654 0.583520 0.811627
vn 0.025520 0.563135 0.825971
vn 0.027654 0.542339 0.839704
vn 0.027653 0.542340 0.839704
vn 0.025519 0.521266 0.853013
vn 0.027654 0.499807 0.865695
vn 0.027653 0.499810 0.865694
vn 0.025520 0.478099 0.877935
vn 0.027654 0.456037 0.889531
vn 0.027654 0.456034 0.889533
vn 0.025520 0.433744 0.900675
vn 0.027654 0.411129 0.911157
vn 0.027654 0.411128 0.911158
vn 0.025520 0.388310 0.921175
vn 0.027654 0.365200 0.930518
vn 0.027653 0.365202 0.930518
vn 0.025520 0.341909 0.939387
vn 0.027653 0.318366 0.947564
vn 0.027653 0.318365 0.947565
vn 0.027653 0.270736 0.962256
vn 0.025520 0.294659 0.955262
vn 0.027654 0.270737 0.962256
vn 0.025520 0.246678 0.968761
vn 0.027654 0.222433 0.974556
vn 0.027653 0.222436 0.974555
vn 0.025520 0.198084 0.979853
vn 0.027654 0.173580 0.984431
vn 0.027653 0.173579 0.984432
vn 0.025520 0.148995 0.988509
vn 0.027654 0.124297 0.991860
vn 0.027654 0.124296 0.991860
vn 0.025520 0.099533 0.994707
vn 0.027653 0.074704 0.996822
vn 0.027654 0.074701 0.996822
vn 0.027654 0.024922 0.999307
vn 0.025520 0.049828 0.998432
vn 0.027654 0.024922 0.999307
vn 0.025520 -0.000000 0.999674
vn 0.027654 -0.024922 0.999307
vn 0.027654 -0.024922 0.999307
vn 0.025520 -0.049828 0.998432
vn 0.027654 -0.074701 0.996822
vn 0.027653 -0.074704 0.996822
vn 0.025520 -0.099533 0.994707
vn 0.027654 -0.124297 0.991860
vn 0.027654 -0.124296 0.991860
vn 0.025520 -0.148995 0.988509
vn 0.027653 -0.173579 0.984432
vn 0.027654 -0.173580 0.984431
vn 0.025520 -0.198084 0.979853
vn 0.027653 -0.222433 0.974556
vn 0.027654 -0.222436 0.974555
vn 0.025520 -0.246678 0.968761
vn 0.027654 -0.270737 0.962256
vn 0.027653 -0.270736 0.962256
vn 0.027653 -0.318365 0.947565
vn 0.025520 -0.294659 0.955262
vn 0.027653 -0.318366 0.947564
vn 0.027653 -0.365202 0.930518
vn 0.025520 -0.341909 0.939387
vn 0.068638 -0.898844 0.432861
vn 0.027654 -0.365200 0.930518
vn 0.025520 -0.388310 0.921175
vn 0.027653 -0.411128 0.911158
vn 0.027654 -0.411129 0.911157
vn 0.042361 -0.930366 0.364178
vn -0.009094 -0.939654 0.342006
vn 0.055587 -0.903521 0.424924
vn 0.025520 -0.433744 0.900675
vn 0.027653 -0.456034 0.889533
vn 0.027654 -0.456037 0.889531
vn 0.025520 -0.478099 0.877935
vn 0.027654 -0.499810 0.865694
vn 0.027653 -0.499807 0.865695
vn -0.001954 -0.923477 0.383648
vn 0.025519 -0.521266 0.853013
vn 0.027653 -0.542340 0.839704
vn 0.027653 -0.542339 0.839704
vn 0.027654 -0.583520 0.811628
vn 0.025520 -0.563135 0.825971
vn 0.027654 -0.583520 0.811627
vn 0.025520 -0.603608 0.796873
vn 0.027654 -0.623252 0.781532
vn 0.027654 -0.623251 0.781533
vn 0.025520 -0.642579 0.765794
vn 0.027654 -0.661433 0.749494
vn 0.027653 -0.661432 0.749495
vn 0.065889 -0.909526 0.410393
vn 0.002876 -0.911502 0.411285
vn 0.095863 -0.918262 0.384195
vn 0.025520 -0.679951 0.732814
vn 0.027654 -0.697971 0.715592
vn 0.027654 -0.697969 0.715594
vn 0.016387 -0.954457 0.297898
vn 0.081840 -0.923112 0.375722
vn 0.025520 -0.715633 0.698010
vn 0.027653 -0.732771 0.679913
vn 0.027654 -0.732772 0.679912
vn 0.012260 -0.909606 0.415292
vn 0.043554 -0.925994 0.375018
vn 0.027653 -0.765752 0.642541
vn 0.025520 -0.749537 0.661470
vn 0.027654 -0.765751 0.642543
vn -0.002483 -0.908964 0.416867
vn -0.029298 -0.904122 0.426270
vn -0.030109 -0.904132 0.426192
vn 0.022375 -0.954266 0.298122
vn 0.034451 -0.930622 0.364356
vn 0.025520 -0.781577 0.623287
vn 0.027654 -0.796828 0.603573
vn 0.027654 -0.796827 0.603574
vn 0.027654 -0.825923 0.563105
vn 0.025520 -0.811674 0.583554
vn 0.027653 -0.825924 0.563103
vn 0.025520 -0.839752 0.542370
vn 0.027654 -0.852964 0.521236
vn 0.027654 -0.852964 0.521236
vn 0.065943 -0.955036 0.289062
vn 0.037436 -0.974245 0.222364
vn 0.024193 -0.984520 0.173596
vn -0.028794 -0.991828 0.124293
vn 0.002074 -0.957977 0.286838
vn 0.073736 -0.911297 0.405094
vn 0.021542 -0.887894 0.459544
vn 0.054957 -0.883054 0.466042
vn 0.014714 -0.996735 0.079394
vn 0.049578 -0.984898 0.165888
vn -0.048208 -0.971961 0.230149
vn 0.000512 -0.996042 0.088878
vn 0.061129 -0.969344 0.237981
vn 0.025954 -0.990278 0.136657
vn 0.059646 -0.994421 0.087002
vn 0.039124 -0.992952 0.111877
vn 0.018738 -0.996258 0.084369
vn 0.062631 -0.994468 0.084330
vn 0.021833 -0.982332 0.185866
vn 0.020185 -0.986695 0.161327
vn 0.007755 -0.905694 0.423861
vn 0.009906 -0.913163 0.407475
vn 0.005609 -0.911492 0.411280
vn 0.006024 -0.905705 0.423866
vn 0.003187 -0.923077 0.384601
vn 0.008363 -0.920390 0.390913
vn 0.006368 -0.930855 0.365334
vn 0.006968 -0.932361 0.361461
vn 0.006368 -0.947908 0.318480
vn 0.007869 -0.941077 0.338101
vn 0.006368 -0.962605 0.270836
vn 0.009966 -0.955525 0.294741
vn 0.013646 -0.964751 0.262809
vn 0.006368 -0.974908 0.222517
vn 0.009553 -0.969033 0.246744
vn 0.008168 -0.969045 0.246747
vn 0.013646 -0.986125 0.165443
vn 0.006368 -0.984788 0.173644
vn 0.009966 -0.980124 0.198137
vn 0.009554 -0.988786 0.149036
vn 0.006368 -0.992219 0.124342
vn 0.008168 -0.988798 0.149037
vn 0.006368 -0.997184 0.074727
vn 0.009966 -0.994981 0.099563
vn 0.007869 -0.998510 0.053993
vn 0.011652 -0.997117 -0.074987
vn 0.019004 -0.999800 0.006272
vn 0.324697 -0.945617 -0.019498
vn 0.323212 -0.940376 -0.105956
vn 0.322889 -0.937552 -0.129382
vn 0.322849 -0.934048 -0.152717
vn 0.322906 -0.934962 -0.146893
vn 0.327121 -0.933531 -0.146668
vn 0.322906 -0.933060 -0.158530
vn 0.327121 -0.931631 -0.158288
vn 0.322849 -0.929950 -0.175957
vn 0.322906 -0.931010 -0.170155
vn 0.327121 -0.929585 -0.169894
vn 0.322906 -0.928816 -0.181748
vn 0.327121 -0.927395 -0.181469
vn 0.322906 -0.926479 -0.193309
vn 0.327121 -0.925061 -0.193013
vn 0.322849 -0.925275 -0.199084
vn 0.322906 -0.923996 -0.204847
vn 0.322849 -0.920023 -0.222094
vn 0.322906 -0.921372 -0.216344
vn 0.322906 -0.918603 -0.227817
vn 0.322849 -0.914201 -0.244960
vn 0.322906 -0.915690 -0.239255
vn 0.322906 -0.912638 -0.250647
vn 0.322906 -0.909442 -0.262007
vn 0.322849 -0.907810 -0.267675
vn 0.322906 -0.906107 -0.273318
vn 0.322849 -0.900855 -0.290222
vn 0.322906 -0.902627 -0.284599
vn 0.322906 -0.899008 -0.295831
vn 0.322849 -0.893338 -0.312595
vn 0.322906 -0.895252 -0.307012
vn 0.322905 -0.891356 -0.318145
vn 0.322906 -0.887319 -0.329237
vn 0.322849 -0.885268 -0.334767
vn 0.322906 -0.883146 -0.340272
vn 0.322849 -0.876647 -0.356733
vn 0.322906 -0.878836 -0.351255
vn 0.322906 -0.874388 -0.362183
vn 0.322889 -0.867467 -0.378475
vn 0.323212 -0.857663 -0.399934
vn 0.322500 -0.617866 -0.717102
vn 0.321665 -0.614633 -0.720248
vn 0.319216 -0.590869 -0.740929
vn 0.321665 -0.539865 -0.777867
vn 0.319216 -0.565918 -0.760157
vn 0.319664 -0.578381 -0.750527
vn 0.317659 -0.411411 -0.854303
vn 0.315280 -0.368624 -0.874480
vn 0.318686 -0.417143 -0.851135
vn 0.315942 -0.357609 -0.878804
vn 0.315942 -0.335592 -0.887445
vn 0.315280 -0.324576 -0.891767
vn 0.315942 -0.313362 -0.895536
vn 0.315942 -0.290939 -0.903070
vn 0.315280 -0.279722 -0.906837
vn 0.315942 -0.268331 -0.910043
vn 0.317659 -0.187884 -0.929404
vn 0.315942 -0.245564 -0.916449
vn 0.315280 -0.234173 -0.919653
vn 0.311674 0.094329 -0.945495
vn 0.314202 0.075251 -0.946369
vn 0.313556 0.133718 -0.940108
vn 0.312868 0.149360 -0.937979
vn 0.316753 0.180211 -0.931231
vn 0.314480 0.211229 -0.925464
vn 0.314216 0.241898 -0.918016
vn 0.316397 0.179036 -0.931579
vn 0.317888 0.279973 -0.905849
vn 0.315901 0.281941 -0.905933
vn 0.309909 0.391038 -0.866629
vn 0.317534 0.321224 -0.892181
vn 0.312820 0.332261 -0.889801
vn 0.311934 0.313962 -0.896730
vn 0.316028 0.407064 -0.856986
vn 0.316293 0.406256 -0.857272
vn 0.311651 0.447484 -0.838231
vn 0.312960 0.514544 -0.798311
vn 0.306918 0.543971 -0.780959
vn 0.315018 0.710522 -0.629223
vn 0.317833 0.612171 -0.724036
vn 0.319197 0.613561 -0.722257
vn 0.313147 0.533654 -0.785591
vn 0.302630 0.540525 -0.785015
vn 0.306306 0.519988 -0.797364
vn 0.315245 0.645491 -0.695674
vn 0.309873 0.629072 -0.712914
vn 0.310696 0.583323 -0.750468
vn 0.307653 0.611611 -0.728890
vn 0.309237 0.633368 -0.709378
vn 0.307718 0.583917 -0.751233
vn 0.309603 0.712941 -0.629175
vn 0.309200 0.743519 -0.592937
vn 0.312417 0.680034 -0.663287
vn 0.316925 0.697504 -0.642687
vn 0.310369 0.692302 -0.651451
vn 0.314634 0.772859 -0.551084
vn 0.313290 0.779545 -0.542364
vn 0.313747 0.770941 -0.554268
vn 0.311569 0.777701 -0.545991
vn 0.308756 0.798983 -0.516038
vn 0.308127 0.821905 -0.479092
vn 0.307862 0.823964 -0.475715
vn 0.314021 0.820239 -0.478121
vn 0.314348 0.831809 -0.457470
vn 0.308543 0.833476 -0.458387
vn 0.314970 0.842772 -0.436496
vn 0.308127 0.844764 -0.437528
vn 0.306463 0.855893 -0.416567
vn 0.322099 0.851238 -0.414302
vn 0.306694 0.854974 -0.418281
vn 0.308992 0.882403 -0.354808
vn 0.309708 0.884269 -0.349499
vn 0.310929 0.948869 -0.054495
vn 0.313026 0.947797 -0.060788
vn 0.311160 0.922707 -0.227576
vn 0.307845 0.949634 -0.058531
vn 0.307458 0.920141 -0.242509
vn 0.310080 0.922689 -0.229118
vn 0.306996 0.950023 -0.056653
vn 0.313925 0.917207 -0.245321
vn 0.311430 0.948333 -0.060627
vn 0.303876 0.933822 -0.188777
vn 0.304802 0.947683 -0.094830
vn 0.307398 0.949893 -0.056645
vn 0.304829 0.922276 -0.237667
vn 0.313087 0.928395 0.200148
vn 0.313011 0.946260 0.081340
vn 0.311761 0.946136 0.087355
vn 0.312988 0.928460 0.200002
vn 0.311342 0.928451 0.202594
vn 0.309971 0.946476 0.090009
vn 0.309694 0.946578 0.089891
vn 0.317222 0.899804 0.299537
vn 0.302935 0.948276 0.094890
vn 0.304403 0.933657 0.188743
vn 0.308353 0.946602 0.094141
vn 0.305719 0.948343 0.084743
vn 0.310477 0.841591 0.441961
vn 0.309558 0.847360 0.431456
vn 0.314484 0.893203 0.321384
vn 0.313020 0.840329 0.442567
vn 0.314951 0.846460 0.429315
vn 0.315113 0.780385 0.540095
vn 0.311436 0.780671 0.541811
vn 0.316024 0.690097 0.651073
vn 0.307440 0.753724 0.580845
vn 0.308979 0.723455 0.617369
vn 0.312992 0.771860 0.553414
vn 0.310502 0.778362 0.545657
vn 0.312790 0.332264 0.889811
vn 0.314385 0.390433 0.865288
vn 0.314057 0.261789 0.912598
vn 0.312955 0.328545 0.891133
vn 0.319434 0.584647 0.745754
vn 0.309346 0.548674 0.776699
vn 0.301961 0.451923 0.839395
vn 0.315592 0.188018 0.930081
vn 0.315737 0.159338 0.935373
vn 0.317441 0.156902 0.935207
vn 0.320338 0.125599 0.938940
vn 0.312902 0.267276 0.911403
vn 0.317272 0.067041 0.945962
vn 0.319603 -0.094346 0.942843
vn 0.317537 0.065473 0.945983
vn 0.315743 0.036060 0.948159
vn 0.321170 0.094292 0.942316
vn 0.316218 -0.047288 0.947507
vn 0.317038 0.067567 0.946003
vn 0.320660 -0.076494 0.944101
vn 0.317894 -0.083232 0.944466
vn 0.317783 -0.083849 0.944449
vn 0.317239 -0.141343 0.937754
vn 0.323248 -0.187509 0.927551
vn 0.316933 -0.234037 0.919119
vn 0.315346 -0.279715 0.906816
vn 0.318250 -0.207854 0.924940
vn 0.316761 -0.199595 0.927267
vn 0.318499 -0.283166 0.904641
vn 0.315638 -0.283452 0.905554
vn 0.321535 -0.513736 0.795419
vn 0.315346 -0.324569 0.891746
vn 0.319449 -0.305530 0.896997
vn 0.316094 -0.305892 0.898062
vn 0.321107 -0.327603 0.888576
vn 0.315638 -0.328238 0.890299
vn 0.316094 -0.350276 0.881698
vn 0.323470 -0.349357 0.879385
vn 0.315346 -0.368615 0.874460
vn 0.320703 -0.330870 0.887510
vn 0.315638 -0.372208 0.872831
vn 0.320755 -0.371534 0.871251
vn 0.316094 -0.393790 0.863142
vn 0.320852 -0.393127 0.861687
vn 0.315346 -0.411745 0.854999
vn 0.318078 -0.451217 0.833804
vn 0.318516 -0.453345 0.832481
vn 0.319805 -0.443849 0.837092
vn 0.321106 -0.415988 0.850791
vn 0.319139 -0.590885 0.740949
vn 0.321180 -0.565521 0.759624
vn 0.320365 -0.614919 0.720584
vn 0.323306 -0.629637 0.706421
vn 0.323010 -0.867429 0.378458
vn 0.322849 -0.876647 0.356733
vn 0.322906 -0.878836 0.351255
vn 0.322906 -0.883146 0.340272
vn 0.322849 -0.885268 0.334767
vn 0.322906 -0.887319 0.329237
vn 0.322905 -0.891356 0.318145
vn 0.322849 -0.893338 0.312595
vn 0.322906 -0.895252 0.307012
vn 0.322906 -0.899008 0.295831
vn 0.322849 -0.900855 0.290222
vn 0.322906 -0.902627 0.284599
vn 0.322849 -0.907810 0.267675
vn 0.327121 -0.904720 0.272900
vn 0.322906 -0.906107 0.273318
vn 0.322906 -0.909442 0.262007
vn 0.327121 -0.908050 0.261606
vn 0.322849 -0.914201 0.244960
vn 0.322906 -0.912638 0.250647
vn 0.327121 -0.911241 0.250263
vn 0.327121 -0.914289 0.238888
vn 0.322906 -0.915690 0.239255
vn 0.322849 -0.920023 0.222094
vn 0.327121 -0.917197 0.227470
vn 0.322906 -0.918603 0.227817
vn 0.327121 -0.919962 0.216014
vn 0.322906 -0.921372 0.216344
vn 0.322849 -0.925275 0.199084
vn 0.327121 -0.922583 0.204532
vn 0.322906 -0.923996 0.204847
vn 0.327121 -0.925061 0.193013
vn 0.322906 -0.926479 0.193309
vn 0.322849 -0.929950 0.175957
vn 0.322906 -0.928816 0.181748
vn 0.327121 -0.927395 0.181469
vn 0.322906 -0.931010 0.170155
vn 0.327121 -0.929585 0.169894
vn 0.322849 -0.934048 0.152717
vn 0.322906 -0.933060 0.158530
vn 0.327121 -0.931631 0.158288
vn 0.322889 -0.937552 0.129382
vn 0.324697 -0.945617 0.019499
vn 0.323212 -0.940376 0.105956
vn 0.322906 -0.934962 0.146893
vn 0.327121 -0.933531 0.146668
vn 0.014919 -0.865614 -0.500490
vn 0.047023 -0.852347 -0.520858
vn -0.002440 -0.867436 -0.497543
vn 0.069447 -0.864740 -0.497395
vn 0.042473 -0.808263 -0.587288
vn 0.068663 -0.795251 -0.602380
vn 0.068262 -0.812457 -0.579011
vn -0.025837 -0.831679 -0.554655
vn 0.013234 -0.814286 -0.580314
vn 0.050737 -0.852192 -0.520764
vn 0.099432 -0.827257 -0.552955
vn 0.114601 -0.860773 -0.495919
vn -0.006982 -0.867335 -0.497676
vn 0.071599 -0.860688 -0.504073
vn 0.007103 -0.935925 -0.352128
vn 0.064333 -0.969338 -0.237159
vn 0.066716 -0.812542 -0.579073
vn 0.028566 -0.972918 -0.229379
vn -0.003259 -0.936695 -0.350131
vn 0.053566 -0.970172 -0.236426
vn 0.011922 -0.999230 -0.037388
vn 0.009252 -0.998498 -0.053993
vn 0.016944 -0.999157 -0.037386
vn 0.011922 -0.999230 -0.037389
vn 0.018845 -0.997523 -0.067764
vn 0.007188 -0.999356 -0.035165
vn 0.005130 -0.999676 -0.024931
vn 0.009454 -0.999622 -0.025834
vn 0.008085 -0.999958 -0.004354
vn 0.051662 -0.972151 -0.228590
vn 0.034252 -0.971508 -0.234517
vn -0.014613 -0.936498 -0.350368
vn 0.057702 -0.975997 -0.210001
vn 0.036512 -0.973600 -0.225321
vn 0.006717 -0.991149 -0.132583
vn 0.018930 -0.994853 -0.099549
vn 0.012136 -0.996300 -0.085079
vn 0.002902 -0.996369 -0.085085
vn 0.014718 -0.991632 -0.128253
vn -0.001329 -0.995030 -0.099567
vn -0.000616 -0.814356 -0.580366
vn 0.027129 -0.796839 -0.603582
vn 0.038297 -0.765483 -0.642315
vn 0.066138 -0.824430 -0.562087
vn 0.015816 -0.809980 -0.586244
vn 0.007921 -0.982072 -0.188337
vn 0.014717 -0.973935 -0.226350
vn -0.001329 -0.980171 -0.198147
vn 0.018930 -0.979997 -0.198110
vn 0.006718 -0.973023 -0.230609
vn 0.000359 -0.916226 -0.400661
vn -0.001295 -0.953610 -0.301043
vn 0.049162 -0.954785 -0.293204
vn 0.062388 -0.940771 -0.333254
vn 0.007921 -0.958440 -0.285185
vn -0.001329 -0.955572 -0.294756
vn 0.018930 -0.955402 -0.294702
vn 0.011367 -0.948526 -0.316494
vn 0.010536 -0.948535 -0.316497
vn 0.008676 -0.941071 -0.338099
vn 0.009443 -0.941762 -0.336146
vn 0.029612 -0.941391 -0.336014
vn 0.047870 -0.936469 -0.347467
vn 0.010599 -0.937492 -0.347846
vn 0.009252 -0.932344 -0.361454
vn 0.015274 -0.942933 -0.332632
vn 0.020787 -0.922883 -0.384520
vn 0.045147 -0.917959 -0.394098
vn 0.021123 -0.922749 -0.384822
vn 0.019674 -0.922460 -0.385592
vn 0.013256 -0.913127 -0.407459
vn 0.007320 -0.892464 -0.451058
vn 0.001295 -0.874002 -0.485921
vn 0.018552 -0.853144 -0.521346
vn 0.014368 -0.826154 -0.563260
vn 0.020644 -0.839847 -0.542431
vn 0.048340 -0.863070 -0.502765
vn 0.007820 -0.889845 -0.456197
vn 0.006491 -0.866007 -0.499990
vn 0.006561 -0.888716 -0.458411
vn 0.020644 -0.811765 -0.583619
vn 0.018551 -0.796995 -0.603701
vn 0.014367 -0.826154 -0.563262
vn 0.018552 -0.796995 -0.603700
vn 0.020644 -0.781665 -0.623357
vn 0.015937 -0.769939 -0.637919
vn 0.020644 -0.749622 -0.661544
vn 0.018552 -0.765912 -0.642678
vn 0.015937 -0.737184 -0.675505
vn 0.018551 -0.732926 -0.680055
vn 0.020644 -0.715714 -0.698089
vn 0.018551 -0.698117 -0.715743
vn 0.015937 -0.702596 -0.711411
vn 0.020643 -0.680027 -0.732896
vn 0.015937 -0.666262 -0.745547
vn 0.020644 -0.642651 -0.765881
vn 0.018552 -0.661571 -0.749653
vn 0.018551 -0.583643 -0.811798
vn 0.014367 -0.623425 -0.781751
vn 0.020643 -0.603676 -0.796962
vn 0.014367 -0.623425 -0.781751
vn 0.020643 -0.563199 -0.826064
vn 0.018551 -0.583643 -0.811798
vn 0.018552 -0.542453 -0.839881
vn 0.020644 -0.521324 -0.853109
vn 0.015938 -0.547703 -0.836521
vn 0.020643 -0.478153 -0.878034
vn 0.018551 -0.499915 -0.865876
vn 0.015938 -0.505324 -0.862783
vn 0.020643 -0.433793 -0.900776
vn 0.018552 -0.456130 -0.889720
vn 0.015936 -0.461690 -0.886898
vn 0.018552 -0.411214 -0.911350
vn 0.020644 -0.388353 -0.921279
vn 0.015937 -0.416908 -0.908809
vn 0.015937 -0.371090 -0.928460
vn 0.020644 -0.341947 -0.939492
vn 0.018552 -0.365277 -0.930714
vn 0.018552 -0.318433 -0.947764
vn 0.020644 -0.294692 -0.955369
vn 0.014368 -0.270813 -0.962525
vn 0.015938 -0.324348 -0.945804
vn 0.020643 -0.246706 -0.968871
vn 0.014367 -0.270812 -0.962525
vn 0.018552 -0.222480 -0.974761
vn 0.018551 -0.222484 -0.974760
vn 0.020644 -0.198106 -0.979963
vn 0.014367 -0.124331 -0.992137
vn 0.015937 -0.179760 -0.983581
vn 0.020644 -0.149012 -0.988620
vn 0.018552 -0.173616 -0.984639
vn 0.020644 -0.099545 -0.994819
vn 0.018552 -0.074719 -0.997032
vn 0.014366 -0.124330 -0.992137
vn 0.020644 -0.049833 -0.998544
vn 0.015937 -0.068504 -0.997524
vn 0.018552 -0.024927 -0.999517
vn 0.018551 -0.024927 -0.999517
vn 0.020644 0.000000 -0.999787
vn 0.015937 0.018697 -0.999698
vn 0.018552 0.024927 -0.999517
vn 0.020644 0.049833 -0.998544
vn 0.018552 0.074719 -0.997032
vn 0.015937 0.068504 -0.997524
vn 0.020644 0.099545 -0.994819
vn 0.015937 0.118140 -0.992869
vn 0.018552 0.124323 -0.992068
vn 0.020644 0.149012 -0.988620
vn 0.015938 0.167486 -0.985746
vn 0.018551 0.173616 -0.984639
vn 0.020643 0.198106 -0.979963
vn 0.020643 0.246706 -0.968871
vn 0.015937 0.216412 -0.976172
vn 0.018551 0.222480 -0.974761
vn 0.018552 0.270794 -0.962458
vn 0.015937 0.264800 -0.964172
vn 0.020644 0.294692 -0.955369
vn 0.015937 0.312533 -0.949773
vn 0.018551 0.318433 -0.947764
vn 0.020644 0.341947 -0.939492
vn 0.014367 0.365303 -0.930778
vn 0.014366 0.365302 -0.930778
vn 0.020644 0.388353 -0.921279
vn 0.018552 0.411214 -0.911350
vn 0.018551 0.411216 -0.911349
vn 0.020643 0.433793 -0.900776
vn 0.018551 0.456130 -0.889720
vn 0.015937 0.450597 -0.892585
vn 0.020644 0.478153 -0.878034
vn 0.014368 0.499950 -0.865935
vn 0.014367 0.499948 -0.865936
vn 0.020644 0.521324 -0.853109
vn 0.018552 0.542453 -0.839881
vn 0.020644 0.563199 -0.826064
vn 0.018552 0.542453 -0.839881
vn 0.020643 0.603676 -0.796962
vn 0.018551 0.583643 -0.811798
vn 0.015937 0.578598 -0.815457
vn 0.015937 0.618526 -0.785603
vn 0.018551 0.623382 -0.781697
vn 0.020644 0.642651 -0.765881
vn 0.018551 0.661571 -0.749653
vn 0.015937 0.656916 -0.753795
vn 0.020644 0.680027 -0.732896
vn 0.015937 0.693673 -0.720114
vn 0.018552 0.698117 -0.715743
vn 0.020644 0.715714 -0.698089
vn 0.018552 0.732926 -0.680055
vn 0.015937 0.728705 -0.684642
vn 0.020644 0.749622 -0.661544
vn 0.018552 0.765912 -0.642678
vn 0.015938 0.761926 -0.647468
vn 0.020644 0.781665 -0.623357
vn 0.015937 0.793253 -0.608684
vn 0.018551 0.796995 -0.603701
vn 0.020644 0.811765 -0.583619
vn 0.015937 0.822607 -0.568387
vn 0.018552 0.826098 -0.563222
vn 0.014367 0.853203 -0.521382
vn 0.020644 0.839847 -0.542431
vn 0.020644 0.865840 -0.499895
vn 0.014367 0.853203 -0.521381
vn 0.020644 0.889683 -0.456111
vn 0.018551 0.878070 -0.478172
vn 0.018551 0.878070 -0.478172
vn 0.020644 0.911312 -0.411197
vn 0.014366 0.900875 -0.433840
vn 0.014367 0.900876 -0.433839
vn 0.018551 0.921317 -0.388369
vn 0.020643 0.930676 -0.365262
vn 0.018552 0.921318 -0.388367
vn 0.018552 0.939531 -0.341961
vn 0.015937 0.937423 -0.347827
vn 0.020644 0.947725 -0.318420
vn 0.020643 0.962419 -0.270783
vn 0.018551 0.955408 -0.294704
vn 0.015937 0.953596 -0.300667
vn 0.014367 0.968977 -0.246733
vn 0.020644 0.974721 -0.222471
vn 0.014367 0.968977 -0.246733
vn 0.018551 0.980003 -0.198115
vn 0.018552 0.980004 -0.198111
vn 0.020644 0.984598 -0.173609
vn 0.020643 0.992028 -0.124318
vn 0.014366 0.988728 -0.149029
vn 0.014367 0.988729 -0.149026
vn 0.018553 0.994860 -0.099549
vn 0.018551 0.994859 -0.099553
vn 0.020645 0.996991 -0.074716
vn 0.020644 0.999476 -0.024926
vn 0.018552 0.998585 -0.049835
vn 0.015937 0.998300 -0.056063
vn 0.018552 0.999828 0.000000
vn 0.015937 0.999854 -0.006232
vn 0.020644 0.999476 0.024926
vn 0.015938 0.998921 0.043614
vn 0.018551 0.998585 0.049835
vn 0.020644 0.996991 0.074716
vn 0.018551 0.994860 0.099549
vn 0.020643 0.992028 0.124318
vn 0.015937 0.995506 0.093352
vn 0.018552 0.988660 0.149018
vn 0.015937 0.989615 0.142857
vn 0.020644 0.984598 0.173609
vn 0.014368 0.980071 0.198128
vn 0.014366 0.980071 0.198125
vn 0.020644 0.974721 0.222471
vn 0.018551 0.968910 0.246716
vn 0.020643 0.962419 0.270783
vn 0.015937 0.967397 0.252762
vn 0.018552 0.955408 0.294704
vn 0.014367 0.939596 0.341985
vn 0.018551 0.955409 0.294703
vn 0.020644 0.947725 0.318420
vn 0.014367 0.939595 0.341986
vn 0.020643 0.930676 0.365262
vn 0.018552 0.921317 0.388369
vn 0.020644 0.911312 0.411197
vn 0.018551 0.921318 0.388367
vn 0.018552 0.900813 0.433811
vn 0.020644 0.889683 0.456111
vn 0.015937 0.903541 0.428205
vn 0.020644 0.865840 0.499895
vn 0.015937 0.881074 0.472710
vn 0.018551 0.878070 0.478172
vn 0.020644 0.839847 0.542431
vn 0.014367 0.853203 0.521382
vn 0.014367 0.853203 0.521381
vn 0.018552 0.826098 0.563222
vn 0.018551 0.826097 0.563223
vn 0.020644 0.811765 0.583619
vn 0.020644 0.781665 0.623357
vn 0.014367 0.797050 0.603742
vn 0.014367 0.797050 0.603742
vn 0.018552 0.765912 0.642678
vn 0.018552 0.765913 0.642677
vn 0.020644 0.749622 0.661544
vn 0.018551 0.732926 0.680055
vn 0.020644 0.715714 0.698089
vn 0.015937 0.737184 0.675505
vn 0.015937 0.702596 0.711411
vn 0.020643 0.680027 0.732896
vn 0.018551 0.698117 0.715743
vn 0.014367 0.661618 0.749704
vn 0.014367 0.661617 0.749704
vn 0.020644 0.642651 0.765881
vn 0.018552 0.623382 0.781697
vn 0.020644 0.603676 0.796962
vn 0.018551 0.623383 0.781696
vn 0.018551 0.583643 0.811798
vn 0.020643 0.563199 0.826064
vn 0.015937 0.588718 0.808181
vn 0.015938 0.547703 0.836521
vn 0.018552 0.542453 0.839881
vn 0.020644 0.521324 0.853109
vn 0.018551 0.499915 0.865876
vn 0.020643 0.478153 0.878034
vn 0.015938 0.505324 0.862783
vn 0.014367 0.456161 0.889781
vn 0.014366 0.456164 0.889780
vn 0.020643 0.433793 0.900776
vn 0.018551 0.411214 0.911350
vn 0.018552 0.411216 0.911349
vn 0.020644 0.388353 0.921279
vn 0.018552 0.365277 0.930714
vn 0.015937 0.371090 0.928460
vn 0.020644 0.341947 0.939492
vn 0.014367 0.318454 0.947829
vn 0.014367 0.318455 0.947829
vn 0.020644 0.294692 0.955369
vn 0.018552 0.270794 0.962458
vn 0.020644 0.246706 0.968871
vn 0.018552 0.270794 0.962459
vn 0.020644 0.198106 0.979963
vn 0.018552 0.222480 0.974761
vn 0.015937 0.228565 0.973398
vn 0.020644 0.149012 0.988620
vn 0.015937 0.179760 0.983581
vn 0.018552 0.173616 0.984639
vn 0.020643 0.099545 0.994819
vn 0.015937 0.130509 0.991319
vn 0.018551 0.124323 0.992068
vn 0.015937 0.080935 0.996592
vn 0.020644 0.049833 0.998544
vn 0.018551 0.074719 0.997032
vn 0.018551 0.024927 0.999517
vn 0.020644 -0.000000 0.999787
vn 0.015938 0.031157 0.999387
vn 0.020644 -0.049833 0.998544
vn 0.018552 -0.024927 0.999517
vn 0.015937 -0.018697 0.999698
vn 0.068663 -0.795251 0.602380
vn 0.020644 -0.099545 0.994819
vn 0.014366 -0.124331 0.992137
vn 0.018552 -0.074719 0.997032
vn 0.015937 -0.068504 0.997524
vn 0.014367 -0.124330 0.992137
vn 0.020644 -0.149012 0.988620
vn 0.069447 -0.864740 0.497395
vn 0.042473 -0.808263 0.587288
vn -0.002440 -0.867436 0.497543
vn 0.047023 -0.852347 0.520858
vn 0.014919 -0.865614 0.500490
vn 0.068263 -0.812457 0.579011
vn 0.018551 -0.173616 0.984639
vn 0.020643 -0.198106 0.979963
vn 0.018552 -0.173619 0.984638
vn 0.013234 -0.814286 0.580314
vn -0.025837 -0.831679 0.554655
vn 0.015937 -0.216412 0.976172
vn 0.018551 -0.222480 0.974761
vn 0.020643 -0.246706 0.968871
vn 0.015937 -0.264800 0.964172
vn 0.018552 -0.270794 0.962458
vn 0.020644 -0.294692 0.955369
vn 0.018551 -0.318433 0.947764
vn 0.015937 -0.312533 0.949773
vn 0.020644 -0.341947 0.939492
vn 0.020644 -0.388353 0.921279
vn 0.015937 -0.359485 0.933015
vn 0.018551 -0.365277 0.930714
vn 0.027129 -0.796839 0.603582
vn 0.038297 -0.765483 0.642315
vn 0.066138 -0.824430 0.562087
vn 0.099432 -0.827257 0.552955
vn 0.066716 -0.812542 0.579073
vn -0.000617 -0.814356 0.580365
vn -0.006982 -0.867335 0.497676
vn 0.114601 -0.860773 0.495919
vn 0.015816 -0.809980 0.586244
vn 0.050737 -0.852192 0.520764
vn 0.071599 -0.860688 0.504073
vn 0.018551 -0.411214 0.911350
vn 0.020643 -0.433793 0.900776
vn 0.015938 -0.405546 0.913936
vn 0.020643 -0.478153 0.878034
vn 0.014365 -0.456161 0.889781
vn 0.014367 -0.456164 0.889780
vn 0.020643 -0.521324 0.853109
vn 0.018551 -0.499914 0.865876
vn 0.018551 -0.499915 0.865876
vn 0.018552 -0.542453 0.839881
vn 0.015937 -0.537231 0.843285
vn 0.020644 -0.563199 0.826064
vn 0.018551 -0.583643 0.811798
vn 0.020643 -0.603676 0.796962
vn 0.015937 -0.578598 0.815457
vn 0.020644 -0.642651 0.765881
vn 0.018551 -0.623382 0.781697
vn 0.015937 -0.618526 0.785603
vn 0.018551 -0.661571 0.749653
vn 0.015937 -0.656916 0.753795
vn 0.020644 -0.680027 0.732896
vn 0.015937 -0.693673 0.720114
vn 0.018552 -0.698117 0.715743
vn 0.020644 -0.715714 0.698089
vn 0.020644 -0.749622 0.661544
vn 0.014367 -0.732976 0.680103
vn 0.014367 -0.732977 0.680102
vn 0.018552 -0.765912 0.642678
vn 0.018552 -0.765913 0.642677
vn 0.020644 -0.781665 0.623357
vn 0.014367 -0.797050 0.603742
vn 0.014367 -0.797050 0.603742
vn 0.020644 -0.811765 0.583619
vn 0.014367 -0.853203 0.521382
vn 0.018551 -0.826097 0.563223
vn -0.007655 -0.872207 0.489078
vn 0.018552 -0.826098 0.563222
vn 0.020644 -0.839847 0.542431
vn 0.064333 -0.969338 0.237159
vn 0.007103 -0.935925 0.352128
vn 0.052900 -0.859512 0.508370
vn -0.003259 -0.936695 0.350131
vn 0.028566 -0.972918 0.229379
vn 0.053566 -0.970172 0.236426
vn 0.013256 -0.913127 0.407459
vn 0.007320 -0.892464 0.451058
vn 0.036512 -0.973600 0.225321
vn 0.034252 -0.971508 0.234517
vn -0.014613 -0.936498 0.350368
vn 0.057702 -0.975997 0.210001
vn 0.051662 -0.972151 0.228590
vn 0.045147 -0.917959 0.394098
vn -0.001295 -0.953610 0.301043
vn 0.049162 -0.954785 0.293204
vn 0.000359 -0.916226 0.400661
vn 0.062388 -0.940771 0.333254
vn 0.006561 -0.888716 0.458411
vn 0.006491 -0.866007 0.499990
vn 0.007820 -0.889845 0.456197
vn 0.020787 -0.922883 0.384520
vn 0.009252 -0.932344 0.361454
vn 0.015274 -0.942933 0.332632
vn 0.021123 -0.922749 0.384822
vn 0.019674 -0.922460 0.385592
vn 0.010599 -0.937492 0.347846
vn 0.008676 -0.941071 0.338099
vn 0.047870 -0.936469 0.347467
vn 0.009443 -0.941762 0.336146
vn 0.029612 -0.941391 0.336014
vn 0.011367 -0.948526 0.316494
vn 0.010536 -0.948535 0.316497
vn 0.007921 -0.958440 0.285185
vn 0.018930 -0.955402 0.294702
vn -0.001329 -0.955572 0.294756
vn 0.007921 -0.982072 0.188337
vn 0.006718 -0.973023 0.230609
vn -0.001329 -0.980171 0.198147
vn 0.014717 -0.973935 0.226350
vn 0.018930 -0.979997 0.198110
vn 0.018930 -0.994853 0.099549
vn -0.001329 -0.995030 0.099567
vn 0.014718 -0.991632 0.128253
vn 0.006717 -0.991149 0.132583
vn 0.018845 -0.997523 0.067764
vn 0.012136 -0.996300 0.085079
vn 0.002902 -0.996369 0.085085
vn 0.011922 -0.999230 0.037389
vn 0.009252 -0.998498 0.053993
vn 0.016944 -0.999157 0.037386
vn 0.011922 -0.999230 0.037388
vn 0.005130 -0.999676 0.024931
vn 0.007188 -0.999356 0.035165
vn 0.008085 -0.999958 0.004354
vn 0.009454 -0.999622 0.025834
vn 0.321849 -0.825783 -0.463137
vn 0.322295 -0.836938 -0.442335
vn 0.323813 -0.848063 -0.419444
vn 0.323633 -0.847298 -0.421128
vn 0.321977 -0.822843 -0.468252
vn 0.321977 -0.816941 -0.478475
vn 0.321849 -0.813980 -0.483580
vn 0.321977 -0.810912 -0.488623
vn 0.321977 -0.804757 -0.498695
vn 0.321849 -0.801670 -0.503724
vn 0.321977 -0.798479 -0.508686
vn 0.321977 -0.792076 -0.518601
vn 0.321849 -0.788864 -0.523553
vn 0.321977 -0.785548 -0.528436
vn 0.322853 -0.761510 -0.562021
vn 0.321960 -0.775535 -0.543035
vn 0.323572 -0.669067 -0.669067
vn 0.323686 -0.685510 -0.652152
vn 0.325212 -0.610732 -0.721972
vn 0.321551 -0.540387 -0.777552
vn 0.323464 -0.577593 -0.749504
vn 0.322736 -0.599825 -0.732155
vn 0.321440 -0.513753 -0.795446
vn 0.321775 -0.486971 -0.811985
vn 0.319667 -0.413162 -0.852708
vn 0.322986 -0.434600 -0.840716
vn 0.319527 -0.357156 -0.877691
vn 0.319728 -0.335142 -0.886258
vn 0.319322 -0.312988 -0.894467
vn 0.319264 -0.290598 -0.902011
vn 0.319625 -0.332479 -0.887298
vn 0.318980 -0.245301 -0.915467
vn 0.319485 -0.274851 -0.906855
vn 0.319257 -0.268017 -0.908978
vn 0.319079 -0.199309 -0.926534
vn 0.317744 -0.187350 -0.929483
vn 0.317239 -0.141343 -0.937754
vn 0.317289 -0.143287 -0.937441
vn 0.317425 -0.131590 -0.939109
vn 0.317517 -0.119860 -0.940647
vn 0.317362 -0.094421 -0.943592
vn 0.320273 0.253427 -0.912798
vn 0.320329 0.253570 -0.912738
vn 0.323748 0.097710 -0.941084
vn 0.317785 0.181006 -0.930725
vn 0.314701 0.076199 -0.946127
vn 0.314584 0.133670 -0.939771
vn 0.317417 0.178185 -0.931395
vn 0.316359 0.179192 -0.931561
vn 0.316639 0.074452 -0.945620
vn 0.318660 0.604936 -0.729732
vn 0.320449 0.403529 -0.857016
vn 0.323786 0.458048 -0.827862
vn 0.318092 0.530389 -0.785815
vn 0.316392 0.511731 -0.798766
vn 0.320213 0.403070 -0.857320
vn 0.317749 0.389163 -0.864632
vn 0.313222 0.397137 -0.862656
vn 0.315408 0.507739 -0.801697
vn 0.316156 0.856536 -0.407910
vn 0.312380 0.873321 -0.373803
vn 0.318492 0.905373 -0.280826
vn 0.319672 0.907182 -0.273551
vn 0.323103 0.901158 -0.288996
vn 0.315687 0.905513 -0.283528
vn 0.307763 0.924390 -0.225354
vn 0.314584 0.930106 -0.189578
vn 0.315504 0.929293 -0.192020
vn 0.314970 0.947057 -0.062275
vn 0.318100 0.947442 0.034148
vn 0.316602 0.945601 0.074852
vn 0.317077 0.933987 0.164711
vn 0.315593 0.945028 0.085576
vn 0.321381 0.850170 0.417044
vn 0.321225 0.851363 0.414723
vn 0.315835 0.845373 0.430806
vn 0.320735 0.803486 0.501538
vn 0.319077 0.802972 0.503414
vn 0.314630 0.780677 0.539955
vn 0.306130 0.929082 0.207585
vn 0.308284 0.927067 0.213323
vn 0.311463 0.894600 0.320439
vn 0.307387 0.886756 0.345221
vn 0.317038 0.766099 0.559088
vn 0.300411 0.911435 0.281140
vn 0.304761 0.889923 0.339348
vn 0.310765 0.888109 0.338656
vn 0.309624 0.928462 0.205161
vn 0.307093 0.929263 0.205338
vn 0.319566 0.615843 0.720150
vn 0.318728 0.702383 0.636452
vn 0.318146 0.703069 0.635985
vn 0.312647 0.699318 0.642812
vn 0.309757 0.658214 0.686152
vn 0.309519 0.623246 0.718166
vn 0.313145 0.692936 0.649446
vn 0.311837 0.697713 0.644945
vn 0.324366 0.502607 0.801357
vn 0.322046 0.500503 0.803606
vn 0.316457 0.407322 0.856705
vn 0.322171 0.235494 0.916923
vn 0.316434 0.407256 0.856745
vn 0.315145 0.290452 0.903505
vn 0.319837 0.340021 0.884358
vn 0.317303 0.328046 0.889778
vn 0.319692 0.281583 0.904714
vn 0.321946 0.253854 0.912090
vn 0.318619 0.231533 0.919171
vn 0.318988 -0.072314 0.944996
vn 0.322049 -0.153663 0.934169
vn 0.318763 -0.200952 0.926287
vn 0.320094 -0.216882 0.922227
vn 0.321060 -0.325857 0.889234
vn 0.321799 -0.539839 0.777830
vn 0.322300 -0.533469 0.782006
vn 0.320573 -0.568442 0.757699
vn 0.320646 -0.635812 0.702089
vn 0.321134 -0.588927 0.741646
vn 0.322940 -0.685695 0.652328
vn 0.322277 -0.639269 0.698193
vn 0.323115 -0.691831 0.645729
vn 0.322783 -0.732569 0.599295
vn 0.322709 -0.701805 0.635081
vn 0.323477 -0.747094 0.580700
vn 0.322527 -0.717465 0.617430
vn 0.321877 -0.801662 0.503719
vn 0.322100 -0.788793 0.523505
vn 0.323887 -0.761465 0.561488
vn 0.323215 -0.775185 0.542790
vn 0.324764 -0.763100 0.558755
vn 0.325218 -0.760859 0.561541
vn 0.321877 -0.801663 0.503719
vn 0.324919 -0.800782 0.503165
vn 0.325021 -0.806961 0.493129
vn 0.322011 -0.807839 0.493665
vn 0.321877 -0.813972 0.483575
vn 0.321877 -0.813973 0.483573
vn 0.322011 -0.819898 0.473367
vn 0.321877 -0.825774 0.463133
vn 0.321877 -0.825775 0.463133
vn 0.322011 -0.831443 0.452782
vn 0.321877 -0.837064 0.442402
vn 0.322546 -0.847630 0.421293
vn 0.324105 -0.857386 0.399805
vn 0.323573 -0.855463 0.404331
vn 0.047822 -0.732213 -0.679394
vn -0.005562 -0.753142 -0.657834
vn 0.070862 -0.750983 -0.656508
vn 0.013942 -0.750623 -0.660583
vn 0.068636 -0.660125 -0.748013
vn 0.041886 -0.676589 -0.735169
vn 0.068757 -0.682605 -0.727546
vn 0.012666 -0.684170 -0.729213
vn -0.026882 -0.706324 -0.707378
vn 0.100645 -0.702745 -0.704287
vn 0.049840 -0.732141 -0.679328
vn 0.073407 -0.745339 -0.662632
vn 0.121000 -0.747178 -0.653516
vn -0.008538 -0.753085 -0.657868
vn 0.066995 -0.682687 -0.727633
vn 0.016331 -0.678312 -0.734593
vn 0.065319 -0.696745 -0.714338
vn 0.039046 -0.623015 -0.781235
vn 0.026812 -0.661448 -0.749511
vn -0.001853 -0.684223 -0.729270
vn 0.035149 -0.888981 -0.456594
vn 0.012353 -0.901284 -0.433052
vn 0.011107 -0.900605 -0.434497
vn 0.007980 -0.891232 -0.453478
vn 0.020850 -0.885207 -0.464730
vn 0.006422 -0.888819 -0.458214
vn 0.007148 -0.876787 -0.480826
vn 0.010068 -0.875818 -0.482536
vn 0.006248 -0.866276 -0.499526
vn 0.018151 -0.859990 -0.509988
vn 0.018993 -0.859655 -0.510521
vn 0.013321 -0.841638 -0.539878
vn 0.021020 -0.826056 -0.563196
vn 0.021019 -0.826056 -0.563195
vn 0.013321 -0.810043 -0.586219
vn 0.016915 -0.797018 -0.603719
vn 0.016915 -0.797019 -0.603718
vn 0.013320 -0.783701 -0.620995
vn 0.019310 -0.769893 -0.637881
vn 0.017427 -0.767928 -0.640299
vn 0.019310 -0.737140 -0.675464
vn 0.013320 -0.751773 -0.659288
vn 0.017428 -0.735057 -0.677782
vn 0.019310 -0.702554 -0.711368
vn 0.013321 -0.717976 -0.695941
vn 0.017427 -0.700358 -0.713579
vn 0.019310 -0.666223 -0.745503
vn 0.013321 -0.682394 -0.730864
vn 0.017427 -0.663919 -0.747602
vn 0.013320 -0.645115 -0.763970
vn 0.021019 -0.623352 -0.781659
vn 0.021019 -0.623352 -0.781659
vn 0.016915 -0.583660 -0.811822
vn 0.013321 -0.601264 -0.798939
vn 0.016915 -0.583660 -0.811822
vn 0.013321 -0.565841 -0.824407
vn 0.019310 -0.547670 -0.836471
vn 0.017427 -0.545079 -0.838203
vn 0.013320 -0.524047 -0.851585
vn 0.019310 -0.505293 -0.862732
vn 0.017427 -0.502619 -0.864332
vn 0.019310 -0.461662 -0.886846
vn 0.013320 -0.480946 -0.876649
vn 0.017429 -0.458915 -0.888309
vn 0.013321 -0.436648 -0.899534
vn 0.019310 -0.416883 -0.908755
vn 0.017428 -0.414064 -0.910081
vn 0.013321 -0.391272 -0.920179
vn 0.019311 -0.371068 -0.928405
vn 0.017428 -0.368185 -0.929589
vn 0.019310 -0.324329 -0.945747
vn 0.013321 -0.344916 -0.938539
vn 0.017426 -0.321389 -0.946787
vn 0.013320 -0.297708 -0.954564
vn 0.021020 -0.270778 -0.962412
vn 0.021019 -0.270780 -0.962412
vn 0.013320 -0.243714 -0.969756
vn 0.016914 -0.222489 -0.974788
vn 0.016914 -0.222490 -0.974788
vn 0.013320 -0.201185 -0.979463
vn 0.019310 -0.179750 -0.983523
vn 0.017428 -0.176690 -0.984112
vn 0.013321 -0.152111 -0.988274
vn 0.021020 -0.124315 -0.992020
vn 0.021020 -0.124316 -0.992020
vn 0.013321 -0.096457 -0.995248
vn 0.019311 -0.068500 -0.997464
vn 0.017428 -0.071612 -0.997280
vn 0.013321 -0.046725 -0.998819
vn 0.016914 -0.024932 -0.999546
vn 0.016916 -0.024928 -0.999546
vn 0.019310 0.018696 -0.999639
vn 0.013321 -0.003113 -0.999906
vn 0.017427 0.021812 -0.999610
vn 0.019311 0.068500 -0.997464
vn 0.013321 0.046725 -0.998819
vn 0.017428 0.071612 -0.997280
vn 0.013321 0.096457 -0.995248
vn 0.019310 0.118133 -0.992810
vn 0.017427 0.121232 -0.992471
vn 0.013320 0.145947 -0.989203
vn 0.019310 0.167476 -0.985687
vn 0.017428 0.170553 -0.985194
vn 0.019311 0.216399 -0.976114
vn 0.013321 0.195071 -0.980699
vn 0.017427 0.219451 -0.975468
vn 0.019309 0.264785 -0.964114
vn 0.013320 0.243714 -0.969756
vn 0.017427 0.267797 -0.963318
vn 0.019311 0.312515 -0.949717
vn 0.013320 0.291748 -0.956402
vn 0.017429 0.315483 -0.948771
vn 0.013321 0.339061 -0.940670
vn 0.021019 0.365259 -0.930669
vn 0.021021 0.365260 -0.930668
vn 0.013321 0.391272 -0.920179
vn 0.016915 0.411228 -0.911376
vn 0.016915 0.411228 -0.911376
vn 0.013321 0.431037 -0.902236
vn 0.019309 0.450570 -0.892532
vn 0.017428 0.453364 -0.891155
vn 0.013321 0.475472 -0.879630
vn 0.021020 0.499890 -0.865834
vn 0.021019 0.499889 -0.865834
vn 0.013320 0.524047 -0.851585
vn 0.016913 0.542466 -0.839907
vn 0.016915 0.542469 -0.839905
vn 0.013321 0.560694 -0.827916
vn 0.019310 0.578564 -0.815409
vn 0.017428 0.581122 -0.813630
vn 0.013321 0.601264 -0.798939
vn 0.019310 0.618489 -0.785556
vn 0.017427 0.620956 -0.783652
vn 0.019310 0.656877 -0.753751
vn 0.013321 0.640340 -0.767977
vn 0.017427 0.659246 -0.751725
vn 0.019310 0.693632 -0.720071
vn 0.013321 0.677824 -0.735103
vn 0.017427 0.695897 -0.717930
vn 0.019310 0.728662 -0.684601
vn 0.013320 0.713624 -0.700402
vn 0.017427 0.730817 -0.682351
vn 0.013320 0.747649 -0.663961
vn 0.019310 0.761881 -0.647430
vn 0.017427 0.763921 -0.645074
vn 0.013320 0.779815 -0.625869
vn 0.019310 0.793206 -0.608648
vn 0.017428 0.795126 -0.606194
vn 0.013321 0.810043 -0.586219
vn 0.019310 0.822558 -0.568353
vn 0.017427 0.824354 -0.565806
vn 0.013320 0.838256 -0.545113
vn 0.021020 0.853102 -0.521320
vn 0.021018 0.853101 -0.521322
vn 0.013321 0.867503 -0.497254
vn 0.016914 0.878096 -0.478186
vn 0.016916 0.878098 -0.478182
vn 0.013320 0.888365 -0.458944
vn 0.021020 0.900771 -0.433786
vn 0.021019 0.900770 -0.433788
vn 0.013320 0.912702 -0.408408
vn 0.016916 0.921345 -0.388378
vn 0.016914 0.921343 -0.388381
vn 0.019311 0.937367 -0.347807
vn 0.013322 0.929648 -0.368208
vn 0.017428 0.938480 -0.344894
vn 0.013321 0.946847 -0.321409
vn 0.019310 0.953539 -0.300650
vn 0.017429 0.954504 -0.297689
vn 0.013321 0.961691 -0.273813
vn 0.021020 0.968863 -0.246702
vn 0.021018 0.968863 -0.246704
vn 0.013320 0.975529 -0.219465
vn 0.016915 0.980032 -0.198117
vn 0.016915 0.980032 -0.198117
vn 0.013321 0.984174 -0.176701
vn 0.021020 0.988612 -0.149009
vn 0.021019 0.988612 -0.149010
vn 0.013322 0.992534 -0.121239
vn 0.016916 0.994889 -0.099550
vn 0.016914 0.994888 -0.099556
vn 0.013319 0.996877 -0.077832
vn 0.019309 0.998241 -0.056060
vn 0.017428 0.998445 -0.052952
vn 0.013321 0.999518 -0.028044
vn 0.019311 0.999794 -0.006232
vn 0.017426 0.999843 -0.003113
vn 0.013320 0.999673 0.021814
vn 0.019309 0.998862 0.043611
vn 0.017429 0.998756 0.046722
vn 0.019311 0.995446 0.093347
vn 0.013321 0.997343 0.071617
vn 0.017429 0.995185 0.096451
vn 0.019311 0.989556 0.142849
vn 0.013322 0.992534 0.121239
vn 0.017429 0.989140 0.145938
vn 0.013321 0.985256 0.170564
vn 0.021020 0.979956 0.198104
vn 0.021019 0.979956 0.198102
vn 0.013321 0.974144 0.225535
vn 0.019310 0.967340 0.252747
vn 0.017429 0.968156 0.249741
vn 0.013321 0.961691 0.273813
vn 0.016916 0.955437 0.294712
vn 0.016915 0.955436 0.294713
vn 0.013321 0.948831 0.315503
vn 0.021021 0.939485 0.341946
vn 0.021019 0.939485 0.341944
vn 0.013322 0.929648 0.368208
vn 0.016915 0.921345 0.388378
vn 0.016917 0.921343 0.388381
vn 0.019310 0.903487 0.428179
vn 0.013320 0.912702 0.408408
vn 0.017426 0.902179 0.431009
vn 0.019310 0.881021 0.472682
vn 0.013320 0.891212 0.453392
vn 0.017428 0.879574 0.475442
vn 0.013321 0.867503 0.497254
vn 0.021020 0.853101 0.521322
vn 0.021019 0.853102 0.521320
vn 0.013320 0.838256 0.545113
vn 0.016914 0.826120 0.563240
vn 0.016915 0.826121 0.563239
vn 0.013320 0.813681 0.581158
vn 0.021019 0.796957 0.603671
vn 0.021019 0.796957 0.603671
vn 0.013320 0.779815 0.625869
vn 0.016915 0.765935 0.642696
vn 0.016914 0.765935 0.642695
vn 0.013320 0.751773 0.659288
vn 0.019310 0.737140 0.675464
vn 0.017428 0.735057 0.677782
vn 0.019310 0.702554 0.711368
vn 0.013321 0.717976 0.695941
vn 0.017427 0.700358 0.713579
vn 0.013321 0.682394 0.730864
vn 0.021020 0.661540 0.749615
vn 0.021019 0.661540 0.749615
vn 0.013321 0.640340 0.767977
vn 0.016915 0.623401 0.781719
vn 0.016914 0.623402 0.781719
vn 0.019310 0.588683 0.808133
vn 0.013320 0.606232 0.795176
vn 0.017428 0.586182 0.809992
vn 0.013321 0.565841 0.824407
vn 0.019310 0.547670 0.836471
vn 0.017427 0.545079 0.838203
vn 0.019310 0.505293 0.862732
vn 0.013320 0.524047 0.851585
vn 0.017427 0.502619 0.864332
vn 0.013320 0.480946 0.876649
vn 0.021019 0.456110 0.889675
vn 0.021019 0.456110 0.889675
vn 0.013321 0.431037 0.902236
vn 0.016915 0.411228 0.911376
vn 0.016915 0.411228 0.911376
vn 0.019311 0.371068 0.928405
vn 0.013321 0.391272 0.920179
vn 0.017428 0.368185 0.929589
vn 0.013321 0.344916 0.938539
vn 0.021019 0.318417 0.947718
vn 0.021020 0.318416 0.947718
vn 0.013320 0.291748 0.956402
vn 0.016915 0.270801 0.962487
vn 0.016914 0.270802 0.962487
vn 0.013320 0.249756 0.968217
vn 0.019310 0.228551 0.973340
vn 0.017426 0.225521 0.974082
vn 0.068636 -0.660125 0.748013
vn 0.013320 0.201185 0.979463
vn 0.019310 0.179750 0.983523
vn 0.017428 0.176690 0.984112
vn 0.013321 0.152111 0.988274
vn 0.019311 0.130501 0.991260
vn 0.017428 0.127415 0.991696
vn 0.070862 -0.750983 0.656508
vn 0.047822 -0.732213 0.679394
vn 0.041886 -0.676589 0.735168
vn 0.068757 -0.682605 0.727546
vn 0.013942 -0.750623 0.660583
vn -0.005562 -0.753142 0.657834
vn 0.013321 0.102657 0.994628
vn 0.019310 0.080930 0.996533
vn 0.017427 0.077827 0.996814
vn -0.026882 -0.706324 0.707378
vn 0.012666 -0.684170 0.729213
vn 0.013321 0.052956 0.998508
vn 0.019311 0.031156 0.999328
vn 0.017429 0.028043 0.999455
vn 0.013321 0.003113 0.999906
vn 0.019310 -0.018696 0.999639
vn 0.017427 -0.021812 0.999610
vn 0.019311 -0.068500 0.997464
vn 0.013321 -0.046725 0.998819
vn 0.017428 -0.071612 0.997280
vn 0.013321 -0.096457 0.995248
vn 0.021020 -0.124315 0.992020
vn 0.021020 -0.124316 0.992020
vn 0.065319 -0.696745 0.714338
vn 0.026812 -0.661448 0.749511
vn 0.039046 -0.623015 0.781235
vn 0.016331 -0.678312 0.734593
vn -0.008538 -0.753085 0.657868
vn 0.121000 -0.747178 0.653516
vn 0.066995 -0.682687 0.727633
vn -0.001853 -0.684223 0.729270
vn 0.073407 -0.745339 0.662632
vn 0.100645 -0.702745 0.704287
vn 0.049840 -0.732141 0.679328
vn 0.016915 -0.173624 0.984667
vn 0.013321 -0.152111 0.988274
vn 0.016915 -0.173624 0.984667
vn 0.019311 -0.216399 0.976114
vn 0.013321 -0.195071 0.980699
vn 0.017427 -0.219451 0.975468
vn 0.019309 -0.264785 0.964114
vn 0.013320 -0.243714 0.969756
vn 0.017427 -0.267797 0.963318
vn 0.019311 -0.312515 0.949717
vn 0.013320 -0.291748 0.956402
vn 0.017429 -0.315483 0.948771
vn 0.019310 -0.359464 0.932959
vn 0.013321 -0.339061 0.940670
vn 0.017428 -0.362382 0.931867
vn 0.013321 -0.385527 0.922600
vn 0.019310 -0.405522 0.913881
vn 0.017428 -0.408382 0.912645
vn 0.013321 -0.431037 0.902236
vn 0.021019 -0.456110 0.889675
vn 0.021019 -0.456110 0.889675
vn 0.013320 -0.480946 0.876649
vn 0.016916 -0.499929 0.865901
vn 0.016914 -0.499925 0.865903
vn 0.019311 -0.537199 0.843235
vn 0.013322 -0.518727 0.854836
vn 0.017428 -0.539844 0.841585
vn 0.013321 -0.560694 0.827916
vn 0.019310 -0.578564 0.815409
vn 0.017428 -0.581122 0.813630
vn 0.013321 -0.601264 0.798939
vn 0.019310 -0.618489 0.785556
vn 0.017427 -0.620956 0.783652
vn 0.013321 -0.640340 0.767977
vn 0.019310 -0.656877 0.753751
vn 0.017427 -0.659246 0.751725
vn 0.013321 -0.677824 0.735103
vn 0.019310 -0.693632 0.720071
vn 0.017427 -0.695897 0.717930
vn 0.013320 -0.713624 0.700402
vn 0.021019 -0.732890 0.680023
vn 0.021019 -0.732890 0.680023
vn 0.013320 -0.751773 0.659288
vn 0.016914 -0.765935 0.642696
vn 0.016915 -0.765935 0.642695
vn 0.013320 -0.779815 0.625869
vn 0.021019 -0.796957 0.603671
vn 0.021019 -0.796957 0.603671
vn 0.013320 -0.813681 0.581158
vn 0.016914 -0.826120 0.563240
vn 0.016915 -0.826121 0.563239
vn 0.023012 -0.856834 0.515078
vn 0.013320 -0.838256 0.545113
vn 0.019296 -0.858178 0.512990
vn 0.006248 -0.866276 0.499526
vn 0.006422 -0.888819 0.458214
vn 0.007148 -0.876787 0.480826
vn 0.010068 -0.875818 0.482536
vn 0.011107 -0.900605 0.434497
vn 0.007980 -0.891232 0.453478
vn 0.012353 -0.901284 0.433052
vn 0.035149 -0.888981 0.456594
vn 0.020850 -0.885207 0.464730
vn 0.327096 -0.901254 -0.284164
vn 0.326261 -0.882072 -0.339857
vn 0.326356 -0.886209 -0.328825
vn 0.326488 -0.890198 -0.317733
vn 0.326201 -0.877785 -0.350836
vn 0.326177 -0.873351 -0.361754
vn 0.329270 -0.919235 -0.215843
vn 0.328404 -0.913858 -0.238775
vn 0.328820 -0.916624 -0.227328
vn 0.329755 -0.921688 -0.204334
vn 0.326857 -0.897719 -0.295407
vn 0.326655 -0.894034 -0.306594
vn 0.328024 -0.910939 -0.250180
vn 0.327679 -0.907864 -0.261553
vn 0.326428 -0.908130 -0.262193
vn 0.327370 -0.904637 -0.272875
vn 0.325732 -0.847891 -0.418306
vn 0.325609 -0.821763 -0.467637
vn 0.325294 -0.842497 -0.429398
vn 0.328040 -0.855243 -0.401185
vn 0.324510 -0.804022 -0.498239
vn 0.325323 -0.815953 -0.477896
vn 0.325633 -0.819125 -0.472225
vn 0.324087 -0.791473 -0.518206
vn 0.324022 -0.784969 -0.528047
vn 0.324250 -0.797825 -0.508269
vn 0.324868 -0.810066 -0.488113
vn 0.323570 -0.701587 -0.634884
vn 0.323902 -0.696530 -0.640260
vn 0.323232 -0.758533 -0.565817
vn 0.323948 -0.761821 -0.560970
vn 0.322693 -0.732593 -0.599314
vn 0.322818 -0.747272 -0.580838
vn 0.322944 -0.717358 -0.617337
vn 0.322820 -0.265103 -0.908574
vn 0.323899 -0.319200 -0.890618
vn 0.323542 -0.222607 -0.919656
vn 0.323504 -0.222983 -0.919578
vn 0.320172 -0.195626 -0.926941
vn 0.321277 -0.166474 -0.932238
vn 0.321270 -0.143085 -0.936116
vn 0.324524 -0.132917 -0.936492
vn 0.324036 -0.156551 -0.933002
vn 0.322686 -0.056627 -0.944811
vn 0.321356 -0.135821 -0.937168
vn 0.324264 -0.125839 -0.937559
vn 0.321114 -0.119710 -0.939444
vn 0.321236 -0.131410 -0.937837
vn 0.323841 0.104693 -0.940301
vn 0.323616 0.097261 -0.941176
vn 0.321284 -0.051799 -0.945565
vn 0.320885 -0.054334 -0.945558
vn 0.317991 -0.047258 -0.946915
vn 0.317079 0.000000 -0.948399
vn 0.318514 -0.056058 -0.946259
vn 0.317836 0.061145 -0.946172
vn 0.320836 0.063145 -0.945027
vn 0.323896 0.458442 -0.827600
vn 0.320446 0.608657 -0.725845
vn 0.322200 0.706115 -0.630547
vn 0.319212 0.716872 -0.619837
vn 0.322617 0.706998 -0.629343
vn 0.322299 0.767277 -0.554446
vn 0.324068 0.773126 -0.545212
vn 0.322947 0.768259 -0.552706
vn 0.318490 0.784351 -0.532314
vn 0.316103 0.856501 -0.408026
vn 0.320001 0.807534 -0.495468
vn 0.317030 0.859405 -0.401143
vn 0.322868 0.916258 -0.237125
vn 0.318594 0.905425 -0.280541
vn 0.323452 0.886741 -0.330256
vn 0.320259 0.936317 -0.144033
vn 0.319288 0.936717 -0.143581
vn 0.315133 0.947039 -0.061712
vn 0.322841 0.945543 -0.041505
vn 0.317078 0.947617 -0.038517
vn 0.323225 0.938397 -0.122218
vn 0.321080 0.934365 -0.154499
vn 0.322940 0.945227 0.047492
vn 0.321513 0.940990 0.105673
vn 0.322774 0.945193 0.049258
vn 0.321893 0.935912 0.143016
vn 0.318168 0.928305 0.192402
vn 0.320307 0.929612 0.182279
vn 0.320571 0.889999 0.324246
vn 0.317222 0.899804 0.299537
vn 0.317482 0.927335 0.198127
vn 0.322816 0.780850 0.534849
vn 0.320461 0.760315 0.565001
vn 0.320171 0.706748 0.630871
vn 0.323226 0.716053 0.618702
vn 0.321674 0.703485 0.633747
vn 0.324023 0.460097 0.826631
vn 0.323226 0.390949 0.861791
vn 0.318458 0.515205 0.795706
vn 0.316303 0.606916 0.729113
vn 0.316497 0.606260 0.729574
vn 0.311682 0.586121 0.747874
vn 0.307812 0.562921 0.767054
vn 0.312352 0.475522 0.822384
vn 0.311422 0.586424 0.747746
vn 0.322191 0.142908 0.935826
vn 0.318860 0.069090 0.945280
vn 0.319452 0.065518 0.945335
vn 0.321544 0.038892 0.946095
vn 0.323519 -0.025938 0.945866
vn 0.322466 -0.057585 0.944828
vn 0.324675 -0.231118 0.917154
vn 0.323584 -0.305994 0.895355
vn 0.326470 -0.395543 0.858466
vn 0.325191 -0.431840 0.841288
vn 0.325972 -0.487378 0.810065
vn 0.320778 -0.529396 0.785393
vn 0.323218 -0.632654 0.703760
vn 0.322748 -0.551198 0.769425
vn 0.323696 -0.614028 0.719854
vn 0.323189 -0.588491 0.741098
vn 0.325001 -0.813055 0.483028
vn 0.324447 -0.825009 0.462704
vn 0.324289 -0.830760 0.452410
vn 0.324685 -0.819107 0.472910
vn 0.325125 -0.811194 0.486064
vn 0.331252 -0.838288 0.433065
vn 0.324121 -0.840486 0.434199
vn 0.331837 -0.840785 0.427744
vn 0.324029 -0.843201 0.428972
vn 0.323904 -0.845893 0.423735
vn 0.327207 -0.824178 0.462240
vn 0.323175 -0.856932 0.401528
vn 0.329507 -0.876720 0.350410
vn 0.330993 -0.880536 0.339265
vn 0.332686 -0.884137 0.328057
vn 0.334588 -0.887526 0.316779
vn 0.332453 -0.843240 0.422400
vn 0.336694 -0.890695 0.305449
vn 0.339004 -0.893645 0.294067
vn 0.326376 -0.880977 0.342576
vn 0.341516 -0.896376 0.282626
vn 0.071341 -0.606802 -0.791645
vn 0.048078 -0.583069 -0.810999
vn -0.006595 -0.608453 -0.793563
vn 0.013642 -0.605380 -0.795820
vn 0.068622 -0.498821 -0.863984
vn 0.041695 -0.517780 -0.854497
vn 0.068922 -0.525295 -0.848124
vn -0.027232 -0.552564 -0.833025
vn 0.012475 -0.526507 -0.850079
vn -0.009061 -0.608423 -0.793561
vn 0.074004 -0.599915 -0.796634
vn 0.123196 -0.603650 -0.787674
vn 0.101051 -0.549842 -0.829133
vn 0.067090 -0.525363 -0.848229
vn 0.006425 -0.551811 -0.833944
vn 0.034496 -0.526236 -0.849638
vn 0.088990 -0.581427 -0.808717
vn 0.033850 -0.542237 -0.839544
vn 0.039302 -0.455859 -0.889184
vn 0.026709 -0.499820 -0.865717
vn 0.032114 -0.503204 -0.863571
vn 0.029798 -0.503240 -0.863633
vn 0.005723 -0.840012 -0.542538
vn 0.009652 -0.841673 -0.539901
vn 0.007298 -0.855294 -0.518092
vn 0.008371 -0.854442 -0.519479
vn 0.005723 -0.811925 -0.583733
vn 0.004004 -0.826232 -0.563316
vn 0.010355 -0.826195 -0.563289
vn 0.004003 -0.826232 -0.563315
vn 0.009653 -0.810077 -0.586244
vn 0.005723 -0.781818 -0.623480
vn 0.008150 -0.797106 -0.603785
vn 0.007656 -0.797109 -0.603787
vn 0.009653 -0.783734 -0.621021
vn 0.007656 -0.797109 -0.603787
vn 0.005723 -0.749769 -0.661675
vn 0.008908 -0.770999 -0.636774
vn 0.007370 -0.768024 -0.640379
vn 0.009653 -0.751805 -0.659315
vn 0.005573 -0.771018 -0.636789
vn 0.005723 -0.715855 -0.698225
vn 0.009653 -0.718006 -0.695970
vn 0.008908 -0.738300 -0.674414
vn 0.007370 -0.735148 -0.677866
vn 0.005573 -0.738318 -0.674430
vn 0.005723 -0.680162 -0.733040
vn 0.008908 -0.703766 -0.710376
vn 0.009653 -0.682422 -0.730894
vn 0.005573 -0.703782 -0.710394
vn 0.007371 -0.700445 -0.713668
vn 0.005723 -0.642777 -0.766032
vn 0.008908 -0.667481 -0.744573
vn 0.005573 -0.667497 -0.744591
vn 0.007370 -0.664002 -0.747695
vn 0.009653 -0.645142 -0.764002
vn 0.005723 -0.603795 -0.797119
vn 0.010355 -0.623456 -0.781790
vn 0.004004 -0.623485 -0.781825
vn 0.004004 -0.623485 -0.781825
vn 0.009653 -0.601289 -0.798973
vn 0.005723 -0.563310 -0.826226
vn 0.008150 -0.583724 -0.811911
vn 0.007656 -0.583726 -0.811914
vn 0.007656 -0.583726 -0.811914
vn 0.009653 -0.565865 -0.824441
vn 0.007371 -0.545147 -0.838308
vn 0.005723 -0.521428 -0.853276
vn 0.008908 -0.549053 -0.835740
vn 0.005574 -0.549067 -0.835760
vn 0.009653 -0.524069 -0.851621
vn 0.005573 -0.506724 -0.862091
vn 0.007370 -0.502682 -0.864440
vn 0.009653 -0.480966 -0.876686
vn 0.005723 -0.478246 -0.878207
vn 0.008908 -0.506711 -0.862070
vn 0.007370 -0.458972 -0.888420
vn 0.009653 -0.436667 -0.899571
vn 0.005723 -0.433877 -0.900954
vn 0.005573 -0.463124 -0.886276
vn 0.008908 -0.463113 -0.886254
vn 0.007370 -0.414115 -0.910195
vn 0.009653 -0.391288 -0.920217
vn 0.005723 -0.388428 -0.921461
vn 0.005574 -0.418370 -0.908260
vn 0.008908 -0.418360 -0.908238
vn 0.007370 -0.368230 -0.929705
vn 0.009652 -0.344930 -0.938579
vn 0.005573 -0.372576 -0.927985
vn 0.005723 -0.342013 -0.939678
vn 0.008908 -0.372568 -0.927962
vn 0.008908 -0.325850 -0.945379
vn 0.005573 -0.325858 -0.945402
vn 0.009653 -0.297721 -0.954604
vn 0.004002 -0.270836 -0.962617
vn 0.005723 -0.294750 -0.955557
vn 0.007371 -0.321429 -0.946905
vn 0.004003 -0.270838 -0.962617
vn 0.010355 -0.270825 -0.962573
vn 0.009653 -0.243724 -0.969797
vn 0.005723 -0.246754 -0.969061
vn 0.007656 -0.222515 -0.974899
vn 0.008150 -0.222516 -0.974895
vn 0.007657 -0.222517 -0.974899
vn 0.005723 -0.198143 -0.980156
vn 0.009653 -0.201193 -0.979504
vn 0.008908 -0.181308 -0.983386
vn 0.005573 -0.181312 -0.983410
vn 0.005723 -0.149040 -0.988815
vn 0.007370 -0.176712 -0.984235
vn 0.009652 -0.152117 -0.988315
vn 0.004003 -0.124342 -0.992231
vn 0.004003 -0.124342 -0.992231
vn 0.005723 -0.099566 -0.995014
vn 0.010355 -0.124337 -0.992186
vn 0.009652 -0.096461 -0.995290
vn 0.007370 -0.071621 -0.997405
vn 0.005572 -0.066957 -0.997740
vn 0.005723 -0.049844 -0.998741
vn 0.008908 -0.066955 -0.997716
vn 0.009653 -0.046727 -0.998861
vn 0.007656 -0.024931 -0.999660
vn 0.005723 0.000000 -0.999984
vn 0.008150 -0.024930 -0.999656
vn 0.007655 -0.024935 -0.999660
vn 0.009652 -0.003114 -0.999949
vn 0.005573 0.017141 -0.999838
vn 0.005723 0.049844 -0.998741
vn 0.008908 0.017141 -0.999813
vn 0.007370 0.021815 -0.999735
vn 0.009653 0.046727 -0.998861
vn 0.007370 0.071621 -0.997405
vn 0.008908 0.066955 -0.997716
vn 0.005723 0.099566 -0.995014
vn 0.005572 0.066957 -0.997740
vn 0.009652 0.096461 -0.995290
vn 0.009652 0.145953 -0.989244
vn 0.008908 0.116604 -0.993139
vn 0.005573 0.116607 -0.993163
vn 0.005723 0.149040 -0.988815
vn 0.007370 0.121247 -0.992595
vn 0.008908 0.165962 -0.986092
vn 0.005723 0.198143 -0.980156
vn 0.005573 0.165966 -0.986116
vn 0.007371 0.170575 -0.985317
vn 0.009653 0.195080 -0.980740
vn 0.009653 0.243724 -0.969797
vn 0.007371 0.219479 -0.975589
vn 0.008908 0.214911 -0.976593
vn 0.005723 0.246754 -0.969061
vn 0.005573 0.214916 -0.976617
vn 0.009652 0.291761 -0.956443
vn 0.007370 0.267830 -0.963438
vn 0.005573 0.263327 -0.964690
vn 0.005723 0.294750 -0.955557
vn 0.008908 0.263321 -0.964667
vn 0.009653 0.339076 -0.940710
vn 0.004004 0.365336 -0.930867
vn 0.007370 0.315523 -0.948889
vn 0.008908 0.311079 -0.950342
vn 0.005723 0.342013 -0.939678
vn 0.005573 0.311086 -0.950365
vn 0.004003 0.365338 -0.930866
vn 0.009653 0.391288 -0.920217
vn 0.007656 0.411275 -0.911479
vn 0.010355 0.365321 -0.930824
vn 0.005723 0.388428 -0.921461
vn 0.009653 0.431055 -0.902274
vn 0.007656 0.411275 -0.911479
vn 0.008150 0.411273 -0.911476
vn 0.005723 0.433877 -0.900954
vn 0.005574 0.449258 -0.893385
vn 0.007369 0.453420 -0.891266
vn 0.009652 0.475492 -0.879667
vn 0.008908 0.449247 -0.893363
vn 0.005723 0.478246 -0.878207
vn 0.004003 0.499995 -0.866019
vn 0.004003 0.499996 -0.866018
vn 0.009653 0.524069 -0.851621
vn 0.007656 0.542528 -0.840003
vn 0.010355 0.499972 -0.865979
vn 0.005723 0.521428 -0.853276
vn 0.009653 0.560717 -0.827951
vn 0.005723 0.563310 -0.826226
vn 0.007656 0.542530 -0.840001
vn 0.008150 0.542528 -0.839998
vn 0.005573 0.577391 -0.816449
vn 0.007370 0.581194 -0.813732
vn 0.009653 0.601289 -0.798973
vn 0.005723 0.603795 -0.797119
vn 0.008908 0.577377 -0.816429
vn 0.005573 0.617370 -0.786653
vn 0.007370 0.621033 -0.783749
vn 0.009653 0.640366 -0.768009
vn 0.005723 0.642777 -0.766032
vn 0.008908 0.617355 -0.786634
vn 0.009653 0.677853 -0.735134
vn 0.005723 0.680162 -0.733040
vn 0.005573 0.655813 -0.754903
vn 0.008908 0.655797 -0.754884
vn 0.007371 0.659328 -0.751819
vn 0.008908 0.692611 -0.721257
vn 0.005573 0.692627 -0.721274
vn 0.005723 0.715855 -0.698225
vn 0.007370 0.695983 -0.718020
vn 0.009653 0.713654 -0.700432
vn 0.009653 0.747680 -0.663989
vn 0.005723 0.749769 -0.661675
vn 0.008908 0.727701 -0.685836
vn 0.007370 0.730909 -0.682436
vn 0.005573 0.727719 -0.685853
vn 0.008908 0.760983 -0.648711
vn 0.005723 0.781818 -0.623480
vn 0.007370 0.764017 -0.645154
vn 0.005573 0.761001 -0.648727
vn 0.009653 0.779848 -0.625895
vn 0.005723 0.811925 -0.583733
vn 0.007370 0.795225 -0.606269
vn 0.005573 0.792391 -0.609988
vn 0.008908 0.792372 -0.609973
vn 0.009653 0.810077 -0.586244
vn 0.008908 0.821792 -0.569718
vn 0.005723 0.840012 -0.542538
vn 0.005573 0.821811 -0.569732
vn 0.007371 0.824457 -0.565876
vn 0.009653 0.838292 -0.545136
vn 0.004004 0.853284 -0.521430
vn 0.005723 0.866011 -0.499992
vn 0.010355 0.853246 -0.521407
vn 0.004002 0.853283 -0.521433
vn 0.009652 0.867539 -0.497275
vn 0.005723 0.889857 -0.456203
vn 0.007655 0.878196 -0.478241
vn 0.008150 0.878192 -0.478239
vn 0.009653 0.888403 -0.458963
vn 0.007657 0.878197 -0.478237
vn 0.009653 0.912741 -0.408425
vn 0.007656 0.921448 -0.388426
vn 0.005723 0.911491 -0.411279
vn 0.004003 0.900962 -0.433880
vn 0.004004 0.900962 -0.433879
vn 0.010355 0.900921 -0.433860
vn 0.008150 0.921445 -0.388423
vn 0.009652 0.929687 -0.368223
vn 0.007655 0.921449 -0.388424
vn 0.005723 0.930858 -0.365335
vn 0.009653 0.946887 -0.321422
vn 0.005723 0.947912 -0.318481
vn 0.007370 0.938597 -0.344937
vn 0.008908 0.936962 -0.349318
vn 0.005573 0.936985 -0.349326
vn 0.005574 0.953233 -0.302186
vn 0.007369 0.954623 -0.297727
vn 0.008908 0.953210 -0.302179
vn 0.009652 0.961731 -0.273825
vn 0.005723 0.962608 -0.270837
vn 0.004003 0.969069 -0.246756
vn 0.010355 0.969025 -0.246744
vn 0.009653 0.975570 -0.219474
vn 0.007655 0.980144 -0.198140
vn 0.005723 0.974912 -0.222518
vn 0.004004 0.969070 -0.246755
vn 0.007655 0.980144 -0.198139
vn 0.008151 0.980140 -0.198139
vn 0.009652 0.984216 -0.176708
vn 0.005723 0.984792 -0.173644
vn 0.004003 0.988823 -0.149041
vn 0.010355 0.988778 -0.149034
vn 0.009652 0.992576 -0.121244
vn 0.004002 0.988823 -0.149041
vn 0.005723 0.992223 -0.124343
vn 0.007655 0.995002 -0.099566
vn 0.008151 0.994998 -0.099565
vn 0.007657 0.995002 -0.099561
vn 0.009653 0.996919 -0.077835
vn 0.005723 0.997188 -0.074728
vn 0.005573 0.998323 -0.057626
vn 0.008908 0.998299 -0.057625
vn 0.009653 0.999560 -0.028046
vn 0.007370 0.998569 -0.052959
vn 0.005723 0.999673 -0.024931
vn 0.005573 0.999954 -0.007791
vn 0.008908 0.999930 -0.007790
vn 0.007371 0.999968 -0.003114
vn 0.009653 0.999715 0.021815
vn 0.005723 0.999673 0.024931
vn 0.009653 0.997385 0.071620
vn 0.005574 0.999100 0.042061
vn 0.008908 0.999075 0.042060
vn 0.007370 0.998880 0.046728
vn 0.005723 0.997188 0.074728
vn 0.008908 0.995737 0.091810
vn 0.005573 0.995761 0.091812
vn 0.009652 0.992576 0.121244
vn 0.007370 0.995309 0.096463
vn 0.005723 0.992223 0.124343
vn 0.007370 0.989264 0.145956
vn 0.008908 0.989923 0.141327
vn 0.005572 0.989947 0.141330
vn 0.009652 0.985298 0.170571
vn 0.005723 0.984792 0.173644
vn 0.004003 0.980165 0.198145
vn 0.010355 0.980120 0.198136
vn 0.004004 0.980164 0.198146
vn 0.005723 0.974912 0.222518
vn 0.009652 0.974185 0.225545
vn 0.007369 0.968277 0.249772
vn 0.009652 0.961731 0.273825
vn 0.008908 0.967087 0.254290
vn 0.005573 0.967110 0.254296
vn 0.005723 0.962608 0.270837
vn 0.007655 0.955545 0.294747
vn 0.008150 0.955541 0.294745
vn 0.007655 0.955545 0.294747
vn 0.005723 0.947912 0.318481
vn 0.009652 0.948871 0.315517
vn 0.007655 0.921448 0.388426
vn 0.009652 0.929687 0.368223
vn 0.010354 0.939642 0.342001
vn 0.004003 0.939685 0.342017
vn 0.005723 0.930858 0.365335
vn 0.004003 0.939685 0.342017
vn 0.009653 0.912741 0.408425
vn 0.005723 0.911491 0.411279
vn 0.007656 0.921449 0.388424
vn 0.008150 0.921445 0.388423
vn 0.005573 0.904308 0.426844
vn 0.007371 0.902292 0.431063
vn 0.009653 0.891249 0.453411
vn 0.008908 0.904286 0.426834
vn 0.005723 0.889857 0.456203
vn 0.005573 0.881908 0.471389
vn 0.007370 0.879684 0.475502
vn 0.009652 0.867539 0.497275
vn 0.004002 0.853283 0.521433
vn 0.008908 0.881886 0.471378
vn 0.005723 0.866011 0.499992
vn 0.009653 0.838292 0.545136
vn 0.004004 0.853284 0.521430
vn 0.010355 0.853246 0.521407
vn 0.005723 0.840012 0.542538
vn 0.007656 0.826214 0.563304
vn 0.007656 0.826215 0.563303
vn 0.009653 0.813716 0.581183
vn 0.008150 0.826211 0.563302
vn 0.005723 0.811925 0.583733
vn 0.004003 0.797126 0.603799
vn 0.009653 0.779848 0.625895
vn 0.004003 0.797126 0.603800
vn 0.010355 0.797090 0.603772
vn 0.005723 0.781818 0.623480
vn 0.007656 0.766022 0.642769
vn 0.007656 0.766023 0.642768
vn 0.009653 0.751805 0.659315
vn 0.008150 0.766019 0.642766
vn 0.005723 0.749769 0.661675
vn 0.007370 0.735148 0.677866
vn 0.009653 0.718006 0.695970
vn 0.005573 0.738318 0.674430
vn 0.008908 0.738300 0.674414
vn 0.005723 0.715855 0.698225
vn 0.009653 0.682422 0.730894
vn 0.007371 0.700445 0.713668
vn 0.005573 0.703782 0.710394
vn 0.008908 0.703766 0.710376
vn 0.005723 0.680162 0.733040
vn 0.004003 0.661680 0.749775
vn 0.009653 0.640366 0.768009
vn 0.010355 0.661650 0.749741
vn 0.004003 0.661681 0.749775
vn 0.005723 0.642777 0.766032
vn 0.007656 0.623473 0.781808
vn 0.007656 0.623472 0.781808
vn 0.009653 0.606257 0.795210
vn 0.008150 0.623469 0.781805
vn 0.005723 0.603795 0.797119
vn 0.005573 0.590043 0.807353
vn 0.009653 0.565865 0.824441
vn 0.008908 0.590029 0.807333
vn 0.007370 0.586255 0.810093
vn 0.005723 0.563310 0.826226
vn 0.005574 0.549067 0.835760
vn 0.007371 0.545147 0.838308
vn 0.008908 0.549053 0.835740
vn 0.009653 0.524069 0.851621
vn 0.005723 0.521428 0.853276
vn 0.009653 0.480966 0.876686
vn 0.007370 0.502682 0.864440
vn 0.005573 0.506724 0.862091
vn 0.008908 0.506711 0.862070
vn 0.004003 0.456207 0.889865
vn 0.005723 0.478246 0.878207
vn 0.004004 0.456208 0.889864
vn 0.010355 0.456187 0.889824
vn 0.009653 0.431055 0.902274
vn 0.007656 0.411275 0.911479
vn 0.005723 0.433877 0.900954
vn 0.068622 -0.498821 0.863984
vn 0.007656 0.411275 0.911479
vn 0.008150 0.411273 0.911476
vn 0.009653 0.391288 0.920217
vn 0.005723 0.388428 0.921461
vn 0.005573 0.372576 0.927985
vn 0.009652 0.344930 0.938579
vn 0.008908 0.372568 0.927962
vn 0.007370 0.368230 0.929705
vn 0.005723 0.342013 0.939678
vn 0.048078 -0.583069 0.810999
vn 0.013642 -0.605380 0.795820
vn 0.068922 -0.525295 0.848124
vn 0.071341 -0.606802 0.791645
vn -0.006595 -0.608453 0.793563
vn 0.041695 -0.517780 0.854497
vn 0.004003 0.318484 0.947920
vn 0.005723 0.294750 0.955557
vn 0.004003 0.318485 0.947920
vn 0.009652 0.291761 0.956443
vn 0.007655 0.270832 0.962596
vn 0.010355 0.318470 0.947877
vn 0.012475 -0.526507 0.850079
vn -0.027232 -0.552564 0.833025
vn 0.007656 0.270833 0.962596
vn 0.005723 0.246754 0.969061
vn 0.008150 0.270832 0.962592
vn 0.009653 0.249767 0.968258
vn 0.005723 0.198143 0.980156
vn 0.008908 0.230102 0.973126
vn 0.005573 0.230107 0.973149
vn 0.007371 0.225549 0.974204
vn 0.009653 0.201193 0.979504
vn 0.005723 0.149040 0.988815
vn 0.008908 0.181308 0.983386
vn 0.005573 0.181312 0.983410
vn 0.009652 0.152117 0.988315
vn 0.007370 0.176712 0.984235
vn 0.005723 0.099566 0.995014
vn 0.005572 0.132068 0.991225
vn 0.008908 0.132065 0.991201
vn 0.009652 0.102661 0.994670
vn 0.007370 0.127431 0.991820
vn 0.039302 -0.455859 0.889184
vn 0.026709 -0.499820 0.865717
vn 0.101051 -0.549842 0.829133
vn 0.074004 -0.599915 0.796634
vn -0.009061 -0.608423 0.793561
vn 0.123196 -0.603650 0.787674
vn 0.067090 -0.525363 0.848229
vn 0.005723 0.049844 0.998741
vn 0.005573 0.082497 0.996576
vn 0.008908 0.082495 0.996552
vn 0.007370 0.077837 0.996939
vn 0.009653 0.052958 0.998550
vn 0.033850 -0.542237 0.839544
vn 0.006425 -0.551811 0.833944
vn 0.088990 -0.581427 0.808717
vn 0.032114 -0.503204 0.863571
vn 0.034496 -0.526236 0.849638
vn 0.029798 -0.503240 0.863633
vn 0.005723 0.000000 0.999984
vn 0.005573 0.032718 0.999449
vn 0.008908 0.032717 0.999425
vn 0.007370 0.028046 0.999579
vn 0.009652 0.003114 0.999949
vn 0.005723 -0.049844 0.998741
vn 0.005573 -0.017141 0.999838
vn 0.008908 -0.017141 0.999813
vn 0.007370 -0.021815 0.999735
vn 0.009653 -0.046727 0.998861
vn 0.005723 -0.099566 0.995014
vn 0.005572 -0.066957 0.997740
vn 0.008908 -0.066955 0.997716
vn 0.007370 -0.071621 0.997405
vn 0.009652 -0.096461 0.995290
vn 0.005723 -0.149040 0.988815
vn 0.010355 -0.124337 0.992186
vn 0.004003 -0.124342 0.992231
vn 0.009652 -0.152117 0.988315
vn 0.004003 -0.124342 0.992231
vn 0.005723 -0.198143 0.980156
vn 0.009653 -0.195080 0.980740
vn 0.007656 -0.173642 0.984779
vn 0.007656 -0.173644 0.984779
vn 0.008150 -0.173641 0.984775
vn 0.005573 -0.214916 0.976617
vn 0.005723 -0.246754 0.969061
vn 0.008908 -0.214911 0.976593
vn 0.007371 -0.219479 0.975589
vn 0.009653 -0.243724 0.969797
vn 0.005723 -0.294750 0.955557
vn 0.008908 -0.263321 0.964667
vn 0.005573 -0.263327 0.964690
vn 0.007370 -0.267830 0.963438
vn 0.009652 -0.291761 0.956443
vn 0.009653 -0.339076 0.940710
vn 0.005723 -0.342013 0.939678
vn 0.008908 -0.311079 0.950342
vn 0.005573 -0.311086 0.950365
vn 0.007370 -0.315523 0.948889
vn 0.005573 -0.358071 0.933678
vn 0.007370 -0.362427 0.931983
vn 0.009653 -0.385544 0.922639
vn 0.005723 -0.388428 0.921461
vn 0.008908 -0.358062 0.933655
vn 0.005573 -0.404166 0.914669
vn 0.007371 -0.408433 0.912758
vn 0.009653 -0.431055 0.902274
vn 0.005723 -0.433877 0.900954
vn 0.008908 -0.404156 0.914647
vn 0.005723 -0.478246 0.878207
vn 0.004003 -0.456207 0.889865
vn 0.009653 -0.480966 0.876686
vn 0.004004 -0.456208 0.889864
vn 0.010355 -0.456187 0.889824
vn 0.005723 -0.521428 0.853276
vn 0.008151 -0.499983 0.865997
vn 0.007655 -0.499982 0.866002
vn 0.009652 -0.518749 0.854872
vn 0.007656 -0.499985 0.866000
vn 0.005723 -0.563310 0.826226
vn 0.008908 -0.535963 0.844195
vn 0.007370 -0.539911 0.841690
vn 0.005573 -0.535976 0.844215
vn 0.009653 -0.560717 0.827951
vn 0.005723 -0.603795 0.797119
vn 0.008908 -0.577377 0.816429
vn 0.007370 -0.581194 0.813732
vn 0.009653 -0.601289 0.798973
vn 0.005573 -0.577391 0.816449
vn 0.005723 -0.642777 0.766032
vn 0.008908 -0.617355 0.786634
vn 0.007370 -0.621033 0.783749
vn 0.009653 -0.640366 0.768009
vn 0.005573 -0.617370 0.786653
vn 0.005723 -0.680162 0.733040
vn 0.009653 -0.677853 0.735134
vn 0.008908 -0.655797 0.754884
vn 0.007371 -0.659328 0.751819
vn 0.005573 -0.655813 0.754903
vn 0.005723 -0.715855 0.698225
vn 0.008908 -0.692611 0.721257
vn 0.005573 -0.692627 0.721274
vn 0.007370 -0.695983 0.718020
vn 0.009653 -0.713654 0.700432
vn 0.005723 -0.749769 0.661675
vn 0.010355 -0.733013 0.680136
vn 0.004003 -0.733046 0.680167
vn 0.009653 -0.751805 0.659315
vn 0.004003 -0.733046 0.680167
vn 0.005723 -0.781818 0.623480
vn 0.008150 -0.766019 0.642766
vn 0.009653 -0.779848 0.625895
vn 0.007656 -0.766023 0.642768
vn 0.004003 -0.797126 0.603799
vn 0.007656 -0.766022 0.642769
vn 0.010355 -0.797090 0.603772
vn 0.005723 -0.811925 0.583733
vn 0.009653 -0.813716 0.581183
vn 0.004003 -0.797126 0.603800
vn 0.005723 -0.840012 0.542538
vn 0.008150 -0.826211 0.563302
vn 0.007657 -0.826215 0.563303
vn 0.009653 -0.838292 0.545136
vn 0.009164 -0.849895 0.526872
vn 0.004219 -0.852726 0.522341
vn 0.007656 -0.826214 0.563304
vn 0.325198 -0.756697 -0.567147
vn 0.325313 -0.705381 -0.629769
vn 0.324935 -0.588985 -0.739942
vn 0.327551 -0.663051 -0.673107
vn 0.320431 -0.653634 -0.685628
vn 0.327843 -0.558347 -0.762081
vn 0.314389 -0.281744 -0.906521
vn 0.327454 -0.556920 -0.763292
vn 0.326367 -0.497410 -0.803784
vn 0.325287 -0.469088 -0.821063
vn 0.320892 -0.441807 -0.837756
vn 0.324006 -0.374895 -0.868604
vn 0.324120 -0.331347 -0.886090
vn 0.323759 -0.317421 -0.891304
vn 0.325422 -0.226301 -0.918089
vn 0.322831 0.111789 -0.939831
vn 0.321937 0.266756 -0.908404
vn 0.323362 0.301024 -0.897118
vn 0.325502 0.314251 -0.891793
vn 0.322887 0.605784 -0.727165
vn 0.323755 0.614904 -0.719080
vn 0.322206 0.587953 -0.741953
vn 0.324702 0.888445 -0.324398
vn 0.325365 0.906353 -0.269560
vn 0.321530 0.915374 -0.242301
vn 0.326026 0.923464 -0.202291
vn 0.322797 0.920333 -0.220883
vn 0.324419 0.935441 -0.140364
vn 0.324400 0.945873 -0.009456
vn 0.324357 0.945856 -0.012241
vn 0.324507 0.933479 0.152682
vn 0.324708 0.930679 0.168526
vn 0.323711 0.922262 0.211290
vn 0.323565 0.909972 0.259338
vn 0.322333 0.894361 0.310193
vn 0.324016 0.912755 0.248782
vn 0.322715 0.893476 0.312339
vn 0.325633 0.865678 0.380217
vn 0.323208 0.845972 0.424108
vn 0.322764 0.780965 0.534712
vn 0.324573 0.834561 0.445152
vn 0.326279 0.827861 0.456276
vn 0.324332 0.770362 0.548955
vn 0.325213 0.771298 0.547116
vn 0.323690 0.648193 0.689254
vn 0.321984 0.610628 0.723505
vn 0.323409 0.637277 0.699489
vn 0.323598 0.553720 0.767254
vn 0.326375 0.454966 0.828544
vn 0.324754 0.195555 0.925361
vn 0.327355 0.222366 0.918364
vn 0.315917 0.500644 0.805948
vn 0.314950 0.500753 0.806259
vn 0.318117 0.403820 0.857748
vn 0.314593 0.392450 0.864300
vn 0.315103 0.392414 0.864130
vn 0.311250 0.476811 0.822055
vn 0.327402 0.141142 0.934284
vn 0.324841 0.180963 0.928295
vn 0.326414 0.143557 0.934262
vn 0.323599 0.148102 0.934532
vn 0.324249 0.094174 0.941273
vn 0.324551 0.106394 0.939865
vn 0.325676 0.114173 0.938562
vn 0.325189 0.047645 0.944448
vn 0.325116 -0.016710 0.945527
vn 0.325328 0.052915 0.944120
vn 0.326421 0.062759 0.943139
vn 0.325203 -0.265713 0.907546
vn 0.327338 -0.381861 0.864310
vn 0.325520 -0.642685 0.693536
vn 0.324702 -0.696675 0.639698
vn 0.326378 -0.669185 0.667584
vn 0.013543 -0.435888 -0.899899
vn -0.006938 -0.439369 -0.898280
vn 0.071501 -0.438213 -0.896023
vn 0.048163 -0.410809 -0.910448
vn 0.068618 -0.317737 -0.945693
vn 0.041633 -0.338301 -0.940117
vn 0.068975 -0.346970 -0.935336
vn -0.027349 -0.376700 -0.925932
vn 0.012412 -0.347772 -0.937497
vn 0.074202 -0.430420 -0.899574
vn -0.009235 -0.439355 -0.898266
vn 0.123935 -0.435924 -0.891409
vn 0.101188 -0.374870 -0.921538
vn 0.067117 -0.347013 -0.935456
vn 0.034474 -0.347590 -0.937012
vn 0.033788 -0.365133 -0.930342
vn 0.006403 -0.375669 -0.926732
vn 0.088894 -0.409659 -0.907897
vn 0.032142 -0.322208 -0.946123
vn 0.029837 -0.322231 -0.946191
vn 0.039391 -0.270630 -0.961877
vn 0.026676 -0.318374 -0.947590
vn 0.068618 -0.317737 0.945693
vn 0.068975 -0.346970 0.935336
vn -0.006938 -0.439369 0.898280
vn 0.071501 -0.438213 0.896023
vn 0.013543 -0.435888 0.899899
vn 0.048163 -0.410809 0.910448
vn 0.041633 -0.338301 0.940117
vn 0.012412 -0.347772 0.937497
vn -0.027349 -0.376700 0.925932
vn 0.026676 -0.318374 0.947590
vn 0.039391 -0.270630 0.961877
vn 0.101188 -0.374870 0.921538
vn 0.074202 -0.430420 0.899574
vn 0.123935 -0.435924 0.891409
vn 0.067117 -0.347013 0.935456
vn -0.009235 -0.439354 0.898266
vn 0.033788 -0.365133 0.930342
vn 0.088894 -0.409659 0.907897
vn 0.006403 -0.375669 0.926732
vn 0.032142 -0.322208 0.946123
vn 0.029837 -0.322231 0.946191
vn 0.034474 -0.347590 0.937012
vn 0.326608 -0.805636 -0.494244
vn 0.326608 -0.779894 -0.533940
vn 0.329200 -0.688526 -0.646188
vn 0.330467 -0.793994 -0.510259
vn 0.327752 -0.754709 -0.568324
vn 0.326390 -0.737270 -0.591526
vn 0.327316 -0.789882 -0.518605
vn 0.326263 -0.713219 -0.620380
vn 0.327385 -0.684425 -0.651446
vn 0.326722 -0.338540 -0.882408
vn 0.327041 -0.351082 -0.877374
vn 0.326812 -0.161675 -0.931158
vn 0.325616 -0.135445 -0.935750
vn 0.325174 -0.027176 -0.945263
vn 0.327611 -0.076619 -0.941701
vn 0.324851 -0.040086 -0.944915
vn 0.326447 -0.063654 -0.943070
vn 0.328071 -0.065086 -0.942408
vn 0.327387 -0.005972 -0.944871
vn 0.327629 0.498446 -0.802628
vn 0.325090 0.488037 -0.810023
vn 0.325340 0.507149 -0.798094
vn 0.324237 0.714769 -0.619658
vn 0.324769 0.704476 -0.631061
vn 0.325651 0.747182 -0.579371
vn 0.325465 0.755566 -0.568500
vn 0.327743 0.775332 -0.539856
vn 0.327943 0.811793 -0.483163
vn 0.324027 0.818177 -0.474966
vn 0.324257 0.812808 -0.483942
vn 0.326944 0.802211 -0.499565
vn 0.324314 0.816628 -0.477430
vn 0.322950 0.850292 -0.415580
vn 0.321807 0.840175 -0.436516
vn 0.325434 0.862367 -0.387835
vn 0.325949 0.878075 -0.350346
vn 0.326279 0.908022 -0.262751
vn 0.326187 0.906945 -0.266558
vn 0.326629 0.944869 0.023171
vn 0.326442 0.916348 0.231823
vn 0.325972 0.890836 0.316471
vn 0.326707 0.699957 0.635077
vn 0.326670 0.670218 0.666404
vn 0.327112 0.612575 0.719548
vn 0.327811 0.412510 0.849927
vn 0.327571 0.413130 0.849718
vn 0.327537 0.261656 0.907885
vn 0.328602 0.259181 0.908210
vn 0.323760 0.324506 0.888749
vn 0.323739 0.330782 0.886440
vn 0.326975 0.341769 0.881068
vn 0.327552 0.237664 0.914454
vn 0.323026 0.307383 0.895081
vn 0.326082 -0.024600 0.945021
vn 0.324960 -0.130302 0.936708
vn 0.323873 -0.121651 0.938247
vn 0.327620 -0.107675 0.938654
vn 0.327394 -0.105002 0.939036
vn 0.325742 -0.114076 0.938551
vn 0.327663 -0.172791 0.928860
vn 0.324691 -0.149055 0.934001
vn 0.327747 -0.594143 0.734558
vn 0.327855 -0.499378 0.801955
vn 0.327300 -0.592842 0.735807
vn 0.326164 -0.492421 0.806932
vn 0.325849 -0.562797 0.759659
vn 0.325767 -0.558918 0.762552
vn 0.327637 -0.679904 0.656037
vn 0.325370 -0.736294 0.593301
vn 0.327526 -0.755374 0.567571
vn 0.327563 -0.679753 0.656230
vn 0.324976 -0.751831 0.573709
vn 0.048190 -0.222262 -0.973795
vn -0.007054 -0.252747 -0.967507
vn 0.013511 -0.249005 -0.968408
vn 0.071555 -0.252090 -0.965055
vn 0.041611 -0.145348 -0.988505
vn 0.068616 -0.124051 -0.989901
vn 0.068994 -0.154808 -0.985532
vn -0.027387 -0.185815 -0.982203
vn 0.012390 -0.155166 -0.987811
vn 0.074269 -0.243729 -0.966995
vn 0.124183 -0.250772 -0.960048
vn 0.101233 -0.184917 -0.977526
vn -0.009294 -0.252740 -0.967490
vn 0.067128 -0.154826 -0.985659
vn 0.006397 -0.184607 -0.982791
vn 0.034466 -0.155084 -0.987300
vn 0.088865 -0.221641 -0.971071
vn 0.033768 -0.173548 -0.984246
vn 0.039418 -0.074671 -0.996429
vn 0.032150 -0.128384 -0.991203
vn 0.029850 -0.128393 -0.991274
vn 0.026664 -0.124300 -0.991886
vn 0.068616 -0.124051 0.989901
vn -0.007054 -0.252747 0.967507
vn 0.048190 -0.222262 0.973795
vn 0.071555 -0.252090 0.965055
vn 0.013511 -0.249005 0.968408
vn 0.041611 -0.145348 0.988505
vn 0.068994 -0.154808 0.985532
vn -0.027387 -0.185815 0.982203
vn 0.012390 -0.155166 0.987811
vn 0.039418 -0.074671 0.996429
vn 0.026664 -0.124300 0.991886
vn 0.124183 -0.250772 0.960048
vn -0.009294 -0.252740 0.967490
vn 0.067128 -0.154826 0.985659
vn 0.074269 -0.243729 0.966995
vn 0.101233 -0.184917 0.977526
vn 0.029850 -0.128393 0.991274
vn 0.006397 -0.184607 0.982792
vn 0.032150 -0.128384 0.991203
vn 0.034466 -0.155084 0.987300
vn 0.033768 -0.173548 0.984246
vn 0.088865 -0.221641 0.971071
vn 0.327902 -0.333737 -0.883798
vn 0.326687 -0.256915 -0.909544
vn 0.328020 -0.322030 -0.888088
vn 0.326854 -0.269551 -0.905819
vn 0.326852 -0.267867 -0.906319
vn 0.327090 -0.277928 -0.903199
vn 0.327791 0.029051 -0.944303
vn 0.328283 -0.065808 -0.942284
vn 0.326387 0.192642 -0.925398
vn 0.326459 0.207227 -0.922215
vn 0.326557 0.182355 -0.927420
vn 0.328121 0.515496 -0.791581
vn 0.327655 0.564560 -0.757571
vn 0.327510 0.672041 -0.664153
vn 0.327293 0.734296 -0.594717
vn 0.327437 0.854236 -0.403814
vn 0.327735 0.914446 -0.237443
vn 0.326090 0.933572 -0.148692
vn 0.326074 0.933686 -0.148010
vn 0.327250 0.943548 0.051223
vn 0.323259 0.943106 -0.077817
vn 0.327939 0.943668 0.044126
vn 0.318658 0.908386 0.270726
vn 0.325933 0.937614 0.121023
vn 0.325890 0.936822 0.127121
vn 0.325488 0.895981 0.302119
vn 0.326615 0.914436 0.239018
vn 0.327376 0.902917 0.278506
vn 0.326869 0.873615 0.360491
vn 0.326750 0.858956 0.394246
vn 0.327037 0.799425 0.503951
vn 0.326347 0.783795 0.528359
vn 0.327201 0.595138 0.733996
vn 0.326796 0.571660 0.752601
vn 0.326786 0.058510 0.943286
vn 0.327946 0.117890 0.937312
vn 0.327133 0.091900 0.940499
vn 0.327314 0.002621 0.944912
vn 0.327054 -0.017975 0.944835
vn 0.331390 -0.066688 0.941134
vn 0.327024 -0.017318 0.944857
vn 0.327469 -0.059752 0.942971
vn 0.327883 0.036505 0.944013
vn 0.332044 0.093130 0.938655
vn 0.327503 0.102469 0.939277
vn 0.325519 -0.239863 0.914605
vn 0.328264 -0.375206 0.866870
vn 0.325401 -0.267064 0.907078
vn 0.327399 -0.374175 0.867642
vn 0.328212 -0.221359 0.918301
vn 0.327434 -0.220209 0.918855
vn 0.048200 -0.024902 -0.998527
vn -0.007092 -0.056055 -0.998402
vn 0.071572 -0.055908 -0.995867
vn 0.013500 -0.052206 -0.998545
vn 0.041604 0.053392 -0.997707
vn 0.068614 0.074554 -0.994854
vn 0.069002 0.043524 -0.996667
vn -0.027401 0.012471 -0.999547
vn 0.012383 0.043625 -0.998971
vn -0.009313 -0.056054 -0.998384
vn 0.124267 -0.055614 -0.990689
vn 0.101249 0.012416 -0.994784
vn 0.074289 -0.047321 -0.996113
vn 0.067132 0.043530 -0.996794
vn 0.006393 0.013785 -0.999884
vn 0.088854 -0.024833 -0.995735
vn 0.034461 0.043603 -0.998454
vn 0.033761 0.024917 -0.999119
vn 0.039428 0.124247 -0.991468
vn 0.026660 0.074703 -0.996849
vn 0.029855 0.070558 -0.997061
vn 0.032151 0.070553 -0.996990
vn 0.068614 0.074554 0.994854
vn 0.069002 0.043524 0.996667
vn 0.041604 0.053392 0.997707
vn 0.048200 -0.024902 0.998527
vn 0.013500 -0.052206 0.998545
vn -0.007092 -0.056055 0.998402
vn 0.071572 -0.055908 0.995867
vn 0.012383 0.043625 0.998971
vn -0.027401 0.012471 0.999547
vn 0.026660 0.074703 0.996849
vn 0.039428 0.124247 0.991468
vn 0.101249 0.012416 0.994784
vn 0.074289 -0.047321 0.996113
vn 0.067132 0.043530 0.996794
vn 0.124267 -0.055614 0.990689
vn -0.009313 -0.056054 0.998384
vn 0.088854 -0.024833 0.995735
vn 0.032151 0.070553 0.996990
vn 0.034461 0.043603 0.998454
vn 0.033761 0.024917 0.999119
vn 0.006393 0.013785 0.999885
vn 0.029855 0.070558 0.997061
vn 0.328512 -0.439158 -0.836194
vn 0.327232 -0.384395 -0.863226
vn 0.327224 -0.382865 -0.863909
vn 0.327210 -0.381426 -0.864550
vn 0.326049 -0.434371 -0.839651
vn 0.327999 -0.223740 -0.917800
vn 0.328462 -0.283362 -0.901010
vn 0.327945 -0.228380 -0.916676
vn 0.325729 -0.195143 -0.925105
vn 0.326353 -0.119712 -0.937637
vn 0.326993 -0.156011 -0.932060
vn 0.327353 0.064912 -0.942670
vn 0.327710 0.049050 -0.943504
vn 0.326358 0.331630 -0.885162
vn 0.327510 0.236807 -0.914691
vn 0.326859 0.359522 -0.874018
vn 0.327446 0.607195 -0.723943
vn 0.328241 0.518806 -0.789366
vn 0.328096 0.745889 -0.579657
vn 0.327333 0.847548 -0.417750
vn 0.327749 0.836917 -0.438349
vn 0.327794 0.839002 -0.434311
vn 0.327466 0.885603 -0.329352
vn 0.328234 0.843218 -0.425730
vn 0.325693 0.907624 -0.264844
vn 0.328222 0.843137 -0.425900
vn 0.327999 0.917800 -0.223740
vn 0.327376 0.940766 -0.088228
vn 0.328199 0.943240 0.050827
vn 0.327536 0.933047 0.148805
vn 0.325324 0.832229 0.448954
vn 0.326854 0.782903 0.529367
vn 0.327104 0.802544 0.498925
vn 0.328002 0.752832 0.570665
vn 0.328189 0.792454 0.514109
vn 0.328122 0.745165 0.580574
vn 0.328187 0.792467 0.514091
vn 0.327031 0.709809 0.623876
vn 0.327103 0.715183 0.617670
vn 0.327539 0.645403 0.690053
vn 0.328373 0.701747 0.632236
vn 0.048203 0.173446 -0.983663
vn 0.013496 0.146678 -0.989092
vn -0.007102 0.142876 -0.989715
vn 0.071579 0.142515 -0.987201
vn 0.068614 0.270202 -0.960356
vn 0.041602 0.250021 -0.967346
vn 0.069005 0.240141 -0.968282
vn 0.012381 0.240696 -0.970522
vn -0.027405 0.210274 -0.977258
vn 0.101253 0.209273 -0.972601
vn 0.124294 0.141775 -0.982065
vn -0.009320 0.142874 -0.989697
vn 0.074297 0.150982 -0.985740
vn 0.067135 0.240170 -0.968406
vn 0.034462 0.240571 -0.970020
vn 0.088851 0.172960 -0.980913
vn 0.006395 0.211631 -0.977329
vn 0.033759 0.222395 -0.974372
vn 0.032153 0.266702 -0.963242
vn 0.029856 0.266721 -0.963311
vn 0.026660 0.270744 -0.962282
vn 0.039432 0.318240 -0.947190
vn 0.068614 0.270202 0.960356
vn -0.007102 0.142877 0.989715
vn 0.069005 0.240141 0.968282
vn 0.048203 0.173446 0.983663
vn 0.013496 0.146678 0.989092
vn 0.041602 0.250021 0.967346
vn 0.071579 0.142515 0.987201
vn -0.027405 0.210274 0.977258
vn 0.012381 0.240696 0.970522
vn 0.039432 0.318240 0.947190
vn 0.026660 0.270744 0.962282
vn 0.101253 0.209273 0.972601
vn 0.124294 0.141775 0.982065
vn 0.074297 0.150982 0.985740
vn 0.067135 0.240170 0.968406
vn -0.009320 0.142874 0.989697
vn 0.006395 0.211631 0.977329
vn 0.032153 0.266702 0.963242
vn 0.029856 0.266721 0.963311
vn 0.034462 0.240571 0.970020
vn 0.088851 0.172960 0.980913
vn 0.033759 0.222395 0.974372
vn 0.328041 -0.430833 -0.840698
vn 0.328197 -0.362499 -0.872285
vn 0.329154 -0.326152 -0.886162
vn 0.329707 -0.318828 -0.888618
vn 0.328258 -0.356140 -0.874878
vn 0.328053 -0.316536 -0.890048
vn 0.328482 -0.386867 -0.861646
vn 0.330001 -0.433114 -0.838756
vn 0.328078 -0.073557 -0.941782
vn 0.328066 -0.196757 -0.923937
vn 0.328893 -0.198089 -0.923358
vn 0.328356 -0.118168 -0.937133
vn 0.328441 -0.173507 -0.928451
vn 0.328641 -0.074589 -0.941505
vn 0.328091 0.050911 -0.943273
vn 0.328175 0.050739 -0.943253
vn 0.328056 0.104306 -0.938882
vn 0.328192 0.174304 -0.928390
vn 0.328309 0.175341 -0.928153
vn 0.328061 0.155322 -0.931800
vn 0.328103 0.174506 -0.928384
vn 0.328218 0.410265 -0.850856
vn 0.326927 0.376359 -0.866875
vn 0.328128 0.410504 -0.850775
vn 0.328116 0.295071 -0.897370
vn 0.328499 0.294125 -0.897541
vn 0.328360 0.305791 -0.893684
vn 0.322102 0.520997 -0.790451
vn 0.325491 0.746909 -0.579813
vn 0.327900 0.704501 -0.629412
vn 0.327539 0.680309 -0.655666
vn 0.328335 0.722135 -0.608866
vn 0.327500 0.683715 -0.652133
vn 0.328061 0.768706 -0.549060
vn 0.328529 0.724165 -0.606344
vn 0.328085 0.919996 -0.214398
vn 0.327856 0.925687 -0.188719
vn 0.327993 0.917116 -0.226536
vn 0.328361 0.929721 -0.166729
vn 0.327403 0.942420 -0.068211
vn 0.328496 0.930012 -0.164828
vn 0.327403 0.896777 0.297655
vn 0.327294 0.906569 0.266480
vn 0.327933 0.895463 0.301009
vn 0.328189 0.890736 0.314453
vn 0.328383 0.888810 0.319658
vn 0.327258 0.908851 0.258636
vn 0.322419 0.800458 0.505285
vn 0.327150 0.870312 0.368145
vn 0.328458 0.888471 0.320524
vn 0.327650 0.639250 0.695704
vn 0.328430 0.701910 0.632025
vn 0.328289 0.611716 0.719743
vn 0.327276 0.658548 0.677646
vn 0.323992 0.733034 0.598072
vn 0.327674 0.548565 0.769224
vn 0.328424 0.610560 0.720662
vn 0.013495 0.339753 -0.940418
vn 0.048203 0.364916 -0.929792
vn 0.071581 0.335296 -0.939389
vn -0.007106 0.336150 -0.941782
vn 0.068615 0.455135 -0.887775
vn 0.041601 0.436737 -0.898627
vn 0.069003 0.427239 -0.901502
vn 0.012379 0.428227 -0.903587
vn -0.027406 0.399743 -0.916218
vn -0.009322 0.336143 -0.941765
vn 0.124301 0.333552 -0.934501
vn 0.074301 0.343306 -0.936280
vn 0.101255 0.397838 -0.911851
vn 0.067135 0.427293 -0.901617
vn 0.034460 0.428005 -0.903119
vn 0.006394 0.401090 -0.916016
vn 0.033759 0.411052 -0.910986
vn 0.088847 0.363897 -0.927192
vn 0.029858 0.452306 -0.891363
vn 0.026658 0.456049 -0.889555
vn 0.032152 0.452274 -0.891299
vn 0.039431 0.499610 -0.865353
vn 0.068614 0.455135 0.887775
vn 0.069003 0.427239 0.901502
vn 0.071581 0.335296 0.939389
vn 0.013495 0.339753 0.940418
vn -0.007106 0.336150 0.941782
vn 0.041601 0.436737 0.898627
vn 0.048203 0.364916 0.929792
vn -0.027406 0.399743 0.916217
vn 0.012379 0.428227 0.903587
vn 0.039431 0.499610 0.865353
vn 0.026658 0.456049 0.889555
vn 0.067135 0.427293 0.901617
vn 0.101255 0.397838 0.911851
vn 0.124301 0.333552 0.934501
vn 0.074301 0.343306 0.936280
vn -0.009322 0.336143 0.941765
vn 0.033759 0.411052 0.910986
vn 0.032152 0.452274 0.891299
vn 0.034460 0.428005 0.903119
vn 0.006394 0.401090 0.916016
vn 0.029858 0.452306 0.891363
vn 0.088847 0.363897 0.927192
vn 0.328145 0.518601 -0.789540
vn 0.282108 0.894220 -0.347542
vn 0.328134 0.616468 -0.715749
vn 0.327656 0.598194 -0.731304
vn 0.328209 0.518666 -0.789471
vn 0.328211 0.616938 -0.715307
vn 0.328139 0.616880 -0.715391
vn 0.327951 0.775039 -0.540151
vn 0.328177 0.780273 -0.532423
vn 0.328127 0.780500 -0.532121
vn 0.328215 0.780536 -0.532014
vn 0.327889 0.777379 -0.536815
vn 0.336450 0.709608 -0.619078
vn 0.328133 0.704673 -0.629099
vn 0.328556 0.724237 -0.606244
vn 0.316762 0.940376 -0.123916
vn 0.327596 0.884429 -0.332365
vn 0.328195 0.843093 -0.426008
vn 0.328120 0.843077 -0.426097
vn 0.328205 0.891288 -0.312871
vn 0.328224 0.891383 -0.312578
vn 0.328197 0.891331 -0.312755
vn 0.328114 0.891328 -0.312851
vn 0.327640 0.886040 -0.328001
vn 0.328073 0.941686 -0.074804
vn 0.328102 0.941863 -0.072408
vn 0.327334 0.939257 -0.103193
vn 0.338170 0.923093 -0.183139
vn 0.328108 0.924446 -0.194278
vn 0.328521 0.930020 -0.164730
vn 0.327372 0.942928 -0.060944
vn 0.328209 0.941834 -0.072298
vn 0.328095 0.943284 0.050683
vn 0.328116 0.928969 0.171335
vn 0.328203 0.928609 0.173110
vn 0.327786 0.930933 0.160994
vn 0.328185 0.928635 0.173008
vn 0.328089 0.928684 0.172927
vn 0.327837 0.930373 0.164103
vn 0.328182 0.943250 0.050765
vn 0.328083 0.898314 0.292220
vn 0.328185 0.852608 0.406638
vn 0.327629 0.857961 0.395679
vn 0.328077 0.852682 0.406569
vn 0.339920 0.891013 0.300917
vn 0.327693 0.854783 0.402448
vn 0.328490 0.888425 0.320618
vn 0.328185 0.852609 0.406636
vn 0.328070 0.792574 0.514000
vn 0.328124 0.737132 0.590738
vn 0.328064 0.719008 0.612701
vn 0.330277 0.717283 0.613533
vn 0.328171 0.792500 0.514051
vn 0.328135 0.741696 0.584991
vn 0.327745 0.545880 0.771102
vn 0.328058 0.633218 0.701008
vn 0.341691 0.622172 0.704378
vn 0.327946 0.536768 0.777388
vn 0.328452 0.610492 0.720707
vn 0.328052 0.536683 0.777402
vn 0.013495 0.519356 -0.854452
vn 0.048204 0.541916 -0.839049
vn -0.007109 0.516094 -0.856503
vn 0.071581 0.514783 -0.854327
vn -0.007387 0.698218 -0.715847
vn 0.041601 0.606137 -0.794271
vn 0.068615 0.622020 -0.779989
vn 0.069004 0.597397 -0.798972
vn -0.038819 0.765467 -0.642303
vn 0.120766 0.760438 -0.638082
vn 0.054267 0.681262 -0.730026
vn 0.256205 0.798661 -0.544518
vn 0.181955 0.783826 -0.593725
vn 0.050279 0.758441 -0.649799
vn -0.027407 0.573361 -0.818844
vn -0.179293 0.812850 -0.554192
vn 0.037258 0.631284 -0.774656
vn 0.012380 0.598778 -0.800819
vn 0.124305 0.512104 -0.849881
vn 0.074302 0.522018 -0.849692
vn 0.101255 0.570629 -0.814942
vn -0.009322 0.516084 -0.856487
vn 0.067135 0.597472 -0.799074
vn 0.033758 0.583410 -0.811476
vn 0.088845 0.540402 -0.836703
vn 0.006395 0.574642 -0.818380
vn 0.034462 0.598468 -0.800405
vn 0.039433 0.661171 -0.749198
vn 0.102852 0.694533 -0.712071
vn 0.213299 0.716182 -0.664520
vn 0.026659 0.623269 -0.781553
vn 0.041144 0.625200 -0.779379
vn 0.029857 0.619959 -0.784066
vn 0.032154 0.619915 -0.784010
vn 0.018864 0.690933 -0.722673
vn -0.007387 0.698218 0.715847
vn 0.068615 0.622020 0.779989
vn -0.007109 0.516094 0.856503
vn 0.071581 0.514783 0.854327
vn 0.041601 0.606137 0.794271
vn 0.013495 0.519356 0.854452
vn 0.048204 0.541916 0.839049
vn 0.069004 0.597397 0.798972
vn 0.050279 0.758441 0.649799
vn 0.256205 0.798661 0.544518
vn 0.181955 0.783826 0.593725
vn -0.038819 0.765467 0.642303
vn 0.120766 0.760438 0.638082
vn 0.037258 0.631284 0.774656
vn -0.179293 0.812850 0.554192
vn -0.027407 0.573361 0.818844
vn 0.054267 0.681262 0.730026
vn 0.012380 0.598778 0.800819
vn 0.213299 0.716182 0.664520
vn 0.102852 0.694533 0.712071
vn 0.026659 0.623269 0.781553
vn 0.039433 0.661171 0.749198
vn 0.018864 0.690933 0.722673
vn 0.041144 0.625200 0.779379
vn -0.009322 0.516084 0.856487
vn 0.124305 0.512104 0.849881
vn 0.074302 0.522018 0.849692
vn 0.101255 0.570629 0.814942
vn 0.067135 0.597472 0.799074
vn 0.034462 0.598468 0.800405
vn 0.033758 0.583410 0.811476
vn 0.088845 0.540402 0.836703
vn 0.032154 0.619915 0.784010
vn 0.006395 0.574642 0.818380
vn 0.029857 0.619959 0.784066
vn 0.000000 1.000000 0.000000
vn 0.000000 1.000000 0.000000
vn 0.000000 -0.622523 0.782601
vn 0.000000 -0.622523 0.782601
vn 0.000000 -0.713967 0.700179
vn 0.000000 -0.713967 0.700179
vn 0.000000 -0.794591 0.607145
vn 0.000000 -0.863172 0.504910
vn 0.000000 -0.794591 0.607145
vn 0.000000 -0.918672 0.395022
vn 0.000000 -0.863172 0.504910
vn 0.000000 -0.960248 0.279148
vn 0.000000 -0.918672 0.395022
vn 0.000000 -0.960248 0.279148
vn 0.000000 -0.960248 -0.279148
vn -0.000000 -0.960248 -0.279148
vn -0.000000 -0.918672 -0.395022
vn 0.000000 -0.918672 -0.395022
vn -0.000000 -0.863172 -0.504910
vn 0.000000 -0.863172 -0.504910
vn -0.000000 -0.794591 -0.607145
vn 0.000000 -0.794591 -0.607145
vn -0.000000 -0.713967 -0.700179
vn 0.000000 -0.713967 -0.700179
vn -0.000000 -0.622523 -0.782601
vn 0.000000 -0.622523 -0.782601
vn 1.000000 0.000000 0.000000
vn 1.000000 0.000000 0.000000
vn 1.000000 0.000000 0.000000
vn 1.000000 0.000000 0.000000
vn 1.000000 -0.000000 0.000000
vn 1.000000 -0.000000 0.000000
vn 1.000000 0.000000 0.000000
vn 1.000000 0.000000 0.000000
vn 1.000000 0.000000 0.000000
vn 1.000000 0.000000 0.000000
vn 1.000000 0.000000 0.000000
vn 1.000000 0.000000 0.000000
vn 1.000000 -0.000000 0.000000
vn 1.000000 0.000000 0.000000
vn -1.000000 0.000000 0.000000
vn -1.000000 0.000000 0.000000
vn -1.000000 0.000000 0.000000
vn -1.000000 0.000000 0.000000
vn -1.000000 0.000000 0.000000
vn -1.000000 0.000000 0.000000
vn -1.000000 0.000000 0.000000
vn -1.000000 0.000000 0.000000
vn -1.000000 0.000000 0.000000
vn -1.000000 0.000000 0.000000
vn -1.000000 0.000000 0.000000
vn -1.000000 0.000000 0.000000
vn -1.000000 0.000000 0.000000
vn -1.000000 0.000000 -0.000000
vn -0.000000 -0.000000 -1.000000
vn 0.000000 0.000000 -1.000000
vn 0.000000 -0.000000 1.000000
vn 0.000000 0.000000 1.000000
vn 0.000000 -1.000000 0.000000
vn 0.000000 -1.000000 0.000000
vn 0.000000 -0.986256 0.165225
vn 0.000000 -0.986256 0.165225
vn 0.000000 -0.998470 0.055300
vn 0.000000 -0.998470 0.055300
vn -0.000000 -0.998470 -0.055300
vn -0.000000 -0.986256 -0.165225
vn 0.000000 -0.998470 -0.055300
vn -0.000000 -0.986256 -0.165225
vn 1.000000 0.000000 0.000000
vn 1.000000 0.000000 0.000000
vn 1.000000 0.000000 0.000000
vn 0.000000 1.000000 0.000000
vn 0.000000 1.000000 0.000000
vn -1.000000 0.000000 0.000000
vn -1.000000 0.000000 0.000000
vn -1.000000 0.000000 0.000000
g NoseCone001
f 1//1 2//1 3//1
f 2//2 4//2 3//2
f 5//3 6//3 7//3
f 5//4 8//4 6//4
f 9//5 5//5 7//5
f 9//6 7//6 10//6
f 11//7 10//7 12//7
f 11//8 9//8 10//8
f 13//9 12//9 14//9
f 13//10 11//10 12//10
f 15//11 13//11 14//11
f 15//12 14//12 16//12
f 17//13 16//13 18//13
f 17//14 15//14 16//14
f 19//15 17//15 18//15
f 19//16 18//16 20//16
f 19//17 20//17 21//17
f 22//18 19//18 21//18
f 23//19 22//19 21//19
f 23//20 21//20 24//20
f 25//21 23//21 24//21
f 25//22 24//22 26//22
f 27//23 8//23 5//23
f 27//24 28//24 8//24
f 29//25 26//25 30//25
f 29//26 25//26 26//26
f 29//27 30//27 31//27
f 32//28 5//28 9//28
f 32//29 27//29 5//29
f 33//30 29//30 31//30
f 34//31 32//31 9//31
f 34//32 9//32 11//32
f 35//33 33//33 31//33
f 35//34 31//34 36//34
f 35//35 36//35 37//35
f 38//36 34//36 11//36
f 38//37 11//37 13//37
f 39//38 35//38 37//38
f 40//39 13//39 15//39
f 40//40 38//40 13//40
f 41//41 39//41 37//41
f 41//42 37//42 42//42
f 41//43 42//43 43//43
f 44//44 15//44 17//44
f 44//45 40//45 15//45
f 45//46 41//46 43//46
f 46//47 17//47 19//47
f 46//48 44//48 17//48
f 47//49 43//49 48//49
f 47//50 45//50 43//50
f 49//51 19//51 22//51
f 49//52 46//52 19//52
f 50//53 47//53 48//53
f 50//54 48//54 51//54
f 50//55 51//55 52//55
f 53//56 22//56 23//56
f 53//57 49//57 22//57
f 54//58 50//58 52//58
f 55//59 53//59 23//59
f 55//60 23//60 25//60
f 56//61 54//61 52//61
f 56//62 52//62 57//62
f 58//63 28//63 27//63
f 58//64 59//64 28//64
f 60//65 55//65 25//65
f 60//66 29//66 33//66
f 60//67 25//67 29//67
f 61//68 56//68 57//68
f 61//69 57//69 62//69
f 61//70 62//70 63//70
f 64//71 27//71 32//71
f 64//72 58//72 27//72
f 65//73 60//73 33//73
f 66//74 61//74 63//74
f 67//75 64//75 32//75
f 67//76 32//76 34//76
f 68//77 33//77 35//77
f 68//78 65//78 33//78
f 69//79 66//79 63//79
f 69//80 63//80 70//80
f 71//81 34//81 38//81
f 71//82 67//82 34//82
f 72//83 68//83 35//83
f 72//84 35//84 39//84
f 72//85 39//85 41//85
f 73//86 74//86 75//86
f 73//87 70//87 74//87
f 73//88 69//88 70//88
f 76//89 38//89 40//89
f 76//90 40//90 44//90
f 76//91 71//91 38//91
f 77//92 72//92 41//92
f 78//93 73//93 75//93
f 79//94 76//94 44//94
f 80//95 77//95 41//95
f 80//96 41//96 45//96
f 81//97 78//97 75//97
f 81//98 75//98 82//98
f 83//99 44//99 46//99
f 83//100 79//100 44//100
f 84//101 47//101 50//101
f 84//102 80//102 45//102
f 84//103 45//103 47//103
f 85//104 82//104 86//104
f 85//105 86//105 87//105
f 85//106 81//106 82//106
f 88//107 46//107 49//107
f 88//108 83//108 46//108
f 89//109 84//109 50//109
f 90//110 85//110 87//110
f 90//111 87//111 91//111
f 92//112 88//112 49//112
f 92//113 53//113 55//113
f 92//114 49//114 53//114
f 93//115 50//115 54//115
f 93//116 89//116 50//116
f 93//117 54//117 56//117
f 94//118 90//118 91//118
f 95//119 92//119 55//119
f 96//120 93//120 56//120
f 97//121 94//121 91//121
f 97//122 91//122 98//122
f 97//123 98//123 99//123
f 100//124 59//124 58//124
f 100//125 101//125 59//125
f 102//126 55//126 60//126
f 102//127 95//127 55//127
f 103//128 96//128 56//128
f 103//129 56//129 61//129
f 104//130 99//130 105//130
f 104//131 97//131 99//131
f 106//132 100//132 58//132
f 106//133 58//133 64//133
f 107//134 60//134 65//134
f 107//135 102//135 60//135
f 107//136 65//136 68//136
f 108//137 103//137 61//137
f 108//138 61//138 66//138
f 109//139 104//139 105//139
f 110//140 106//140 64//140
f 110//141 64//141 67//141
f 111//142 107//142 68//142
f 112//143 108//143 66//143
f 112//144 66//144 69//144
f 113//145 109//145 105//145
f 113//146 114//146 115//146
f 113//147 105//147 114//147
f 116//148 67//148 71//148
f 116//149 71//149 76//149
f 116//150 110//150 67//150
f 117//151 111//151 68//151
f 117//152 68//152 72//152
f 118//153 69//153 73//153
f 118//154 112//154 69//154
f 119//155 115//155 120//155
f 119//156 113//156 115//156
f 121//157 116//157 76//157
f 122//158 117//158 72//158
f 122//159 72//159 77//159
f 122//160 77//160 80//160
f 123//161 73//161 78//161
f 123//162 118//162 73//162
f 124//163 119//163 120//163
f 124//164 120//164 125//164
f 126//165 79//165 83//165
f 126//166 121//166 76//166
f 126//167 76//167 79//167
f 127//168 80//168 84//168
f 127//169 122//169 80//169
f 128//170 78//170 81//170
f 128//171 123//171 78//171
f 129//172 124//172 125//172
f 130//173 126//173 83//173
f 131//174 127//174 84//174
f 132//175 128//175 81//175
f 132//176 81//176 85//176
f 133//177 129//177 125//177
f 133//178 125//178 134//178
f 135//179 88//179 92//179
f 135//180 83//180 88//180
f 135//181 130//181 83//181
f 136//182 89//182 93//182
f 136//183 131//183 84//183
f 136//184 84//184 89//184
f 137//185 85//185 90//185
f 137//186 132//186 85//186
f 138//187 134//187 139//187
f 138//188 133//188 134//188
f 138//189 139//189 140//189
f 141//190 135//190 92//190
f 142//191 136//191 93//191
f 143//192 90//192 94//192
f 143//193 137//193 90//193
f 144//194 138//194 140//194
f 145//195 141//195 92//195
f 145//196 95//196 102//196
f 145//197 92//197 95//197
f 146//198 142//198 93//198
f 146//199 93//199 96//199
f 147//200 94//200 97//200
f 147//201 143//201 94//201
f 148//202 140//202 149//202
f 148//203 144//203 140//203
f 150//204 145//204 102//204
f 151//205 146//205 96//205
f 151//206 103//206 108//206
f 151//207 96//207 103//207
f 152//208 153//208 101//208
f 152//209 154//209 153//209
f 152//210 101//210 100//210
f 155//211 97//211 104//211
f 155//212 147//212 97//212
f 155//213 104//213 109//213
f 156//214 148//214 149//214
f 156//215 149//215 157//215
f 156//216 157//216 158//216
f 159//217 150//217 102//217
f 159//218 102//218 107//218
f 160//219 108//219 112//219
f 160//220 151//220 108//220
f 161//221 100//221 106//221
f 161//222 152//222 100//222
f 162//223 155//223 109//223
f 163//224 156//224 158//224
f 163//225 158//225 164//225
f 165//226 159//226 107//226
f 165//227 107//227 111//227
f 166//228 160//228 112//228
f 167//229 161//229 106//229
f 167//230 106//230 110//230
f 168//231 109//231 113//231
f 168//232 162//232 109//232
f 169//233 163//233 164//233
f 169//234 164//234 170//234
f 171//235 117//235 122//235
f 171//236 165//236 111//236
f 171//237 111//237 117//237
f 172//238 112//238 118//238
f 172//239 166//239 112//239
f 173//240 110//240 116//240
f 173//241 167//241 110//241
f 174//242 113//242 119//242
f 174//243 168//243 113//243
f 175//244 169//244 170//244
f 176//245 171//245 122//245
f 177//246 118//246 123//246
f 177//247 172//247 118//247
f 178//248 116//248 121//248
f 178//249 173//249 116//249
f 179//250 174//250 119//250
f 179//251 119//251 124//251
f 180//252 170//252 181//252
f 180//253 175//253 170//253
f 182//254 122//254 127//254
f 182//255 176//255 122//255
f 183//256 177//256 123//256
f 183//257 123//257 128//257
f 184//258 178//258 121//258
f 184//259 121//259 126//259
f 185//260 179//260 124//260
f 185//261 124//261 129//261
f 185//262 129//262 133//262
f 186//263 181//263 187//263
f 186//264 180//264 181//264
f 186//265 187//265 188//265
f 189//266 127//266 131//266
f 189//267 182//267 127//267
f 190//268 183//268 128//268
f 190//269 128//269 132//269
f 190//270 132//270 137//270
f 191//271 184//271 126//271
f 191//272 126//272 130//272
f 192//273 185//273 133//273
f 193//274 186//274 188//274
f 194//275 131//275 136//275
f 194//276 189//276 131//276
f 195//277 190//277 137//277
f 196//278 191//278 130//278
f 196//279 130//279 135//279
f 197//280 192//280 133//280
f 197//281 138//281 144//281
f 197//282 133//282 138//282
f 198//283 188//283 199//283
f 198//284 199//284 200//284
f 198//285 193//285 188//285
f 201//286 194//286 136//286
f 201//287 136//287 142//287
f 202//288 195//288 137//288
f 202//289 137//289 143//289
f 203//290 196//290 135//290
f 203//291 135//291 141//291
f 204//292 197//292 144//292
f 205//293 198//293 200//293
f 206//294 201//294 142//294
f 206//295 142//295 146//295
f 207//296 143//296 147//296
f 207//297 147//297 155//297
f 207//298 202//298 143//298
f 208//299 145//299 150//299
f 208//300 141//300 145//300
f 208//301 203//301 141//301
f 209//302 144//302 148//302
f 209//303 204//303 144//303
f 210//304 200//304 211//304
f 210//305 205//305 200//305
f 212//306 146//306 151//306
f 212//307 151//307 160//307
f 212//308 206//308 146//308
f 213//309 207//309 155//309
f 214//310 208//310 150//310
f 215//311 156//311 163//311
f 215//312 209//312 148//312
f 215//313 148//313 156//313
f 216//314 154//314 152//314
f 217//315 210//315 211//315
f 217//316 211//316 218//316
f 219//317 160//317 166//317
f 219//318 212//318 160//318
f 220//319 213//319 155//319
f 220//320 155//320 162//320
f 221//321 214//321 150//321
f 221//322 150//322 159//322
f 222//323 215//323 163//323
f 223//324 161//324 167//324
f 223//325 216//325 152//325
f 223//326 152//326 161//326
f 224//327 225//327 226//327
f 224//328 218//328 225//328
f 224//329 217//329 218//329
f 227//330 166//330 172//330
f 227//331 219//331 166//331
f 228//332 162//332 168//332
f 228//333 220//333 162//333
f 228//334 168//334 174//334
f 229//335 221//335 159//335
f 229//336 159//336 165//336
f 229//337 165//337 171//337
f 230//338 222//338 163//338
f 230//339 163//339 169//339
f 231//340 167//340 173//340
f 231//341 223//341 167//341
f 232//342 224//342 226//342
f 233//343 227//343 172//343
f 234//344 228//344 174//344
f 235//345 229//345 171//345
f 236//346 230//346 169//346
f 236//347 169//347 175//347
f 237//348 231//348 173//348
f 238//349 226//349 239//349
f 238//350 232//350 226//350
f 240//351 233//351 172//351
f 240//352 172//352 177//352
f 241//353 174//353 179//353
f 241//354 234//354 174//354
f 242//355 171//355 176//355
f 242//356 235//356 171//356
f 243//357 175//357 180//357
f 243//358 180//358 186//358
f 243//359 236//359 175//359
f 244//360 237//360 173//360
f 244//361 173//361 178//361
f 244//362 178//362 184//362
f 245//363 239//363 246//363
f 245//364 246//364 247//364
f 245//365 238//365 239//365
f 248//366 177//366 183//366
f 248//367 183//367 190//367
f 248//368 240//368 177//368
f 249//369 179//369 185//369
f 249//370 241//370 179//370
f 249//371 185//371 192//371
f 250//372 176//372 182//372
f 250//373 182//373 189//373
f 250//374 242//374 176//374
f 251//375 243//375 186//375
f 251//376 186//376 193//376
f 252//377 244//377 184//377
f 253//378 245//378 247//378
f 254//379 190//379 195//379
f 254//380 248//380 190//380
f 255//381 249//381 192//381
f 256//382 250//382 189//382
f 257//383 251//383 193//383
f 258//384 184//384 191//384
f 258//385 252//385 184//385
f 259//386 260//386 261//386
f 259//387 253//387 247//387
f 259//388 247//388 260//388
f 262//389 254//389 195//389
f 263//390 192//390 197//390
f 263//391 255//391 192//391
f 264//392 256//392 189//392
f 264//393 189//393 194//393
f 265//394 257//394 193//394
f 265//395 193//395 198//395
f 266//396 191//396 196//396
f 266//397 196//397 203//397
f 266//398 258//398 191//398
f 267//399 259//399 261//399
f 268//400 262//400 195//400
f 268//401 195//401 202//401
f 268//402 202//402 207//402
f 269//403 197//403 204//403
f 269//404 263//404 197//404
f 270//405 194//405 201//405
f 270//406 264//406 194//406
f 271//407 265//407 198//407
f 271//408 198//408 205//408
f 272//409 266//409 203//409
f 273//410 261//410 274//410
f 273//411 267//411 261//411
f 275//412 268//412 207//412
f 276//413 269//413 204//413
f 276//414 204//414 209//414
f 277//415 270//415 201//415
f 277//416 201//416 206//416
f 278//417 205//417 210//417
f 278//418 271//418 205//418
f 279//419 203//419 208//419
f 279//420 272//420 203//420
f 280//421 273//421 274//421
f 280//422 274//422 281//422
f 280//423 281//423 282//423
f 283//424 207//424 213//424
f 283//425 275//425 207//425
f 284//426 215//426 222//426
f 284//427 209//427 215//427
f 284//428 276//428 209//428
f 285//429 277//429 206//429
f 285//430 206//430 212//430
f 286//431 278//431 210//431
f 286//432 210//432 217//432
f 287//433 279//433 208//433
f 287//434 208//434 214//434
f 288//435 280//435 282//435
f 289//436 290//436 154//436
f 289//437 154//437 216//437
f 291//438 283//438 213//438
f 291//439 213//439 220//439
f 292//440 284//440 222//440
f 293//441 212//441 219//441
f 293//442 285//442 212//442
f 294//443 286//443 217//443
f 294//444 217//444 224//444
f 295//445 214//445 221//445
f 295//446 287//446 214//446
f 296//447 6//447 8//447
f 296//448 288//448 282//448
f 296//449 297//449 6//449
f 296//450 282//450 297//450
f 298//451 289//451 216//451
f 298//452 216//452 223//452
f 299//453 291//453 220//453
f 299//454 220//454 228//454
f 300//455 222//455 230//455
f 300//456 292//456 222//456
f 301//457 293//457 219//457
f 301//458 219//458 227//458
f 302//459 294//459 224//459
f 302//460 224//460 232//460
f 303//461 295//461 221//461
f 303//462 221//462 229//462
f 303//463 229//463 235//463
f 304//464 298//464 223//464
f 304//465 223//465 231//465
f 305//466 299//466 228//466
f 305//467 228//467 234//467
f 306//468 300//468 230//468
f 306//469 230//469 236//469
f 306//470 236//470 243//470
f 307//471 301//471 227//471
f 307//472 227//472 233//472
f 308//473 232//473 238//473
f 308//474 302//474 232//474
f 309//475 303//475 235//475
f 310//476 237//476 244//476
f 310//477 304//477 231//477
f 310//478 231//478 237//478
f 311//479 305//479 234//479
f 311//480 234//480 241//480
f 312//481 306//481 243//481
f 313//482 233//482 240//482
f 313//483 307//483 233//483
f 314//484 238//484 245//484
f 314//485 308//485 238//485
f 315//486 235//486 242//486
f 315//487 309//487 235//487
f 316//488 310//488 244//488
f 317//489 241//489 249//489
f 317//490 311//490 241//490
f 317//491 249//491 255//491
f 318//492 312//492 243//492
f 318//493 243//493 251//493
f 319//494 240//494 248//494
f 319//495 313//495 240//495
f 320//496 245//496 253//496
f 320//497 314//497 245//497
f 321//498 242//498 250//498
f 321//499 315//499 242//499
f 322//500 244//500 252//500
f 322//501 316//501 244//501
f 323//502 317//502 255//502
f 324//503 251//503 257//503
f 324//504 318//504 251//504
f 325//505 319//505 248//505
f 325//506 248//506 254//506
f 325//507 254//507 262//507
f 326//508 320//508 253//508
f 326//509 259//509 267//509
f 326//510 253//510 259//510
f 327//511 256//511 264//511
f 327//512 321//512 250//512
f 327//513 250//513 256//513
f 328//514 252//514 258//514
f 328//515 322//515 252//515
f 329//516 255//516 263//516
f 329//517 263//517 269//517
f 329//518 323//518 255//518
f 330//519 265//519 271//519
f 330//520 257//520 265//520
f 330//521 324//521 257//521
f 331//522 325//522 262//522
f 332//523 326//523 267//523
f 333//524 327//524 264//524
f 334//525 258//525 266//525
f 334//526 328//526 258//526
f 335//527 329//527 269//527
f 336//528 330//528 271//528
f 337//529 331//529 262//529
f 337//530 262//530 268//530
f 338//531 332//531 267//531
f 338//532 267//532 273//532
f 339//533 264//533 270//533
f 339//534 333//534 264//534
f 340//535 266//535 272//535
f 340//536 334//536 266//536
f 341//537 335//537 269//537
f 341//538 269//538 276//538
f 342//539 336//539 271//539
f 342//540 271//540 278//540
f 343//541 337//541 268//541
f 343//542 268//542 275//542
f 344//543 338//543 273//543
f 344//544 273//544 280//544
f 345//545 270//545 277//545
f 345//546 339//546 270//546
f 346//547 272//547 279//547
f 346//548 340//548 272//548
f 347//549 341//549 276//549
f 347//550 276//550 284//550
f 347//551 284//551 292//551
f 348//552 278//552 286//552
f 348//553 342//553 278//553
f 349//554 283//554 291//554
f 349//555 275//555 283//555
f 349//556 343//556 275//556
f 350//557 280//557 288//557
f 350//558 344//558 280//558
f 351//559 277//559 285//559
f 351//560 345//560 277//560
f 352//561 279//561 287//561
f 352//562 346//562 279//562
f 353//563 290//563 289//563
f 353//564 354//564 290//564
f 355//565 347//565 292//565
f 356//566 348//566 286//566
f 356//567 286//567 294//567
f 357//568 349//568 291//568
f 358//569 296//569 8//569
f 358//570 8//570 28//570
f 358//571 288//571 296//571
f 358//572 350//572 288//572
f 359//573 293//573 301//573
f 359//574 285//574 293//574
f 359//575 351//575 285//575
f 360//576 287//576 295//576
f 360//577 352//577 287//577
f 361//578 353//578 289//578
f 361//579 289//579 298//579
f 362//580 355//580 292//580
f 362//581 292//581 300//581
f 363//582 294//582 302//582
f 363//583 356//583 294//583
f 363//584 302//584 308//584
f 364//585 357//585 291//585
f 364//586 291//586 299//586
f 365//587 359//587 301//587
f 366//588 360//588 295//588
f 366//589 303//589 309//589
f 366//590 295//590 303//590
f 367//591 361//591 298//591
f 367//592 298//592 304//592
f 368//593 300//593 306//593
f 368//594 362//594 300//594
f 368//595 306//595 312//595
f 369//596 363//596 308//596
f 370//597 364//597 299//597
f 370//598 299//598 305//598
f 370//599 305//599 311//599
f 371//600 365//600 301//600
f 371//601 307//601 313//601
f 371//602 301//602 307//602
f 372//603 366//603 309//603
f 373//604 367//604 304//604
f 373//605 304//605 310//605
f 374//606 368//606 312//606
f 375//607 369//607 308//607
f 375//608 308//608 314//608
f 376//609 370//609 311//609
f 377//610 371//610 313//610
f 378//611 315//611 321//611
f 378//612 309//612 315//612
f 378//613 372//613 309//613
f 379//614 373//614 310//614
f 379//615 310//615 316//615
f 380//616 312//616 318//616
f 380//617 374//617 312//617
f 381//618 314//618 320//618
f 381//619 375//619 314//619
f 381//620 320//620 326//620
f 382//621 317//621 323//621
f 382//622 311//622 317//622
f 382//623 376//623 311//623
f 383//624 313//624 319//624
f 383//625 377//625 313//625
f 384//626 378//626 321//626
f 385//627 379//627 316//627
f 385//628 316//628 322//628
f 386//629 318//629 324//629
f 386//630 324//630 330//630
f 386//631 380//631 318//631
f 387//632 381//632 326//632
f 388//633 382//633 323//633
f 389//634 383//634 319//634
f 389//635 325//635 331//635
f 389//636 319//636 325//636
f 390//637 321//637 327//637
f 390//638 327//638 333//638
f 390//639 384//639 321//639
f 391//640 322//640 328//640
f 391//641 385//641 322//641
f 392//642 386//642 330//642
f 393//643 326//643 332//643
f 393//644 332//644 338//644
f 393//645 387//645 326//645
f 394//646 323//646 329//646
f 394//647 388//647 323//647
f 395//648 389//648 331//648
f 396//649 390//649 333//649
f 397//650 391//650 328//650
f 397//651 328//651 334//651
f 398//652 330//652 336//652
f 398//653 392//653 330//653
f 398//654 336//654 342//654
f 399//655 393//655 338//655
f 400//656 329//656 335//656
f 400//657 335//657 341//657
f 400//658 394//658 329//658
f 401//659 331//659 337//659
f 401//660 395//660 331//660
f 401//661 337//661 343//661
f 402//662 396//662 333//662
f 402//663 333//663 339//663
f 402//664 339//664 345//664
f 403//665 404//665 1//665
f 403//666 405//666 404//666
f 403//667 354//667 353//667
f 403//668 3//668 354//668
f 403//669 1//669 3//669
f 406//670 334//670 340//670
f 406//671 397//671 334//671
f 407//672 398//672 342//672
f 408//673 399//673 338//673
f 408//674 338//674 344//674
f 409//675 400//675 341//675
f 410//676 401//676 343//676
f 411//677 402//677 345//677
f 412//678 405//678 403//678
f 412//679 413//679 405//679
f 412//680 414//680 413//680
f 412//681 353//681 361//681
f 412//682 361//682 367//682
f 412//683 403//683 353//683
f 415//684 406//684 340//684
f 415//685 340//685 346//685
f 416//686 407//686 342//686
f 416//687 342//687 348//687
f 417//688 350//688 358//688
f 417//689 408//689 344//689
f 417//690 344//690 350//690
f 418//691 409//691 341//691
f 418//692 341//692 347//692
f 419//693 410//693 343//693
f 419//694 343//694 349//694
f 419//695 349//695 357//695
f 420//696 345//696 351//696
f 420//697 411//697 345//697
f 420//698 351//698 359//698
f 421//699 422//699 414//699
f 421//700 423//700 422//700
f 421//701 412//701 367//701
f 421//702 414//702 412//702
f 424//703 415//703 346//703
f 424//704 346//704 352//704
f 425//705 348//705 356//705
f 425//706 416//706 348//706
f 425//707 356//707 363//707
f 426//708 28//708 59//708
f 426//709 417//709 358//709
f 426//710 358//710 28//710
f 427//711 347//711 355//711
f 427//712 355//712 362//712
f 427//713 418//713 347//713
f 428//714 419//714 357//714
f 429//715 420//715 359//715
f 430//716 367//716 373//716
f 430//717 423//717 421//717
f 430//718 431//718 423//718
f 430//719 432//719 431//719
f 430//720 373//720 379//720
f 430//721 421//721 367//721
f 433//722 424//722 352//722
f 433//723 352//723 360//723
f 434//724 425//724 363//724
f 435//725 427//725 362//725
f 435//726 362//726 368//726
f 436//727 364//727 370//727
f 436//728 428//728 357//728
f 436//729 357//729 364//729
f 437//730 429//730 359//730
f 437//731 359//731 365//731
f 438//732 439//732 432//732
f 438//733 440//733 439//733
f 438//734 430//734 379//734
f 438//735 432//735 430//735
f 441//736 433//736 360//736
f 441//737 360//737 366//737
f 442//738 434//738 363//738
f 442//739 363//739 369//739
f 442//740 369//740 375//740
f 443//741 435//741 368//741
f 444//742 436//742 370//742
f 445//743 365//743 371//743
f 445//744 437//744 365//744
f 446//745 440//745 438//745
f 446//746 379//746 385//746
f 446//747 447//747 440//747
f 446//748 448//748 447//748
f 446//749 438//749 379//749
f 449//750 366//750 372//750
f 449//751 441//751 366//751
f 450//752 442//752 375//752
f 451//753 368//753 374//753
f 451//754 443//754 368//754
f 451//755 374//755 380//755
f 452//756 444//756 370//756
f 452//757 370//757 376//757
f 453//758 445//758 371//758
f 453//759 371//759 377//759
f 454//760 385//760 391//760
f 454//761 455//761 448//761
f 454//762 456//762 455//762
f 454//763 446//763 385//763
f 454//764 391//764 397//764
f 454//765 448//765 446//765
f 457//766 449//766 372//766
f 457//767 372//767 378//767
f 458//768 381//768 387//768
f 458//769 450//769 375//769
f 458//770 375//770 381//770
f 459//771 451//771 380//771
f 460//772 452//772 376//772
f 460//773 376//773 382//773
f 461//774 453//774 377//774
f 461//775 377//775 383//775
f 462//776 454//776 397//776
f 462//777 463//777 456//777
f 462//778 464//778 463//778
f 462//779 456//779 454//779
f 465//780 378//780 384//780
f 465//781 457//781 378//781
f 466//782 458//782 387//782
f 467//783 386//783 392//783
f 467//784 459//784 380//784
f 467//785 380//785 386//785
f 468//786 460//786 382//786
f 468//787 382//787 388//787
f 469//788 461//788 383//788
f 469//789 383//789 389//789
f 470//790 462//790 397//790
f 470//791 464//791 462//791
f 470//792 397//792 406//792
f 470//793 471//793 464//793
f 470//794 472//794 471//794
f 473//795 384//795 390//795
f 473//796 465//796 384//796
f 474//797 387//797 393//797
f 474//798 393//798 399//798
f 474//799 466//799 387//799
f 475//800 392//800 398//800
f 475//801 467//801 392//801
f 476//802 388//802 394//802
f 476//803 468//803 388//803
f 477//804 389//804 395//804
f 477//805 469//805 389//805
f 478//806 479//806 472//806
f 478//807 406//807 415//807
f 478//808 480//808 479//808
f 478//809 472//809 470//809
f 478//810 470//810 406//810
f 481//811 473//811 390//811
f 481//812 390//812 396//812
f 482//813 474//813 399//813
f 483//814 475//814 398//814
f 483//815 398//815 407//815
f 484//816 394//816 400//816
f 484//817 400//817 409//817
f 484//818 476//818 394//818
f 485//819 395//819 401//819
f 485//820 401//820 410//820
f 485//821 477//821 395//821
f 486//822 487//822 480//822
f 486//823 488//823 487//823
f 486//824 415//824 424//824
f 486//825 480//825 478//825
f 486//826 478//826 415//826
f 486//827 424//827 433//827
f 489//828 481//828 396//828
f 489//829 396//829 402//829
f 490//830 399//830 408//830
f 490//831 482//831 399//831
f 491//832 483//832 407//832
f 492//833 484//833 409//833
f 492//834 409//834 418//834
f 493//835 485//835 410//835
f 494//836 488//836 486//836
f 494//837 433//837 441//837
f 494//838 495//838 488//838
f 494//839 496//839 495//839
f 494//840 486//840 433//840
f 497//841 402//841 411//841
f 497//842 489//842 402//842
f 498//843 490//843 408//843
f 498//844 408//844 417//844
f 499//845 491//845 407//845
f 499//846 407//846 416//846
f 499//847 416//847 425//847
f 500//848 492//848 418//848
f 501//849 493//849 410//849
f 501//850 410//850 419//850
f 502//851 494//851 441//851
f 502//852 503//852 496//852
f 502//853 504//853 503//853
f 502//854 496//854 494//854
f 505//855 497//855 411//855
f 505//856 411//856 420//856
f 505//857 420//857 429//857
f 506//858 417//858 426//858
f 506//859 59//859 101//859
f 506//860 426//860 59//860
f 506//861 498//861 417//861
f 507//862 499//862 425//862
f 508//863 418//863 427//863
f 508//864 500//864 418//864
f 508//865 427//865 435//865
f 509//866 419//866 428//866
f 509//867 501//867 419//867
f 510//868 441//868 449//868
f 510//869 511//869 504//869
f 510//870 512//870 511//870
f 510//871 502//871 441//871
f 510//872 504//872 502//872
f 513//873 505//873 429//873
f 514//874 507//874 425//874
f 514//875 434//875 442//875
f 514//876 425//876 434//876
f 515//877 508//877 435//877
f 516//878 428//878 436//878
f 516//879 509//879 428//879
f 517//880 510//880 449//880
f 517//881 449//881 457//881
f 517//882 518//882 512//882
f 517//883 519//883 518//883
f 517//884 512//884 510//884
f 520//885 513//885 429//885
f 520//886 429//886 437//886
f 521//887 514//887 442//887
f 522//888 443//888 451//888
f 522//889 435//889 443//889
f 522//890 515//890 435//890
f 523//891 436//891 444//891
f 523//892 516//892 436//892
f 524//893 517//893 457//893
f 524//894 457//894 465//894
f 524//895 525//895 519//895
f 524//896 526//896 525//896
f 524//897 519//897 517//897
f 527//898 520//898 437//898
f 527//899 445//899 453//899
f 527//900 437//900 445//900
f 528//901 521//901 442//901
f 528//902 442//902 450//902
f 528//903 450//903 458//903
f 529//904 522//904 451//904
f 530//905 444//905 452//905
f 530//906 523//906 444//906
f 531//907 465//907 473//907
f 531//908 526//908 524//908
f 531//909 532//909 526//909
f 531//910 533//910 532//910
f 531//911 524//911 465//911
f 534//912 527//912 453//912
f 535//913 528//913 458//913
f 536//914 529//914 451//914
f 536//915 451//915 459//915
f 537//916 452//916 460//916
f 537//917 530//917 452//917
f 538//918 539//918 533//918
f 538//919 540//919 539//919
f 538//920 531//920 473//920
f 538//921 473//921 481//921
f 538//922 533//922 531//922
f 541//923 534//923 453//923
f 541//924 453//924 461//924
f 542//925 535//925 458//925
f 542//926 458//926 466//926
f 543//927 536//927 459//927
f 543//928 459//928 467//928
f 544//929 537//929 460//929
f 544//930 460//930 468//930
f 545//931 481//931 489//931
f 545//932 546//932 540//932
f 545//933 547//933 546//933
f 545//934 538//934 481//934
f 545//935 489//935 497//935
f 545//936 540//936 538//936
f 548//937 469//937 477//937
f 548//938 461//938 469//938
f 548//939 541//939 461//939
f 549//940 466//940 474//940
f 549//941 474//941 482//941
f 549//942 542//942 466//942
f 550//943 467//943 475//943
f 550//944 475//944 483//944
f 550//945 543//945 467//945
f 551//946 476//946 484//946
f 551//947 544//947 468//947
f 551//948 468//948 476//948
f 552//949 547//949 545//949
f 552//950 497//950 505//950
f 552//951 545//951 497//951
f 552//952 553//952 547//952
f 552//953 554//953 553//953
f 555//954 548//954 477//954
f 556//955 549//955 482//955
f 556//956 482//956 490//956
f 557//957 550//957 483//957
f 558//958 551//958 484//958
f 559//959 554//959 552//959
f 559//960 552//960 505//960
f 559//961 560//961 554//961
f 559//962 561//962 560//962
f 562//963 555//963 477//963
f 562//964 485//964 493//964
f 562//965 477//965 485//965
f 563//966 556//966 490//966
f 564//967 483//967 491//967
f 564//968 491//968 499//968
f 564//969 557//969 483//969
f 565//970 484//970 492//970
f 565//971 558//971 484//971
f 566//972 561//972 559//972
f 566//973 505//973 513//973
f 566//974 567//974 561//974
f 566//975 568//975 567//975
f 566//976 559//976 505//976
f 569//977 562//977 493//977
f 570//978 563//978 490//978
f 570//979 490//979 498//979
f 571//980 564//980 499//980
f 571//981 499//981 507//981
f 572//982 492//982 500//982
f 572//983 565//983 492//983
f 573//984 520//984 527//984
f 573//985 513//985 520//985
f 573//986 574//986 568//986
f 573//987 575//987 574//987
f 573//988 568//988 566//988
f 573//989 566//989 513//989
f 576//990 569//990 493//990
f 576//991 493//991 501//991
f 577//992 101//992 153//992
f 577//993 570//993 498//993
f 577//994 506//994 101//994
f 577//995 498//995 506//995
f 578//996 571//996 507//996
f 579//997 572//997 500//997
f 579//998 500//998 508//998
f 580//999 581//999 575//999
f 580//1000 582//1000 581//1000
f 580//1001 575//1001 573//1001
f 580//1002 573//1002 527//1002
f 583//1003 501//1003 509//1003
f 583//1004 576//1004 501//1004
f 583//1005 509//1005 516//1005
f 584//1006 507//1006 514//1006
f 584//1007 578//1007 507//1007
f 584//1008 514//1008 521//1008
f 585//1009 579//1009 508//1009
f 585//1010 515//1010 522//1010
f 585//1011 508//1011 515//1011
f 586//1012 582//1012 580//1012
f 586//1013 580//1013 527//1013
f 586//1014 587//1014 582//1014
f 586//1015 588//1015 587//1015
f 586//1016 527//1016 534//1016
f 589//1017 583//1017 516//1017
f 590//1018 521//1018 528//1018
f 590//1019 584//1019 521//1019
f 591//1020 585//1020 522//1020
f 592//1021 586//1021 534//1021
f 592//1022 541//1022 548//1022
f 592//1023 534//1023 541//1023
f 592//1024 593//1024 588//1024
f 592//1025 594//1025 593//1025
f 592//1026 588//1026 586//1026
f 595//1027 516//1027 523//1027
f 595//1028 589//1028 516//1028
f 596//1029 590//1029 528//1029
f 597//1030 591//1030 522//1030
f 597//1031 522//1031 529//1031
f 598//1032 548//1032 555//1032
f 598//1033 592//1033 548//1033
f 598//1034 599//1034 594//1034
f 598//1035 600//1035 599//1035
f 598//1036 594//1036 592//1036
f 601//1037 523//1037 530//1037
f 601//1038 595//1038 523//1038
f 602//1039 528//1039 535//1039
f 602//1040 596//1040 528//1040
f 603//1041 529//1041 536//1041
f 603//1042 597//1042 529//1042
f 604//1043 600//1043 598//1043
f 604//1044 598//1044 555//1044
f 604//1045 605//1045 600//1045
f 604//1046 606//1046 605//1046
f 607//1047 601//1047 530//1047
f 607//1048 530//1048 537//1048
f 608//1049 602//1049 535//1049
f 608//1050 535//1050 542//1050
f 609//1051 536//1051 543//1051
f 609//1052 603//1052 536//1052
f 610//1053 606//1053 604//1053
f 610//1054 604//1054 555//1054
f 610//1055 555//1055 562//1055
f 610//1056 611//1056 606//1056
f 610//1057 612//1057 611//1057
f 610//1058 562//1058 569//1058
f 613//1059 537//1059 544//1059
f 613//1060 607//1060 537//1060
f 614//1061 542//1061 549//1061
f 614//1062 608//1062 542//1062
f 615//1063 609//1063 543//1063
f 615//1064 543//1064 550//1064
f 616//1065 617//1065 612//1065
f 616//1066 618//1066 617//1066
f 616//1067 612//1067 610//1067
f 616//1068 610//1068 569//1068
f 619//1069 613//1069 544//1069
f 619//1070 544//1070 551//1070
f 620//1071 556//1071 563//1071
f 620//1072 614//1072 549//1072
f 620//1073 549//1073 556//1073
f 621//1074 550//1074 557//1074
f 621//1075 615//1075 550//1075
f 622//1076 569//1076 576//1076
f 622//1077 618//1077 616//1077
f 622//1078 616//1078 569//1078
f 622//1079 576//1079 583//1079
f 622//1080 623//1080 618//1080
f 622//1081 624//1081 623//1081
f 625//1082 619//1082 551//1082
f 625//1083 551//1083 558//1083
f 626//1084 620//1084 563//1084
f 626//1085 563//1085 570//1085
f 627//1086 557//1086 564//1086
f 627//1087 621//1087 557//1087
f 628//1088 624//1088 622//1088
f 628//1089 629//1089 624//1089
f 628//1090 630//1090 629//1090
f 628//1091 622//1091 583//1091
f 631//1092 625//1092 558//1092
f 631//1093 565//1093 572//1093
f 631//1094 558//1094 565//1094
f 632//1095 626//1095 570//1095
f 633//1096 564//1096 571//1096
f 633//1097 627//1097 564//1097
f 634//1098 583//1098 589//1098
f 634//1099 589//1099 595//1099
f 634//1100 628//1100 583//1100
f 634//1101 635//1101 630//1101
f 634//1102 636//1102 635//1102
f 634//1103 630//1103 628//1103
f 637//1104 631//1104 572//1104
f 638//1105 577//1105 153//1105
f 638//1106 153//1106 154//1106
f 638//1107 570//1107 577//1107
f 638//1108 632//1108 570//1108
f 639//1109 571//1109 578//1109
f 639//1110 633//1110 571//1110
f 640//1111 634//1111 595//1111
f 640//1112 636//1112 634//1112
f 640//1113 641//1113 636//1113
f 640//1114 642//1114 641//1114
f 643//1115 572//1115 579//1115
f 643//1116 637//1116 572//1116
f 644//1117 639//1117 578//1117
f 644//1118 578//1118 584//1118
f 645//1119 601//1119 607//1119
f 645//1120 595//1120 601//1120
f 645//1121 640//1121 595//1121
f 645//1122 646//1122 642//1122
f 645//1123 647//1123 646//1123
f 645//1124 642//1124 640//1124
f 648//1125 579//1125 585//1125
f 648//1126 585//1126 591//1126
f 648//1127 643//1127 579//1127
f 649//1128 644//1128 584//1128
f 649//1129 584//1129 590//1129
f 650//1130 645//1130 607//1130
f 650//1131 647//1131 645//1131
f 650//1132 651//1132 647//1132
f 650//1133 652//1133 651//1133
f 653//1134 648//1134 591//1134
f 654//1135 590//1135 596//1135
f 654//1136 649//1136 590//1136
f 655//1137 652//1137 650//1137
f 655//1138 607//1138 613//1138
f 655//1139 650//1139 607//1139
f 655//1140 656//1140 652//1140
f 655//1141 657//1141 656//1141
f 658//1142 653//1142 591//1142
f 658//1143 591//1143 597//1143
f 659//1144 596//1144 602//1144
f 659//1145 654//1145 596//1145
f 660//1146 613//1146 619//1146
f 660//1147 655//1147 613//1147
f 660//1148 657//1148 655//1148
f 660//1149 661//1149 657//1149
f 660//1150 662//1150 661//1150
f 663//1151 658//1151 597//1151
f 663//1152 597//1152 603//1152
f 663//1153 603//1153 609//1153
f 664//1154 608//1154 614//1154
f 664//1155 659//1155 602//1155
f 664//1156 602//1156 608//1156
f 665//1157 660//1157 619//1157
f 665//1158 619//1158 625//1158
f 665//1159 662//1159 660//1159
f 665//1160 666//1160 662//1160
f 665//1161 667//1161 666//1161
f 668//1162 663//1162 609//1162
f 669//1163 664//1163 614//1163
f 670//1164 625//1164 631//1164
f 670//1165 665//1165 625//1165
f 670//1166 671//1166 667//1166
f 670//1167 672//1167 671//1167
f 670//1168 667//1168 665//1168
f 673//1169 668//1169 609//1169
f 673//1170 615//1170 621//1170
f 673//1171 609//1171 615//1171
f 674//1172 669//1172 614//1172
f 674//1173 614//1173 620//1173
f 675//1174 672//1174 670//1174
f 675//1175 631//1175 637//1175
f 675//1176 670//1176 631//1176
f 675//1177 676//1177 672//1177
f 675//1178 677//1178 676//1178
f 675//1179 637//1179 643//1179
f 678//1180 673//1180 621//1180
f 679//1181 674//1181 620//1181
f 679//1182 620//1182 626//1182
f 680//1183 675//1183 643//1183
f 680//1184 677//1184 675//1184
f 680//1185 681//1185 677//1185
f 680//1186 682//1186 681//1186
f 683//1187 621//1187 627//1187
f 683//1188 678//1188 621//1188
f 684//1189 679//1189 626//1189
f 684//1190 626//1190 632//1190
f 684//1191 632//1191 638//1191
f 685//1192 682//1192 680//1192
f 685//1193 680//1193 643//1193
f 685//1194 643//1194 648//1194
f 685//1195 686//1195 682//1195
f 685//1196 687//1196 686//1196
f 688//1197 633//1197 639//1197
f 688//1198 683//1198 627//1198
f 688//1199 627//1199 633//1199
f 689//1200 154//1200 290//1200
f 689//1201 684//1201 638//1201
f 689//1202 638//1202 154//1202
f 690//1203 691//1203 692//1203
f 690//1204 685//1204 648//1204
f 690//1205 687//1205 685//1205
f 690//1206 653//1206 658//1206
f 690//1207 648//1207 653//1207
f 690//1208 692//1208 687//1208
f 693//1209 688//1209 639//1209
f 694//1210 695//1210 691//1210
f 694//1211 696//1211 695//1211
f 694//1212 690//1212 658//1212
f 694//1213 691//1213 690//1213
f 697//1214 693//1214 639//1214
f 697//1215 639//1215 644//1215
f 697//1216 644//1216 649//1216
f 698//1217 699//1217 696//1217
f 698//1218 700//1218 699//1218
f 698//1219 663//1219 668//1219
f 698//1220 658//1220 663//1220
f 698//1221 696//1221 694//1221
f 698//1222 694//1222 658//1222
f 701//1223 697//1223 649//1223
f 702//1224 698//1224 668//1224
f 702//1225 703//1225 700//1225
f 702//1226 704//1226 703//1226
f 702//1227 700//1227 698//1227
f 705//1228 649//1228 654//1228
f 705//1229 701//1229 649//1229
f 706//1230 707//1230 704//1230
f 706//1231 668//1231 673//1231
f 706//1232 708//1232 707//1232
f 706//1233 702//1233 668//1233
f 706//1234 704//1234 702//1234
f 709//1235 705//1235 654//1235
f 709//1236 654//1236 659//1236
f 709//1237 659//1237 664//1237
f 710//1238 711//1238 708//1238
f 710//1239 712//1239 711//1239
f 710//1240 673//1240 678//1240
f 710//1241 706//1241 673//1241
f 710//1242 708//1242 706//1242
f 713//1243 709//1243 664//1243
f 714//1244 678//1244 683//1244
f 714//1245 712//1245 710//1245
f 714//1246 715//1246 712//1246
f 714//1247 716//1247 715//1247
f 714//1248 683//1248 688//1248
f 714//1249 710//1249 678//1249
f 717//1250 713//1250 664//1250
f 717//1251 664//1251 669//1251
f 718//1252 716//1252 714//1252
f 718//1253 719//1253 716//1253
f 718//1254 720//1254 719//1254
f 718//1255 714//1255 688//1255
f 721//1256 669//1256 674//1256
f 721//1257 674//1257 679//1257
f 721//1258 717//1258 669//1258
f 722//1259 723//1259 720//1259
f 722//1260 724//1260 723//1260
f 722//1261 720//1261 718//1261
f 722//1262 693//1262 697//1262
f 722//1263 688//1263 693//1263
f 722//1264 718//1264 688//1264
f 725//1265 721//1265 679//1265
f 726//1266 727//1266 724//1266
f 726//1267 728//1267 727//1267
f 726//1268 722//1268 697//1268
f 726//1269 724//1269 722//1269
f 729//1270 679//1270 684//1270
f 729//1271 725//1271 679//1271
f 730//1272 731//1272 728//1272
f 730//1273 732//1273 731//1273
f 730//1274 726//1274 697//1274
f 730//1275 697//1275 701//1275
f 730//1276 728//1276 726//1276
f 733//1277 729//1277 684//1277
f 733//1278 290//1278 354//1278
f 733//1279 684//1279 689//1279
f 733//1280 689//1280 290//1280
f 734//1281 735//1281 732//1281
f 734//1282 736//1282 735//1282
f 734//1283 730//1283 701//1283
f 734//1284 701//1284 705//1284
f 734//1285 732//1285 730//1285
f 737//1286 738//1286 736//1286
f 737//1287 739//1287 738//1287
f 737//1288 734//1288 705//1288
f 737//1289 736//1289 734//1289
f 737//1290 705//1290 709//1290
f 740//1291 737//1291 709//1291
f 740//1292 741//1292 739//1292
f 740//1293 742//1293 741//1293
f 740//1294 739//1294 737//1294
f 740//1295 713//1295 717//1295
f 740//1296 709//1296 713//1296
f 743//1297 742//1297 740//1297
f 743//1298 740//1298 717//1298
f 743//1299 744//1299 742//1299
f 743//1300 745//1300 744//1300
f 746//1301 743//1301 717//1301
f 746//1302 747//1302 745//1302
f 746//1303 748//1303 747//1303
f 746//1304 745//1304 743//1304
f 746//1305 717//1305 721//1305
f 749//1306 725//1306 729//1306
f 749//1307 748//1307 746//1307
f 749//1308 721//1308 725//1308
f 749//1309 750//1309 748//1309
f 749//1310 751//1310 750//1310
f 749//1311 746//1311 721//1311
f 752//1312 749//1312 729//1312
f 752//1313 751//1313 749//1313
f 752//1314 753//1314 751//1314
f 752//1315 754//1315 753//1315
f 755//1316 729//1316 733//1316
f 755//1317 733//1317 354//1317
f 755//1318 354//1318 3//1318
f 755//1319 752//1319 729//1319
f 755//1320 754//1320 752//1320
f 755//1321 756//1321 754//1321
f 755//1322 4//1322 756//1322
f 755//1323 3//1323 4//1323
f 757//1324 7//1324 6//1324
f 757//1325 6//1325 758//1325
f 759//1326 7//1326 757//1326
f 760//1327 7//1327 759//1327
f 760//1328 10//1328 7//1328
f 761//1329 10//1329 760//1329
f 762//1330 12//1330 10//1330
f 762//1331 10//1331 761//1331
f 763//1332 12//1332 762//1332
f 764//1333 14//1333 12//1333
f 764//1334 12//1334 763//1334
f 765//1335 14//1335 764//1335
f 766//1336 16//1336 14//1336
f 766//1337 14//1337 765//1337
f 767//1338 16//1338 766//1338
f 768//1339 769//1339 770//1339
f 768//1340 767//1340 769//1340
f 768//1341 770//1341 771//1341
f 768//1342 18//1342 16//1342
f 768//1343 771//1343 772//1343
f 768//1344 772//1344 773//1344
f 768//1345 16//1345 767//1345
f 768//1346 20//1346 18//1346
f 774//1347 773//1347 775//1347
f 774//1348 768//1348 773//1348
f 774//1349 20//1349 768//1349
f 774//1350 21//1350 20//1350
f 776//1351 21//1351 774//1351
f 776//1352 24//1352 21//1352
f 776//1353 775//1353 777//1353
f 776//1354 774//1354 775//1354
f 778//1355 777//1355 779//1355
f 778//1356 779//1356 780//1356
f 778//1357 24//1357 776//1357
f 778//1358 776//1358 777//1358
f 781//1359 24//1359 778//1359
f 781//1360 780//1360 782//1360
f 781//1361 778//1361 780//1361
f 781//1362 26//1362 24//1362
f 783//1363 26//1363 781//1363
f 783//1364 781//1364 782//1364
f 783//1365 30//1365 26//1365
f 783//1366 782//1366 784//1366
f 785//1367 786//1367 787//1367
f 785//1368 30//1368 783//1368
f 785//1369 783//1369 784//1369
f 785//1370 784//1370 786//1370
f 788//1371 30//1371 785//1371
f 788//1372 785//1372 787//1372
f 788//1373 787//1373 789//1373
f 788//1374 31//1374 30//1374
f 790//1375 789//1375 791//1375
f 790//1376 788//1376 789//1376
f 790//1377 31//1377 788//1377
f 790//1378 36//1378 31//1378
f 792//1379 36//1379 790//1379
f 792//1380 793//1380 794//1380
f 792//1381 790//1381 791//1381
f 792//1382 791//1382 793//1382
f 795//1383 794//1383 796//1383
f 795//1384 36//1384 792//1384
f 795//1385 792//1385 794//1385
f 795//1386 37//1386 36//1386
f 797//1387 42//1387 37//1387
f 797//1388 796//1388 798//1388
f 797//1389 37//1389 795//1389
f 797//1390 795//1390 796//1390
f 799//1391 798//1391 800//1391
f 799//1392 800//1392 801//1392
f 799//1393 42//1393 797//1393
f 799//1394 797//1394 798//1394
f 802//1395 43//1395 42//1395
f 802//1396 801//1396 803//1396
f 802//1397 799//1397 801//1397
f 802//1398 42//1398 799//1398
f 804//1399 48//1399 43//1399
f 804//1400 802//1400 803//1400
f 804//1401 43//1401 802//1401
f 805//1402 48//1402 804//1402
f 806//1403 48//1403 805//1403
f 806//1404 51//1404 48//1404
f 807//1405 51//1405 806//1405
f 807//1406 52//1406 51//1406
f 808//1407 52//1407 807//1407
f 809//1408 57//1408 52//1408
f 809//1409 52//1409 808//1409
f 810//1410 62//1410 57//1410
f 810//1411 57//1411 809//1411
f 811//1412 62//1412 810//1412
f 812//1413 164//1413 813//1413
f 812//1414 170//1414 164//1414
f 814//1415 170//1415 812//1415
f 815//1416 181//1416 170//1416
f 815//1417 170//1417 814//1417
f 816//1418 181//1418 815//1418
f 816//1419 187//1419 181//1419
f 817//1420 187//1420 816//1420
f 818//1421 187//1421 817//1421
f 818//1422 188//1422 187//1422
f 819//1423 188//1423 818//1423
f 819//1424 199//1424 188//1424
f 820//1425 819//1425 821//1425
f 820//1426 821//1426 822//1426
f 820//1427 199//1427 819//1427
f 820//1428 822//1428 823//1428
f 824//1429 823//1429 825//1429
f 824//1430 820//1430 823//1430
f 824//1431 199//1431 820//1431
f 824//1432 200//1432 199//1432
f 826//1433 825//1433 827//1433
f 826//1434 824//1434 825//1434
f 826//1435 200//1435 824//1435
f 826//1436 211//1436 200//1436
f 828//1437 826//1437 827//1437
f 828//1438 829//1438 830//1438
f 828//1439 827//1439 829//1439
f 828//1440 211//1440 826//1440
f 831//1441 828//1441 830//1441
f 831//1442 830//1442 832//1442
f 831//1443 211//1443 828//1443
f 831//1444 218//1444 211//1444
f 833//1445 225//1445 218//1445
f 833//1446 832//1446 834//1446
f 833//1447 831//1447 832//1447
f 833//1448 218//1448 831//1448
f 835//1449 836//1449 837//1449
f 835//1450 834//1450 836//1450
f 835//1451 225//1451 833//1451
f 835//1452 833//1452 834//1452
f 838//1453 226//1453 225//1453
f 838//1454 837//1454 839//1454
f 838//1455 835//1455 837//1455
f 838//1456 225//1456 835//1456
f 840//1457 239//1457 226//1457
f 840//1458 838//1458 839//1458
f 840//1459 226//1459 838//1459
f 840//1460 839//1460 841//1460
f 842//1461 841//1461 843//1461
f 842//1462 843//1462 844//1462
f 842//1463 239//1463 840//1463
f 842//1464 840//1464 841//1464
f 845//1465 246//1465 239//1465
f 845//1466 844//1466 846//1466
f 845//1467 842//1467 844//1467
f 845//1468 239//1468 842//1468
f 847//1469 247//1469 246//1469
f 847//1470 845//1470 846//1470
f 847//1471 846//1471 848//1471
f 847//1472 246//1472 845//1472
f 849//1473 850//1473 851//1473
f 849//1474 851//1474 852//1474
f 849//1475 847//1475 848//1475
f 849//1476 848//1476 850//1476
f 849//1477 261//1477 260//1477
f 849//1478 247//1478 847//1478
f 849//1479 260//1479 247//1479
f 853//1480 849//1480 852//1480
f 854//1481 849//1481 853//1481
f 854//1482 261//1482 849//1482
f 855//1483 261//1483 854//1483
f 855//1484 274//1484 261//1484
f 856//1485 274//1485 855//1485
f 857//1486 281//1486 274//1486
f 857//1487 274//1487 856//1487
f 858//1488 281//1488 857//1488
f 859//1489 281//1489 858//1489
f 859//1490 282//1490 281//1490
f 860//1491 282//1491 859//1491
f 861//1492 282//1492 860//1492
f 861//1493 297//1493 282//1493
f 862//1494 297//1494 861//1494
f 863//1495 758//1495 6//1495
f 863//1496 297//1496 862//1496
f 863//1497 6//1497 297//1497
f 864//1498 757//1498 758//1498
f 864//1499 759//1499 757//1499
f 865//1500 759//1500 864//1500
f 865//1501 760//1501 759//1501
f 866//1502 760//1502 865//1502
f 867//1503 760//1503 866//1503
f 867//1504 761//1504 760//1504
f 868//1505 761//1505 867//1505
f 869//1506 762//1506 761//1506
f 869//1507 761//1507 868//1507
f 870//1508 762//1508 869//1508
f 871//1509 762//1509 870//1509
f 871//1510 763//1510 762//1510
f 872//1511 763//1511 871//1511
f 873//1512 764//1512 763//1512
f 873//1513 763//1513 872//1513
f 874//1514 764//1514 873//1514
f 875//1515 765//1515 764//1515
f 875//1516 764//1516 874//1516
f 876//1517 765//1517 875//1517
f 877//1518 766//1518 765//1518
f 877//1519 765//1519 876//1519
f 878//1520 766//1520 877//1520
f 879//1521 766//1521 878//1521
f 879//1522 767//1522 766//1522
f 880//1523 767//1523 879//1523
f 881//1524 769//1524 767//1524
f 881//1525 767//1525 880//1525
f 882//1526 769//1526 881//1526
f 883//1527 770//1527 769//1527
f 883//1528 769//1528 882//1528
f 884//1529 770//1529 883//1529
f 885//1530 770//1530 884//1530
f 885//1531 771//1531 770//1531
f 886//1532 771//1532 885//1532
f 887//1533 771//1533 886//1533
f 887//1534 772//1534 771//1534
f 888//1535 772//1535 887//1535
f 889//1536 772//1536 888//1536
f 889//1537 773//1537 772//1537
f 890//1538 773//1538 889//1538
f 890//1539 891//1539 892//1539
f 890//1540 893//1540 891//1540
f 890//1541 775//1541 773//1541
f 890//1542 777//1542 775//1542
f 890//1543 889//1543 893//1543
f 894//1544 890//1544 892//1544
f 894//1545 777//1545 890//1545
f 895//1546 777//1546 894//1546
f 895//1547 779//1547 777//1547
f 896//1548 779//1548 895//1548
f 896//1549 780//1549 779//1549
f 897//1550 780//1550 896//1550
f 898//1551 780//1551 897//1551
f 898//1552 782//1552 780//1552
f 899//1553 782//1553 898//1553
f 899//1554 784//1554 782//1554
f 900//1555 784//1555 899//1555
f 900//1556 786//1556 784//1556
f 901//1557 805//1557 804//1557
f 902//1558 806//1558 805//1558
f 902//1559 805//1559 901//1559
f 903//1560 806//1560 902//1560
f 904//1561 806//1561 903//1561
f 904//1562 807//1562 806//1562
f 905//1563 808//1563 807//1563
f 905//1564 807//1564 904//1564
f 906//1565 70//1565 63//1565
f 906//1566 63//1566 62//1566
f 907//1567 70//1567 906//1567
f 908//1568 70//1568 907//1568
f 908//1569 74//1569 70//1569
f 909//1570 74//1570 908//1570
f 910//1571 75//1571 74//1571
f 910//1572 74//1572 909//1572
f 911//1573 75//1573 910//1573
f 912//1574 75//1574 911//1574
f 913//1575 82//1575 75//1575
f 913//1576 75//1576 912//1576
f 913//1577 912//1577 914//1577
f 915//1578 913//1578 914//1578
f 916//1579 82//1579 913//1579
f 916//1580 86//1580 82//1580
f 916//1581 913//1581 915//1581
f 917//1582 916//1582 915//1582
f 917//1583 86//1583 916//1583
f 917//1584 87//1584 86//1584
f 918//1585 87//1585 917//1585
f 918//1586 91//1586 87//1586
f 919//1587 105//1587 99//1587
f 919//1588 99//1588 98//1588
f 920//1589 125//1589 120//1589
f 920//1590 120//1590 115//1590
f 920//1591 115//1591 921//1591
f 922//1592 125//1592 920//1592
f 922//1593 134//1593 125//1593
f 923//1594 922//1594 924//1594
f 925//1595 134//1595 922//1595
f 925//1596 922//1596 923//1596
f 925//1597 139//1597 134//1597
f 926//1598 923//1598 927//1598
f 926//1599 925//1599 923//1599
f 926//1600 139//1600 925//1600
f 926//1601 140//1601 139//1601
f 928//1602 926//1602 927//1602
f 928//1603 140//1603 926//1603
f 929//1604 140//1604 928//1604
f 930//1605 149//1605 140//1605
f 930//1606 140//1606 929//1606
f 931//1607 149//1607 930//1607
f 932//1608 157//1608 149//1608
f 932//1609 149//1609 931//1609
f 933//1610 157//1610 932//1610
f 934//1611 158//1611 157//1611
f 934//1612 813//1612 164//1612
f 934//1613 164//1613 158//1613
f 934//1614 157//1614 933//1614
f 935//1615 815//1615 814//1615
f 935//1616 816//1616 815//1616
f 936//1617 816//1617 935//1617
f 937//1618 817//1618 816//1618
f 937//1619 816//1619 936//1619
f 938//1620 817//1620 937//1620
f 939//1621 821//1621 819//1621
f 939//1622 819//1622 818//1622
f 939//1623 818//1623 817//1623
f 939//1624 817//1624 938//1624
f 940//1625 839//1625 837//1625
f 941//1626 839//1626 940//1626
f 941//1627 841//1627 839//1627
f 942//1628 841//1628 941//1628
f 943//1629 843//1629 841//1629
f 943//1630 841//1630 942//1630
f 944//1631 844//1631 843//1631
f 944//1632 843//1632 943//1632
f 945//1633 844//1633 944//1633
f 946//1634 945//1634 947//1634
f 946//1635 844//1635 945//1635
f 946//1636 846//1636 844//1636
f 946//1637 848//1637 846//1637
f 948//1638 946//1638 947//1638
f 949//1639 848//1639 946//1639
f 949//1640 850//1640 848//1640
f 949//1641 946//1641 948//1641
f 950//1642 850//1642 949//1642
f 951//1643 851//1643 850//1643
f 951//1644 850//1644 950//1644
f 952//1645 851//1645 951//1645
f 953//1646 852//1646 851//1646
f 953//1647 851//1647 952//1647
f 954//1648 852//1648 953//1648
f 955//1649 852//1649 954//1649
f 955//1650 853//1650 852//1650
f 956//1651 853//1651 955//1651
f 957//1652 854//1652 853//1652
f 957//1653 853//1653 956//1653
f 958//1654 854//1654 957//1654
f 959//1655 855//1655 854//1655
f 959//1656 854//1656 958//1656
f 960//1657 855//1657 959//1657
f 961//1658 856//1658 855//1658
f 961//1659 855//1659 960//1659
f 962//1660 856//1660 961//1660
f 963//1661 857//1661 856//1661
f 963//1662 856//1662 962//1662
f 964//1663 857//1663 963//1663
f 965//1664 858//1664 857//1664
f 965//1665 857//1665 964//1665
f 966//1666 858//1666 965//1666
f 967//1667 859//1667 858//1667
f 967//1668 858//1668 966//1668
f 968//1669 859//1669 967//1669
f 969//1670 860//1670 859//1670
f 969//1671 859//1671 968//1671
f 970//1672 860//1672 969//1672
f 971//1673 861//1673 860//1673
f 971//1674 860//1674 970//1674
f 972//1675 861//1675 971//1675
f 973//1676 862//1676 861//1676
f 973//1677 861//1677 972//1677
f 974//1678 758//1678 863//1678
f 974//1679 863//1679 862//1679
f 974//1680 862//1680 973//1680
f 975//1681 866//1681 865//1681
f 975//1682 864//1682 758//1682
f 975//1683 865//1683 864//1683
f 976//1684 866//1684 975//1684
f 976//1685 975//1685 758//1685
f 977//1686 867//1686 866//1686
f 977//1687 866//1687 976//1687
f 977//1688 976//1688 758//1688
f 978//1689 977//1689 758//1689
f 978//1690 867//1690 977//1690
f 979//1691 867//1691 978//1691
f 979//1692 868//1692 867//1692
f 979//1693 978//1693 758//1693
f 980//1694 868//1694 979//1694
f 980//1695 979//1695 758//1695
f 981//1696 980//1696 758//1696
f 981//1697 868//1697 980//1697
f 981//1698 869//1698 868//1698
f 982//1699 869//1699 981//1699
f 983//1700 869//1700 982//1700
f 983//1701 870//1701 869//1701
f 984//1702 870//1702 983//1702
f 985//1703 870//1703 984//1703
f 985//1704 871//1704 870//1704
f 986//1705 871//1705 985//1705
f 987//1706 871//1706 986//1706
f 987//1707 872//1707 871//1707
f 988//1708 872//1708 987//1708
f 989//1709 872//1709 988//1709
f 989//1710 873//1710 872//1710
f 990//1711 873//1711 989//1711
f 991//1712 873//1712 990//1712
f 991//1713 874//1713 873//1713
f 992//1714 874//1714 991//1714
f 993//1715 874//1715 992//1715
f 993//1716 875//1716 874//1716
f 994//1717 875//1717 993//1717
f 995//1718 875//1718 994//1718
f 995//1719 876//1719 875//1719
f 996//1720 876//1720 995//1720
f 996//1721 878//1721 877//1721
f 996//1722 877//1722 876//1722
f 997//1723 895//1723 894//1723
f 997//1724 896//1724 895//1724
f 997//1725 894//1725 892//1725
f 998//1726 897//1726 896//1726
f 998//1727 896//1727 997//1727
f 998//1728 898//1728 897//1728
f 999//1729 787//1729 786//1729
f 999//1730 789//1730 787//1730
f 999//1731 786//1731 900//1731
f 1000//1732 789//1732 999//1732
f 1001//1733 791//1733 789//1733
f 1001//1734 789//1734 1000//1734
f 1002//1735 791//1735 1001//1735
f 1003//1736 793//1736 791//1736
f 1003//1737 791//1737 1002//1737
f 1004//1738 793//1738 1003//1738
f 1005//1739 794//1739 793//1739
f 1005//1740 796//1740 794//1740
f 1005//1741 793//1741 1004//1741
f 1006//1742 804//1742 803//1742
f 1006//1743 901//1743 804//1743
f 1007//1744 903//1744 902//1744
f 1007//1745 901//1745 1006//1745
f 1007//1746 902//1746 901//1746
f 1008//1747 904//1747 903//1747
f 1008//1748 905//1748 904//1748
f 1008//1749 903//1749 1007//1749
f 1009//1750 1008//1750 1010//1750
f 1009//1751 905//1751 1008//1751
f 1011//1752 905//1752 1009//1752
f 1011//1753 808//1753 905//1753
f 1011//1754 809//1754 808//1754
f 1011//1755 810//1755 809//1755
f 1012//1756 810//1756 1011//1756
f 1012//1757 1011//1757 1009//1757
f 1012//1758 811//1758 810//1758
f 1013//1759 811//1759 1012//1759
f 1014//1760 811//1760 1013//1760
f 1015//1761 1013//1761 1016//1761
f 1015//1762 1016//1762 1017//1762
f 1015//1763 1014//1763 1013//1763
f 1015//1764 909//1764 908//1764
f 1018//1765 811//1765 1014//1765
f 1018//1766 62//1766 811//1766
f 1018//1767 906//1767 62//1767
f 1019//1768 1014//1768 1015//1768
f 1019//1769 1015//1769 908//1769
f 1019//1770 906//1770 1018//1770
f 1019//1771 1018//1771 1014//1771
f 1019//1772 907//1772 906//1772
f 1019//1773 908//1773 907//1773
f 1020//1774 1015//1774 1017//1774
f 1020//1775 909//1775 1015//1775
f 1020//1776 910//1776 909//1776
f 1020//1777 911//1777 910//1777
f 1020//1778 1017//1778 1021//1778
f 1022//1779 1020//1779 1021//1779
f 1022//1780 911//1780 1020//1780
f 1022//1781 914//1781 912//1781
f 1022//1782 912//1782 911//1782
f 1023//1783 1022//1783 1021//1783
f 1023//1784 914//1784 1022//1784
f 1023//1785 915//1785 914//1785
f 1024//1786 1023//1786 1021//1786
f 1024//1787 915//1787 1023//1787
f 1025//1788 915//1788 1024//1788
f 1026//1789 1027//1789 918//1789
f 1026//1790 917//1790 915//1790
f 1026//1791 915//1791 1025//1791
f 1026//1792 918//1792 917//1792
f 1028//1793 918//1793 1027//1793
f 1028//1794 91//1794 918//1794
f 1028//1795 919//1795 98//1795
f 1028//1796 1029//1796 1030//1796
f 1028//1797 1027//1797 1029//1797
f 1028//1798 1031//1798 919//1798
f 1028//1799 98//1799 91//1799
f 1028//1800 1030//1800 1031//1800
f 1032//1801 1033//1801 921//1801
f 1032//1802 1031//1802 1030//1802
f 1034//1803 1031//1803 1032//1803
f 1034//1804 1032//1804 921//1804
f 1035//1805 1031//1805 1034//1805
f 1035//1806 1034//1806 921//1806
f 1035//1807 919//1807 1031//1807
f 1035//1808 921//1808 115//1808
f 1036//1809 921//1809 1033//1809
f 1037//1810 105//1810 919//1810
f 1037//1811 115//1811 114//1811
f 1037//1812 919//1812 1035//1812
f 1037//1813 114//1813 105//1813
f 1037//1814 1035//1814 115//1814
f 1038//1815 922//1815 920//1815
f 1038//1816 920//1816 921//1816
f 1038//1817 924//1817 922//1817
f 1038//1818 921//1818 1036//1818
f 1038//1819 1036//1819 1039//1819
f 1038//1820 1039//1820 924//1820
f 1040//1821 924//1821 1039//1821
f 1041//1822 923//1822 924//1822
f 1041//1823 928//1823 927//1823
f 1041//1824 927//1824 923//1824
f 1041//1825 930//1825 929//1825
f 1041//1826 924//1826 1040//1826
f 1041//1827 929//1827 928//1827
f 1042//1828 812//1828 813//1828
f 1042//1829 813//1829 1043//1829
f 1042//1830 814//1830 812//1830
f 1044//1831 814//1831 1042//1831
f 1044//1832 935//1832 814//1832
f 1045//1833 939//1833 938//1833
f 1046//1834 1045//1834 938//1834
f 1046//1835 936//1835 935//1835
f 1046//1836 937//1836 936//1836
f 1046//1837 938//1837 937//1837
f 1046//1838 935//1838 1044//1838
f 1047//1839 1045//1839 1048//1839
f 1049//1840 939//1840 1045//1840
f 1049//1841 822//1841 821//1841
f 1049//1842 1045//1842 1047//1842
f 1049//1843 823//1843 822//1843
f 1049//1844 821//1844 939//1844
f 1050//1845 1047//1845 1048//1845
f 1050//1846 823//1846 1049//1846
f 1050//1847 827//1847 825//1847
f 1050//1848 825//1848 823//1848
f 1050//1849 1049//1849 1047//1849
f 1051//1850 827//1850 1050//1850
f 1051//1851 1050//1851 1052//1851
f 1051//1852 830//1852 829//1852
f 1051//1853 829//1853 827//1853
f 1053//1854 1051//1854 1052//1854
f 1053//1855 830//1855 1051//1855
f 1054//1856 1053//1856 1052//1856
f 1054//1857 830//1857 1053//1857
f 1054//1858 832//1858 830//1858
f 1055//1859 941//1859 940//1859
f 1056//1860 1054//1860 1052//1860
f 1056//1861 832//1861 1054//1861
f 1057//1862 1056//1862 1052//1862
f 1057//1863 1052//1863 1058//1863
f 1057//1864 832//1864 1056//1864
f 1057//1865 834//1865 832//1865
f 1059//1866 1057//1866 1058//1866
f 1059//1867 834//1867 1057//1867
f 1060//1868 1055//1868 940//1868
f 1060//1869 837//1869 836//1869
f 1060//1870 1058//1870 1055//1870
f 1060//1871 1059//1871 1058//1871
f 1060//1872 834//1872 1059//1872
f 1060//1873 940//1873 837//1873
f 1060//1874 836//1874 834//1874
f 1061//1875 943//1875 942//1875
f 1061//1876 945//1876 944//1876
f 1061//1877 944//1877 943//1877
f 1062//1878 962//1878 961//1878
f 1062//1879 963//1879 962//1879
f 1063//1880 963//1880 1062//1880
f 1064//1881 964//1881 963//1881
f 1064//1882 963//1882 1063//1882
f 1065//1883 964//1883 1064//1883
f 1066//1884 964//1884 1065//1884
f 1066//1885 965//1885 964//1885
f 1067//1886 965//1886 1066//1886
f 1068//1887 966//1887 965//1887
f 1068//1888 965//1888 1067//1888
f 1069//1889 966//1889 1068//1889
f 1070//1890 1069//1890 758//1890
f 1070//1891 966//1891 1069//1891
f 1070//1892 967//1892 966//1892
f 1071//1893 1070//1893 758//1893
f 1071//1894 967//1894 1070//1894
f 1072//1895 967//1895 1071//1895
f 1072//1896 1071//1896 758//1896
f 1072//1897 968//1897 967//1897
f 1073//1898 968//1898 1072//1898
f 1073//1899 1072//1899 758//1899
f 1074//1900 969//1900 968//1900
f 1074//1901 968//1901 1073//1901
f 1074//1902 1073//1902 758//1902
f 1075//1903 1074//1903 758//1903
f 1075//1904 969//1904 1074//1904
f 1076//1905 969//1905 1075//1905
f 1076//1906 970//1906 969//1906
f 1076//1907 1075//1907 758//1907
f 1077//1908 1076//1908 758//1908
f 1077//1909 970//1909 1076//1909
f 1078//1910 971//1910 970//1910
f 1078//1911 1077//1911 758//1911
f 1078//1912 970//1912 1077//1912
f 1079//1913 971//1913 1078//1913
f 1079//1914 1078//1914 758//1914
f 1080//1915 972//1915 971//1915
f 1080//1916 971//1916 1079//1916
f 1080//1917 1079//1917 758//1917
f 1081//1918 1080//1918 758//1918
f 1081//1919 972//1919 1080//1919
f 1082//1920 1081//1920 758//1920
f 1082//1921 972//1921 1081//1921
f 1082//1922 758//1922 974//1922
f 1082//1923 973//1923 972//1923
f 1082//1924 974//1924 973//1924
f 1083//1925 878//1925 996//1925
f 1083//1926 881//1926 880//1926
f 1083//1927 879//1927 878//1927
f 1083//1928 880//1928 879//1928
f 1084//1929 881//1929 1083//1929
f 1085//1930 882//1930 881//1930
f 1085//1931 881//1931 1084//1931
f 1086//1932 882//1932 1085//1932
f 1087//1933 882//1933 1086//1933
f 1087//1934 883//1934 882//1934
f 1088//1935 883//1935 1087//1935
f 1089//1936 884//1936 883//1936
f 1089//1937 883//1937 1088//1937
f 1090//1938 884//1938 1089//1938
f 1090//1939 886//1939 885//1939
f 1090//1940 885//1940 884//1940
f 1091//1941 892//1941 891//1941
f 1091//1942 891//1942 893//1942
f 1091//1943 997//1943 892//1943
f 1092//1944 998//1944 997//1944
f 1092//1945 899//1945 898//1945
f 1092//1946 900//1946 899//1946
f 1092//1947 898//1947 998//1947
f 1093//1948 1000//1948 999//1948
f 1093//1949 999//1949 900//1949
f 1094//1950 1000//1950 1093//1950
f 1094//1951 1001//1951 1000//1951
f 1094//1952 1002//1952 1001//1952
f 1094//1953 1003//1953 1002//1953
f 1095//1954 1003//1954 1094//1954
f 1095//1955 1004//1955 1003//1955
f 1095//1956 1005//1956 1004//1956
f 1096//1957 796//1957 1005//1957
f 1096//1958 1005//1958 1095//1958
f 1097//1959 798//1959 796//1959
f 1097//1960 796//1960 1096//1960
f 1098//1961 798//1961 1097//1961
f 1099//1962 800//1962 798//1962
f 1099//1963 801//1963 800//1963
f 1099//1964 798//1964 1098//1964
f 1099//1965 803//1965 801//1965
f 1099//1966 1100//1966 803//1966
f 1101//1967 1010//1967 1008//1967
f 1101//1968 1102//1968 1010//1968
f 1103//1969 1008//1969 1007//1969
f 1103//1970 1101//1970 1008//1970
f 1103//1971 1100//1971 1101//1971
f 1103//1972 1006//1972 803//1972
f 1103//1973 1007//1973 1006//1973
f 1103//1974 803//1974 1100//1974
f 1104//1975 1016//1975 1013//1975
f 1105//1976 1104//1976 1013//1976
f 1105//1977 1106//1977 1104//1977
f 1105//1978 1010//1978 1106//1978
f 1107//1979 1013//1979 1012//1979
f 1107//1980 1105//1980 1013//1980
f 1107//1981 1009//1981 1010//1981
f 1107//1982 1010//1982 1105//1982
f 1107//1983 1012//1983 1009//1983
f 1108//1984 1026//1984 1025//1984
f 1108//1985 1027//1985 1026//1985
f 1109//1986 1110//1986 1111//1986
f 1112//1987 1108//1987 1110//1987
f 1112//1988 1110//1988 1109//1988
f 1112//1989 1029//1989 1027//1989
f 1112//1990 1027//1990 1108//1990
f 1113//1991 1109//1991 1111//1991
f 1113//1992 1112//1992 1109//1992
f 1113//1993 1029//1993 1112//1993
f 1113//1994 1030//1994 1029//1994
f 1113//1995 1111//1995 1114//1995
f 1115//1996 1030//1996 1113//1996
f 1115//1997 1113//1997 1114//1997
f 1116//1998 1030//1998 1115//1998
f 1117//1999 1030//1999 1116//1999
f 1117//2000 1032//2000 1030//2000
f 1117//2001 1033//2001 1032//2001
f 1118//2002 1119//2002 1120//2002
f 1118//2003 1036//2003 1119//2003
f 1118//2004 1039//2004 1036//2004
f 1121//2005 1039//2005 1118//2005
f 1121//2006 1118//2006 1120//2006
f 1121//2007 1040//2007 1039//2007
f 1122//2008 1040//2008 1121//2008
f 1123//2009 1122//2009 1124//2009
f 1123//2010 1040//2010 1122//2010
f 1123//2011 1124//2011 1125//2011
f 1126//2012 1125//2012 1127//2012
f 1126//2013 1043//2013 1125//2013
f 1128//2014 1043//2014 1126//2014
f 1129//2015 1046//2015 1044//2015
f 1129//2016 1045//2016 1046//2016
f 1130//2017 1043//2017 1128//2017
f 1130//2018 1042//2018 1043//2018
f 1130//2019 1129//2019 1044//2019
f 1130//2020 1128//2020 1129//2020
f 1130//2021 1044//2021 1042//2021
f 1131//2022 1129//2022 1132//2022
f 1131//2023 1045//2023 1129//2023
f 1133//2024 1050//2024 1048//2024
f 1134//2025 1050//2025 1133//2025
f 1134//2026 1052//2026 1050//2026
f 1135//2027 1058//2027 1052//2027
f 1135//2028 1052//2028 1134//2028
f 1136//2029 1061//2029 942//2029
f 1136//2030 941//2030 1055//2030
f 1136//2031 942//2031 941//2031
f 1137//2032 945//2032 1061//2032
f 1137//2033 947//2033 945//2033
f 1137//2034 1061//2034 1136//2034
f 1138//2035 947//2035 1137//2035
f 1138//2036 948//2036 947//2036
f 1139//2037 950//2037 949//2037
f 1139//2038 951//2038 950//2038
f 1139//2039 948//2039 1138//2039
f 1139//2040 949//2040 948//2040
f 1139//2041 952//2041 951//2041
f 1140//2042 955//2042 954//2042
f 1140//2043 953//2043 952//2043
f 1140//2044 954//2044 953//2044
f 1140//2045 1139//2045 1141//2045
f 1140//2046 952//2046 1139//2046
f 1142//2047 1140//2047 1141//2047
f 1142//2048 956//2048 955//2048
f 1142//2049 955//2049 1140//2049
f 1143//2050 1142//2050 1141//2050
f 1143//2051 956//2051 1142//2051
f 1144//2052 957//2052 956//2052
f 1144//2053 956//2053 1143//2053
f 1144//2054 1143//2054 1141//2054
f 1145//2055 957//2055 1144//2055
f 1146//2056 958//2056 957//2056
f 1146//2057 957//2057 1145//2057
f 1147//2058 959//2058 958//2058
f 1147//2059 960//2059 959//2059
f 1147//2060 961//2060 960//2060
f 1147//2061 1062//2061 961//2061
f 1147//2062 958//2062 1146//2062
f 1148//2063 987//2063 986//2063
f 1148//2064 982//2064 981//2064
f 1148//2065 994//2065 993//2065
f 1148//2066 986//2066 985//2066
f 1148//2067 981//2067 758//2067
f 1148//2068 985//2068 984//2068
f 1148//2069 993//2069 992//2069
f 1148//2070 996//2070 995//2070
f 1148//2071 988//2071 987//2071
f 1148//2072 990//2072 989//2072
f 1148//2073 991//2073 990//2073
f 1148//2074 992//2074 991//2074
f 1148//2075 995//2075 994//2075
f 1148//2076 984//2076 983//2076
f 1148//2077 983//2077 982//2077
f 1148//2078 989//2078 988//2078
f 1149//2079 1084//2079 1083//2079
f 1149//2080 1148//2080 758//2080
f 1149//2081 1085//2081 1084//2081
f 1149//2082 1083//2082 996//2082
f 1149//2083 996//2083 1148//2083
f 1150//2084 1090//2084 1089//2084
f 1150//2085 1087//2085 1086//2085
f 1150//2086 1086//2086 1085//2086
f 1150//2087 1085//2087 1149//2087
f 1150//2088 1089//2088 1088//2088
f 1150//2089 1088//2089 1087//2089
f 1151//2090 887//2090 886//2090
f 1151//2091 1090//2091 1150//2091
f 1151//2092 886//2092 1090//2092
f 1151//2093 1091//2093 893//2093
f 1151//2094 889//2094 888//2094
f 1151//2095 888//2095 887//2095
f 1151//2096 893//2096 889//2096
f 1152//2097 1095//2097 1094//2097
f 1153//2098 1152//2098 1154//2098
f 1153//2099 1095//2099 1152//2099
f 1153//2100 1096//2100 1095//2100
f 1155//2101 1153//2101 1154//2101
f 1155//2102 1096//2102 1153//2102
f 1155//2103 1154//2103 1156//2103
f 1155//2104 1097//2104 1096//2104
f 1157//2105 1097//2105 1155//2105
f 1157//2106 1156//2106 1100//2106
f 1157//2107 1155//2107 1156//2107
f 1157//2108 1098//2108 1097//2108
f 1157//2109 1099//2109 1098//2109
f 1157//2110 1100//2110 1099//2110
f 1158//2111 1101//2111 1100//2111
f 1158//2112 1102//2112 1101//2112
f 1159//2113 1104//2113 1106//2113
f 1160//2114 1016//2114 1104//2114
f 1161//2115 1017//2115 1016//2115
f 1161//2116 1016//2116 1160//2116
f 1161//2117 1160//2117 1162//2117
f 1163//2118 1162//2118 1164//2118
f 1163//2119 1161//2119 1162//2119
f 1163//2120 1017//2120 1161//2120
f 1163//2121 1021//2121 1017//2121
f 1165//2122 1021//2122 1163//2122
f 1166//2123 1167//2123 1168//2123
f 1166//2124 1110//2124 1167//2124
f 1166//2125 1111//2125 1110//2125
f 1169//2126 1110//2126 1108//2126
f 1169//2127 1024//2127 1021//2127
f 1169//2128 1025//2128 1024//2128
f 1169//2129 1165//2129 1167//2129
f 1169//2130 1021//2130 1165//2130
f 1169//2131 1167//2131 1110//2131
f 1169//2132 1108//2132 1025//2132
f 1170//2133 1115//2133 1114//2133
f 1171//2134 1116//2134 1115//2134
f 1171//2135 1117//2135 1116//2135
f 1171//2136 1115//2136 1172//2136
f 1173//2137 1117//2137 1171//2137
f 1174//2138 1033//2138 1117//2138
f 1174//2139 1117//2139 1173//2139
f 1175//2140 1119//2140 1036//2140
f 1175//2141 1036//2141 1033//2141
f 1175//2142 1033//2142 1174//2142
f 1176//2143 1121//2143 1120//2143
f 1176//2144 1124//2144 1122//2144
f 1176//2145 1122//2145 1121//2145
f 1177//2146 1124//2146 1176//2146
f 1177//2147 1176//2147 1178//2147
f 1179//2148 1126//2148 1127//2148
f 1179//2149 1128//2149 1126//2149
f 1180//2150 1043//2150 813//2150
f 1180//2151 1125//2151 1043//2151
f 1180//2152 1123//2152 1125//2152
f 1180//2153 813//2153 934//2153
f 1180//2154 934//2154 933//2154
f 1181//2155 1048//2155 1045//2155
f 1181//2156 1045//2156 1131//2156
f 1182//2157 1048//2157 1181//2157
f 1183//2158 1048//2158 1182//2158
f 1184//2159 1048//2159 1183//2159
f 1184//2160 1133//2160 1048//2160
f 1185//2161 1135//2161 1134//2161
f 1186//2162 1058//2162 1135//2162
f 1187//2163 1058//2163 1186//2163
f 1187//2164 1055//2164 1058//2164
f 1188//2165 1055//2165 1187//2165
f 1188//2166 1136//2166 1055//2166
f 1189//2167 1138//2167 1137//2167
f 1190//2168 1136//2168 1188//2168
f 1190//2169 1189//2169 1137//2169
f 1190//2170 1137//2170 1136//2170
f 1191//2171 1144//2171 1141//2171
f 1191//2172 1145//2172 1144//2172
f 1191//2173 1146//2173 1145//2173
f 1191//2174 1147//2174 1146//2174
f 1192//2175 1147//2175 1191//2175
f 1192//2176 1191//2176 1141//2176
f 1193//2177 1141//2177 758//2177
f 1193//2178 1062//2178 1147//2178
f 1193//2179 1064//2179 1063//2179
f 1193//2180 758//2180 1069//2180
f 1193//2181 1065//2181 1064//2181
f 1193//2182 1066//2182 1065//2182
f 1193//2183 1068//2183 1067//2183
f 1193//2184 1067//2184 1066//2184
f 1193//2185 1192//2185 1141//2185
f 1193//2186 1069//2186 1068//2186
f 1193//2187 1063//2187 1062//2187
f 1193//2188 1147//2188 1192//2188
f 1194//2189 1151//2189 1150//2189
f 1195//2190 1091//2190 1151//2190
f 1196//2191 1091//2191 1195//2191
f 1196//2192 1197//2192 1092//2192
f 1196//2193 997//2193 1091//2193
f 1196//2194 1092//2194 997//2194
f 1198//2195 1197//2195 1196//2195
f 1198//2196 1092//2196 1197//2196
f 1198//2197 1196//2197 758//2197
f 1199//2198 1092//2198 1198//2198
f 1200//2199 1092//2199 1199//2199
f 1200//2200 900//2200 1092//2200
f 1200//2201 1093//2201 900//2201
f 1201//2202 1093//2202 1200//2202
f 1202//2203 1093//2203 1201//2203
f 1202//2204 1152//2204 1094//2204
f 1202//2205 1094//2205 1093//2205
f 1203//2206 1154//2206 1152//2206
f 1204//2207 1158//2207 1100//2207
f 1205//2208 1010//2208 1102//2208
f 1205//2209 1106//2209 1010//2209
f 1206//2210 1106//2210 1205//2210
f 1207//2211 1160//2211 1104//2211
f 1208//2212 1209//2212 1160//2212
f 1208//2213 1160//2213 1207//2213
f 1210//2214 1166//2214 1168//2214
f 1211//2215 1111//2215 1166//2215
f 1211//2216 1114//2216 1111//2216
f 1212//2217 1170//2217 1114//2217
f 1212//2218 1211//2218 1213//2218
f 1212//2219 1114//2219 1211//2219
f 1214//2220 1172//2220 1115//2220
f 1214//2221 1115//2221 1170//2221
f 1215//2222 1173//2222 1171//2222
f 1216//2223 1173//2223 1215//2223
f 1216//2224 1174//2224 1173//2224
f 1216//2225 1175//2225 1174//2225
f 1217//2226 1119//2226 1175//2226
f 1217//2227 1175//2227 1216//2227
f 1218//2228 1119//2228 1217//2228
f 1219//2229 1120//2229 1119//2229
f 1219//2230 1119//2230 1218//2230
f 1220//2231 1120//2231 1219//2231
f 1220//2232 1219//2232 1221//2232
f 1220//2233 1176//2233 1120//2233
f 1222//2234 1176//2234 1220//2234
f 1222//2235 1178//2235 1176//2235
f 1223//2236 1124//2236 1177//2236
f 1224//2237 1124//2237 1223//2237
f 1224//2238 1127//2238 1125//2238
f 1224//2239 1125//2239 1124//2239
f 1225//2240 1179//2240 1127//2240
f 1226//2241 930//2241 1041//2241
f 1226//2242 1123//2242 1180//2242
f 1226//2243 931//2243 930//2243
f 1226//2244 932//2244 931//2244
f 1226//2245 933//2245 932//2245
f 1226//2246 1040//2246 1123//2246
f 1226//2247 1041//2247 1040//2247
f 1226//2248 1180//2248 933//2248
f 1227//2249 1132//2249 1228//2249
f 1227//2250 1131//2250 1132//2250
f 1229//2251 1227//2251 1228//2251
f 1230//2252 1131//2252 1227//2252
f 1230//2253 1227//2253 1229//2253
f 1230//2254 1181//2254 1131//2254
f 1231//2255 1230//2255 1229//2255
f 1231//2256 1181//2256 1230//2256
f 1231//2257 1182//2257 1181//2257
f 1232//2258 1183//2258 1182//2258
f 1232//2259 1182//2259 1231//2259
f 1232//2260 1184//2260 1183//2260
f 1232//2261 1231//2261 1233//2261
f 1234//2262 1186//2262 1135//2262
f 1234//2263 1187//2263 1186//2263
f 1235//2264 1138//2264 1189//2264
f 1236//2265 1138//2265 1235//2265
f 1236//2266 1139//2266 1138//2266
f 1237//2267 1150//2267 1149//2267
f 1237//2268 1194//2268 1150//2268
f 1238//2269 1196//2269 1195//2269
f 1238//2270 1151//2270 1194//2270
f 1238//2271 1195//2271 1151//2271
f 1238//2272 758//2272 1196//2272
f 1238//2273 1149//2273 758//2273
f 1238//2274 1237//2274 1149//2274
f 1238//2275 1194//2275 1237//2275
f 1239//2276 1202//2276 1201//2276
f 1239//2277 1201//2277 1240//2277
f 1241//2278 1154//2278 1203//2278
f 1242//2279 1156//2279 1154//2279
f 1243//2280 1100//2280 1156//2280
f 1243//2281 1156//2281 1242//2281
f 1243//2282 1204//2282 1100//2282
f 1243//2283 1242//2283 1244//2283
f 1245//2284 1204//2284 1243//2284
f 1245//2285 1243//2285 1244//2285
f 1246//2286 1104//2286 1159//2286
f 1247//2287 1207//2287 1104//2287
f 1247//2288 1104//2288 1246//2288
f 1248//2289 1160//2289 1209//2289
f 1248//2290 1162//2290 1160//2290
f 1249//2291 1164//2291 1162//2291
f 1249//2292 1162//2292 1248//2292
f 1250//2293 1163//2293 1164//2293
f 1250//2294 1165//2294 1163//2294
f 1250//2295 1164//2295 1251//2295
f 1250//2296 1251//2296 1252//2296
f 1253//2297 1165//2297 1250//2297
f 1253//2298 1167//2298 1165//2298
f 1253//2299 1168//2299 1167//2299
f 1254//2300 1166//2300 1210//2300
f 1254//2301 1213//2301 1211//2301
f 1254//2302 1211//2302 1166//2302
f 1255//2303 1172//2303 1214//2303
f 1256//2304 1216//2304 1215//2304
f 1257//2305 1218//2305 1217//2305
f 1258//2306 1223//2306 1177//2306
f 1258//2307 1177//2307 1178//2307
f 1259//2308 1224//2308 1223//2308
f 1260//2309 1225//2309 758//2309
f 1260//2310 1179//2310 1225//2310
f 1260//2311 758//2311 1228//2311
f 1261//2312 1228//2312 1132//2312
f 1261//2313 1179//2313 1260//2313
f 1261//2314 1260//2314 1228//2314
f 1261//2315 1132//2315 1129//2315
f 1261//2316 1129//2316 1128//2316
f 1261//2317 1128//2317 1179//2317
f 1262//2318 1184//2318 1232//2318
f 1263//2319 1133//2319 1184//2319
f 1263//2320 1185//2320 1134//2320
f 1263//2321 1264//2321 1185//2321
f 1263//2322 1262//2322 1265//2322
f 1263//2323 1184//2323 1262//2323
f 1263//2324 1265//2324 1264//2324
f 1263//2325 1134//2325 1133//2325
f 1266//2326 1188//2326 1187//2326
f 1266//2327 1187//2327 758//2327
f 1266//2328 758//2328 1235//2328
f 1266//2329 1190//2329 1188//2329
f 1266//2330 1189//2330 1190//2330
f 1266//2331 1235//2331 1189//2331
f 1267//2332 1235//2332 758//2332
f 1267//2333 758//2333 1141//2333
f 1267//2334 1141//2334 1139//2334
f 1267//2335 1139//2335 1236//2335
f 1267//2336 1236//2336 1235//2336
f 1268//2337 1239//2337 1240//2337
f 1269//2338 1202//2338 1239//2338
f 1269//2339 1239//2339 1268//2339
f 1270//2340 1152//2340 1202//2340
f 1270//2341 1202//2341 1269//2341
f 1270//2342 1203//2342 1152//2342
f 1271//2343 1245//2343 1244//2343
f 1271//2344 1204//2344 1245//2344
f 1272//2345 1102//2345 1158//2345
f 1273//2346 1205//2346 1102//2346
f 1273//2347 1102//2347 1272//2347
f 1274//2348 1207//2348 1247//2348
f 1274//2349 1247//2349 1246//2349
f 1275//2350 1209//2350 1208//2350
f 1276//2351 1249//2351 1248//2351
f 1277//2352 1168//2352 1253//2352
f 1278//2353 1213//2353 1254//2353
f 1279//2354 1212//2354 1213//2354
f 1279//2355 1170//2355 1212//2355
f 1280//2356 1172//2356 1255//2356
f 1280//2357 1281//2357 1172//2357
f 1282//2358 1171//2358 1172//2358
f 1282//2359 1281//2359 1280//2359
f 1282//2360 1215//2360 1171//2360
f 1282//2361 1172//2361 1281//2361
f 1283//2362 1217//2362 1216//2362
f 1283//2363 1216//2363 1256//2363
f 1284//2364 1217//2364 1283//2364
f 1285//2365 1218//2365 1257//2365
f 1286//2366 1218//2366 1285//2366
f 1287//2367 1220//2367 1221//2367
f 1288//2368 1222//2368 1220//2368
f 1289//2369 1127//2369 1224//2369
f 1289//2370 1224//2370 1259//2370
f 1290//2371 1231//2371 1229//2371
f 1290//2372 1233//2372 1231//2372
f 1290//2373 1229//2373 1228//2373
f 1291//2374 758//2374 1264//2374
f 1291//2375 1233//2375 1290//2375
f 1291//2376 1290//2376 1228//2376
f 1291//2377 1228//2377 758//2377
f 1291//2378 1262//2378 1232//2378
f 1291//2379 1265//2379 1262//2379
f 1291//2380 1264//2380 1265//2380
f 1291//2381 1232//2381 1233//2381
f 1292//2382 1264//2382 758//2382
f 1292//2383 1135//2383 1185//2383
f 1292//2384 758//2384 1187//2384
f 1292//2385 1185//2385 1264//2385
f 1292//2386 1187//2386 1234//2386
f 1292//2387 1234//2387 1135//2387
f 1293//2388 1199//2388 1198//2388
f 1293//2389 1200//2389 1199//2389
f 1294//2390 1201//2390 1200//2390
f 1294//2391 1200//2391 1293//2391
f 1294//2392 1240//2392 1201//2392
f 1295//2393 1203//2393 1270//2393
f 1295//2394 1270//2394 1269//2394
f 1295//2395 1241//2395 1203//2395
f 1296//2396 1154//2396 1241//2396
f 1296//2397 1242//2397 1154//2397
f 1296//2398 1244//2398 1242//2398
f 1297//2399 1204//2399 1271//2399
f 1297//2400 1158//2400 1204//2400
f 1298//2401 1205//2401 1273//2401
f 1298//2402 1273//2402 1272//2402
f 1298//2403 1206//2403 1205//2403
f 1299//2404 1106//2404 1206//2404
f 1300//2405 1207//2405 1274//2405
f 1300//2406 1274//2406 1246//2406
f 1301//2407 1249//2407 1276//2407
f 1302//2408 1277//2408 1253//2408
f 1302//2409 1250//2409 1252//2409
f 1302//2410 1253//2410 1250//2410
f 1303//2411 1277//2411 1302//2411
f 1303//2412 1210//2412 1168//2412
f 1303//2413 1168//2413 1277//2413
f 1304//2414 1303//2414 1302//2414
f 1304//2415 1210//2415 1303//2415
f 1305//2416 1213//2416 1278//2416
f 1306//2417 1170//2417 1279//2417
f 1307//2418 1215//2418 1282//2418
f 1307//2419 1282//2419 1280//2419
f 1308//2420 1218//2420 1286//2420
f 1309//2421 1220//2421 1287//2421
f 1309//2422 1288//2422 1220//2422
f 1310//2423 1288//2423 1309//2423
f 1310//2424 1222//2424 1288//2424
f 1311//2425 1310//2425 1309//2425
f 1311//2426 1222//2426 1310//2426
f 1312//2427 1178//2427 1222//2427
f 1312//2428 1258//2428 1178//2428
f 1313//2429 1223//2429 1258//2429
f 1313//2430 1258//2430 1312//2430
f 1314//2431 1294//2431 1293//2431
f 1314//2432 1295//2432 1269//2432
f 1314//2433 758//2433 1295//2433
f 1314//2434 1293//2434 1198//2434
f 1314//2435 1240//2435 1294//2435
f 1314//2436 1268//2436 1240//2436
f 1314//2437 1269//2437 1268//2437
f 1314//2438 1198//2438 758//2438
f 1315//2439 1296//2439 1241//2439
f 1315//2440 1241//2440 1295//2440
f 1315//2441 1295//2441 758//2441
f 1315//2442 1244//2442 1296//2442
f 1315//2443 1271//2443 1244//2443
f 1315//2444 758//2444 1271//2444
f 1316//2445 1158//2445 1297//2445
f 1316//2446 1298//2446 1272//2446
f 1316//2447 758//2447 1298//2447
f 1316//2448 1297//2448 1271//2448
f 1316//2449 1272//2449 1158//2449
f 1316//2450 1271//2450 758//2450
f 1317//2451 758//2451 1246//2451
f 1317//2452 1159//2452 1106//2452
f 1317//2453 1206//2453 1298//2453
f 1317//2454 1299//2454 1206//2454
f 1317//2455 1298//2455 758//2455
f 1317//2456 1246//2456 1159//2456
f 1317//2457 1106//2457 1299//2457
f 1318//2458 1209//2458 1275//2458
f 1319//2459 1248//2459 1209//2459
f 1319//2460 1301//2460 1276//2460
f 1319//2461 1209//2461 1318//2461
f 1319//2462 1276//2462 1248//2462
f 1320//2463 1249//2463 1301//2463
f 1320//2464 1301//2464 1319//2464
f 1321//2465 1213//2465 1305//2465
f 1322//2466 1306//2466 1279//2466
f 1322//2467 1279//2467 1213//2467
f 1322//2468 1213//2468 1321//2468
f 1323//2469 1306//2469 1322//2469
f 1323//2470 1170//2470 1306//2470
f 1324//2471 1217//2471 1284//2471
f 1325//2472 1286//2472 1285//2472
f 1325//2473 1285//2473 1257//2473
f 1325//2474 1257//2474 1217//2474
f 1325//2475 1217//2475 1324//2475
f 1325//2476 1308//2476 1286//2476
f 1326//2477 1218//2477 1308//2477
f 1326//2478 1308//2478 1325//2478
f 1327//2479 1313//2479 1312//2479
f 1327//2480 1223//2480 1313//2480
f 1328//2481 1289//2481 1259//2481
f 1328//2482 1223//2482 1327//2482
f 1328//2483 1259//2483 1223//2483
f 1329//2484 1127//2484 1289//2484
f 1329//2485 1289//2485 1328//2485
f 1330//2486 1207//2486 1300//2486
f 1330//2487 1246//2487 758//2487
f 1330//2488 1208//2488 1207//2488
f 1330//2489 1318//2489 1275//2489
f 1330//2490 1300//2490 1246//2490
f 1330//2491 1275//2491 1208//2491
f 1330//2492 758//2492 1318//2492
f 1331//2493 1164//2493 1249//2493
f 1331//2494 1319//2494 1318//2494
f 1331//2495 1302//2495 1252//2495
f 1331//2496 1320//2496 1319//2496
f 1331//2497 1249//2497 1320//2497
f 1331//2498 758//2498 1302//2498
f 1331//2499 1251//2499 1164//2499
f 1331//2500 1252//2500 1251//2500
f 1331//2501 1318//2501 758//2501
f 1332//2502 758//2502 1321//2502
f 1332//2503 1254//2503 1210//2503
f 1332//2504 1210//2504 1304//2504
f 1332//2505 1305//2505 1278//2505
f 1332//2506 1321//2506 1305//2506
f 1332//2507 1304//2507 1302//2507
f 1332//2508 1278//2508 1254//2508
f 1332//2509 1302//2509 758//2509
f 1333//2510 1321//2510 758//2510
f 1333//2511 1323//2511 1322//2511
f 1333//2512 1255//2512 1214//2512
f 1333//2513 1170//2513 1323//2513
f 1333//2514 1322//2514 1321//2514
f 1333//2515 758//2515 1280//2515
f 1333//2516 1214//2516 1170//2516
f 1333//2517 1280//2517 1255//2517
f 1334//2518 1324//2518 1284//2518
f 1334//2519 758//2519 1324//2519
f 1334//2520 1256//2520 1215//2520
f 1334//2521 1307//2521 1280//2521
f 1334//2522 1283//2522 1256//2522
f 1334//2523 1280//2523 758//2523
f 1334//2524 1215//2524 1307//2524
f 1334//2525 1284//2525 1283//2525
f 1335//2526 1287//2526 1221//2526
f 1335//2527 1324//2527 758//2527
f 1335//2528 1221//2528 1219//2528
f 1335//2529 1218//2529 1326//2529
f 1335//2530 758//2530 1309//2530
f 1335//2531 1325//2531 1324//2531
f 1335//2532 1219//2532 1218//2532
f 1335//2533 1326//2533 1325//2533
f 1335//2534 1309//2534 1287//2534
f 1336//2535 1312//2535 1222//2535
f 1336//2536 1222//2536 1311//2536
f 1336//2537 758//2537 1327//2537
f 1336//2538 1309//2538 758//2538
f 1336//2539 1311//2539 1309//2539
f 1336//2540 1327//2540 1312//2540
f 1337//2541 758//2541 1225//2541
f 1337//2542 1327//2542 758//2542
f 1337//2543 1127//2543 1329//2543
f 1337//2544 1328//2544 1327//2544
f 1337//2545 1329//2545 1328//2545
f 1337//2546 1225//2546 1127//2546
f 1338//2547 662//2547 666//2547
f 1338//2548 666//2548 667//2548
f 1338//2549 667//2549 1339//2549
f 1340//2550 667//2550 671//2550
f 1340//2551 671//2551 672//2551
f 1340//2552 1339//2552 667//2552
f 1341//2553 662//2553 1338//2553
f 1342//2554 1340//2554 672//2554
f 1343//2555 662//2555 1341//2555
f 1343//2556 661//2556 662//2556
f 1344//2557 672//2557 676//2557
f 1344//2558 1342//2558 672//2558
f 1345//2559 661//2559 1343//2559
f 1345//2560 657//2560 661//2560
f 1346//2561 1344//2561 676//2561
f 1346//2562 676//2562 677//2562
f 1347//2563 657//2563 1345//2563
f 1347//2564 656//2564 657//2564
f 1348//2565 1346//2565 677//2565
f 1348//2566 677//2566 681//2566
f 1349//2567 656//2567 1347//2567
f 1349//2568 652//2568 656//2568
f 1350//2569 1348//2569 681//2569
f 1350//2570 681//2570 682//2570
f 1351//2571 652//2571 1349//2571
f 1351//2572 651//2572 652//2572
f 1352//2573 1350//2573 682//2573
f 1352//2574 682//2574 686//2574
f 1353//2575 651//2575 1351//2575
f 1353//2576 647//2576 651//2576
f 1354//2577 1352//2577 686//2577
f 1354//2578 686//2578 687//2578
f 1354//2579 687//2579 692//2579
f 1355//2580 647//2580 1353//2580
f 1355//2581 642//2581 646//2581
f 1355//2582 646//2582 647//2582
f 1356//2583 1354//2583 692//2583
f 1357//2584 642//2584 1355//2584
f 1357//2585 641//2585 642//2585
f 1358//2586 1356//2586 692//2586
f 1358//2587 692//2587 691//2587
f 1358//2588 691//2588 695//2588
f 1359//2589 641//2589 1357//2589
f 1360//2590 1358//2590 695//2590
f 1360//2591 695//2591 696//2591
f 1361//2592 641//2592 1359//2592
f 1361//2593 635//2593 636//2593
f 1361//2594 636//2594 641//2594
f 1362//2595 1360//2595 696//2595
f 1363//2596 635//2596 1361//2596
f 1364//2597 1362//2597 696//2597
f 1364//2598 696//2598 699//2598
f 1364//2599 699//2599 700//2599
f 1365//2600 630//2600 635//2600
f 1365//2601 635//2601 1363//2601
f 1366//2602 1364//2602 700//2602
f 1366//2603 700//2603 703//2603
f 1367//2604 624//2604 629//2604
f 1367//2605 629//2605 630//2605
f 1367//2606 630//2606 1365//2606
f 1368//2607 1366//2607 703//2607
f 1368//2608 703//2608 704//2608
f 1369//2609 624//2609 1367//2609
f 1370//2610 1368//2610 704//2610
f 1371//2611 624//2611 1369//2611
f 1371//2612 623//2612 624//2612
f 1372//2613 1370//2613 704//2613
f 1372//2614 704//2614 707//2614
f 1373//2615 618//2615 623//2615
f 1373//2616 623//2616 1371//2616
f 1374//2617 707//2617 708//2617
f 1374//2618 1372//2618 707//2618
f 1375//2619 617//2619 618//2619
f 1375//2620 618//2620 1373//2620
f 1376//2621 1374//2621 708//2621
f 1376//2622 708//2622 711//2622
f 1377//2623 617//2623 1375//2623
f 1377//2624 612//2624 617//2624
f 1378//2625 1376//2625 711//2625
f 1378//2626 711//2626 712//2626
f 1378//2627 712//2627 715//2627
f 1379//2628 612//2628 1377//2628
f 1379//2629 611//2629 612//2629
f 1380//2630 715//2630 716//2630
f 1380//2631 1378//2631 715//2631
f 1381//2632 606//2632 611//2632
f 1381//2633 611//2633 1379//2633
f 1382//2634 1380//2634 716//2634
f 1383//2635 605//2635 606//2635
f 1383//2636 606//2636 1381//2636
f 1384//2637 716//2637 719//2637
f 1384//2638 1382//2638 716//2638
f 1385//2639 605//2639 1383//2639
f 1385//2640 600//2640 605//2640
f 1386//2641 719//2641 720//2641
f 1386//2642 1384//2642 719//2642
f 1387//2643 600//2643 1385//2643
f 1387//2644 599//2644 600//2644
f 1388//2645 720//2645 723//2645
f 1388//2646 1386//2646 720//2646
f 1389//2647 599//2647 1387//2647
f 1389//2648 594//2648 599//2648
f 1390//2649 723//2649 724//2649
f 1390//2650 1388//2650 723//2650
f 1391//2651 593//2651 594//2651
f 1391//2652 594//2652 1389//2652
f 588//2653 593//2653 1391//2653
f 1392//2654 724//2654 727//2654
f 1392//2655 1390//2655 724//2655
f 1393//2656 588//2656 1391//2656
f 1394//2657 727//2657 728//2657
f 1394//2658 1392//2658 727//2658
f 1395//2659 587//2659 588//2659
f 1395//2660 588//2660 1393//2660
f 1396//2661 728//2661 731//2661
f 1396//2662 1394//2662 728//2662
f 582//2663 587//2663 1395//2663
f 1397//2664 582//2664 1395//2664
f 1398//2665 731//2665 732//2665
f 1398//2666 1396//2666 731//2666
f 1399//2667 581//2667 582//2667
f 1399//2668 582//2668 1397//2668
f 1400//2669 732//2669 735//2669
f 1400//2670 1398//2670 732//2670
f 575//2671 1399//2671 1401//2671
f 575//2672 581//2672 1399//2672
f 1402//2673 1400//2673 735//2673
f 736//2674 1402//2674 735//2674
f 574//2675 575//2675 1401//2675
f 574//2676 1401//2676 1403//2676
f 1404//2677 1402//2677 736//2677
f 738//2678 1404//2678 736//2678
f 568//2679 574//2679 1403//2679
f 568//2680 1403//2680 1405//2680
f 739//2681 1404//2681 738//2681
f 739//2682 1406//2682 1404//2682
f 567//2683 568//2683 1405//2683
f 567//2684 1405//2684 1407//2684
f 741//2685 1406//2685 739//2685
f 741//2686 1408//2686 1406//2686
f 561//2687 567//2687 1407//2687
f 561//2688 1407//2688 1409//2688
f 1410//2689 561//2689 1409//2689
f 742//2690 1408//2690 741//2690
f 742//2691 1411//2691 1408//2691
f 560//2692 561//2692 1410//2692
f 744//2693 1412//2693 1411//2693
f 744//2694 1411//2694 742//2694
f 554//2695 560//2695 1410//2695
f 554//2696 1410//2696 1413//2696
f 1414//2697 554//2697 1413//2697
f 745//2698 1415//2698 1412//2698
f 745//2699 1412//2699 744//2699
f 1416//2700 1415//2700 745//2700
f 553//2701 554//2701 1414//2701
f 747//2702 1416//2702 745//2702
f 747//2703 1417//2703 1416//2703
f 547//2704 1414//2704 1418//2704
f 547//2705 553//2705 1414//2705
f 748//2706 1417//2706 747//2706
f 546//2707 1418//2707 1419//2707
f 546//2708 547//2708 1418//2708
f 750//2709 1420//2709 1417//2709
f 750//2710 1417//2710 748//2710
f 540//2711 1419//2711 1421//2711
f 540//2712 546//2712 1419//2712
f 751//2713 1422//2713 1420//2713
f 751//2714 1420//2714 750//2714
f 539//2715 1421//2715 1423//2715
f 539//2716 540//2716 1421//2716
f 753//2717 1424//2717 1422//2717
f 753//2718 1422//2718 751//2718
f 533//2719 1423//2719 1425//2719
f 533//2720 539//2720 1423//2720
f 754//2721 1426//2721 1424//2721
f 754//2722 1424//2722 753//2722
f 532//2723 1425//2723 1427//2723
f 532//2724 533//2724 1425//2724
f 756//2725 1426//2725 754//2725
f 756//2726 1428//2726 1426//2726
f 756//2727 1429//2727 1428//2727
f 526//2728 532//2728 1427//2728
f 526//2729 1427//2729 1430//2729
f 4//2730 1429//2730 756//2730
f 525//2731 526//2731 1430//2731
f 525//2732 1430//2732 1431//2732
f 2//2733 1429//2733 4//2733
f 2//2734 1432//2734 1433//2734
f 2//2735 1433//2735 1429//2735
f 519//2736 525//2736 1431//2736
f 519//2737 1431//2737 1434//2737
f 1//2738 1435//2738 1432//2738
f 1//2739 1432//2739 2//2739
f 518//2740 519//2740 1434//2740
f 518//2741 1434//2741 1436//2741
f 404//2742 1435//2742 1//2742
f 512//2743 1436//2743 1437//2743
f 512//2744 518//2744 1436//2744
f 405//2745 1438//2745 1435//2745
f 405//2746 1435//2746 404//2746
f 511//2747 1437//2747 1439//2747
f 511//2748 512//2748 1437//2748
f 413//2749 1440//2749 1438//2749
f 413//2750 1438//2750 405//2750
f 504//2751 511//2751 1439//2751
f 504//2752 1441//2752 1442//2752
f 504//2753 1439//2753 1441//2753
f 414//2754 1443//2754 1440//2754
f 414//2755 1440//2755 413//2755
f 503//2756 1442//2756 1444//2756
f 503//2757 504//2757 1442//2757
f 422//2758 1445//2758 1443//2758
f 422//2759 1443//2759 414//2759
f 496//2760 503//2760 1444//2760
f 423//2761 1446//2761 1445//2761
f 423//2762 1447//2762 1446//2762
f 423//2763 1445//2763 422//2763
f 495//2764 1448//2764 1449//2764
f 495//2765 1444//2765 1448//2765
f 495//2766 496//2766 1444//2766
f 431//2767 1450//2767 1447//2767
f 431//2768 1447//2768 423//2768
f 488//2769 495//2769 1449//2769
f 488//2770 1449//2770 1451//2770
f 432//2771 1450//2771 431//2771
f 487//2772 488//2772 1451//2772
f 439//2773 1450//2773 432//2773
f 439//2774 1452//2774 1450//2774
f 439//2775 1453//2775 1452//2775
f 480//2776 1451//2776 1454//2776
f 480//2777 487//2777 1451//2777
f 440//2778 1453//2778 439//2778
f 479//2779 480//2779 1454//2779
f 479//2780 1454//2780 1455//2780
f 447//2781 1456//2781 1453//2781
f 447//2782 1457//2782 1456//2782
f 447//2783 1453//2783 440//2783
f 472//2784 479//2784 1455//2784
f 472//2785 1455//2785 1458//2785
f 448//2786 1457//2786 447//2786
f 471//2787 472//2787 1458//2787
f 471//2788 1458//2788 1459//2788
f 455//2789 1460//2789 1457//2789
f 455//2790 1461//2790 1460//2790
f 455//2791 1457//2791 448//2791
f 464//2792 1462//2792 1463//2792
f 464//2793 1459//2793 1462//2793
f 464//2794 471//2794 1459//2794
f 456//2795 1461//2795 455//2795
f 463//2796 1463//2796 1461//2796
f 463//2797 464//2797 1463//2797
f 463//2798 1461//2798 456//2798
f 1464//2799 1433//2799 1432//2799
f 1464//2800 1465//2800 1433//2800
f 1466//2801 1432//2801 1435//2801
f 1466//2802 1435//2802 1438//2802
f 1466//2803 1464//2803 1432//2803
f 1467//2804 1466//2804 1438//2804
f 1468//2805 1438//2805 1440//2805
f 1468//2806 1440//2806 1443//2806
f 1468//2807 1467//2807 1438//2807
f 1469//2808 1468//2808 1443//2808
f 1470//2809 1443//2809 1445//2809
f 1470//2810 1469//2810 1443//2810
f 1471//2811 1445//2811 1446//2811
f 1471//2812 1446//2812 1447//2812
f 1471//2813 1470//2813 1445//2813
f 1472//2814 1471//2814 1447//2814
f 1473//2815 1447//2815 1450//2815
f 1473//2816 1472//2816 1447//2816
f 1474//2817 1450//2817 1452//2817
f 1474//2818 1473//2818 1450//2818
f 1475//2819 1474//2819 1452//2819
f 1475//2820 1452//2820 1453//2820
f 1475//2821 1453//2821 1456//2821
f 1476//2822 1475//2822 1456//2822
f 1477//2823 1476//2823 1456//2823
f 1477//2824 1456//2824 1457//2824
f 1478//2825 1457//2825 1460//2825
f 1478//2826 1477//2826 1457//2826
f 1479//2827 1460//2827 1461//2827
f 1479//2828 1461//2828 1463//2828
f 1479//2829 1478//2829 1460//2829
f 1480//2830 1479//2830 1463//2830
f 1481//2831 1463//2831 1462//2831
f 1481//2832 1480//2832 1463//2832
f 1482//2833 1462//2833 1459//2833
f 1482//2834 1459//2834 1458//2834
f 1482//2835 1481//2835 1462//2835
f 1483//2836 1482//2836 1458//2836
f 1484//2837 1458//2837 1455//2837
f 1484//2838 1483//2838 1458//2838
f 1485//2839 1455//2839 1454//2839
f 1485//2840 1484//2840 1455//2840
f 1486//2841 1454//2841 1451//2841
f 1486//2842 1485//2842 1454//2842
f 1487//2843 1451//2843 1449//2843
f 1487//2844 1486//2844 1451//2844
f 1488//2845 1449//2845 1448//2845
f 1488//2846 1487//2846 1449//2846
f 1489//2847 1448//2847 1444//2847
f 1489//2848 1488//2848 1448//2848
f 1490//2849 1444//2849 1442//2849
f 1490//2850 1489//2850 1444//2850
f 1491//2851 1442//2851 1441//2851
f 1491//2852 1490//2852 1442//2852
f 1492//2853 1441//2853 1439//2853
f 1492//2854 1439//2854 1437//2854
f 1492//2855 1491//2855 1441//2855
f 1493//2856 1492//2856 1437//2856
f 1494//2857 1437//2857 1436//2857
f 1494//2858 1493//2858 1437//2858
f 1495//2859 1436//2859 1434//2859
f 1495//2860 1494//2860 1436//2860
f 1496//2861 1434//2861 1431//2861
f 1496//2862 1495//2862 1434//2862
f 1497//2863 1431//2863 1430//2863
f 1497//2864 1496//2864 1431//2864
f 1498//2865 1430//2865 1427//2865
f 1498//2866 1497//2866 1430//2866
f 1499//2867 1427//2867 1425//2867
f 1499//2868 1498//2868 1427//2868
f 1500//2869 1425//2869 1423//2869
f 1500//2870 1499//2870 1425//2870
f 1501//2871 1423//2871 1421//2871
f 1501//2872 1421//2872 1419//2872
f 1501//2873 1500//2873 1423//2873
f 1502//2874 1501//2874 1419//2874
f 1502//2875 1419//2875 1418//2875
f 1503//2876 1502//2876 1418//2876
f 1504//2877 1503//2877 1418//2877
f 1504//2878 1418//2878 1414//2878
f 1505//2879 1504//2879 1414//2879
f 1505//2880 1414//2880 1413//2880
f 1506//2881 1505//2881 1413//2881
f 1506//2882 1413//2882 1410//2882
f 1507//2883 1506//2883 1410//2883
f 1507//2884 1410//2884 1409//2884
f 1508//2885 1507//2885 1409//2885
f 1508//2886 1409//2886 1407//2886
f 1509//2887 1508//2887 1407//2887
f 1509//2888 1407//2888 1405//2888
f 1510//2889 1509//2889 1405//2889
f 1510//2890 1405//2890 1403//2890
f 1510//2891 1403//2891 1401//2891
f 1511//2892 1510//2892 1401//2892
f 1512//2893 1401//2893 1399//2893
f 1512//2894 1511//2894 1401//2894
f 1513//2895 1399//2895 1397//2895
f 1513//2896 1512//2896 1399//2896
f 1514//2897 1397//2897 1395//2897
f 1514//2898 1395//2898 1393//2898
f 1514//2899 1513//2899 1397//2899
f 1515//2900 1514//2900 1393//2900
f 1516//2901 1393//2901 1391//2901
f 1516//2902 1391//2902 1389//2902
f 1516//2903 1515//2903 1393//2903
f 1517//2904 1516//2904 1389//2904
f 1518//2905 1389//2905 1387//2905
f 1518//2906 1387//2906 1385//2906
f 1518//2907 1517//2907 1389//2907
f 1519//2908 1518//2908 1385//2908
f 1520//2909 1385//2909 1383//2909
f 1520//2910 1519//2910 1385//2910
f 1521//2911 1383//2911 1381//2911
f 1521//2912 1381//2912 1379//2912
f 1521//2913 1520//2913 1383//2913
f 1522//2914 1521//2914 1379//2914
f 1523//2915 1379//2915 1377//2915
f 1523//2916 1522//2916 1379//2916
f 1524//2917 1377//2917 1375//2917
f 1524//2918 1523//2918 1377//2918
f 1525//2919 1375//2919 1373//2919
f 1525//2920 1524//2920 1375//2920
f 1526//2921 1373//2921 1371//2921
f 1526//2922 1371//2922 1369//2922
f 1526//2923 1525//2923 1373//2923
f 1527//2924 1526//2924 1369//2924
f 1527//2925 1369//2925 1367//2925
f 1528//2926 1527//2926 1367//2926
f 1529//2927 1528//2927 1367//2927
f 1529//2928 1367//2928 1365//2928
f 1529//2929 1365//2929 1363//2929
f 1530//2930 1529//2930 1363//2930
f 1530//2931 1363//2931 1361//2931
f 1531//2932 1530//2932 1361//2932
f 1531//2933 1361//2933 1359//2933
f 1532//2934 1531//2934 1359//2934
f 1533//2935 1532//2935 1359//2935
f 1533//2936 1359//2936 1357//2936
f 1533//2937 1357//2937 1355//2937
f 1534//2938 1533//2938 1355//2938
f 1535//2939 1534//2939 1355//2939
f 1535//2940 1355//2940 1353//2940
f 1536//2941 1535//2941 1353//2941
f 1536//2942 1353//2942 1351//2942
f 1536//2943 1351//2943 1349//2943
f 1537//2944 1536//2944 1349//2944
f 1538//2945 1537//2945 1349//2945
f 1538//2946 1349//2946 1347//2946
f 1539//2947 1538//2947 1347//2947
f 1539//2948 1347//2948 1345//2948
f 1540//2949 1539//2949 1345//2949
f 1540//2950 1345//2950 1343//2950
f 1540//2951 1343//2951 1341//2951
f 1541//2952 1540//2952 1341//2952
f 1542//2953 1541//2953 1341//2953
f 1542//2954 1341//2954 1338//2954
f 1543//2955 1542//2955 1338//2955
f 1543//2956 1338//2956 1339//2956
f 1543//2957 1339//2957 1340//2957
f 1544//2958 1543//2958 1340//2958
f 1545//2959 1544//2959 1340//2959
f 1545//2960 1340//2960 1342//2960
f 1546//2961 1545//2961 1342//2961
f 1546//2962 1342//2962 1344//2962
f 1547//2963 1344//2963 1346//2963
f 1547//2964 1546//2964 1344//2964
f 1547//2965 1346//2965 1348//2965
f 1548//2966 1547//2966 1348//2966
f 1549//2967 1348//2967 1350//2967
f 1549//2968 1548//2968 1348//2968
f 1550//2969 1350//2969 1352//2969
f 1550//2970 1549//2970 1350//2970
f 1551//2971 1352//2971 1354//2971
f 1551//2972 1550//2972 1352//2972
f 1552//2973 1551//2973 1354//2973
f 1552//2974 1354//2974 1356//2974
f 1553//2975 1552//2975 1356//2975
f 1553//2976 1356//2976 1358//2976
f 1554//2977 1553//2977 1358//2977
f 1554//2978 1358//2978 1360//2978
f 1555//2979 1554//2979 1360//2979
f 1555//2980 1360//2980 1362//2980
f 1555//2981 1362//2981 1364//2981
f 1556//2982 1555//2982 1364//2982
f 1557//2983 1556//2983 1364//2983
f 1557//2984 1364//2984 1366//2984
f 1558//2985 1557//2985 1366//2985
f 1558//2986 1366//2986 1368//2986
f 1559//2987 1558//2987 1368//2987
f 1559//2988 1368//2988 1370//2988
f 1560//2989 1559//2989 1370//2989
f 1560//2990 1370//2990 1372//2990
f 1561//2991 1560//2991 1372//2991
f 1561//2992 1372//2992 1374//2992
f 1562//2993 1561//2993 1374//2993
f 1562//2994 1374//2994 1376//2994
f 1563//2995 1562//2995 1376//2995
f 1563//2996 1376//2996 1378//2996
f 1564//2997 1563//2997 1378//2997
f 1564//2998 1378//2998 1380//2998
f 1565//2999 1380//2999 1382//2999
f 1565//3000 1564//3000 1380//3000
f 1566//3001 1382//3001 1384//3001
f 1566//3002 1565//3002 1382//3002
f 1567//3003 1384//3003 1386//3003
f 1567//3004 1566//3004 1384//3004
f 1568//3005 1386//3005 1388//3005
f 1568//3006 1388//3006 1390//3006
f 1568//3007 1567//3007 1386//3007
f 1569//3008 1568//3008 1390//3008
f 1570//3009 1390//3009 1392//3009
f 1570//3010 1569//3010 1390//3010
f 1571//3011 1392//3011 1394//3011
f 1571//3012 1570//3012 1392//3012
f 1572//3013 1394//3013 1396//3013
f 1572//3014 1571//3014 1394//3014
f 1573//3015 1396//3015 1398//3015
f 1573//3016 1572//3016 1396//3016
f 1574//3017 1398//3017 1400//3017
f 1574//3018 1573//3018 1398//3018
f 1575//3019 1400//3019 1402//3019
f 1575//3020 1574//3020 1400//3020
f 1576//3021 1575//3021 1402//3021
f 1576//3022 1402//3022 1404//3022
f 1577//3023 1576//3023 1404//3023
f 1577//3024 1404//3024 1406//3024
f 1578//3025 1577//3025 1406//3025
f 1578//3026 1406//3026 1408//3026
f 1579//3027 1578//3027 1408//3027
f 1579//3028 1408//3028 1411//3028
f 1580//3029 1579//3029 1411//3029
f 1580//3030 1411//3030 1412//3030
f 1581//3031 1412//3031 1415//3031
f 1581//3032 1580//3032 1412//3032
f 1582//3033 1415//3033 1416//3033
f 1582//3034 1581//3034 1415//3034
f 1583//3035 1416//3035 1417//3035
f 1583//3036 1417//3036 1420//3036
f 1583//3037 1582//3037 1416//3037
f 1584//3038 1583//3038 1420//3038
f 1585//3039 1420//3039 1422//3039
f 1585//3040 1584//3040 1420//3040
f 1586//3041 1422//3041 1424//3041
f 1586//3042 1585//3042 1422//3042
f 1587//3043 1424//3043 1426//3043
f 1587//3044 1586//3044 1424//3044
f 1588//3045 1426//3045 1428//3045
f 1588//3046 1587//3046 1426//3046
f 1589//3047 1428//3047 1429//3047
f 1589//3048 1429//3048 1433//3048
f 1589//3049 1588//3049 1428//3049
f 1465//3050 1589//3050 1433//3050
f 1590//3051 1543//3051 1591//3051
f 1590//3052 1541//3052 1542//3052
f 1590//3053 1542//3053 1543//3053
f 1592//3054 1591//3054 1543//3054
f 1592//3055 1543//3055 1544//3055
f 1593//3056 1541//3056 1590//3056
f 1594//3057 1544//3057 1545//3057
f 1594//3058 1592//3058 1544//3058
f 1595//3059 1541//3059 1593//3059
f 1595//3060 1539//3060 1540//3060
f 1595//3061 1540//3061 1541//3061
f 1596//3062 1545//3062 1546//3062
f 1596//3063 1594//3063 1545//3063
f 1597//3064 1539//3064 1595//3064
f 1598//3065 1546//3065 1547//3065
f 1598//3066 1596//3066 1546//3066
f 1599//3067 1537//3067 1538//3067
f 1599//3068 1538//3068 1539//3068
f 1599//3069 1539//3069 1597//3069
f 1600//3070 1598//3070 1547//3070
f 1600//3071 1547//3071 1548//3071
f 1601//3072 1537//3072 1599//3072
f 1602//3073 1600//3073 1548//3073
f 1602//3074 1548//3074 1549//3074
f 1602//3075 1549//3075 1550//3075
f 1603//3076 1537//3076 1601//3076
f 1603//3077 1535//3077 1536//3077
f 1603//3078 1536//3078 1537//3078
f 1604//3079 1602//3079 1550//3079
f 1605//3080 1535//3080 1603//3080
f 1606//3081 1604//3081 1550//3081
f 1606//3082 1550//3082 1551//3082
f 1607//3083 1535//3083 1605//3083
f 1607//3084 1534//3084 1535//3084
f 1608//3085 1606//3085 1551//3085
f 1608//3086 1551//3086 1552//3086
f 1609//3087 1534//3087 1607//3087
f 1609//3088 1533//3088 1534//3088
f 1610//3089 1608//3089 1552//3089
f 1610//3090 1552//3090 1553//3090
f 1611//3091 1533//3091 1609//3091
f 1611//3092 1532//3092 1533//3092
f 1612//3093 1610//3093 1553//3093
f 1612//3094 1553//3094 1554//3094
f 1613//3095 1532//3095 1611//3095
f 1613//3096 1531//3096 1532//3096
f 1614//3097 1612//3097 1554//3097
f 1614//3098 1554//3098 1555//3098
f 1615//3099 1531//3099 1613//3099
f 1615//3100 1529//3100 1530//3100
f 1615//3101 1530//3101 1531//3101
f 1616//3102 1614//3102 1555//3102
f 1616//3103 1555//3103 1556//3103
f 1616//3104 1556//3104 1557//3104
f 1617//3105 1529//3105 1615//3105
f 1618//3106 1616//3106 1557//3106
f 1619//3107 1529//3107 1617//3107
f 1619//3108 1528//3108 1529//3108
f 1620//3109 1618//3109 1557//3109
f 1620//3110 1557//3110 1558//3110
f 1621//3111 1528//3111 1619//3111
f 1621//3112 1526//3112 1527//3112
f 1621//3113 1527//3113 1528//3113
f 1622//3114 1620//3114 1558//3114
f 1622//3115 1558//3115 1559//3115
f 1623//3116 1526//3116 1621//3116
f 1624//3117 1622//3117 1559//3117
f 1624//3118 1559//3118 1560//3118
f 1624//3119 1560//3119 1561//3119
f 1625//3120 1525//3120 1526//3120
f 1625//3121 1526//3121 1623//3121
f 1626//3122 1624//3122 1561//3122
f 1627//3123 1524//3123 1525//3123
f 1627//3124 1525//3124 1625//3124
f 1628//3125 1626//3125 1561//3125
f 1628//3126 1561//3126 1562//3126
f 1629//3127 1522//3127 1523//3127
f 1629//3128 1523//3128 1524//3128
f 1629//3129 1524//3129 1627//3129
f 1630//3130 1628//3130 1562//3130
f 1630//3131 1562//3131 1563//3131
f 1631//3132 1522//3132 1629//3132
f 1632//3133 1564//3133 1565//3133
f 1632//3134 1630//3134 1563//3134
f 1632//3135 1563//3135 1564//3135
f 1633//3136 1522//3136 1631//3136
f 1633//3137 1521//3137 1522//3137
f 1634//3138 1632//3138 1565//3138
f 1635//3139 1521//3139 1633//3139
f 1635//3140 1520//3140 1521//3140
f 1636//3141 1565//3141 1566//3141
f 1636//3142 1634//3142 1565//3142
f 1637//3143 1520//3143 1635//3143
f 1637//3144 1519//3144 1520//3144
f 1638//3145 1566//3145 1567//3145
f 1638//3146 1636//3146 1566//3146
f 1639//3147 1519//3147 1637//3147
f 1639//3148 1518//3148 1519//3148
f 1640//3149 1567//3149 1568//3149
f 1640//3150 1638//3150 1567//3150
f 1641//3151 1518//3151 1639//3151
f 1641//3152 1517//3152 1518//3152
f 1516//3153 1517//3153 1641//3153
f 1642//3154 1568//3154 1569//3154
f 1642//3155 1640//3155 1568//3155
f 1643//3156 1516//3156 1641//3156
f 1644//3157 1569//3157 1570//3157
f 1644//3158 1642//3158 1569//3158
f 1515//3159 1516//3159 1643//3159
f 1645//3160 1515//3160 1643//3160
f 1571//3161 1644//3161 1570//3161
f 1646//3162 1644//3162 1571//3162
f 1647//3163 1514//3163 1515//3163
f 1647//3164 1515//3164 1645//3164
f 1648//3165 1571//3165 1572//3165
f 1648//3166 1646//3166 1571//3166
f 1649//3167 1513//3167 1514//3167
f 1649//3168 1514//3168 1647//3168
f 1650//3169 1572//3169 1573//3169
f 1650//3170 1648//3170 1572//3170
f 1512//3171 1513//3171 1649//3171
f 1651//3172 1512//3172 1649//3172
f 1652//3173 1573//3173 1574//3173
f 1652//3174 1650//3174 1573//3174
f 1653//3175 1512//3175 1651//3175
f 1511//3176 1512//3176 1653//3176
f 1654//3177 1652//3177 1574//3177
f 1575//3178 1654//3178 1574//3178
f 1510//3179 1511//3179 1653//3179
f 1510//3180 1653//3180 1655//3180
f 1576//3181 1654//3181 1575//3181
f 1576//3182 1656//3182 1654//3182
f 1657//3183 1510//3183 1655//3183
f 1509//3184 1510//3184 1657//3184
f 1577//3185 1656//3185 1576//3185
f 1577//3186 1658//3186 1656//3186
f 1659//3187 1509//3187 1657//3187
f 1508//3188 1509//3188 1659//3188
f 1660//3189 1658//3189 1577//3189
f 1578//3190 1660//3190 1577//3190
f 1507//3191 1508//3191 1659//3191
f 1507//3192 1659//3192 1661//3192
f 1579//3193 1660//3193 1578//3193
f 1579//3194 1662//3194 1660//3194
f 1663//3195 1662//3195 1579//3195
f 1506//3196 1507//3196 1661//3196
f 1506//3197 1661//3197 1664//3197
f 1580//3198 1663//3198 1579//3198
f 1665//3199 1663//3199 1580//3199
f 1505//3200 1506//3200 1664//3200
f 1505//3201 1664//3201 1666//3201
f 1581//3202 1665//3202 1580//3202
f 1667//3203 1665//3203 1581//3203
f 1504//3204 1505//3204 1666//3204
f 1504//3205 1666//3205 1668//3205
f 1582//3206 1669//3206 1667//3206
f 1582//3207 1667//3207 1581//3207
f 1503//3208 1670//3208 1671//3208
f 1503//3209 1668//3209 1670//3209
f 1503//3210 1504//3210 1668//3210
f 1583//3211 1669//3211 1582//3211
f 1502//3212 1671//3212 1672//3212
f 1502//3213 1503//3213 1671//3213
f 1584//3214 1673//3214 1669//3214
f 1584//3215 1674//3215 1673//3215
f 1584//3216 1669//3216 1583//3216
f 1501//3217 1502//3217 1672//3217
f 1585//3218 1675//3218 1674//3218
f 1585//3219 1674//3219 1584//3219
f 1500//3220 1672//3220 1676//3220
f 1500//3221 1501//3221 1672//3221
f 1586//3222 1675//3222 1585//3222
f 1499//3223 1677//3223 1678//3223
f 1499//3224 1676//3224 1677//3224
f 1499//3225 1500//3225 1676//3225
f 1587//3226 1679//3226 1675//3226
f 1587//3227 1675//3227 1586//3227
f 1498//3228 1499//3228 1678//3228
f 1588//3229 1680//3229 1679//3229
f 1588//3230 1679//3230 1587//3230
f 1497//3231 1498//3231 1678//3231
f 1497//3232 1681//3232 1682//3232
f 1497//3233 1678//3233 1681//3233
f 1589//3234 1680//3234 1588//3234
f 1589//3235 1683//3235 1680//3235
f 1496//3236 1497//3236 1682//3236
f 1465//3237 1683//3237 1589//3237
f 1465//3238 1684//3238 1683//3238
f 1495//3239 1496//3239 1682//3239
f 1495//3240 1682//3240 1685//3240
f 1464//3241 1686//3241 1684//3241
f 1464//3242 1687//3242 1686//3242
f 1464//3243 1684//3243 1465//3243
f 1494//3244 1495//3244 1685//3244
f 1494//3245 1685//3245 1688//3245
f 1466//3246 1689//3246 1687//3246
f 1466//3247 1687//3247 1464//3247
f 1493//3248 1690//3248 1691//3248
f 1493//3249 1688//3249 1690//3249
f 1493//3250 1494//3250 1688//3250
f 1467//3251 1689//3251 1466//3251
f 1492//3252 1493//3252 1691//3252
f 1468//3253 1692//3253 1689//3253
f 1468//3254 1689//3254 1467//3254
f 1491//3255 1691//3255 1693//3255
f 1491//3256 1492//3256 1691//3256
f 1469//3257 1694//3257 1692//3257
f 1469//3258 1692//3258 1468//3258
f 1490//3259 1491//3259 1693//3259
f 1490//3260 1695//3260 1696//3260
f 1490//3261 1693//3261 1695//3261
f 1470//3262 1697//3262 1694//3262
f 1470//3263 1694//3263 1469//3263
f 1489//3264 1490//3264 1696//3264
f 1471//3265 1698//3265 1697//3265
f 1471//3266 1699//3266 1698//3266
f 1471//3267 1697//3267 1470//3267
f 1488//3268 1696//3268 1700//3268
f 1488//3269 1489//3269 1696//3269
f 1472//3270 1701//3270 1699//3270
f 1472//3271 1699//3271 1471//3271
f 1487//3272 1488//3272 1700//3272
f 1487//3273 1702//3273 1703//3273
f 1487//3274 1700//3274 1702//3274
f 1473//3275 1701//3275 1472//3275
f 1473//3276 1704//3276 1701//3276
f 1486//3277 1487//3277 1703//3277
f 1474//3278 1704//3278 1473//3278
f 1485//3279 1703//3279 1705//3279
f 1485//3280 1486//3280 1703//3280
f 1475//3281 1704//3281 1474//3281
f 1475//3282 1706//3282 1704//3282
f 1484//3283 1485//3283 1705//3283
f 1484//3284 1705//3284 1707//3284
f 1476//3285 1708//3285 1706//3285
f 1476//3286 1706//3286 1475//3286
f 1483//3287 1484//3287 1707//3287
f 1483//3288 1707//3288 1709//3288
f 1477//3289 1708//3289 1476//3289
f 1477//3290 1710//3290 1708//3290
f 1482//3291 1483//3291 1709//3291
f 1482//3292 1711//3292 1712//3292
f 1482//3293 1709//3293 1711//3293
f 1478//3294 1710//3294 1477//3294
f 1478//3295 1713//3295 1710//3295
f 1478//3296 1714//3296 1713//3296
f 1481//3297 1712//3297 1715//3297
f 1481//3298 1482//3298 1712//3298
f 1479//3299 1714//3299 1478//3299
f 1480//3300 1715//3300 1714//3300
f 1480//3301 1481//3301 1715//3301
f 1480//3302 1714//3302 1479//3302
f 1716//3303 1684//3303 1686//3303
f 1716//3304 1686//3304 1687//3304
f 1716//3305 1717//3305 1684//3305
f 1718//3306 1716//3306 1687//3306
f 1719//3307 1687//3307 1689//3307
f 1719//3308 1718//3308 1687//3308
f 1720//3309 1689//3309 1692//3309
f 1720//3310 1719//3310 1689//3310
f 1721//3311 1692//3311 1694//3311
f 1721//3312 1720//3312 1692//3312
f 1722//3313 1694//3313 1697//3313
f 1722//3314 1721//3314 1694//3314
f 1723//3315 1697//3315 1698//3315
f 1723//3316 1722//3316 1697//3316
f 1724//3317 1698//3317 1699//3317
f 1724//3318 1723//3318 1698//3318
f 1725//3319 1699//3319 1701//3319
f 1725//3320 1724//3320 1699//3320
f 1726//3321 1701//3321 1704//3321
f 1726//3322 1725//3322 1701//3322
f 1727//3323 1726//3323 1704//3323
f 1727//3324 1704//3324 1706//3324
f 1728//3325 1727//3325 1706//3325
f 1728//3326 1706//3326 1708//3326
f 1728//3327 1708//3327 1710//3327
f 1729//3328 1728//3328 1710//3328
f 1730//3329 1710//3329 1713//3329
f 1730//3330 1729//3330 1710//3330
f 1731//3331 1713//3331 1714//3331
f 1731//3332 1730//3332 1713//3332
f 1732//3333 1714//3333 1715//3333
f 1732//3334 1731//3334 1714//3334
f 1733//3335 1715//3335 1712//3335
f 1733//3336 1732//3336 1715//3336
f 1734//3337 1712//3337 1711//3337
f 1734//3338 1733//3338 1712//3338
f 1735//3339 1711//3339 1709//3339
f 1735//3340 1734//3340 1711//3340
f 1736//3341 1709//3341 1707//3341
f 1736//3342 1735//3342 1709//3342
f 1737//3343 1707//3343 1705//3343
f 1737//3344 1736//3344 1707//3344
f 1738//3345 1705//3345 1703//3345
f 1738//3346 1737//3346 1705//3346
f 1739//3347 1703//3347 1702//3347
f 1739//3348 1738//3348 1703//3348
f 1740//3349 1702//3349 1700//3349
f 1740//3350 1700//3350 1696//3350
f 1740//3351 1739//3351 1702//3351
f 1741//3352 1740//3352 1696//3352
f 1742//3353 1696//3353 1695//3353
f 1742//3354 1741//3354 1696//3354
f 1743//3355 1695//3355 1693//3355
f 1743//3356 1693//3356 1691//3356
f 1743//3357 1742//3357 1695//3357
f 1744//3358 1743//3358 1691//3358
f 1745//3359 1691//3359 1690//3359
f 1745//3360 1744//3360 1691//3360
f 1746//3361 1690//3361 1688//3361
f 1746//3362 1688//3362 1685//3362
f 1746//3363 1745//3363 1690//3363
f 1747//3364 1685//3364 1682//3364
f 1747//3365 1746//3365 1685//3365
f 1748//3366 1747//3366 1682//3366
f 1749//3367 1682//3367 1681//3367
f 1749//3368 1748//3368 1682//3368
f 1750//3369 1681//3369 1678//3369
f 1750//3370 1749//3370 1681//3370
f 1751//3371 1678//3371 1677//3371
f 1751//3372 1750//3372 1678//3372
f 1752//3373 1677//3373 1676//3373
f 1752//3374 1676//3374 1672//3374
f 1752//3375 1751//3375 1677//3375
f 1753//3376 1752//3376 1672//3376
f 1754//3377 1753//3377 1672//3377
f 1754//3378 1672//3378 1671//3378
f 1755//3379 1754//3379 1671//3379
f 1755//3380 1671//3380 1670//3380
f 1756//3381 1755//3381 1670//3381
f 1756//3382 1670//3382 1668//3382
f 1756//3383 1668//3383 1666//3383
f 1757//3384 1756//3384 1666//3384
f 1758//3385 1757//3385 1666//3385
f 1758//3386 1666//3386 1664//3386
f 1759//3387 1758//3387 1664//3387
f 1759//3388 1664//3388 1661//3388
f 1759//3389 1661//3389 1659//3389
f 1760//3390 1759//3390 1659//3390
f 1761//3391 1760//3391 1659//3391
f 1761//3392 1659//3392 1657//3392
f 1761//3393 1657//3393 1655//3393
f 1762//3394 1761//3394 1655//3394
f 1763//3395 1762//3395 1655//3395
f 1763//3396 1655//3396 1653//3396
f 1763//3397 1653//3397 1651//3397
f 1764//3398 1763//3398 1651//3398
f 1765//3399 1651//3399 1649//3399
f 1765//3400 1649//3400 1647//3400
f 1765//3401 1764//3401 1651//3401
f 1766//3402 1765//3402 1647//3402
f 1767//3403 1647//3403 1645//3403
f 1767//3404 1766//3404 1647//3404
f 1768//3405 1645//3405 1643//3405
f 1768//3406 1767//3406 1645//3406
f 1769//3407 1643//3407 1641//3407
f 1769//3408 1768//3408 1643//3408
f 1770//3409 1641//3409 1639//3409
f 1770//3410 1639//3410 1637//3410
f 1770//3411 1769//3411 1641//3411
f 1771//3412 1770//3412 1637//3412
f 1772//3413 1637//3413 1635//3413
f 1772//3414 1771//3414 1637//3414
f 1773//3415 1635//3415 1633//3415
f 1773//3416 1772//3416 1635//3416
f 1774//3417 1633//3417 1631//3417
f 1774//3418 1773//3418 1633//3418
f 1775//3419 1631//3419 1629//3419
f 1775//3420 1774//3420 1631//3420
f 1776//3421 1629//3421 1627//3421
f 1776//3422 1775//3422 1629//3422
f 1777//3423 1627//3423 1625//3423
f 1777//3424 1776//3424 1627//3424
f 1778//3425 1777//3425 1625//3425
f 1778//3426 1625//3426 1623//3426
f 1779//3427 1778//3427 1623//3427
f 1779//3428 1623//3428 1621//3428
f 1780//3429 1779//3429 1621//3429
f 1780//3430 1621//3430 1619//3430
f 1781//3431 1780//3431 1619//3431
f 1781//3432 1619//3432 1617//3432
f 1782//3433 1781//3433 1617//3433
f 1782//3434 1617//3434 1615//3434
f 1783//3435 1782//3435 1615//3435
f 1783//3436 1615//3436 1613//3436
f 1784//3437 1783//3437 1613//3437
f 1784//3438 1613//3438 1611//3438
f 1785//3439 1784//3439 1611//3439
f 1785//3440 1611//3440 1609//3440
f 1786//3441 1785//3441 1609//3441
f 1786//3442 1609//3442 1607//3442
f 1787//3443 1786//3443 1607//3443
f 1787//3444 1607//3444 1605//3444
f 1787//3445 1605//3445 1603//3445
f 1788//3446 1787//3446 1603//3446
f 1789//3447 1788//3447 1603//3447
f 1789//3448 1603//3448 1601//3448
f 1790//3449 1789//3449 1601//3449
f 1790//3450 1601//3450 1599//3450
f 1791//3451 1790//3451 1599//3451
f 1791//3452 1599//3452 1597//3452
f 1792//3453 1791//3453 1597//3453
f 1792//3454 1597//3454 1595//3454
f 1792//3455 1595//3455 1593//3455
f 1793//3456 1792//3456 1593//3456
f 1794//3457 1793//3457 1593//3457
f 1794//3458 1593//3458 1590//3458
f 1795//3459 1794//3459 1590//3459
f 1795//3460 1590//3460 1591//3460
f 1796//3461 1795//3461 1591//3461
f 1796//3462 1591//3462 1592//3462
f 1797//3463 1796//3463 1592//3463
f 1797//3464 1592//3464 1594//3464
f 1798//3465 1797//3465 1594//3465
f 1798//3466 1594//3466 1596//3466
f 1799//3467 1596//3467 1598//3467
f 1799//3468 1798//3468 1596//3468
f 1800//3469 1598//3469 1600//3469
f 1800//3470 1600//3470 1602//3470
f 1800//3471 1799//3471 1598//3471
f 1801//3472 1800//3472 1602//3472
f 1802//3473 1602//3473 1604//3473
f 1802//3474 1801//3474 1602//3474
f 1803//3475 1604//3475 1606//3475
f 1803//3476 1802//3476 1604//3476
f 1804//3477 1803//3477 1606//3477
f 1804//3478 1606//3478 1608//3478
f 1805//3479 1804//3479 1608//3479
f 1805//3480 1608//3480 1610//3480
f 1806//3481 1805//3481 1610//3481
f 1806//3482 1610//3482 1612//3482
f 1806//3483 1612//3483 1614//3483
f 1807//3484 1806//3484 1614//3484
f 1808//3485 1807//3485 1614//3485
f 1808//3486 1614//3486 1616//3486
f 1809//3487 1808//3487 1616//3487
f 1809//3488 1616//3488 1618//3488
f 1810//3489 1809//3489 1618//3489
f 1810//3490 1618//3490 1620//3490
f 1811//3491 1810//3491 1620//3491
f 1811//3492 1620//3492 1622//3492
f 1812//3493 1811//3493 1622//3493
f 1812//3494 1622//3494 1624//3494
f 1813//3495 1812//3495 1624//3495
f 1813//3496 1624//3496 1626//3496
f 1814//3497 1813//3497 1626//3497
f 1814//3498 1626//3498 1628//3498
f 1815//3499 1814//3499 1628//3499
f 1815//3500 1628//3500 1630//3500
f 1816//3501 1815//3501 1630//3501
f 1816//3502 1630//3502 1632//3502
f 1817//3503 1632//3503 1634//3503
f 1817//3504 1816//3504 1632//3504
f 1818//3505 1634//3505 1636//3505
f 1818//3506 1817//3506 1634//3506
f 1819//3507 1636//3507 1638//3507
f 1819//3508 1818//3508 1636//3508
f 1820//3509 1638//3509 1640//3509
f 1820//3510 1819//3510 1638//3510
f 1821//3511 1640//3511 1642//3511
f 1821//3512 1820//3512 1640//3512
f 1822//3513 1642//3513 1644//3513
f 1822//3514 1821//3514 1642//3514
f 1823//3515 1644//3515 1646//3515
f 1823//3516 1822//3516 1644//3516
f 1824//3517 1646//3517 1648//3517
f 1824//3518 1823//3518 1646//3518
f 1825//3519 1648//3519 1650//3519
f 1825//3520 1650//3520 1652//3520
f 1825//3521 1824//3521 1648//3521
f 1826//3522 1825//3522 1652//3522
f 1827//3523 1652//3523 1654//3523
f 1827//3524 1826//3524 1652//3524
f 1828//3525 1827//3525 1654//3525
f 1828//3526 1654//3526 1656//3526
f 1829//3527 1828//3527 1656//3527
f 1829//3528 1656//3528 1658//3528
f 1830//3529 1829//3529 1658//3529
f 1830//3530 1658//3530 1660//3530
f 1831//3531 1660//3531 1662//3531
f 1831//3532 1830//3532 1660//3532
f 1832//3533 1831//3533 1662//3533
f 1832//3534 1662//3534 1663//3534
f 1832//3535 1663//3535 1665//3535
f 1833//3536 1832//3536 1665//3536
f 1834//3537 1665//3537 1667//3537
f 1834//3538 1667//3538 1669//3538
f 1834//3539 1833//3539 1665//3539
f 1835//3540 1834//3540 1669//3540
f 1836//3541 1669//3541 1673//3541
f 1836//3542 1835//3542 1669//3542
f 1837//3543 1673//3543 1674//3543
f 1837//3544 1836//3544 1673//3544
f 1838//3545 1674//3545 1675//3545
f 1838//3546 1675//3546 1679//3546
f 1838//3547 1837//3547 1674//3547
f 1839//3548 1838//3548 1679//3548
f 1840//3549 1679//3549 1680//3549
f 1840//3550 1839//3550 1679//3550
f 1841//3551 1680//3551 1683//3551
f 1841//3552 1840//3552 1680//3552
f 1717//3553 1683//3553 1684//3553
f 1717//3554 1841//3554 1683//3554
f 1826//3555 1842//3555 1843//3555
f 1827//3556 1844//3556 1842//3556
f 1827//3557 1842//3557 1826//3557
f 1825//3558 1843//3558 1845//3558
f 1825//3559 1826//3559 1843//3559
f 1828//3560 1846//3560 1844//3560
f 1828//3561 1844//3561 1827//3561
f 1824//3562 1845//3562 1847//3562
f 1824//3563 1825//3563 1845//3563
f 1829//3564 1846//3564 1828//3564
f 1829//3565 1848//3565 1846//3565
f 1823//3566 1824//3566 1847//3566
f 1830//3567 1849//3567 1848//3567
f 1830//3568 1850//3568 1849//3568
f 1830//3569 1848//3569 1829//3569
f 1822//3570 1851//3570 1852//3570
f 1822//3571 1847//3571 1851//3571
f 1822//3572 1823//3572 1847//3572
f 1831//3573 1850//3573 1830//3573
f 1821//3574 1852//3574 1853//3574
f 1821//3575 1822//3575 1852//3575
f 1832//3576 1854//3576 1850//3576
f 1832//3577 1850//3577 1831//3577
f 1820//3578 1853//3578 1855//3578
f 1820//3579 1821//3579 1853//3579
f 1833//3580 1854//3580 1832//3580
f 1833//3581 1856//3581 1854//3581
f 1819//3582 1820//3582 1855//3582
f 1834//3583 1856//3583 1833//3583
f 1834//3584 1857//3584 1856//3584
f 1818//3585 1858//3585 1859//3585
f 1818//3586 1855//3586 1858//3586
f 1818//3587 1819//3587 1855//3587
f 1835//3588 1860//3588 1857//3588
f 1835//3589 1857//3589 1834//3589
f 1817//3590 1818//3590 1859//3590
f 1836//3591 1861//3591 1860//3591
f 1836//3592 1862//3592 1861//3592
f 1836//3593 1860//3593 1835//3593
f 1816//3594 1859//3594 1863//3594
f 1816//3595 1817//3595 1859//3595
f 1816//3596 1863//3596 1864//3596
f 1837//3597 1862//3597 1836//3597
f 1815//3598 1816//3598 1864//3598
f 1815//3599 1864//3599 1865//3599
f 1838//3600 1866//3600 1862//3600
f 1838//3601 1862//3601 1837//3601
f 1814//3602 1815//3602 1865//3602
f 1839//3603 1867//3603 1866//3603
f 1839//3604 1866//3604 1838//3604
f 1813//3605 1814//3605 1865//3605
f 1813//3606 1868//3606 1869//3606
f 1813//3607 1865//3607 1868//3607
f 1840//3608 1870//3608 1867//3608
f 1840//3609 1871//3609 1870//3609
f 1840//3610 1867//3610 1839//3610
f 1812//3611 1813//3611 1869//3611
f 1812//3612 1869//3612 1872//3612
f 1841//3613 1871//3613 1840//3613
f 1811//3614 1812//3614 1872//3614
f 1717//3615 1873//3615 1871//3615
f 1717//3616 1871//3616 1841//3616
f 1810//3617 1811//3617 1872//3617
f 1810//3618 1872//3618 1874//3618
f 1716//3619 1875//3619 1873//3619
f 1716//3620 1873//3620 1717//3620
f 1809//3621 1874//3621 1876//3621
f 1809//3622 1810//3622 1874//3622
f 1718//3623 1877//3623 1875//3623
f 1718//3624 1875//3624 1716//3624
f 1808//3625 1809//3625 1876//3625
f 1808//3626 1876//3626 1878//3626
f 1719//3627 1879//3627 1877//3627
f 1719//3628 1877//3628 1718//3628
f 1807//3629 1808//3629 1878//3629
f 1807//3630 1880//3630 1881//3630
f 1807//3631 1878//3631 1880//3631
f 1720//3632 1882//3632 1879//3632
f 1720//3633 1879//3633 1719//3633
f 1806//3634 1807//3634 1881//3634
f 1721//3635 1883//3635 1882//3635
f 1721//3636 1882//3636 1720//3636
f 1805//3637 1806//3637 1881//3637
f 1805//3638 1884//3638 1885//3638
f 1805//3639 1881//3639 1884//3639
f 1722//3640 1886//3640 1883//3640
f 1722//3641 1887//3641 1886//3641
f 1722//3642 1883//3642 1721//3642
f 1804//3643 1805//3643 1885//3643
f 1723//3644 1888//3644 1887//3644
f 1723//3645 1887//3645 1722//3645
f 1803//3646 1804//3646 1885//3646
f 1803//3647 1885//3647 1889//3647
f 1724//3648 1888//3648 1723//3648
f 1802//3649 1803//3649 1889//3649
f 1802//3650 1889//3650 1890//3650
f 1725//3651 1891//3651 1888//3651
f 1725//3652 1888//3652 1724//3652
f 1801//3653 1802//3653 1890//3653
f 1801//3654 1892//3654 1893//3654
f 1801//3655 1890//3655 1892//3655
f 1726//3656 1894//3656 1891//3656
f 1726//3657 1891//3657 1725//3657
f 1800//3658 1801//3658 1893//3658
f 1895//3659 1800//3659 1893//3659
f 1727//3660 1896//3660 1894//3660
f 1727//3661 1894//3661 1726//3661
f 1799//3662 1800//3662 1895//3662
f 1728//3663 1897//3663 1896//3663
f 1728//3664 1896//3664 1727//3664
f 1798//3665 1799//3665 1895//3665
f 1798//3666 1895//3666 1898//3666
f 1729//3667 1899//3667 1897//3667
f 1729//3668 1897//3668 1728//3668
f 1797//3669 1798//3669 1898//3669
f 1797//3670 1898//3670 1900//3670
f 1901//3671 1899//3671 1729//3671
f 1730//3672 1901//3672 1729//3672
f 1796//3673 1900//3673 1902//3673
f 1796//3674 1797//3674 1900//3674
f 1731//3675 1903//3675 1901//3675
f 1731//3676 1901//3676 1730//3676
f 1795//3677 1796//3677 1902//3677
f 1795//3678 1902//3678 1904//3678
f 1905//3679 1731//3679 1732//3679
f 1905//3680 1903//3680 1731//3680
f 1794//3681 1795//3681 1904//3681
f 1906//3682 1794//3682 1904//3682
f 1907//3683 1905//3683 1732//3683
f 1907//3684 1732//3684 1733//3684
f 1908//3685 1793//3685 1794//3685
f 1908//3686 1794//3686 1906//3686
f 1909//3687 1907//3687 1733//3687
f 1909//3688 1733//3688 1734//3688
f 1910//3689 1792//3689 1793//3689
f 1910//3690 1793//3690 1908//3690
f 1791//3691 1792//3691 1910//3691
f 1911//3692 1909//3692 1734//3692
f 1911//3693 1734//3693 1735//3693
f 1912//3694 1791//3694 1910//3694
f 1913//3695 1911//3695 1735//3695
f 1913//3696 1735//3696 1736//3696
f 1737//3697 1913//3697 1736//3697
f 1914//3698 1791//3698 1912//3698
f 1914//3699 1790//3699 1791//3699
f 1915//3700 1913//3700 1737//3700
f 1916//3701 1790//3701 1914//3701
f 1916//3702 1789//3702 1790//3702
f 1917//3703 1915//3703 1737//3703
f 1917//3704 1737//3704 1738//3704
f 1918//3705 1789//3705 1916//3705
f 1918//3706 1787//3706 1788//3706
f 1918//3707 1788//3707 1789//3707
f 1919//3708 1738//3708 1739//3708
f 1919//3709 1739//3709 1740//3709
f 1919//3710 1917//3710 1738//3710
f 1920//3711 1787//3711 1918//3711
f 1921//3712 1919//3712 1740//3712
f 1922//3713 1787//3713 1920//3713
f 1922//3714 1786//3714 1787//3714
f 1923//3715 1740//3715 1741//3715
f 1923//3716 1921//3716 1740//3716
f 1924//3717 1786//3717 1922//3717
f 1924//3718 1784//3718 1785//3718
f 1924//3719 1785//3719 1786//3719
f 1925//3720 1741//3720 1742//3720
f 1925//3721 1923//3721 1741//3721
f 1926//3722 1784//3722 1924//3722
f 1927//3723 1742//3723 1743//3723
f 1927//3724 1925//3724 1742//3724
f 1928//3725 1784//3725 1926//3725
f 1928//3726 1783//3726 1784//3726
f 1929//3727 1927//3727 1743//3727
f 1929//3728 1743//3728 1744//3728
f 1930//3729 1783//3729 1928//3729
f 1930//3730 1781//3730 1782//3730
f 1930//3731 1782//3731 1783//3731
f 1931//3732 1929//3732 1744//3732
f 1931//3733 1744//3733 1745//3733
f 1932//3734 1781//3734 1930//3734
f 1933//3735 1931//3735 1745//3735
f 1933//3736 1745//3736 1746//3736
f 1934//3737 1780//3737 1781//3737
f 1934//3738 1781//3738 1932//3738
f 1935//3739 1933//3739 1746//3739
f 1935//3740 1746//3740 1747//3740
f 1936//3741 1780//3741 1934//3741
f 1936//3742 1779//3742 1780//3742
f 1937//3743 1935//3743 1747//3743
f 1937//3744 1747//3744 1748//3744
f 1938//3745 1779//3745 1936//3745
f 1938//3746 1778//3746 1779//3746
f 1939//3747 1937//3747 1748//3747
f 1939//3748 1748//3748 1749//3748
f 1939//3749 1749//3749 1750//3749
f 1940//3750 1778//3750 1938//3750
f 1940//3751 1776//3751 1777//3751
f 1940//3752 1777//3752 1778//3752
f 1941//3753 1939//3753 1750//3753
f 1942//3754 1776//3754 1940//3754
f 1942//3755 1775//3755 1776//3755
f 1943//3756 1941//3756 1750//3756
f 1943//3757 1750//3757 1751//3757
f 1943//3758 1751//3758 1752//3758
f 1944//3759 1775//3759 1942//3759
f 1944//3760 1774//3760 1775//3760
f 1945//3761 1752//3761 1753//3761
f 1945//3762 1943//3762 1752//3762
f 1946//3763 1773//3763 1774//3763
f 1946//3764 1774//3764 1944//3764
f 1947//3765 1945//3765 1753//3765
f 1948//3766 1773//3766 1946//3766
f 1948//3767 1772//3767 1773//3767
f 1949//3768 1947//3768 1753//3768
f 1949//3769 1753//3769 1754//3769
f 1949//3770 1754//3770 1755//3770
f 1950//3771 1772//3771 1948//3771
f 1951//3772 1949//3772 1755//3772
f 1952//3773 1772//3773 1950//3773
f 1952//3774 1770//3774 1771//3774
f 1952//3775 1771//3775 1772//3775
f 1953//3776 1951//3776 1755//3776
f 1953//3777 1755//3777 1756//3777
f 1953//3778 1756//3778 1757//3778
f 1954//3779 1770//3779 1952//3779
f 1955//3780 1953//3780 1757//3780
f 1956//3781 1770//3781 1954//3781
f 1956//3782 1769//3782 1770//3782
f 1957//3783 1955//3783 1757//3783
f 1957//3784 1757//3784 1758//3784
f 1958//3785 1769//3785 1956//3785
f 1958//3786 1768//3786 1769//3786
f 1959//3787 1758//3787 1759//3787
f 1959//3788 1957//3788 1758//3788
f 1960//3789 1768//3789 1958//3789
f 1960//3790 1767//3790 1768//3790
f 1961//3791 1959//3791 1759//3791
f 1961//3792 1759//3792 1760//3792
f 1962//3793 1767//3793 1960//3793
f 1962//3794 1766//3794 1767//3794
f 1963//3795 1961//3795 1760//3795
f 1963//3796 1760//3796 1761//3796
f 1964//3797 1766//3797 1962//3797
f 1964//3798 1765//3798 1766//3798
f 1965//3799 1761//3799 1762//3799
f 1965//3800 1963//3800 1761//3800
f 1966//3801 1765//3801 1964//3801
f 1966//3802 1763//3802 1764//3802
f 1966//3803 1764//3803 1765//3803
f 1967//3804 1965//3804 1762//3804
f 1967//3805 1763//3805 1966//3805
f 1967//3806 1762//3806 1763//3806
f 1968//3807 1969//3807 1970//3807
f 1971//3808 1969//3808 1968//3808
f 1969//3809 1972//3809 1970//3809
f 1970//3810 1972//3810 1973//3810
f 1973//3811 1974//3811 1975//3811
f 1972//3812 1974//3812 1973//3812
f 1975//3813 1976//3813 1977//3813
f 1974//3814 1976//3814 1975//3814
f 1977//3815 1978//3815 1979//3815
f 1979//3816 1978//3816 1980//3816
f 1976//3817 1978//3817 1977//3817
f 1978//3818 1981//3818 1980//3818
f 1981//3819 1982//3819 1980//3819
f 1980//3820 1982//3820 1983//3820
f 1983//3821 1984//3821 1985//3821
f 1982//3822 1984//3822 1983//3822
f 1985//3823 1986//3823 1987//3823
f 1984//3824 1986//3824 1985//3824
f 1986//3825 1988//3825 1987//3825
f 1987//3826 1988//3826 1989//3826
f 1988//3827 1990//3827 1989//3827
f 1989//3828 1990//3828 1991//3828
f 1971//3829 1992//3829 1969//3829
f 1993//3830 1992//3830 1971//3830
f 1991//3831 1994//3831 1995//3831
f 1990//3832 1994//3832 1991//3832
f 1969//3833 1996//3833 1972//3833
f 1992//3834 1996//3834 1969//3834
f 1997//3835 1998//3835 1999//3835
f 1995//3836 1998//3836 1997//3836
f 1994//3837 1998//3837 1995//3837
f 1972//3838 2000//3838 1974//3838
f 1996//3839 2000//3839 1972//3839
f 1998//3840 2001//3840 1999//3840
f 1974//3841 2002//3841 1976//3841
f 2000//3842 2002//3842 1974//3842
f 2003//3843 2004//3843 2005//3843
f 2001//3844 2004//3844 1999//3844
f 1999//3845 2004//3845 2003//3845
f 1978//3846 2006//3846 1981//3846
f 2002//3847 2006//3847 1976//3847
f 1976//3848 2006//3848 1978//3848
f 2004//3849 2007//3849 2005//3849
f 2006//3850 2008//3850 1981//3850
f 2005//3851 2009//3851 2010//3851
f 2007//3852 2009//3852 2005//3852
f 1981//3853 2011//3853 1982//3853
f 2008//3854 2011//3854 1981//3854
f 2010//3855 2012//3855 2013//3855
f 2009//3856 2012//3856 2010//3856
f 2011//3857 2014//3857 1982//3857
f 1982//3858 2014//3858 1984//3858
f 2013//3859 2015//3859 2016//3859
f 2012//3860 2015//3860 2013//3860
f 1984//3861 2017//3861 1986//3861
f 2014//3862 2017//3862 1984//3862
f 2015//3863 2018//3863 2016//3863
f 2016//3864 2018//3864 2019//3864
f 2017//3865 2020//3865 1986//3865
f 1988//3866 2020//3866 1990//3866
f 1986//3867 2020//3867 1988//3867
f 2018//3868 2021//3868 2019//3868
f 2019//3869 2021//3869 2022//3869
f 2020//3870 2023//3870 1990//3870
f 2022//3871 2024//3871 2025//3871
f 2021//3872 2024//3872 2022//3872
f 2025//3873 2024//3873 2026//3873
f 1993//3874 2027//3874 1992//3874
f 2028//3875 2027//3875 1993//3875
f 2029//3876 2027//3876 2028//3876
f 2023//3877 2030//3877 1990//3877
f 1990//3878 2030//3878 1994//3878
f 1994//3879 2030//3879 1998//3879
f 2024//3880 2031//3880 2026//3880
f 2027//3881 2032//3881 1992//3881
f 1992//3882 2032//3882 1996//3882
f 2030//3883 2033//3883 1998//3883
f 2034//3884 2035//3884 2036//3884
f 2026//3885 2035//3885 2034//3885
f 2031//3886 2035//3886 2026//3886
f 1996//3887 2037//3887 2000//3887
f 2032//3888 2037//3888 1996//3888
f 1998//3889 2038//3889 2001//3889
f 2033//3890 2038//3890 1998//3890
f 2035//3891 2039//3891 2036//3891
f 2000//3892 2040//3892 2002//3892
f 2037//3893 2040//3893 2000//3893
f 2038//3894 2041//3894 2001//3894
f 2001//3895 2041//3895 2004//3895
f 2042//3896 2043//3896 2044//3896
f 2039//3897 2043//3897 2036//3897
f 2036//3898 2043//3898 2042//3898
f 2002//3899 2045//3899 2006//3899
f 2040//3900 2045//3900 2002//3900
f 2004//3901 2046//3901 2007//3901
f 2041//3902 2046//3902 2004//3902
f 2043//3903 2047//3903 2044//3903
f 2006//3904 2048//3904 2008//3904
f 2045//3905 2048//3905 2006//3905
f 2046//3906 2049//3906 2007//3906
f 2007//3907 2049//3907 2009//3907
f 2047//3908 2050//3908 2044//3908
f 2044//3909 2050//3909 2051//3909
f 2048//3910 2052//3910 2008//3910
f 2008//3911 2052//3911 2011//3911
f 2011//3912 2052//3912 2014//3912
f 2049//3913 2053//3913 2009//3913
f 2009//3914 2053//3914 2012//3914
f 2050//3915 2054//3915 2051//3915
f 2051//3916 2054//3916 2055//3916
f 2055//3917 2054//3917 2056//3917
f 2052//3918 2057//3918 2014//3918
f 2053//3919 2058//3919 2012//3919
f 2012//3920 2058//3920 2015//3920
f 2054//3921 2059//3921 2056//3921
f 2014//3922 2060//3922 2017//3922
f 2057//3923 2060//3923 2014//3923
f 2018//3924 2061//3924 2021//3924
f 2058//3925 2061//3925 2015//3925
f 2015//3926 2061//3926 2018//3926
f 2059//3927 2062//3927 2056//3927
f 2056//3928 2062//3928 2063//3928
f 2017//3929 2064//3929 2020//3929
f 2060//3930 2064//3930 2017//3930
f 2061//3931 2065//3931 2021//3931
f 2021//3932 2065//3932 2024//3932
f 2062//3933 2066//3933 2063//3933
f 2063//3934 2066//3934 2067//3934
f 2023//3935 2068//3935 2030//3935
f 2020//3936 2068//3936 2023//3936
f 2064//3937 2068//3937 2020//3937
f 2065//3938 2069//3938 2024//3938
f 2024//3939 2069//3939 2031//3939
f 2067//3940 2070//3940 2071//3940
f 2066//3941 2070//3941 2067//3941
f 2030//3942 2072//3942 2033//3942
f 2068//3943 2072//3943 2030//3943
f 2029//3944 2073//3944 2027//3944
f 2069//3945 2074//3945 2031//3945
f 2071//3946 2075//3946 2076//3946
f 2070//3947 2075//3947 2071//3947
f 2072//3948 2077//3948 2033//3948
f 2073//3949 2078//3949 2027//3949
f 2027//3950 2078//3950 2032//3950
f 2074//3951 2079//3951 2031//3951
f 2035//3952 2079//3952 2039//3952
f 2031//3953 2079//3953 2035//3953
f 2076//3954 2080//3954 2081//3954
f 2075//3955 2080//3955 2076//3955
f 2077//3956 2082//3956 2033//3956
f 2033//3957 2082//3957 2038//3957
f 2032//3958 2083//3958 2037//3958
f 2037//3959 2083//3959 2040//3959
f 2078//3960 2083//3960 2032//3960
f 2079//3961 2084//3961 2039//3961
f 2080//3962 2085//3962 2081//3962
f 2081//3963 2085//3963 2086//3963
f 2086//3964 2085//3964 2087//3964
f 2082//3965 2088//3965 2038//3965
f 2041//3966 2088//3966 2046//3966
f 2038//3967 2088//3967 2041//3967
f 2083//3968 2089//3968 2040//3968
f 2039//3969 2090//3969 2043//3969
f 2084//3970 2090//3970 2039//3970
f 2085//3971 2091//3971 2087//3971
f 2088//3972 2092//3972 2046//3972
f 2040//3973 2093//3973 2045//3973
f 2089//3974 2093//3974 2040//3974
f 2043//3975 2094//3975 2047//3975
f 2090//3976 2094//3976 2043//3976
f 2087//3977 2095//3977 2096//3977
f 2091//3978 2095//3978 2087//3978
f 2096//3979 2095//3979 2097//3979
f 2049//3980 2098//3980 2053//3980
f 2092//3981 2098//3981 2046//3981
f 2046//3982 2098//3982 2049//3982
f 2045//3983 2099//3983 2048//3983
f 2093//3984 2099//3984 2045//3984
f 2094//3985 2100//3985 2047//3985
f 2047//3986 2100//3986 2050//3986
f 2095//3987 2101//3987 2097//3987
f 2098//3988 2102//3988 2053//3988
f 2048//3989 2103//3989 2052//3989
f 2099//3990 2103//3990 2048//3990
f 2052//3991 2103//3991 2057//3991
f 2050//3992 2104//3992 2054//3992
f 2100//3993 2104//3993 2050//3993
f 2105//3994 2106//3994 2107//3994
f 2097//3995 2106//3995 2105//3995
f 2101//3996 2106//3996 2097//3996
f 2102//3997 2108//3997 2053//3997
f 2053//3998 2108//3998 2058//3998
f 2058//3999 2108//3999 2061//3999
f 2057//4000 2109//4000 2060//4000
f 2103//4001 2109//4001 2057//4001
f 2054//4002 2110//4002 2059//4002
f 2104//4003 2110//4003 2054//4003
f 2106//4004 2111//4004 2107//4004
f 2108//4005 2112//4005 2061//4005
f 2109//4006 2113//4006 2060//4006
f 2059//4007 2114//4007 2062//4007
f 2110//4008 2114//4008 2059//4008
f 2111//4009 2115//4009 2107//4009
f 2107//4010 2115//4010 2116//4010
f 2116//4011 2115//4011 2117//4011
f 2065//4012 2118//4012 2069//4012
f 2061//4013 2118//4013 2065//4013
f 2112//4014 2118//4014 2061//4014
f 2113//4015 2119//4015 2060//4015
f 2060//4016 2119//4016 2064//4016
f 2114//4017 2120//4017 2062//4017
f 2066//4018 2120//4018 2070//4018
f 2062//4019 2120//4019 2066//4019
f 2115//4020 2121//4020 2117//4020
f 2118//4021 2122//4021 2069//4021
f 2069//4022 2122//4022 2074//4022
f 2119//4023 2123//4023 2064//4023
f 2064//4024 2123//4024 2068//4024
f 2068//4025 2123//4025 2072//4025
f 2120//4026 2124//4026 2070//4026
f 2070//4027 2124//4027 2075//4027
f 2117//4028 2125//4028 2126//4028
f 2121//4029 2125//4029 2117//4029
f 2122//4030 2127//4030 2074//4030
f 2123//4031 2128//4031 2072//4031
f 2124//4032 2129//4032 2075//4032
f 2029//4033 2130//4033 2073//4033
f 2131//4034 2130//4034 2029//4034
f 2126//4035 2132//4035 2133//4035
f 2125//4036 2132//4036 2126//4036
f 2079//4037 2134//4037 2084//4037
f 2127//4038 2134//4038 2074//4038
f 2074//4039 2134//4039 2079//4039
f 2077//4040 2135//4040 2082//4040
f 2128//4041 2135//4041 2072//4041
f 2072//4042 2135//4042 2077//4042
f 2075//4043 2136//4043 2080//4043
f 2129//4044 2136//4044 2075//4044
f 2073//4045 2137//4045 2078//4045
f 2130//4046 2137//4046 2073//4046
f 2132//4047 2138//4047 2133//4047
f 2133//4048 2138//4048 2139//4048
f 2134//4049 2140//4049 2084//4049
f 2135//4050 2141//4050 2082//4050
f 2080//4051 2142//4051 2085//4051
f 2085//4052 2142//4052 2091//4052
f 2136//4053 2142//4053 2080//4053
f 2078//4054 2143//4054 2083//4054
f 2137//4055 2143//4055 2078//4055
f 2138//4056 2144//4056 2139//4056
f 2145//4057 2144//4057 2146//4057
f 2139//4058 2144//4058 2145//4058
f 2084//4059 2147//4059 2090//4059
f 2140//4060 2147//4060 2084//4060
f 2088//4061 2148//4061 2092//4061
f 2082//4062 2148//4062 2088//4062
f 2141//4063 2148//4063 2082//4063
f 2142//4064 2149//4064 2091//4064
f 2143//4065 2150//4065 2083//4065
f 2083//4066 2150//4066 2089//4066
f 2144//4067 2151//4067 2146//4067
f 2147//4068 2152//4068 2090//4068
f 2090//4069 2152//4069 2094//4069
f 2148//4070 2153//4070 2092//4070
f 2092//4071 2153//4071 2098//4071
f 2149//4072 2154//4072 2091//4072
f 2091//4073 2154//4073 2095//4073
f 2095//4074 2154//4074 2101//4074
f 2089//4075 2155//4075 2093//4075
f 2150//4076 2155//4076 2089//4076
f 2146//4077 2156//4077 2157//4077
f 2151//4078 2156//4078 2146//4078
f 2152//4079 2158//4079 2094//4079
f 2100//4080 2158//4080 2104//4080
f 2094//4081 2158//4081 2100//4081
f 2153//4082 2159//4082 2098//4082
f 2154//4083 2160//4083 2101//4083
f 2093//4084 2161//4084 2099//4084
f 2155//4085 2161//4085 2093//4085
f 2099//4086 2161//4086 2103//4086
f 2156//4087 2162//4087 2157//4087
f 2157//4088 2162//4088 2163//4088
f 2158//4089 2164//4089 2104//4089
f 2098//4090 2165//4090 2102//4090
f 2159//4091 2165//4091 2098//4091
f 2160//4092 2166//4092 2101//4092
f 2101//4093 2166//4093 2106//4093
f 2161//4094 2167//4094 2103//4094
f 2162//4095 2168//4095 2163//4095
f 2163//4096 2168//4096 2169//4096
f 2169//4097 2168//4097 2170//4097
f 2104//4098 2171//4098 2110//4098
f 2164//4099 2171//4099 2104//4099
f 2102//4100 2172//4100 2108//4100
f 2165//4101 2172//4101 2102//4101
f 2111//4102 2173//4102 2115//4102
f 2106//4103 2173//4103 2111//4103
f 2166//4104 2173//4104 2106//4104
f 2109//4105 2174//4105 2113//4105
f 2167//4106 2174//4106 2103//4106
f 2103//4107 2174//4107 2109//4107
f 2168//4108 2175//4108 2170//4108
f 2171//4109 2176//4109 2110//4109
f 2110//4110 2176//4110 2114//4110
f 2108//4111 2177//4111 2112//4111
f 2172//4112 2177//4112 2108//4112
f 2115//4113 2178//4113 2121//4113
f 2173//4114 2178//4114 2115//4114
f 2174//4115 2179//4115 2113//4115
f 2175//4116 2180//4116 2170//4116
f 2170//4117 2180//4117 2181//4117
f 2181//4118 2180//4118 2182//4118
f 2114//4119 2183//4119 2120//4119
f 2120//4120 2183//4120 2124//4120
f 2176//4121 2183//4121 2114//4121
f 2177//4122 2184//4122 2112//4122
f 2112//4123 2184//4123 2118//4123
f 2178//4124 2185//4124 2121//4124
f 2179//4125 2186//4125 2113//4125
f 2113//4126 2186//4126 2119//4126
f 2180//4127 2187//4127 2182//4127
f 2183//4128 2188//4128 2124//4128
f 2184//4129 2189//4129 2118//4129
f 2118//4130 2189//4130 2122//4130
f 2185//4131 2190//4131 2121//4131
f 2125//4132 2190//4132 2132//4132
f 2121//4133 2190//4133 2125//4133
f 2119//4134 2191//4134 2123//4134
f 2123//4135 2191//4135 2128//4135
f 2186//4136 2191//4136 2119//4136
f 2182//4137 2192//4137 2193//4137
f 2187//4138 2192//4138 2182//4138
f 2124//4139 2194//4139 2129//4139
f 2129//4140 2194//4140 2136//4140
f 2188//4141 2194//4141 2124//4141
f 2122//4142 2195//4142 2127//4142
f 2127//4143 2195//4143 2134//4143
f 2189//4144 2195//4144 2122//4144
f 2190//4145 2196//4145 2132//4145
f 2132//4146 2196//4146 2138//4146
f 2191//4147 2197//4147 2128//4147
f 2131//4148 2198//4148 2130//4148
f 2199//4149 2198//4149 2131//4149
f 2200//4150 2198//4150 2199//4150
f 2193//4151 2201//4151 2202//4151
f 2192//4152 2201//4152 2193//4152
f 2136//4153 2203//4153 2142//4153
f 2194//4154 2203//4154 2136//4154
f 2195//4155 2204//4155 2134//4155
f 2138//4156 2205//4156 2144//4156
f 2196//4157 2205//4157 2138//4157
f 2197//4158 2206//4158 2128//4158
f 2128//4159 2206//4159 2135//4159
f 2130//4160 2207//4160 2137//4160
f 2198//4161 2207//4161 2130//4161
f 2202//4162 2208//4162 2209//4162
f 2201//4163 2208//4163 2202//4163
f 2203//4164 2210//4164 2142//4164
f 2204//4165 2211//4165 2134//4165
f 2134//4166 2211//4166 2140//4166
f 2205//4167 2212//4167 2144//4167
f 2206//4168 2213//4168 2135//4168
f 2141//4169 2213//4169 2148//4169
f 2135//4170 2213//4170 2141//4170
f 2137//4171 2214//4171 2143//4171
f 2207//4172 2214//4172 2137//4172
f 2208//4173 2215//4173 2209//4173
f 2209//4174 2215//4174 2216//4174
f 2216//4175 2215//4175 2217//4175
f 2142//4176 2218//4176 2149//4176
f 2210//4177 2218//4177 2142//4177
f 2211//4178 2219//4178 2140//4178
f 2140//4179 2219//4179 2147//4179
f 2144//4180 2220//4180 2151//4180
f 2151//4181 2220//4181 2156//4181
f 2212//4182 2220//4182 2144//4182
f 2213//4183 2221//4183 2148//4183
f 2143//4184 2222//4184 2150//4184
f 2214//4185 2222//4185 2143//4185
f 2217//4186 2223//4186 2224//4186
f 2215//4187 2223//4187 2217//4187
f 2149//4188 2225//4188 2154//4188
f 2218//4189 2225//4189 2149//4189
f 2154//4190 2225//4190 2160//4190
f 2219//4191 2226//4191 2147//4191
f 2147//4192 2226//4192 2152//4192
f 2220//4193 2227//4193 2156//4193
f 2221//4194 2228//4194 2148//4194
f 2148//4195 2228//4195 2153//4195
f 2222//4196 2229//4196 2150//4196
f 2150//4197 2229//4197 2155//4197
f 2223//4198 2230//4198 2224//4198
f 2160//4199 2231//4199 2166//4199
f 2225//4200 2231//4200 2160//4200
f 2152//4201 2232//4201 2158//4201
f 2226//4202 2232//4202 2152//4202
f 2156//4203 2233//4203 2162//4203
f 2227//4204 2233//4204 2156//4204
f 2162//4205 2233//4205 2168//4205
f 2153//4206 2234//4206 2159//4206
f 2228//4207 2234//4207 2153//4207
f 2229//4208 2235//4208 2155//4208
f 2155//4209 2235//4209 2161//4209
f 2224//4210 2236//4210 2237//4210
f 2230//4211 2236//4211 2224//4211
f 2231//4212 2238//4212 2166//4212
f 2158//4213 2239//4213 2164//4213
f 2232//4214 2239//4214 2158//4214
f 2164//4215 2239//4215 2171//4215
f 2233//4216 2240//4216 2168//4216
f 2159//4217 2241//4217 2165//4217
f 2234//4218 2241//4218 2159//4218
f 2161//4219 2242//4219 2167//4219
f 2235//4220 2242//4220 2161//4220
f 1968//4221 2243//4221 1971//4221
f 2244//4222 2243//4222 1968//4222
f 2237//4223 2243//4223 2244//4223
f 2236//4224 2243//4224 2237//4224
f 2238//4225 2245//4225 2166//4225
f 2166//4226 2245//4226 2173//4226
f 2239//4227 2246//4227 2171//4227
f 2175//4228 2247//4228 2180//4228
f 2168//4229 2247//4229 2175//4229
f 2240//4230 2247//4230 2168//4230
f 2241//4231 2248//4231 2165//4231
f 2165//4232 2248//4232 2172//4232
f 2242//4233 2249//4233 2167//4233
f 2174//4234 2249//4234 2179//4234
f 2167//4235 2249//4235 2174//4235
f 2178//4236 2250//4236 2185//4236
f 2173//4237 2250//4237 2178//4237
f 2245//4238 2250//4238 2173//4238
f 2176//4239 2251//4239 2183//4239
f 2171//4240 2251//4240 2176//4240
f 2246//4241 2251//4241 2171//4241
f 2247//4242 2252//4242 2180//4242
f 2172//4243 2253//4243 2177//4243
f 2248//4244 2253//4244 2172//4244
f 2177//4245 2253//4245 2184//4245
f 2249//4246 2254//4246 2179//4246
f 2185//4247 2255//4247 2190//4247
f 2250//4248 2255//4248 2185//4248
f 2251//4249 2256//4249 2183//4249
f 2183//4250 2256//4250 2188//4250
f 2252//4251 2257//4251 2180//4251
f 2180//4252 2257//4252 2187//4252
f 2253//4253 2258//4253 2184//4253
f 2179//4254 2259//4254 2186//4254
f 2254//4255 2259//4255 2179//4255
f 2255//4256 2260//4256 2190//4256
f 2256//4257 2261//4257 2188//4257
f 2187//4258 2262//4258 2192//4258
f 2257//4259 2262//4259 2187//4259
f 2192//4260 2262//4260 2201//4260
f 2258//4261 2263//4261 2184//4261
f 2184//4262 2263//4262 2189//4262
f 2186//4263 2264//4263 2191//4263
f 2259//4264 2264//4264 2186//4264
f 2260//4265 2265//4265 2190//4265
f 2190//4266 2265//4266 2196//4266
f 2188//4267 2266//4267 2194//4267
f 2261//4268 2266//4268 2188//4268
f 2262//4269 2267//4269 2201//4269
f 2263//4270 2268//4270 2189//4270
f 2189//4271 2268//4271 2195//4271
f 2195//4272 2268//4272 2204//4272
f 2264//4273 2269//4273 2191//4273
f 2191//4274 2269//4274 2197//4274
f 2200//4275 2270//4275 2198//4275
f 2265//4276 2271//4276 2196//4276
f 2205//4277 2271//4277 2212//4277
f 2196//4278 2271//4278 2205//4278
f 2266//4279 2272//4279 2194//4279
f 2194//4280 2272//4280 2203//4280
f 2201//4281 2273//4281 2208//4281
f 2267//4282 2273//4282 2201//4282
f 2268//4283 2274//4283 2204//4283
f 2197//4284 2275//4284 2206//4284
f 2269//4285 2275//4285 2197//4285
f 2270//4286 2276//4286 2198//4286
f 2198//4287 2276//4287 2207//4287
f 2271//4288 2277//4288 2212//4288
f 2212//4289 2277//4289 2220//4289
f 2203//4290 2278//4290 2210//4290
f 2272//4291 2278//4291 2203//4291
f 2215//4292 2279//4292 2223//4292
f 2273//4293 2279//4293 2208//4293
f 2208//4294 2279//4294 2215//4294
f 2204//4295 2280//4295 2211//4295
f 2274//4296 2280//4296 2204//4296
f 2275//4297 2281//4297 2206//4297
f 2206//4298 2281//4298 2213//4298
f 2207//4299 2282//4299 2214//4299
f 2214//4300 2282//4300 2222//4300
f 2276//4301 2282//4301 2207//4301
f 2277//4302 2283//4302 2220//4302
f 2220//4303 2283//4303 2227//4303
f 2210//4304 2284//4304 2218//4304
f 2218//4305 2284//4305 2225//4305
f 2278//4306 2284//4306 2210//4306
f 2223//4307 2285//4307 2230//4307
f 2279//4308 2285//4308 2223//4308
f 2211//4309 2286//4309 2219//4309
f 2219//4310 2286//4310 2226//4310
f 2280//4311 2286//4311 2211//4311
f 2281//4312 2287//4312 2213//4312
f 2213//4313 2287//4313 2221//4313
f 2282//4314 2288//4314 2222//4314
f 2283//4315 2289//4315 2227//4315
f 2284//4316 2290//4316 2225//4316
f 2285//4317 2291//4317 2230//4317
f 2286//4318 2292//4318 2226//4318
f 2287//4319 2293//4319 2221//4319
f 2221//4320 2293//4320 2228//4320
f 2222//4321 2294//4321 2229//4321
f 2229//4322 2294//4322 2235//4322
f 2288//4323 2294//4323 2222//4323
f 2227//4324 2295//4324 2233//4324
f 2233//4325 2295//4325 2240//4325
f 2289//4326 2295//4326 2227//4326
f 2231//4327 2296//4327 2238//4327
f 2225//4328 2296//4328 2231//4328
f 2290//4329 2296//4329 2225//4329
f 2291//4330 2297//4330 2230//4330
f 2230//4331 2297//4331 2236//4331
f 2236//4332 2297//4332 2243//4332
f 2292//4333 2298//4333 2226//4333
f 2226//4334 2298//4334 2232//4334
f 2234//4335 2299//4335 2241//4335
f 2228//4336 2299//4336 2234//4336
f 2293//4337 2299//4337 2228//4337
f 2294//4338 2300//4338 2235//4338
f 2295//4339 2301//4339 2240//4339
f 2296//4340 2302//4340 2238//4340
f 1971//4341 2303//4341 1993//4341
f 2297//4342 2303//4342 2243//4342
f 2243//4343 2303//4343 1971//4343
f 2298//4344 2304//4344 2232//4344
f 2232//4345 2304//4345 2239//4345
f 2239//4346 2304//4346 2246//4346
f 2299//4347 2305//4347 2241//4347
f 2300//4348 2306//4348 2235//4348
f 2235//4349 2306//4349 2242//4349
f 2242//4350 2306//4350 2249//4350
f 2301//4351 2307//4351 2240//4351
f 2240//4352 2307//4352 2247//4352
f 2245//4353 2308//4353 2250//4353
f 2302//4354 2308//4354 2238//4354
f 2238//4355 2308//4355 2245//4355
f 2304//4356 2309//4356 2246//4356
f 2241//4357 2310//4357 2248//4357
f 2305//4358 2310//4358 2241//4358
f 2306//4359 2311//4359 2249//4359
f 2247//4360 2312//4360 2252//4360
f 2307//4361 2312//4361 2247//4361
f 2308//4362 2313//4362 2250//4362
f 2246//4363 2314//4363 2251//4363
f 2309//4364 2314//4364 2246//4364
f 2248//4365 2315//4365 2253//4365
f 2310//4366 2315//4366 2248//4366
f 2254//4367 2316//4367 2259//4367
f 2249//4368 2316//4368 2254//4368
f 2311//4369 2316//4369 2249//4369
f 2312//4370 2317//4370 2252//4370
f 2252//4371 2317//4371 2257//4371
f 2257//4372 2317//4372 2262//4372
f 2250//4373 2318//4373 2255//4373
f 2313//4374 2318//4374 2250//4374
f 2255//4375 2318//4375 2260//4375
f 2314//4376 2319//4376 2251//4376
f 2251//4377 2319//4377 2256//4377
f 2315//4378 2320//4378 2253//4378
f 2258//4379 2320//4379 2263//4379
f 2253//4380 2320//4380 2258//4380
f 2316//4381 2321//4381 2259//4381
f 2317//4382 2322//4382 2262//4382
f 2262//4383 2322//4383 2267//4383
f 2318//4384 2323//4384 2260//4384
f 2319//4385 2324//4385 2256//4385
f 2256//4386 2324//4386 2261//4386
f 2320//4387 2325//4387 2263//4387
f 2259//4388 2326//4388 2264//4388
f 2321//4389 2326//4389 2259//4389
f 2267//4390 2327//4390 2273//4390
f 2322//4391 2327//4391 2267//4391
f 2260//4392 2328//4392 2265//4392
f 2323//4393 2328//4393 2260//4393
f 2261//4394 2329//4394 2266//4394
f 2324//4395 2329//4395 2261//4395
f 2330//4396 2331//4396 2200//4396
f 2270//4397 2331//4397 2276//4397
f 2200//4398 2331//4398 2270//4398
f 2268//4399 2332//4399 2274//4399
f 2263//4400 2332//4400 2268//4400
f 2325//4401 2332//4401 2263//4401
f 2264//4402 2333//4402 2269//4402
f 2326//4403 2333//4403 2264//4403
f 2269//4404 2333//4404 2275//4404
f 2327//4405 2334//4405 2273//4405
f 2328//4406 2335//4406 2265//4406
f 2265//4407 2335//4407 2271//4407
f 2271//4408 2335//4408 2277//4408
f 2266//4409 2336//4409 2272//4409
f 2272//4410 2336//4410 2278//4410
f 2329//4411 2336//4411 2266//4411
f 2331//4412 2337//4412 2276//4412
f 2274//4413 2338//4413 2280//4413
f 2332//4414 2338//4414 2274//4414
f 2333//4415 2339//4415 2275//4415
f 2334//4416 2340//4416 2273//4416
f 2273//4417 2340//4417 2279//4417
f 2335//4418 2341//4418 2277//4418
f 2336//4419 2342//4419 2278//4419
f 2337//4420 2343//4420 2276//4420
f 2276//4421 2343//4421 2282//4421
f 2338//4422 2344//4422 2280//4422
f 2275//4423 2345//4423 2281//4423
f 2339//4424 2345//4424 2275//4424
f 2285//4425 2346//4425 2291//4425
f 2340//4426 2346//4426 2279//4426
f 2279//4427 2346//4427 2285//4427
f 2283//4428 2347//4428 2289//4428
f 2277//4429 2347//4429 2283//4429
f 2341//4430 2347//4430 2277//4430
f 2278//4431 2348//4431 2284//4431
f 2342//4432 2348//4432 2278//4432
f 2343//4433 2349//4433 2282//4433
f 2282//4434 2349//4434 2288//4434
f 2344//4435 2350//4435 2280//4435
f 2280//4436 2350//4436 2286//4436
f 2345//4437 2351//4437 2281//4437
f 2287//4438 2351//4438 2293//4438
f 2281//4439 2351//4439 2287//4439
f 2346//4440 2352//4440 2291//4440
f 2347//4441 2353//4441 2289//4441
f 2284//4442 2354//4442 2290//4442
f 2290//4443 2354//4443 2296//4443
f 2348//4444 2354//4444 2284//4444
f 2288//4445 2355//4445 2294//4445
f 2349//4446 2355//4446 2288//4446
f 2286//4447 2356//4447 2292//4447
f 2292//4448 2356//4448 2298//4448
f 2350//4449 2356//4449 2286//4449
f 2351//4450 2357//4450 2293//4450
f 2291//4451 2358//4451 2297//4451
f 2352//4452 2358//4452 2291//4452
f 2289//4453 2359//4453 2295//4453
f 2295//4454 2359//4454 2301//4454
f 2353//4455 2359//4455 2289//4455
f 2354//4456 2360//4456 2296//4456
f 2355//4457 2361//4457 2294//4457
f 2294//4458 2361//4458 2300//4458
f 2356//4459 2362//4459 2298//4459
f 2293//4460 2363//4460 2299//4460
f 2299//4461 2363//4461 2305//4461
f 2357//4462 2363//4462 2293//4462
f 1993//4463 2364//4463 2028//4463
f 2358//4464 2364//4464 2297//4464
f 2303//4465 2364//4465 1993//4465
f 2297//4466 2364//4466 2303//4466
f 2359//4467 2365//4467 2301//4467
f 2360//4468 2366//4468 2296//4468
f 2296//4469 2366//4469 2302//4469
f 2361//4470 2367//4470 2300//4470
f 2300//4471 2367//4471 2306//4471
f 2306//4472 2367//4472 2311//4472
f 2298//4473 2368//4473 2304//4473
f 2362//4474 2368//4474 2298//4474
f 2363//4475 2369//4475 2305//4475
f 2305//4476 2369//4476 2310//4476
f 2301//4477 2370//4477 2307//4477
f 2365//4478 2370//4478 2301//4478
f 2366//4479 2371//4479 2302//4479
f 2302//4480 2371//4480 2308//4480
f 2308//4481 2371//4481 2313//4481
f 2367//4482 2372//4482 2311//4482
f 2304//4483 2373//4483 2309//4483
f 2368//4484 2373//4484 2304//4484
f 2369//4485 2374//4485 2310//4485
f 2310//4486 2374//4486 2315//4486
f 2370//4487 2375//4487 2307//4487
f 2307//4488 2375//4488 2312//4488
f 2312//4489 2375//4489 2317//4489
f 2371//4490 2376//4490 2313//4490
f 2311//4491 2377//4491 2316//4491
f 2372//4492 2377//4492 2311//4492
f 2316//4493 2377//4493 2321//4493
f 2373//4494 2378//4494 2309//4494
f 2309//4495 2378//4495 2314//4495
f 2374//4496 2379//4496 2315//4496
f 2375//4497 2380//4497 2317//4497
f 2313//4498 2381//4498 2318//4498
f 2376//4499 2381//4499 2313//4499
f 2321//4500 2382//4500 2326//4500
f 2377//4501 2382//4501 2321//4501
f 2319//4502 2383//4502 2324//4502
f 2314//4503 2383//4503 2319//4503
f 2378//4504 2383//4504 2314//4504
f 2315//4505 2384//4505 2320//4505
f 2379//4506 2384//4506 2315//4506
f 2317//4507 2385//4507 2322//4507
f 2322//4508 2385//4508 2327//4508
f 2380//4509 2385//4509 2317//4509
f 2323//4510 2386//4510 2328//4510
f 2318//4511 2386//4511 2323//4511
f 2381//4512 2386//4512 2318//4512
f 2382//4513 2387//4513 2326//4513
f 2383//4514 2388//4514 2324//4514
f 2384//4515 2389//4515 2320//4515
f 2320//4516 2389//4516 2325//4516
f 2325//4517 2389//4517 2332//4517
f 2385//4518 2390//4518 2327//4518
f 2386//4519 2391//4519 2328//4519
f 2326//4520 2392//4520 2333//4520
f 2387//4521 2392//4521 2326//4521
f 2324//4522 2393//4522 2329//4522
f 2388//4523 2393//4523 2324//4523
f 2329//4524 2393//4524 2336//4524
f 2389//4525 2394//4525 2332//4525
f 2327//4526 2395//4526 2334//4526
f 2334//4527 2395//4527 2340//4527
f 2390//4528 2395//4528 2327//4528
f 2328//4529 2396//4529 2335//4529
f 2391//4530 2396//4530 2328//4530
f 2335//4531 2396//4531 2341//4531
f 2333//4532 2397//4532 2339//4532
f 2392//4533 2397//4533 2333//4533
f 2393//4534 2398//4534 2336//4534
f 2332//4535 2399//4535 2338//4535
f 2394//4536 2399//4536 2332//4536
f 2338//4537 2399//4537 2344//4537
f 2395//4538 2400//4538 2340//4538
f 2340//4539 2400//4539 2346//4539
f 2396//4540 2401//4540 2341//4540
f 2345//4541 2402//4541 2351//4541
f 2397//4542 2402//4542 2339//4542
f 2339//4543 2402//4543 2345//4543
f 2336//4544 2403//4544 2342//4544
f 2398//4545 2403//4545 2336//4545
f 2399//4546 2404//4546 2344//4546
f 2400//4547 2405//4547 2346//4547
f 2341//4548 2406//4548 2347//4548
f 2401//4549 2406//4549 2341//4549
f 2402//4550 2407//4550 2351//4550
f 2403//4551 2408//4551 2342//4551
f 2348//4552 2408//4552 2354//4552
f 2342//4553 2408//4553 2348//4553
f 2350//4554 2409//4554 2356//4554
f 2344//4555 2409//4555 2350//4555
f 2404//4556 2409//4556 2344//4556
f 2346//4557 2410//4557 2352//4557
f 2352//4558 2410//4558 2358//4558
f 2405//4559 2410//4559 2346//4559
f 2347//4560 2411//4560 2353//4560
f 2353//4561 2411//4561 2359//4561
f 2406//4562 2411//4562 2347//4562
f 2351//4563 2412//4563 2357//4563
f 2407//4564 2412//4564 2351//4564
f 2408//4565 2413//4565 2354//4565
f 2409//4566 2414//4566 2356//4566
f 2356//4567 2414//4567 2362//4567
f 2410//4568 2415//4568 2358//4568
f 2411//4569 2416//4569 2359//4569
f 2359//4570 2416//4570 2365//4570
f 2412//4571 2417//4571 2357//4571
f 2357//4572 2417//4572 2363//4572
f 2354//4573 2418//4573 2360//4573
f 2413//4574 2418//4574 2354//4574
f 2414//4575 2419//4575 2362//4575
f 2028//4576 2420//4576 2029//4576
f 2364//4577 2420//4577 2028//4577
f 2358//4578 2420//4578 2364//4578
f 2415//4579 2420//4579 2358//4579
f 2416//4580 2421//4580 2365//4580
f 2417//4581 2422//4581 2363//4581
f 2363//4582 2422//4582 2369//4582
f 2360//4583 2423//4583 2366//4583
f 2418//4584 2423//4584 2360//4584
f 2419//4585 2424//4585 2362//4585
f 2362//4586 2424//4586 2368//4586
f 2365//4587 2425//4587 2370//4587
f 2421//4588 2425//4588 2365//4588
f 2374//4589 2426//4589 2379//4589
f 2422//4590 2426//4590 2369//4590
f 2369//4591 2426//4591 2374//4591
f 2366//4592 2427//4592 2371//4592
f 2423//4593 2427//4593 2366//4593
f 2424//4594 2428//4594 2368//4594
f 2368//4595 2428//4595 2373//4595
f 2425//4596 2429//4596 2370//4596
f 2375//4597 2429//4597 2380//4597
f 2370//4598 2429//4598 2375//4598
f 2426//4599 2430//4599 2379//4599
f 2379//4600 2430//4600 2384//4600
f 2427//4601 2431//4601 2371//4601
f 2371//4602 2431//4602 2376//4602
f 2428//4603 2432//4603 2373//4603
f 2373//4604 2432//4604 2378//4604
f 2378//4605 2432//4605 2383//4605
f 2429//4606 2433//4606 2380//4606
f 2430//4607 2434//4607 2384//4607
f 2431//4608 2435//4608 2376//4608
f 2376//4609 2435//4609 2381//4609
f 2432//4610 2436//4610 2383//4610
f 2380//4611 2437//4611 2385//4611
f 2433//4612 2437//4612 2380//4612
f 2385//4613 2437//4613 2390//4613
f 2384//4614 2438//4614 2389//4614
f 2434//4615 2438//4615 2384//4615
f 2389//4616 2438//4616 2394//4616
f 2381//4617 2439//4617 2386//4617
f 2435//4618 2439//4618 2381//4618
f 2388//4619 2440//4619 2393//4619
f 2436//4620 2440//4620 2383//4620
f 2383//4621 2440//4621 2388//4621
f 2437//4622 2441//4622 2390//4622
f 2438//4623 2442//4623 2394//4623
f 2439//4624 2443//4624 2386//4624
f 2386//4625 2443//4625 2391//4625
f 2440//4626 2444//4626 2393//4626
f 2390//4627 2445//4627 2395//4627
f 2441//4628 2445//4628 2390//4628
f 2395//4629 2445//4629 2400//4629
f 2442//4630 2446//4630 2394//4630
f 2399//4631 2446//4631 2404//4631
f 2394//4632 2446//4632 2399//4632
f 2391//4633 2447//4633 2396//4633
f 2443//4634 2447//4634 2391//4634
f 2398//4635 2448//4635 2403//4635
f 2393//4636 2448//4636 2398//4636
f 2444//4637 2448//4637 2393//4637
f 2400//4638 2449//4638 2405//4638
f 2445//4639 2449//4639 2400//4639
f 2446//4640 2450//4640 2404//4640
f 2396//4641 2451//4641 2401//4641
f 2447//4642 2451//4642 2396//4642
f 2448//4643 2452//4643 2403//4643
f 2449//4644 2453//4644 2405//4644
f 2404//4645 2454//4645 2409//4645
f 2450//4646 2454//4646 2404//4646
f 2451//4647 2455//4647 2401//4647
f 2401//4648 2455//4648 2406//4648
f 2452//4649 2456//4649 2403//4649
f 2403//4650 2456//4650 2408//4650
f 2453//4651 2457//4651 2405//4651
f 2405//4652 2457//4652 2410//4652
f 2410//4653 2457//4653 2415//4653
f 2409//4654 2458//4654 2414//4654
f 2454//4655 2458//4655 2409//4655
f 2455//4656 2459//4656 2406//4656
f 2406//4657 2459//4657 2411//4657
f 2413//4658 2460//4658 2418//4658
f 2456//4659 2460//4659 2408//4659
f 2408//4660 2460//4660 2413//4660
f 2415//4661 2461//4661 2420//4661
f 2457//4662 2461//4662 2415//4662
f 2458//4663 2462//4663 2414//4663
f 2414//4664 2462//4664 2419//4664
f 2416//4665 2463//4665 2421//4665
f 2459//4666 2463//4666 2411//4666
f 2411//4667 2463//4667 2416//4667
f 2460//4668 2464//4668 2418//4668
f 2029//4669 2465//4669 2131//4669
f 2461//4670 2465//4670 2420//4670
f 2420//4671 2465//4671 2029//4671
f 2419//4672 2466//4672 2424//4672
f 2462//4673 2466//4673 2419//4673
f 2463//4674 2467//4674 2421//4674
f 2418//4675 2468//4675 2423//4675
f 2464//4676 2468//4676 2418//4676
f 2424//4677 2469//4677 2428//4677
f 2466//4678 2469//4678 2424//4678
f 2467//4679 2470//4679 2421//4679
f 2421//4680 2470//4680 2425//4680
f 2423//4681 2471//4681 2427//4681
f 2427//4682 2471//4682 2431//4682
f 2468//4683 2471//4683 2423//4683
f 2469//4684 2472//4684 2428//4684
f 2428//4685 2472//4685 2432//4685
f 2432//4686 2472//4686 2436//4686
f 2425//4687 2473//4687 2429//4687
f 2470//4688 2473//4688 2425//4688
f 2471//4689 2474//4689 2431//4689
f 2472//4690 2475//4690 2436//4690
f 2436//4691 2475//4691 2440//4691
f 2473//4692 2476//4692 2429//4692
f 2429//4693 2476//4693 2433//4693
f 2431//4694 2477//4694 2435//4694
f 2474//4695 2477//4695 2431//4695
f 2475//4696 2478//4696 2440//4696
f 2433//4697 2479//4697 2437//4697
f 2437//4698 2479//4698 2441//4698
f 2476//4699 2479//4699 2433//4699
f 2435//4700 2480//4700 2439//4700
f 2477//4701 2480//4701 2435//4701
f 2440//4702 2481//4702 2444//4702
f 2478//4703 2481//4703 2440//4703
f 2479//4704 2482//4704 2441//4704
f 2480//4705 2483//4705 2439//4705
f 2439//4706 2483//4706 2443//4706
f 2443//4707 2483//4707 2447//4707
f 2481//4708 2484//4708 2444//4708
f 2444//4709 2484//4709 2448//4709
f 2441//4710 2485//4710 2445//4710
f 2482//4711 2485//4711 2441//4711
f 2445//4712 2485//4712 2449//4712
f 2483//4713 2486//4713 2447//4713
f 2448//4714 2487//4714 2452//4714
f 2484//4715 2487//4715 2448//4715
f 2485//4716 2488//4716 2449//4716
f 2447//4717 2489//4717 2451//4717
f 2486//4718 2489//4718 2447//4718
f 2487//4719 2490//4719 2452//4719
f 2452//4720 2490//4720 2456//4720
f 2488//4721 2491//4721 2449//4721
f 2449//4722 2491//4722 2453//4722
f 2455//4723 2492//4723 2459//4723
f 2451//4724 2492//4724 2455//4724
f 2489//4725 2492//4725 2451//4725
f 2456//4726 2493//4726 2460//4726
f 2490//4727 2493//4727 2456//4727
f 2460//4728 2493//4728 2464//4728
f 2491//4729 2494//4729 2453//4729
f 2453//4730 2494//4730 2457//4730
f 2492//4731 2495//4731 2459//4731
f 2464//4732 2496//4732 2468//4732
f 2493//4733 2496//4733 2464//4733
f 2457//4734 2497//4734 2461//4734
f 2494//4735 2497//4735 2457//4735
f 2459//4736 2498//4736 2463//4736
f 2495//4737 2498//4737 2459//4737
f 2496//4738 2499//4738 2468//4738
f 2131//4739 2500//4739 2199//4739
f 2199//4740 2500//4740 2200//4740
f 2497//4741 2500//4741 2461//4741
f 2461//4742 2500//4742 2465//4742
f 2465//4743 2500//4743 2131//4743
f 2498//4744 2501//4744 2463//4744
f 2463//4745 2501//4745 2467//4745
f 2468//4746 2502//4746 2471//4746
f 2499//4747 2502//4747 2468//4747
f 2470//4748 2503//4748 2473//4748
f 2467//4749 2503//4749 2470//4749
f 2501//4750 2503//4750 2467//4750
f 2471//4751 2504//4751 2474//4751
f 2502//4752 2504//4752 2471//4752
f 2503//4753 2505//4753 2473//4753
f 2474//4754 2506//4754 2477//4754
f 2504//4755 2506//4755 2474//4755
f 2505//4756 2507//4756 2473//4756
f 2473//4757 2507//4757 2476//4757
f 2506//4758 2508//4758 2477//4758
f 2477//4759 2508//4759 2480//4759
f 2480//4760 2508//4760 2483//4760
f 2507//4761 2509//4761 2476//4761
f 2476//4762 2509//4762 2479//4762
f 2508//4763 2510//4763 2483//4763
f 2509//4764 2511//4764 2479//4764
f 2479//4765 2511//4765 2482//4765
f 2483//4766 2512//4766 2486//4766
f 2510//4767 2512//4767 2483//4767
f 2486//4768 2512//4768 2489//4768
f 2482//4769 2513//4769 2485//4769
f 2511//4770 2513//4770 2482//4770
f 2512//4771 2514//4771 2489//4771
f 2485//4772 2515//4772 2488//4772
f 2513//4773 2515//4773 2485//4773
f 2514//4774 2516//4774 2489//4774
f 2492//4775 2516//4775 2495//4775
f 2489//4776 2516//4776 2492//4776
f 2488//4777 2517//4777 2491//4777
f 2515//4778 2517//4778 2488//4778
f 2516//4779 2518//4779 2495//4779
f 2494//4780 2519//4780 2497//4780
f 2491//4781 2519//4781 2494//4781
f 2517//4782 2519//4782 2491//4782
f 2495//4783 2520//4783 2498//4783
f 2498//4784 2520//4784 2501//4784
f 2518//4785 2520//4785 2495//4785
f 2519//4786 2521//4786 2497//4786
f 2497//4787 2521//4787 2500//4787
f 2501//4788 2522//4788 2503//4788
f 2520//4789 2522//4789 2501//4789
f 2521//4790 2523//4790 2500//4790
f 2500//4791 2523//4791 2200//4791
f 2522//4792 2524//4792 2503//4792
f 2503//4793 2525//4793 2505//4793
f 2524//4794 2525//4794 2503//4794
f 2505//4795 2526//4795 2507//4795
f 2525//4796 2526//4796 2505//4796
f 2507//4797 2526//4797 2509//4797
f 2526//4798 2527//4798 2509//4798
f 2509//4799 2527//4799 2511//4799
f 2527//4800 2528//4800 2511//4800
f 2528//4801 2529//4801 2511//4801
f 2511//4802 2529//4802 2513//4802
f 2529//4803 2530//4803 2513//4803
f 2513//4804 2530//4804 2515//4804
f 2515//4805 2530//4805 2517//4805
f 2517//4806 2531//4806 2519//4806
f 2530//4807 2531//4807 2517//4807
f 2531//4808 2532//4808 2519//4808
f 2519//4809 2533//4809 2521//4809
f 2532//4810 2533//4810 2519//4810
f 2523//4811 2534//4811 2200//4811
f 2200//4812 2534//4812 2330//4812
f 2521//4813 2534//4813 2523//4813
f 2533//4814 2534//4814 2521//4814
f 1970//4815 2535//4815 1968//4815
f 1968//4816 2535//4816 2536//4816
f 1970//4817 2537//4817 2535//4817
f 1973//4818 2537//4818 1970//4818
f 1973//4819 2538//4819 2537//4819
f 1975//4820 2539//4820 1973//4820
f 1973//4821 2539//4821 2538//4821
f 1975//4822 2540//4822 2539//4822
f 1977//4823 2541//4823 1975//4823
f 1975//4824 2541//4824 2540//4824
f 1977//4825 2542//4825 2541//4825
f 1979//4826 2543//4826 1977//4826
f 1977//4827 2543//4827 2542//4827
f 1979//4828 2544//4828 2543//4828
f 2545//4829 2546//4829 2547//4829
f 1983//4830 2546//4830 1980//4830
f 1985//4831 2546//4831 1983//4831
f 1987//4832 2548//4832 1985//4832
f 2546//4833 2548//4833 2547//4833
f 2547//4834 2548//4834 2549//4834
f 1985//4835 2548//4835 2546//4835
f 2549//4836 2550//4836 2551//4836
f 2548//4837 2550//4837 2549//4837
f 2551//4838 2550//4838 2552//4838
f 1987//4839 2550//4839 2548//4839
f 2550//4840 2553//4840 2552//4840
f 1987//4841 2553//4841 2550//4841
f 1989//4842 2553//4842 1987//4842
f 2552//4843 2553//4843 2554//4843
f 1989//4844 2555//4844 2553//4844
f 2553//4845 2555//4845 2554//4845
f 1991//4846 2555//4846 1989//4846
f 2554//4847 2555//4847 2556//4847
f 2557//4848 2558//4848 2559//4848
f 1991//4849 2558//4849 2555//4849
f 2555//4850 2558//4850 2556//4850
f 2556//4851 2558//4851 2557//4851
f 1991//4852 2560//4852 2558//4852
f 2559//4853 2560//4853 2561//4853
f 1995//4854 2560//4854 1991//4854
f 2558//4855 2560//4855 2559//4855
f 2561//4856 2562//4856 2563//4856
f 2560//4857 2562//4857 2561//4857
f 1995//4858 2562//4858 2560//4858
f 1997//4859 2562//4859 1995//4859
f 2562//4860 2564//4860 2563//4860
f 2563//4861 2564//4861 2565//4861
f 2565//4862 2564//4862 2566//4862
f 1997//4863 2564//4863 2562//4863
f 1999//4864 2567//4864 1997//4864
f 2566//4865 2567//4865 2568//4865
f 2564//4866 2567//4866 2566//4866
f 1997//4867 2567//4867 2564//4867
f 2567//4868 2569//4868 2568//4868
f 2568//4869 2569//4869 2570//4869
f 1999//4870 2569//4870 2567//4870
f 2003//4871 2569//4871 1999//4871
f 2570//4872 2571//4872 2572//4872
f 2572//4873 2571//4873 2573//4873
f 2569//4874 2571//4874 2570//4874
f 2003//4875 2571//4875 2569//4875
f 2005//4876 2574//4876 2003//4876
f 2573//4877 2574//4877 2575//4877
f 2003//4878 2574//4878 2571//4878
f 2571//4879 2574//4879 2573//4879
f 2574//4880 2576//4880 2575//4880
f 2005//4881 2576//4881 2574//4881
f 2010//4882 2576//4882 2005//4882
f 2010//4883 2577//4883 2576//4883
f 2013//4884 2578//4884 2010//4884
f 2010//4885 2578//4885 2577//4885
f 2016//4886 2579//4886 2013//4886
f 2013//4887 2579//4887 2578//4887
f 2016//4888 2580//4888 2579//4888
f 2016//4889 2581//4889 2580//4889
f 2019//4890 2581//4890 2016//4890
f 2019//4891 2582//4891 2581//4891
f 2022//4892 2582//4892 2019//4892
f 2022//4893 2583//4893 2582//4893
f 2126//4894 2584//4894 2117//4894
f 2117//4895 2584//4895 2585//4895
f 2126//4896 2586//4896 2584//4896
f 2133//4897 2587//4897 2126//4897
f 2126//4898 2587//4898 2586//4898
f 2133//4899 2588//4899 2587//4899
f 2139//4900 2588//4900 2133//4900
f 2139//4901 2589//4901 2588//4901
f 2145//4902 2590//4902 2139//4902
f 2139//4903 2590//4903 2589//4903
f 2146//4904 2591//4904 2145//4904
f 2145//4905 2591//4905 2590//4905
f 2592//4906 2593//4906 2594//4906
f 2591//4907 2593//4907 2595//4907
f 2146//4908 2593//4908 2591//4908
f 2595//4909 2593//4909 2592//4909
f 2157//4910 2596//4910 2146//4910
f 2593//4911 2596//4911 2594//4911
f 2146//4912 2596//4912 2593//4912
f 2594//4913 2596//4913 2597//4913
f 2596//4914 2598//4914 2597//4914
f 2163//4915 2598//4915 2157//4915
f 2597//4916 2598//4916 2599//4916
f 2157//4917 2598//4917 2596//4917
f 2598//4918 2600//4918 2599//4918
f 2599//4919 2600//4919 2601//4919
f 2601//4920 2600//4920 2602//4920
f 2163//4921 2600//4921 2598//4921
f 2169//4922 2603//4922 2163//4922
f 2602//4923 2603//4923 2604//4923
f 2163//4924 2603//4924 2600//4924
f 2600//4925 2603//4925 2602//4925
f 2604//4926 2605//4926 2606//4926
f 2169//4927 2605//4927 2603//4927
f 2170//4928 2605//4928 2169//4928
f 2603//4929 2605//4929 2604//4929
f 2606//4930 2607//4930 2608//4930
f 2605//4931 2607//4931 2606//4931
f 2608//4932 2607//4932 2609//4932
f 2170//4933 2607//4933 2605//4933
f 2609//4934 2610//4934 2611//4934
f 2181//4935 2610//4935 2170//4935
f 2607//4936 2610//4936 2609//4936
f 2170//4937 2610//4937 2607//4937
f 2611//4938 2612//4938 2613//4938
f 2610//4939 2612//4939 2611//4939
f 2181//4940 2612//4940 2610//4940
f 2182//4941 2612//4941 2181//4941
f 2613//4942 2614//4942 2615//4942
f 2182//4943 2614//4943 2612//4943
f 2612//4944 2614//4944 2613//4944
f 2615//4945 2614//4945 2616//4945
f 2614//4946 2617//4946 2616//4946
f 2616//4947 2617//4947 2618//4947
f 2193//4948 2617//4948 2182//4948
f 2182//4949 2617//4949 2614//4949
f 2617//4950 2619//4950 2618//4950
f 2202//4951 2619//4951 2193//4951
f 2209//4952 2619//4952 2202//4952
f 2193//4953 2619//4953 2617//4953
f 2618//4954 2619//4954 2620//4954
f 2216//4955 2621//4955 2622//4955
f 2217//4956 2621//4956 2216//4956
f 2217//4957 2623//4957 2621//4957
f 2224//4958 2624//4958 2217//4958
f 2217//4959 2624//4959 2623//4959
f 2224//4960 2625//4960 2624//4960
f 2237//4961 2626//4961 2224//4961
f 2224//4962 2626//4962 2625//4962
f 2237//4963 2627//4963 2626//4963
f 2244//4964 2628//4964 2237//4964
f 2237//4965 2628//4965 2627//4965
f 2536//4966 2629//4966 1968//4966
f 1968//4967 2629//4967 2244//4967
f 2244//4968 2629//4968 2628//4968
f 2331//4969 2630//4969 2337//4969
f 2330//4970 2630//4970 2331//4970
f 2631//4971 2632//4971 2330//4971
f 2330//4972 2632//4972 2630//4972
f 2337//4973 2633//4973 2343//4973
f 2630//4974 2633//4974 2337//4974
f 2632//4975 2634//4975 2630//4975
f 2633//4976 2635//4976 2343//4976
f 2630//4977 2636//4977 2633//4977
f 2634//4978 2636//4978 2630//4978
f 2633//4979 2637//4979 2635//4979
f 2636//4980 2637//4980 2633//4980
f 2638//4981 2639//4981 2631//4981
f 2639//4982 2640//4982 2631//4982
f 2639//4983 2641//4983 2640//4983
f 2640//4984 2641//4984 2642//4984
f 2642//4985 2643//4985 2644//4985
f 2641//4986 2643//4986 2642//4986
f 2643//4987 2645//4987 2644//4987
f 2646//4988 2645//4988 2647//4988
f 2644//4989 2645//4989 2646//4989
f 2647//4990 2648//4990 2649//4990
f 2645//4991 2648//4991 2647//4991
f 2648//4992 2650//4992 2649//4992
f 2649//4993 2650//4993 2651//4993
f 2650//4994 2652//4994 2651//4994
f 2651//4995 2652//4995 2653//4995
f 2652//4996 2654//4996 2653//4996
f 2654//4997 2655//4997 2653//4997
f 2656//4998 2657//4998 2454//4998
f 2454//4999 2658//4999 2458//4999
f 2657//5000 2658//5000 2454//5000
f 2658//5001 2659//5001 2458//5001
f 2659//5002 2660//5002 2458//5002
f 2458//5003 2660//5003 2462//5003
f 2660//5004 2661//5004 2462//5004
f 2462//5005 2662//5005 2466//5005
f 2661//5006 2662//5006 2462//5006
f 2662//5007 2663//5007 2466//5007
f 2466//5008 2664//5008 2469//5008
f 2663//5009 2664//5009 2466//5009
f 2664//5010 2665//5010 2469//5010
f 2665//5011 2666//5011 2469//5011
f 2469//5012 2666//5012 2472//5012
f 2666//5013 2667//5013 2472//5013
f 2472//5014 2668//5014 2475//5014
f 2667//5015 2668//5015 2472//5015
f 2668//5016 2669//5016 2475//5016
f 2475//5017 2669//5017 2478//5017
f 2669//5018 2670//5018 2478//5018
f 2670//5019 2671//5019 2478//5019
f 2478//5020 2672//5020 2481//5020
f 2671//5021 2672//5021 2478//5021
f 2672//5022 2673//5022 2481//5022
f 2481//5023 2674//5023 2484//5023
f 2673//5024 2674//5024 2481//5024
f 2674//5025 2675//5025 2484//5025
f 2675//5026 2676//5026 2484//5026
f 2484//5027 2676//5027 2487//5027
f 2676//5028 2677//5028 2487//5028
f 2487//5029 2677//5029 2490//5029
f 2677//5030 2678//5030 2490//5030
f 2678//5031 2679//5031 2490//5031
f 2680//5032 2681//5032 2532//5032
f 2532//5033 2681//5033 2533//5033
f 2534//5034 2682//5034 2330//5034
f 2533//5035 2682//5035 2534//5035
f 2681//5036 2682//5036 2533//5036
f 2680//5037 2683//5037 2681//5037
f 2683//5038 2684//5038 2681//5038
f 2681//5039 2684//5039 2682//5039
f 2684//5040 2685//5040 2682//5040
f 2330//5041 2686//5041 2631//5041
f 2682//5042 2686//5042 2330//5042
f 2685//5043 2686//5043 2682//5043
f 2687//5044 2688//5044 2689//5044
f 2688//5045 2690//5045 2689//5045
f 2689//5046 2690//5046 2691//5046
f 2691//5047 2692//5047 2693//5047
f 2690//5048 2692//5048 2691//5048
f 2693//5049 2694//5049 2695//5049
f 2692//5050 2694//5050 2693//5050
f 2696//5051 2697//5051 2698//5051
f 2695//5052 2697//5052 2696//5052
f 2694//5053 2697//5053 2695//5053
f 2698//5054 2699//5054 2700//5054
f 2697//5055 2699//5055 2698//5055
f 2701//5056 2702//5056 2631//5056
f 2700//5057 2703//5057 2701//5057
f 2701//5058 2703//5058 2702//5058
f 2699//5059 2703//5059 2700//5059
f 2702//5060 2704//5060 2631//5060
f 2535//5061 2705//5061 2536//5061
f 2535//5062 2706//5062 2705//5062
f 2537//5063 2706//5063 2535//5063
f 2537//5064 2707//5064 2706//5064
f 2538//5065 2708//5065 2537//5065
f 2537//5066 2708//5066 2707//5066
f 2538//5067 2709//5067 2708//5067
f 2538//5068 2710//5068 2709//5068
f 2539//5069 2710//5069 2538//5069
f 2539//5070 2711//5070 2710//5070
f 2539//5071 2712//5071 2711//5071
f 2540//5072 2712//5072 2539//5072
f 2540//5073 2713//5073 2712//5073
f 2540//5074 2714//5074 2713//5074
f 2541//5075 2714//5075 2540//5075
f 2541//5076 2715//5076 2714//5076
f 2541//5077 2716//5077 2715//5077
f 2542//5078 2716//5078 2541//5078
f 2542//5079 2717//5079 2716//5079
f 2542//5080 2718//5080 2717//5080
f 2543//5081 2718//5081 2542//5081
f 2543//5082 2719//5082 2718//5082
f 2543//5083 2720//5083 2719//5083
f 2544//5084 2720//5084 2543//5084
f 2544//5085 2721//5085 2720//5085
f 2544//5086 2722//5086 2721//5086
f 2723//5087 2722//5087 2544//5087
f 2723//5088 2724//5088 2722//5088
f 2723//5089 2725//5089 2724//5089
f 2726//5090 2725//5090 2723//5090
f 2726//5091 2727//5091 2725//5091
f 2726//5092 2728//5092 2727//5092
f 2729//5093 2728//5093 2726//5093
f 2729//5094 2730//5094 2728//5094
f 2731//5095 2732//5095 2729//5095
f 2729//5096 2732//5096 2730//5096
f 2731//5097 2733//5097 2732//5097
f 2545//5098 2734//5098 2731//5098
f 2731//5099 2734//5099 2733//5099
f 2545//5100 2735//5100 2734//5100
f 2736//5101 2737//5101 2738//5101
f 2545//5102 2737//5102 2735//5102
f 2547//5103 2737//5103 2545//5103
f 2549//5104 2737//5104 2547//5104
f 2735//5105 2737//5105 2736//5105
f 2546//5106 2739//5106 1980//5106
f 2545//5107 2739//5107 2546//5107
f 1980//5108 2739//5108 1979//5108
f 2729//5109 2739//5109 2731//5109
f 1979//5110 2739//5110 2544//5110
f 2544//5111 2739//5111 2723//5111
f 2723//5112 2739//5112 2726//5112
f 2726//5113 2739//5113 2729//5113
f 2731//5114 2739//5114 2545//5114
f 2551//5115 2740//5115 2549//5115
f 2549//5116 2740//5116 2737//5116
f 2551//5117 2741//5117 2740//5117
f 2552//5118 2741//5118 2551//5118
f 2552//5119 2742//5119 2741//5119
f 2552//5120 2743//5120 2742//5120
f 2554//5121 2743//5121 2552//5121
f 2554//5122 2744//5122 2743//5122
f 2556//5123 2744//5123 2554//5123
f 2556//5124 2745//5124 2744//5124
f 2557//5125 2745//5125 2556//5125
f 2577//5126 2746//5126 2576//5126
f 2577//5127 2747//5127 2746//5127
f 2578//5128 2747//5128 2577//5128
f 2578//5129 2748//5129 2747//5129
f 2579//5130 2748//5130 2578//5130
f 2579//5131 2749//5131 2748//5131
f 2579//5132 2750//5132 2749//5132
f 2580//5133 2750//5133 2579//5133
f 2025//5134 2751//5134 2022//5134
f 2026//5135 2751//5135 2025//5135
f 2026//5136 2752//5136 2751//5136
f 2026//5137 2753//5137 2752//5137
f 2034//5138 2753//5138 2026//5138
f 2034//5139 2754//5139 2753//5139
f 2036//5140 2755//5140 2034//5140
f 2034//5141 2755//5141 2754//5141
f 2036//5142 2756//5142 2755//5142
f 2036//5143 2757//5143 2756//5143
f 2036//5144 2758//5144 2757//5144
f 2042//5145 2758//5145 2036//5145
f 2757//5146 2758//5146 2759//5146
f 2758//5147 2760//5147 2759//5147
f 2044//5148 2761//5148 2042//5148
f 2042//5149 2761//5149 2758//5149
f 2758//5150 2761//5150 2760//5150
f 2051//5151 2762//5151 2044//5151
f 2044//5152 2762//5152 2761//5152
f 2761//5153 2762//5153 2760//5153
f 2055//5154 2763//5154 2051//5154
f 2051//5155 2763//5155 2762//5155
f 2067//5156 2764//5156 2063//5156
f 2086//5157 2765//5157 2081//5157
f 2086//5158 2766//5158 2765//5158
f 2087//5159 2766//5159 2086//5159
f 2766//5160 2767//5160 2768//5160
f 2766//5161 2769//5161 2767//5161
f 2087//5162 2769//5162 2766//5162
f 2096//5163 2769//5163 2087//5163
f 2769//5164 2770//5164 2767//5164
f 2096//5165 2770//5165 2769//5165
f 2096//5166 2771//5166 2770//5166
f 2097//5167 2771//5167 2096//5167
f 2097//5168 2772//5168 2771//5168
f 2097//5169 2773//5169 2772//5169
f 2105//5170 2773//5170 2097//5170
f 2105//5171 2774//5171 2773//5171
f 2107//5172 2775//5172 2105//5172
f 2105//5173 2775//5173 2774//5173
f 2107//5174 2776//5174 2775//5174
f 2116//5175 2777//5175 2107//5175
f 2117//5176 2777//5176 2116//5176
f 2107//5177 2777//5177 2776//5177
f 2585//5178 2777//5178 2117//5178
f 2588//5179 2778//5179 2587//5179
f 2587//5180 2778//5180 2586//5180
f 2588//5181 2779//5181 2778//5181
f 2588//5182 2780//5182 2779//5182
f 2589//5183 2780//5183 2588//5183
f 2589//5184 2781//5184 2780//5184
f 2591//5185 2782//5185 2590//5185
f 2595//5186 2782//5186 2591//5186
f 2590//5187 2782//5187 2589//5187
f 2589//5188 2782//5188 2781//5188
f 2611//5189 2783//5189 2609//5189
f 2611//5190 2784//5190 2783//5190
f 2613//5191 2784//5191 2611//5191
f 2613//5192 2785//5192 2784//5192
f 2613//5193 2786//5193 2785//5193
f 2615//5194 2786//5194 2613//5194
f 2615//5195 2787//5195 2786//5195
f 2616//5196 2787//5196 2615//5196
f 2618//5197 2788//5197 2616//5197
f 2616//5198 2788//5198 2787//5198
f 2620//5199 2788//5199 2618//5199
f 2620//5200 2789//5200 2788//5200
f 2788//5201 2789//5201 2790//5201
f 2620//5202 2791//5202 2789//5202
f 2792//5203 2791//5203 2620//5203
f 2792//5204 2793//5204 2791//5204
f 2794//5205 2795//5205 2792//5205
f 2792//5206 2795//5206 2793//5206
f 2794//5207 2796//5207 2795//5207
f 2797//5208 2798//5208 2794//5208
f 2794//5209 2798//5209 2796//5209
f 2797//5210 2799//5210 2798//5210
f 2800//5211 2801//5211 2797//5211
f 2797//5212 2801//5212 2799//5212
f 2800//5213 2802//5213 2801//5213
f 2800//5214 2803//5214 2802//5214
f 2622//5215 2803//5215 2800//5215
f 2622//5216 2804//5216 2803//5216
f 2622//5217 2805//5217 2804//5217
f 2621//5218 2805//5218 2622//5218
f 2621//5219 2806//5219 2805//5219
f 2621//5220 2807//5220 2806//5220
f 2623//5221 2807//5221 2621//5221
f 2623//5222 2808//5222 2807//5222
f 2619//5223 2809//5223 2620//5223
f 2794//5224 2809//5224 2797//5224
f 2797//5225 2809//5225 2800//5225
f 2800//5226 2809//5226 2622//5226
f 2622//5227 2809//5227 2216//5227
f 2216//5228 2809//5228 2209//5228
f 2620//5229 2809//5229 2792//5229
f 2209//5230 2809//5230 2619//5230
f 2792//5231 2809//5231 2794//5231
f 2623//5232 2810//5232 2808//5232
f 2624//5233 2810//5233 2623//5233
f 2624//5234 2811//5234 2810//5234
f 2624//5235 2812//5235 2811//5235
f 2625//5236 2812//5236 2624//5236
f 2625//5237 2813//5237 2812//5237
f 2625//5238 2814//5238 2813//5238
f 2626//5239 2814//5239 2625//5239
f 2626//5240 2815//5240 2814//5240
f 2626//5241 2816//5241 2815//5241
f 2627//5242 2816//5242 2626//5242
f 2627//5243 2817//5243 2816//5243
f 2628//5244 2818//5244 2627//5244
f 2627//5245 2818//5245 2817//5245
f 2628//5246 2819//5246 2818//5246
f 2629//5247 2820//5247 2628//5247
f 2628//5248 2820//5248 2819//5248
f 2536//5249 2821//5249 2629//5249
f 2629//5250 2821//5250 2820//5250
f 2349//5251 2822//5251 2355//5251
f 2343//5252 2823//5252 2349//5252
f 2349//5253 2823//5253 2822//5253
f 2635//5254 2823//5254 2343//5254
f 2632//5255 2824//5255 2634//5255
f 2634//5256 2824//5256 2636//5256
f 2636//5257 2824//5257 2637//5257
f 2631//5258 2825//5258 2632//5258
f 2824//5259 2825//5259 2826//5259
f 2632//5260 2825//5260 2824//5260
f 2637//5261 2827//5261 2635//5261
f 2635//5262 2828//5262 2823//5262
f 2827//5263 2829//5263 2635//5263
f 2635//5264 2829//5264 2828//5264
f 2829//5265 2830//5265 2828//5265
f 2827//5266 2831//5266 2829//5266
f 2631//5267 2832//5267 2825//5267
f 2825//5268 2832//5268 2826//5268
f 2824//5269 2833//5269 2637//5269
f 2826//5270 2833//5270 2824//5270
f 2827//5271 2833//5271 2831//5271
f 2637//5272 2833//5272 2827//5272
f 2834//5273 2833//5273 2826//5273
f 2829//5274 2835//5274 2830//5274
f 2831//5275 2835//5275 2829//5275
f 2833//5276 2835//5276 2831//5276
f 2834//5277 2835//5277 2833//5277
f 2631//5278 2836//5278 2832//5278
f 2649//5279 2836//5279 2647//5279
f 2640//5280 2836//5280 2631//5280
f 2642//5281 2836//5281 2640//5281
f 2647//5282 2836//5282 2646//5282
f 2644//5283 2836//5283 2642//5283
f 2646//5284 2836//5284 2644//5284
f 1873//5285 2837//5285 2631//5285
f 2631//5286 2837//5286 2638//5286
f 1875//5287 2838//5287 2839//5287
f 1877//5288 2838//5288 1875//5288
f 1877//5289 2840//5289 2838//5289
f 1879//5290 2840//5290 1877//5290
f 2826//5291 2841//5291 2834//5291
f 1879//5292 2842//5292 2840//5292
f 1882//5293 2842//5293 1879//5293
f 2840//5294 2842//5294 2645//5294
f 2645//5295 2842//5295 2648//5295
f 1883//5296 2843//5296 1882//5296
f 1882//5297 2843//5297 2842//5297
f 1886//5298 2844//5298 1883//5298
f 2843//5299 2844//5299 2652//5299
f 1883//5300 2844//5300 2843//5300
f 2652//5301 2844//5301 2654//5301
f 2845//5302 2846//5302 2841//5302
f 2841//5303 2846//5303 2834//5303
f 1887//5304 2847//5304 1886//5304
f 1886//5305 2847//5305 2844//5305
f 2834//5306 2848//5306 2849//5306
f 2846//5307 2848//5307 2834//5307
f 1887//5308 2850//5308 2847//5308
f 2848//5309 2851//5309 2849//5309
f 1888//5310 2852//5310 1887//5310
f 1887//5311 2852//5311 2850//5311
f 2851//5312 2853//5312 2849//5312
f 2849//5313 2853//5313 2854//5313
f 2853//5314 2855//5314 2854//5314
f 1891//5315 2856//5315 1888//5315
f 1888//5316 2856//5316 2852//5316
f 2852//5317 2856//5317 2857//5317
f 2857//5318 2856//5318 2858//5318
f 2854//5319 2859//5319 2860//5319
f 2855//5320 2859//5320 2854//5320
f 2859//5321 2861//5321 2860//5321
f 1891//5322 2862//5322 2856//5322
f 2856//5323 2862//5323 2858//5323
f 2860//5324 2863//5324 2864//5324
f 2861//5325 2863//5325 2860//5325
f 2863//5326 2865//5326 2864//5326
f 2864//5327 2866//5327 2867//5327
f 2865//5328 2866//5328 2864//5328
f 2867//5329 2868//5329 2869//5329
f 2866//5330 2868//5330 2867//5330
f 2868//5331 2870//5331 2869//5331
f 2870//5332 2871//5332 2869//5332
f 2869//5333 2872//5333 2873//5333
f 2871//5334 2872//5334 2869//5334
f 2873//5335 2874//5335 2875//5335
f 2872//5336 2874//5336 2873//5336
f 2874//5337 2876//5337 2875//5337
f 2876//5338 2877//5338 2875//5338
f 2875//5339 2878//5339 2879//5339
f 2877//5340 2878//5340 2875//5340
f 2878//5341 2880//5341 2879//5341
f 2879//5342 2880//5342 2881//5342
f 2880//5343 2882//5343 2881//5343
f 2882//5344 2883//5344 2881//5344
f 2883//5345 2884//5345 2881//5345
f 2881//5346 2884//5346 2885//5346
f 2884//5347 2886//5347 2885//5347
f 2885//5348 2886//5348 2887//5348
f 2886//5349 2888//5349 2887//5349
f 2888//5350 2889//5350 2887//5350
f 2889//5351 2890//5351 2887//5351
f 2887//5352 2890//5352 2891//5352
f 2890//5353 2892//5353 2891//5353
f 2892//5354 2893//5354 2891//5354
f 2891//5355 2893//5355 2894//5355
f 2893//5356 2895//5356 2894//5356
f 2895//5357 2896//5357 2894//5357
f 2894//5358 2896//5358 2897//5358
f 2896//5359 2898//5359 2897//5359
f 2898//5360 2899//5360 2897//5360
f 2897//5361 2899//5361 2900//5361
f 2899//5362 2901//5362 2900//5362
f 2901//5363 2902//5363 2900//5363
f 2900//5364 2902//5364 2903//5364
f 2902//5365 2904//5365 2903//5365
f 2904//5366 2905//5366 2903//5366
f 2903//5367 2905//5367 2906//5367
f 2905//5368 2907//5368 2906//5368
f 2907//5369 2908//5369 2906//5369
f 2906//5370 2908//5370 2909//5370
f 2909//5371 2910//5371 2911//5371
f 2908//5372 2910//5372 2909//5372
f 2910//5373 2912//5373 2911//5373
f 2912//5374 2913//5374 2911//5374
f 2913//5375 2914//5375 2911//5375
f 2911//5376 2914//5376 2915//5376
f 2914//5377 2916//5377 2915//5377
f 2916//5378 2917//5378 2915//5378
f 2915//5379 2917//5379 2918//5379
f 2917//5380 2919//5380 2918//5380
f 2918//5381 2920//5381 2921//5381
f 2919//5382 2920//5382 2918//5382
f 2920//5383 2922//5383 2921//5383
f 2921//5384 2923//5384 2924//5384
f 2922//5385 2923//5385 2921//5385
f 2923//5386 2925//5386 2924//5386
f 2924//5387 2926//5387 2927//5387
f 2925//5388 2926//5388 2924//5388
f 2926//5389 2928//5389 2927//5389
f 2928//5390 2929//5390 2927//5390
f 2927//5391 2929//5391 2930//5391
f 2929//5392 2931//5392 2930//5392
f 2931//5393 2932//5393 2930//5393
f 2930//5394 2932//5394 2933//5394
f 2932//5395 2934//5395 2933//5395
f 2934//5396 2935//5396 2933//5396
f 2933//5397 2935//5397 2936//5397
f 2935//5398 2937//5398 2936//5398
f 2937//5399 2938//5399 2936//5399
f 2936//5400 2938//5400 2939//5400
f 2938//5401 2940//5401 2939//5401
f 2939//5402 2941//5402 2942//5402
f 2940//5403 2941//5403 2939//5403
f 2941//5404 2943//5404 2942//5404
f 2942//5405 2944//5405 2945//5405
f 2943//5406 2944//5406 2942//5406
f 2944//5407 2946//5407 2945//5407
f 2946//5408 2947//5408 2945//5408
f 2945//5409 2947//5409 2948//5409
f 2947//5410 2949//5410 2948//5410
f 2949//5411 2950//5411 2948//5411
f 2948//5412 2950//5412 2951//5412
f 2950//5413 2952//5413 2951//5413
f 2951//5414 2953//5414 2954//5414
f 2952//5415 2953//5415 2951//5415
f 2953//5416 2955//5416 2954//5416
f 2955//5417 2956//5417 2954//5417
f 2954//5418 2956//5418 2957//5418
f 2957//5419 2958//5419 2959//5419
f 2956//5420 2958//5420 2957//5420
f 2958//5421 2960//5421 2959//5421
f 2960//5422 2961//5422 2959//5422
f 2959//5423 2962//5423 2963//5423
f 2961//5424 2962//5424 2959//5424
f 2962//5425 2964//5425 2963//5425
f 2963//5426 2965//5426 2966//5426
f 2964//5427 2965//5427 2963//5427
f 2965//5428 2967//5428 2966//5428
f 2967//5429 2968//5429 2966//5429
f 2966//5430 2968//5430 2969//5430
f 2968//5431 2970//5431 2969//5431
f 2969//5432 2971//5432 2972//5432
f 2970//5433 2971//5433 2969//5433
f 2971//5434 2973//5434 2972//5434
f 2972//5435 2974//5435 2656//5435
f 2973//5436 2974//5436 2972//5436
f 2974//5437 2975//5437 2656//5437
f 2656//5438 2976//5438 2657//5438
f 2975//5439 2976//5439 2656//5439
f 2976//5440 2977//5440 2657//5440
f 2657//5441 2978//5441 2658//5441
f 2977//5442 2978//5442 2657//5442
f 2978//5443 2979//5443 2658//5443
f 2658//5444 2980//5444 2659//5444
f 2979//5445 2980//5445 2658//5445
f 2980//5446 2981//5446 2659//5446
f 2981//5447 2982//5447 2659//5447
f 2659//5448 2982//5448 2660//5448
f 2982//5449 2983//5449 2660//5449
f 2983//5450 2984//5450 2660//5450
f 2660//5451 2984//5451 2661//5451
f 2984//5452 2985//5452 2661//5452
f 2985//5453 2986//5453 2661//5453
f 2661//5454 2986//5454 2662//5454
f 2986//5455 2987//5455 2662//5455
f 2662//5456 2988//5456 2663//5456
f 2987//5457 2988//5457 2662//5457
f 2663//5458 2989//5458 2664//5458
f 2988//5459 2989//5459 2663//5459
f 2989//5460 2990//5460 2664//5460
f 2990//5461 2991//5461 2664//5461
f 2991//5462 2992//5462 2664//5462
f 2664//5463 2992//5463 2665//5463
f 2992//5464 2993//5464 2665//5464
f 2665//5465 2994//5465 2666//5465
f 2993//5466 2994//5466 2665//5466
f 2994//5467 2995//5467 2666//5467
f 2995//5468 2996//5468 2666//5468
f 2666//5469 2996//5469 2667//5469
f 2996//5470 2997//5470 2667//5470
f 2997//5471 2998//5471 2667//5471
f 2667//5472 2998//5472 2668//5472
f 2998//5473 2999//5473 2668//5473
f 2999//5474 3000//5474 2668//5474
f 2668//5475 3000//5475 2669//5475
f 3000//5476 3001//5476 2669//5476
f 3001//5477 3002//5477 2669//5477
f 2669//5478 3002//5478 2670//5478
f 2670//5479 3003//5479 2671//5479
f 3002//5480 3003//5480 2670//5480
f 3003//5481 3004//5481 2671//5481
f 3004//5482 3005//5482 2671//5482
f 2671//5483 3006//5483 2672//5483
f 3005//5484 3006//5484 2671//5484
f 3006//5485 3007//5485 2672//5485
f 2672//5486 3008//5486 2673//5486
f 3007//5487 3008//5487 2672//5487
f 3008//5488 3009//5488 2673//5488
f 2673//5489 3010//5489 2674//5489
f 3009//5490 3010//5490 2673//5490
f 3010//5491 3011//5491 2674//5491
f 2674//5492 3012//5492 2675//5492
f 3011//5493 3012//5493 2674//5493
f 3012//5494 3013//5494 2675//5494
f 3013//5495 3014//5495 2675//5495
f 2675//5496 3014//5496 2676//5496
f 3014//5497 3015//5497 2676//5497
f 3015//5498 3016//5498 2676//5498
f 2676//5499 3016//5499 2677//5499
f 3016//5500 3017//5500 2677//5500
f 2677//5501 3017//5501 2678//5501
f 3017//5502 3018//5502 2678//5502
f 3018//5503 3019//5503 2678//5503
f 3019//5504 3020//5504 2678//5504
f 2678//5505 3020//5505 2679//5505
f 2679//5506 3021//5506 3022//5506
f 3020//5507 3021//5507 2679//5507
f 3021//5508 3023//5508 3022//5508
f 3023//5509 3024//5509 3022//5509
f 3022//5510 3025//5510 3026//5510
f 3024//5511 3025//5511 3022//5511
f 3025//5512 3027//5512 3026//5512
f 3026//5513 3028//5513 3029//5513
f 3027//5514 3028//5514 3026//5514
f 3028//5515 3030//5515 3029//5515
f 3029//5516 3031//5516 3032//5516
f 3030//5517 3031//5517 3029//5517
f 3031//5518 3033//5518 3032//5518
f 3032//5519 3034//5519 3035//5519
f 3033//5520 3034//5520 3032//5520
f 3035//5521 3036//5521 3037//5521
f 3034//5522 3036//5522 3035//5522
f 3036//5523 3038//5523 3037//5523
f 3038//5524 3039//5524 3037//5524
f 3037//5525 3040//5525 3041//5525
f 3039//5526 3040//5526 3037//5526
f 3041//5527 3042//5527 3043//5527
f 3040//5528 3042//5528 3041//5528
f 3042//5529 3044//5529 3043//5529
f 3044//5530 3045//5530 3043//5530
f 3045//5531 3046//5531 3043//5531
f 3043//5532 3046//5532 3047//5532
f 3046//5533 3048//5533 3047//5533
f 3047//5534 3049//5534 3050//5534
f 3048//5535 3049//5535 3047//5535
f 3049//5536 3051//5536 3050//5536
f 3050//5537 3052//5537 3053//5537
f 3051//5538 3052//5538 3050//5538
f 3052//5539 3054//5539 3053//5539
f 3053//5540 3055//5540 3056//5540
f 3054//5541 3055//5541 3053//5541
f 3055//5542 3057//5542 3056//5542
f 3057//5543 3058//5543 3056//5543
f 3056//5544 3058//5544 3059//5544
f 3058//5545 3060//5545 3059//5545
f 3060//5546 3061//5546 3059//5546
f 3059//5547 3061//5547 3062//5547
f 3062//5548 3063//5548 3064//5548
f 3061//5549 3063//5549 3062//5549
f 3063//5550 3065//5550 3064//5550
f 3065//5551 3066//5551 3064//5551
f 3066//5552 3067//5552 3064//5552
f 3064//5553 3067//5553 3068//5553
f 3067//5554 3069//5554 3068//5554
f 3068//5555 3069//5555 3070//5555
f 3069//5556 3071//5556 3070//5556
f 3071//5557 3072//5557 3070//5557
f 3072//5558 3073//5558 3070//5558
f 3070//5559 3073//5559 3074//5559
f 3073//5560 3075//5560 3074//5560
f 3075//5561 3076//5561 3074//5561
f 3074//5562 3076//5562 3077//5562
f 3077//5563 3078//5563 3079//5563
f 3076//5564 3078//5564 3077//5564
f 3078//5565 3080//5565 3079//5565
f 3080//5566 3081//5566 3079//5566
f 3079//5567 3082//5567 3083//5567
f 3081//5568 3082//5568 3079//5568
f 3082//5569 3084//5569 3083//5569
f 3083//5570 3084//5570 3085//5570
f 3084//5571 3086//5571 3085//5571
f 3086//5572 3087//5572 3085//5572
f 3087//5573 3088//5573 3085//5573
f 3085//5574 3088//5574 3089//5574
f 3088//5575 3090//5575 3089//5575
f 3090//5576 3091//5576 3089//5576
f 3089//5577 3091//5577 3092//5577
f 3091//5578 3093//5578 3092//5578
f 3093//5579 3094//5579 3092//5579
f 3092//5580 3094//5580 3095//5580
f 3094//5581 3096//5581 3095//5581
f 3096//5582 3097//5582 3095//5582
f 3095//5583 3097//5583 3098//5583
f 3098//5584 3099//5584 3100//5584
f 3097//5585 3099//5585 3098//5585
f 3099//5586 3101//5586 3100//5586
f 3100//5587 3102//5587 3103//5587
f 3101//5588 3102//5588 3100//5588
f 2530//5589 3104//5589 2531//5589
f 3102//5590 3105//5590 3103//5590
f 3105//5591 3106//5591 3103//5591
f 3106//5592 3107//5592 3103//5592
f 3103//5593 3107//5593 3108//5593
f 2532//5594 3109//5594 2680//5594
f 2531//5595 3109//5595 2532//5595
f 3104//5596 3109//5596 2531//5596
f 3107//5597 3110//5597 3108//5597
f 3110//5598 3111//5598 3108//5598
f 3108//5599 3111//5599 3112//5599
f 3111//5600 3113//5600 3112//5600
f 3113//5601 3114//5601 3112//5601
f 3112//5602 3114//5602 3115//5602
f 3109//5603 3116//5603 2680//5603
f 3114//5604 3117//5604 3115//5604
f 3115//5605 3118//5605 3119//5605
f 3117//5606 3118//5606 3115//5606
f 3119//5607 3120//5607 3121//5607
f 3118//5608 3120//5608 3119//5608
f 3120//5609 3122//5609 3121//5609
f 3122//5610 3123//5610 3121//5610
f 3121//5611 3124//5611 3125//5611
f 3123//5612 3124//5612 3121//5612
f 3124//5613 3126//5613 3125//5613
f 3125//5614 3127//5614 3128//5614
f 3126//5615 3127//5615 3125//5615
f 3129//5616 3130//5616 3116//5616
f 3131//5617 3130//5617 3129//5617
f 3116//5618 3130//5618 2680//5618
f 3127//5619 3132//5619 3128//5619
f 3132//5620 3133//5620 3128//5620
f 3128//5621 3133//5621 3134//5621
f 2680//5622 3135//5622 2683//5622
f 3130//5623 3135//5623 2680//5623
f 3133//5624 3136//5624 3134//5624
f 3134//5625 3137//5625 3138//5625
f 3136//5626 3137//5626 3134//5626
f 3131//5627 3139//5627 3130//5627
f 3130//5628 3139//5628 3135//5628
f 3138//5629 3140//5629 3141//5629
f 3137//5630 3140//5630 3138//5630
f 3140//5631 3142//5631 3141//5631
f 3131//5632 3143//5632 3139//5632
f 3144//5633 3143//5633 3145//5633
f 3145//5634 3143//5634 3131//5634
f 3135//5635 3143//5635 2683//5635
f 3139//5636 3143//5636 3135//5636
f 3142//5637 3146//5637 3141//5637
f 3141//5638 3147//5638 3148//5638
f 3146//5639 3147//5639 3141//5639
f 3148//5640 3149//5640 3150//5640
f 3147//5641 3149//5641 3148//5641
f 3149//5642 3151//5642 3150//5642
f 3151//5643 3152//5643 3150//5643
f 3150//5644 3153//5644 3145//5644
f 3152//5645 3153//5645 3150//5645
f 3144//5646 3154//5646 3143//5646
f 2683//5647 3154//5647 2684//5647
f 2684//5648 3154//5648 2685//5648
f 2685//5649 3154//5649 2686//5649
f 3143//5650 3154//5650 2683//5650
f 3145//5651 3155//5651 3144//5651
f 3153//5652 3155//5652 3145//5652
f 3153//5653 3156//5653 3155//5653
f 2686//5654 3157//5654 2631//5654
f 3154//5655 3157//5655 2686//5655
f 3144//5656 3157//5656 3154//5656
f 3157//5657 3158//5657 2631//5657
f 3144//5658 3158//5658 3157//5658
f 2698//5659 3159//5659 2696//5659
f 2701//5660 3159//5660 2700//5660
f 2700//5661 3159//5661 2698//5661
f 3158//5662 3159//5662 2631//5662
f 2631//5663 3159//5663 2701//5663
f 2695//5664 3159//5664 2693//5664
f 2696//5665 3159//5665 2695//5665
f 1856//5666 3160//5666 3161//5666
f 3162//5667 3160//5667 3163//5667
f 1857//5668 3160//5668 1856//5668
f 3161//5669 3160//5669 3162//5669
f 3160//5670 3164//5670 3163//5670
f 1857//5671 3164//5671 3160//5671
f 1860//5672 3164//5672 1857//5672
f 1860//5673 3165//5673 3164//5673
f 1861//5674 3166//5674 1860//5674
f 1860//5675 3166//5675 3165//5675
f 1862//5676 3167//5676 1861//5676
f 1861//5677 3167//5677 3166//5677
f 2688//5678 3167//5678 2690//5678
f 1866//5679 3168//5679 1862//5679
f 3167//5680 3168//5680 2690//5680
f 1862//5681 3168//5681 3167//5681
f 2694//5682 3169//5682 2697//5682
f 1867//5683 3169//5683 1866//5683
f 1866//5684 3169//5684 3168//5684
f 3169//5685 3170//5685 2697//5685
f 1870//5686 3170//5686 1867//5686
f 1867//5687 3170//5687 3169//5687
f 1871//5688 3171//5688 1870//5688
f 1870//5689 3171//5689 3170//5689
f 1871//5690 3172//5690 3171//5690
f 2631//5691 3173//5691 1873//5691
f 2704//5692 3173//5692 2631//5692
f 2705//5693 3174//5693 2536//5693
f 2706//5694 3174//5694 2705//5694
f 2707//5695 3174//5695 2706//5695
f 2708//5696 3175//5696 2707//5696
f 2707//5697 3175//5697 3174//5697
f 3174//5698 3175//5698 2536//5698
f 2708//5699 3176//5699 3175//5699
f 3175//5700 3176//5700 2536//5700
f 2709//5701 3177//5701 2708//5701
f 2708//5702 3177//5702 3176//5702
f 3176//5703 3177//5703 2536//5703
f 2709//5704 3178//5704 3177//5704
f 3177//5705 3178//5705 2536//5705
f 2709//5706 3179//5706 3178//5706
f 3178//5707 3179//5707 2536//5707
f 2710//5708 3179//5708 2709//5708
f 2710//5709 3180//5709 3179//5709
f 2711//5710 3181//5710 2710//5710
f 2710//5711 3181//5711 3180//5711
f 2711//5712 3182//5712 3181//5712
f 2712//5713 3183//5713 2711//5713
f 2711//5714 3183//5714 3182//5714
f 2712//5715 3184//5715 3183//5715
f 2712//5716 3185//5716 3184//5716
f 2713//5717 3185//5717 2712//5717
f 2713//5718 3186//5718 3185//5718
f 2714//5719 3187//5719 2713//5719
f 2713//5720 3187//5720 3186//5720
f 2714//5721 3188//5721 3187//5721
f 2715//5722 3189//5722 2714//5722
f 2714//5723 3189//5723 3188//5723
f 2715//5724 3190//5724 3189//5724
f 2715//5725 3191//5725 3190//5725
f 2716//5726 3191//5726 2715//5726
f 2716//5727 3192//5727 3191//5727
f 2717//5728 3193//5728 2716//5728
f 2716//5729 3193//5729 3192//5729
f 2717//5730 3194//5730 3193//5730
f 2718//5731 3194//5731 2717//5731
f 2719//5732 3194//5732 2718//5732
f 2737//5733 3195//5733 2738//5733
f 2740//5734 3195//5734 2737//5734
f 2741//5735 3195//5735 2740//5735
f 2743//5736 3196//5736 2742//5736
f 2742//5737 3196//5737 2741//5737
f 2741//5738 3196//5738 3195//5738
f 2559//5739 3197//5739 2557//5739
f 2561//5740 3197//5740 2559//5740
f 2557//5741 3197//5741 2745//5741
f 2561//5742 3198//5742 3197//5742
f 2561//5743 3199//5743 3198//5743
f 2563//5744 3199//5744 2561//5744
f 2563//5745 3200//5745 3199//5745
f 2563//5746 3201//5746 3200//5746
f 2565//5747 3201//5747 2563//5747
f 2565//5748 3202//5748 3201//5748
f 2568//5749 3203//5749 2566//5749
f 2565//5750 3203//5750 3202//5750
f 2566//5751 3203//5751 2565//5751
f 2746//5752 3204//5752 2576//5752
f 2576//5753 3204//5753 2575//5753
f 2746//5754 3205//5754 3204//5754
f 2747//5755 3205//5755 2746//5755
f 2748//5756 3205//5756 2747//5756
f 2749//5757 3206//5757 2748//5757
f 2750//5758 3206//5758 2749//5758
f 2748//5759 3206//5759 3205//5759
f 3206//5760 3207//5760 3208//5760
f 2750//5761 3207//5761 3206//5761
f 2582//5762 3209//5762 2581//5762
f 2580//5763 3209//5763 2750//5763
f 2581//5764 3209//5764 2580//5764
f 2750//5765 3209//5765 3207//5765
f 2582//5766 3210//5766 3209//5766
f 3209//5767 3210//5767 3207//5767
f 2583//5768 3210//5768 2582//5768
f 2583//5769 3211//5769 3210//5769
f 2583//5770 3212//5770 3211//5770
f 3213//5771 3214//5771 3215//5771
f 3211//5772 3214//5772 3213//5772
f 3212//5773 3214//5773 3211//5773
f 2583//5774 3216//5774 3212//5774
f 2751//5775 3216//5775 2022//5775
f 2022//5776 3216//5776 2583//5776
f 2753//5777 3217//5777 2752//5777
f 3212//5778 3217//5778 3214//5778
f 3216//5779 3217//5779 3212//5779
f 2752//5780 3217//5780 2751//5780
f 3214//5781 3217//5781 2753//5781
f 2751//5782 3217//5782 3216//5782
f 2755//5783 3218//5783 2754//5783
f 2756//5784 3218//5784 2755//5784
f 2754//5785 3218//5785 2753//5785
f 3214//5786 3218//5786 3215//5786
f 2753//5787 3218//5787 3214//5787
f 3215//5788 3218//5788 3219//5788
f 3218//5789 3220//5789 3219//5789
f 2757//5790 3220//5790 2756//5790
f 2756//5791 3220//5791 3218//5791
f 2759//5792 3220//5792 2757//5792
f 2759//5793 3221//5793 3220//5793
f 2760//5794 3221//5794 2759//5794
f 3220//5795 3221//5795 3219//5795
f 3221//5796 3222//5796 3219//5796
f 2760//5797 3222//5797 3221//5797
f 3222//5798 3223//5798 3219//5798
f 2760//5799 3223//5799 3222//5799
f 2760//5800 3224//5800 3223//5800
f 3223//5801 3224//5801 3225//5801
f 2762//5802 3224//5802 2760//5802
f 2763//5803 3224//5803 2762//5803
f 3225//5804 3224//5804 2763//5804
f 3226//5805 3227//5805 3228//5805
f 3229//5806 3227//5806 3226//5806
f 3225//5807 3227//5807 3229//5807
f 3227//5808 3230//5808 3228//5808
f 2763//5809 3230//5809 3225//5809
f 3225//5810 3230//5810 3227//5810
f 3228//5811 3230//5811 2764//5811
f 2055//5812 3231//5812 2763//5812
f 2764//5813 3231//5813 2063//5813
f 2056//5814 3231//5814 2055//5814
f 2063//5815 3231//5815 2056//5815
f 3230//5816 3231//5816 2764//5816
f 2763//5817 3231//5817 3230//5817
f 3232//5818 3233//5818 3234//5818
f 3228//5819 3233//5819 3226//5819
f 3228//5820 3235//5820 3233//5820
f 3233//5821 3235//5821 3234//5821
f 3235//5822 3236//5822 3234//5822
f 3228//5823 3236//5823 3235//5823
f 2764//5824 3236//5824 3228//5824
f 3234//5825 3237//5825 3232//5825
f 2071//5826 3238//5826 2067//5826
f 2076//5827 3238//5827 2071//5827
f 2764//5828 3238//5828 3236//5828
f 2067//5829 3238//5829 2764//5829
f 2768//5830 3239//5830 2766//5830
f 2766//5831 3239//5831 2765//5831
f 3234//5832 3239//5832 3237//5832
f 3240//5833 3239//5833 2768//5833
f 3237//5834 3239//5834 3240//5834
f 2768//5835 3241//5835 3240//5835
f 2770//5836 3242//5836 2767//5836
f 2773//5837 3242//5837 2772//5837
f 2771//5838 3242//5838 2770//5838
f 2772//5839 3242//5839 2771//5839
f 2768//5840 3242//5840 3241//5840
f 2767//5841 3242//5841 2768//5841
f 2586//5842 3243//5842 2584//5842
f 2584//5843 3243//5843 2585//5843
f 2778//5844 3244//5844 2586//5844
f 2586//5845 3244//5845 3243//5845
f 2776//5846 3245//5846 2775//5846
f 2777//5847 3245//5847 2776//5847
f 2585//5848 3245//5848 2777//5848
f 2779//5849 3246//5849 2778//5849
f 3247//5850 3246//5850 2781//5850
f 2780//5851 3246//5851 2779//5851
f 2781//5852 3246//5852 2780//5852
f 2778//5853 3246//5853 3244//5853
f 3247//5854 3248//5854 3249//5854
f 2594//5855 3250//5855 2592//5855
f 2781//5856 3250//5856 3247//5856
f 2595//5857 3250//5857 2782//5857
f 2782//5858 3250//5858 2781//5858
f 2592//5859 3250//5859 2595//5859
f 3247//5860 3250//5860 3248//5860
f 3248//5861 3251//5861 3249//5861
f 2594//5862 3251//5862 3250//5862
f 3250//5863 3251//5863 3248//5863
f 2597//5864 3251//5864 2594//5864
f 2599//5865 3252//5865 2597//5865
f 2601//5866 3252//5866 2599//5866
f 2602//5867 3252//5867 2601//5867
f 2597//5868 3252//5868 3251//5868
f 3251//5869 3252//5869 3253//5869
f 3252//5870 3254//5870 3253//5870
f 2602//5871 3254//5871 3252//5871
f 2784//5872 3255//5872 2783//5872
f 2604//5873 3256//5873 2602//5873
f 3254//5874 3256//5874 3253//5874
f 2602//5875 3256//5875 3254//5875
f 3256//5876 3257//5876 3253//5876
f 2604//5877 3257//5877 3256//5877
f 2604//5878 3258//5878 3257//5878
f 3257//5879 3258//5879 3253//5879
f 2606//5880 3258//5880 2604//5880
f 3253//5881 3258//5881 3259//5881
f 2606//5882 3260//5882 3258//5882
f 3258//5883 3260//5883 3259//5883
f 2606//5884 3261//5884 3260//5884
f 3260//5885 3261//5885 3259//5885
f 2608//5886 3261//5886 2606//5886
f 2783//5887 3261//5887 2609//5887
f 2609//5888 3261//5888 2608//5888
f 3255//5889 3261//5889 2783//5889
f 3259//5890 3261//5890 3255//5890
f 2787//5891 3262//5891 2786//5891
f 2786//5892 3262//5892 2785//5892
f 2788//5893 3262//5893 2787//5893
f 2790//5894 3262//5894 2788//5894
f 2808//5895 3263//5895 2807//5895
f 2810//5896 3263//5896 2808//5896
f 2810//5897 3264//5897 3263//5897
f 2810//5898 3265//5898 3264//5898
f 2811//5899 3265//5899 2810//5899
f 2811//5900 3266//5900 3265//5900
f 2811//5901 3267//5901 3266//5901
f 2812//5902 3267//5902 2811//5902
f 2812//5903 3268//5903 3267//5903
f 2812//5904 3269//5904 3268//5904
f 2813//5905 3269//5905 2812//5905
f 2813//5906 3270//5906 3269//5906
f 2814//5907 3271//5907 2813//5907
f 3270//5908 3271//5908 2536//5908
f 2813//5909 3271//5909 3270//5909
f 2814//5910 3272//5910 3271//5910
f 3271//5911 3272//5911 2536//5911
f 2815//5912 3273//5912 2814//5912
f 2814//5913 3273//5913 3272//5913
f 3272//5914 3273//5914 2536//5914
f 3273//5915 3274//5915 2536//5915
f 2815//5916 3274//5916 3273//5916
f 2816//5917 3275//5917 2815//5917
f 3274//5918 3275//5918 2536//5918
f 2815//5919 3275//5919 3274//5919
f 3275//5920 3276//5920 2536//5920
f 2816//5921 3276//5921 3275//5921
f 2817//5922 3277//5922 2816//5922
f 3276//5923 3277//5923 2536//5923
f 2816//5924 3277//5924 3276//5924
f 3277//5925 3278//5925 2536//5925
f 2817//5926 3278//5926 3277//5926
f 2818//5927 3279//5927 2817//5927
f 2817//5928 3279//5928 3278//5928
f 3278//5929 3279//5929 2536//5929
f 2818//5930 3280//5930 3279//5930
f 3279//5931 3280//5931 2536//5931
f 2819//5932 3281//5932 2818//5932
f 2818//5933 3281//5933 3280//5933
f 3280//5934 3281//5934 2536//5934
f 2820//5935 3282//5935 2819//5935
f 2536//5936 3282//5936 2821//5936
f 2821//5937 3282//5937 2820//5937
f 2819//5938 3282//5938 3281//5938
f 3281//5939 3282//5939 2536//5939
f 2822//5940 3283//5940 2355//5940
f 2355//5941 3283//5941 2361//5941
f 2823//5942 3283//5942 2822//5942
f 2828//5943 3283//5943 2823//5943
f 3283//5944 3284//5944 2361//5944
f 2361//5945 3284//5945 2367//5945
f 3283//5946 3285//5946 3284//5946
f 2828//5947 3286//5947 3283//5947
f 3283//5948 3286//5948 3285//5948
f 2849//5949 3287//5949 2834//5949
f 2828//5950 3287//5950 3286//5950
f 2835//5951 3287//5951 2830//5951
f 2830//5952 3287//5952 2828//5952
f 2834//5953 3287//5953 2835//5953
f 2826//5954 3288//5954 2841//5954
f 2832//5955 3288//5955 2826//5955
f 3287//5956 3289//5956 3286//5956
f 2836//5957 3290//5957 2832//5957
f 3288//5958 3290//5958 2841//5958
f 2832//5959 3290//5959 3288//5959
f 2837//5960 3291//5960 2638//5960
f 2838//5961 3291//5961 2839//5961
f 2839//5962 3291//5962 2837//5962
f 2638//5963 3291//5963 2639//5963
f 2639//5964 3291//5964 2641//5964
f 2839//5965 3292//5965 1875//5965
f 1875//5966 3292//5966 1873//5966
f 2837//5967 3292//5967 2839//5967
f 1873//5968 3292//5968 2837//5968
f 2836//5969 3293//5969 3290//5969
f 2653//5970 3293//5970 2651//5970
f 3290//5971 3293//5971 2841//5971
f 2651//5972 3293//5972 2649//5972
f 2649//5973 3293//5973 2836//5973
f 2643//5974 3294//5974 2645//5974
f 2641//5975 3294//5975 2643//5975
f 2838//5976 3294//5976 3291//5976
f 3291//5977 3294//5977 2641//5977
f 2645//5978 3294//5978 2840//5978
f 2840//5979 3294//5979 2838//5979
f 3287//5980 3295//5980 3289//5980
f 2860//5981 3295//5981 2854//5981
f 2864//5982 3295//5982 2860//5982
f 2854//5983 3295//5983 2849//5983
f 2849//5984 3295//5984 3287//5984
f 2842//5985 3296//5985 2648//5985
f 2652//5986 3296//5986 2843//5986
f 2843//5987 3296//5987 2842//5987
f 2648//5988 3296//5988 2650//5988
f 2650//5989 3296//5989 2652//5989
f 2841//5990 3297//5990 2845//5990
f 2653//5991 3297//5991 3293//5991
f 2655//5992 3297//5992 2653//5992
f 3293//5993 3297//5993 2841//5993
f 2844//5994 3298//5994 2654//5994
f 2847//5995 3298//5995 2844//5995
f 2654//5996 3298//5996 2655//5996
f 2847//5997 3299//5997 3298//5997
f 3298//5998 3299//5998 2655//5998
f 2850//5999 3300//5999 2847//5999
f 2847//6000 3300//6000 3299//6000
f 3299//6001 3300//6001 2655//6001
f 3300//6002 3301//6002 2655//6002
f 2850//6003 3301//6003 3300//6003
f 2852//6004 3301//6004 2850//6004
f 2655//6005 3301//6005 3297//6005
f 2857//6006 3301//6006 2852//6006
f 3297//6007 3302//6007 2845//6007
f 2857//6008 3302//6008 3301//6008
f 3301//6009 3302//6009 3297//6009
f 2858//6010 3302//6010 2857//6010
f 3302//6011 3303//6011 2845//6011
f 2845//6012 3304//6012 2846//6012
f 2846//6013 3304//6013 2848//6013
f 2851//6014 3304//6014 2853//6014
f 2848//6015 3304//6015 2851//6015
f 3303//6016 3304//6016 2845//6016
f 1894//6017 3305//6017 1891//6017
f 1896//6018 3305//6018 1894//6018
f 1891//6019 3305//6019 2862//6019
f 2853//6020 3306//6020 2855//6020
f 2855//6021 3306//6021 2859//6021
f 3304//6022 3306//6022 2853//6022
f 3306//6023 3307//6023 2859//6023
f 2859//6024 3307//6024 2861//6024
f 3307//6025 3308//6025 2861//6025
f 2863//6026 3308//6026 2865//6026
f 2861//6027 3308//6027 2863//6027
f 3308//6028 3309//6028 2865//6028
f 2865//6029 3309//6029 2866//6029
f 2866//6030 3309//6030 2868//6030
f 2868//6031 3310//6031 2870//6031
f 3309//6032 3310//6032 2868//6032
f 2870//6033 3310//6033 2871//6033
f 3310//6034 3311//6034 2871//6034
f 2872//6035 3311//6035 2874//6035
f 2871//6036 3311//6036 2872//6036
f 2877//6037 3312//6037 2878//6037
f 3311//6038 3312//6038 2874//6038
f 2876//6039 3312//6039 2877//6039
f 2874//6040 3312//6040 2876//6040
f 2878//6041 3313//6041 2880//6041
f 3312//6042 3313//6042 2878//6042
f 2880//6043 3314//6043 2882//6043
f 2882//6044 3314//6044 2883//6044
f 3313//6045 3314//6045 2880//6045
f 2884//6046 3315//6046 2886//6046
f 2883//6047 3315//6047 2884//6047
f 3314//6048 3315//6048 2883//6048
f 2888//6049 3316//6049 2889//6049
f 2886//6050 3316//6050 2888//6050
f 3315//6051 3316//6051 2886//6051
f 2889//6052 3317//6052 2890//6052
f 2890//6053 3317//6053 2892//6053
f 3316//6054 3317//6054 2889//6054
f 3317//6055 3318//6055 2892//6055
f 2893//6056 3318//6056 2895//6056
f 2892//6057 3318//6057 2893//6057
f 2895//6058 3319//6058 2896//6058
f 2896//6059 3319//6059 2898//6059
f 2898//6060 3319//6060 2899//6060
f 3318//6061 3319//6061 2895//6061
f 2899//6062 3320//6062 2901//6062
f 3319//6063 3320//6063 2899//6063
f 2901//6064 3321//6064 2902//6064
f 3320//6065 3321//6065 2901//6065
f 2902//6066 3321//6066 2904//6066
f 2907//6067 3322//6067 2908//6067
f 3321//6068 3322//6068 2904//6068
f 2905//6069 3322//6069 2907//6069
f 2904//6070 3322//6070 2905//6070
f 2908//6071 3323//6071 2910//6071
f 2910//6072 3323//6072 2912//6072
f 3322//6073 3323//6073 2908//6073
f 2912//6074 3324//6074 2913//6074
f 3323//6075 3324//6075 2912//6075
f 3324//6076 3325//6076 2913//6076
f 2913//6077 3325//6077 2914//6077
f 2914//6078 3325//6078 2916//6078
f 3325//6079 3326//6079 2916//6079
f 2916//6080 3326//6080 2917//6080
f 2917//6081 3326//6081 2919//6081
f 2919//6082 3327//6082 2920//6082
f 3326//6083 3327//6083 2919//6083
f 2920//6084 3327//6084 2922//6084
f 3327//6085 3328//6085 2922//6085
f 2922//6086 3328//6086 2923//6086
f 2923//6087 3328//6087 2925//6087
f 3328//6088 3329//6088 2925//6088
f 2925//6089 3329//6089 2926//6089
f 2926//6090 3329//6090 2928//6090
f 2929//6091 3330//6091 2931//6091
f 3329//6092 3330//6092 2928//6092
f 2928//6093 3330//6093 2929//6093
f 2931//6094 3331//6094 2932//6094
f 3330//6095 3331//6095 2931//6095
f 2932//6096 3331//6096 2934//6096
f 3331//6097 3332//6097 2934//6097
f 2934//6098 3332//6098 2935//6098
f 2935//6099 3332//6099 2937//6099
f 3332//6100 3333//6100 2937//6100
f 2937//6101 3333//6101 2938//6101
f 2938//6102 3333//6102 2940//6102
f 2940//6103 3333//6103 2941//6103
f 3333//6104 3334//6104 2941//6104
f 2941//6105 3334//6105 2943//6105
f 2943//6106 3335//6106 2944//6106
f 3334//6107 3335//6107 2943//6107
f 2944//6108 3335//6108 2946//6108
f 2946//6109 3336//6109 2947//6109
f 3335//6110 3336//6110 2946//6110
f 2947//6111 3336//6111 2949//6111
f 2949//6112 3337//6112 2950//6112
f 2950//6113 3337//6113 2952//6113
f 3336//6114 3337//6114 2949//6114
f 2953//6115 3338//6115 2955//6115
f 2952//6116 3338//6116 2953//6116
f 3337//6117 3338//6117 2952//6117
f 3338//6118 3339//6118 2955//6118
f 2955//6119 3339//6119 2956//6119
f 2956//6120 3339//6120 2958//6120
f 2958//6121 3340//6121 2960//6121
f 3339//6122 3340//6122 2958//6122
f 2960//6123 3340//6123 2961//6123
f 3340//6124 3341//6124 2961//6124
f 2961//6125 3341//6125 2962//6125
f 2962//6126 3341//6126 2964//6126
f 2964//6127 3342//6127 2965//6127
f 3341//6128 3342//6128 2964//6128
f 2965//6129 3342//6129 2967//6129
f 2967//6130 3343//6130 2968//6130
f 3342//6131 3343//6131 2967//6131
f 2968//6132 3343//6132 2970//6132
f 3343//6133 3344//6133 2970//6133
f 2970//6134 3344//6134 2971//6134
f 2971//6135 3344//6135 2973//6135
f 3344//6136 3345//6136 2973//6136
f 2973//6137 3345//6137 2974//6137
f 2975//6138 3345//6138 2976//6138
f 2974//6139 3345//6139 2975//6139
f 2976//6140 3346//6140 2977//6140
f 3345//6141 3346//6141 2976//6141
f 2978//6142 3347//6142 2979//6142
f 3346//6143 3347//6143 2977//6143
f 2977//6144 3347//6144 2978//6144
f 2980//6145 3348//6145 2981//6145
f 2979//6146 3348//6146 2980//6146
f 3347//6147 3348//6147 2979//6147
f 2981//6148 3349//6148 2982//6148
f 2982//6149 3349//6149 2983//6149
f 3348//6150 3349//6150 2981//6150
f 2983//6151 3350//6151 2984//6151
f 3349//6152 3350//6152 2983//6152
f 2984//6153 3350//6153 2985//6153
f 2986//6154 3351//6154 2987//6154
f 2985//6155 3351//6155 2986//6155
f 3350//6156 3351//6156 2985//6156
f 2987//6157 3352//6157 2988//6157
f 2988//6158 3352//6158 2989//6158
f 3351//6159 3352//6159 2987//6159
f 2989//6160 3353//6160 2990//6160
f 3352//6161 3353//6161 2989//6161
f 2990//6162 3353//6162 2991//6162
f 2992//6163 3354//6163 2993//6163
f 2991//6164 3354//6164 2992//6164
f 3353//6165 3354//6165 2991//6165
f 2993//6166 3355//6166 2994//6166
f 3354//6167 3355//6167 2993//6167
f 2994//6168 3355//6168 2995//6168
f 2996//6169 3356//6169 2997//6169
f 2995//6170 3356//6170 2996//6170
f 3355//6171 3356//6171 2995//6171
f 2997//6172 3357//6172 2998//6172
f 3356//6173 3357//6173 2997//6173
f 2998//6174 3357//6174 2999//6174
f 3357//6175 3358//6175 2999//6175
f 2999//6176 3358//6176 3000//6176
f 3000//6177 3358//6177 3001//6177
f 3001//6178 3359//6178 3002//6178
f 3002//6179 3359//6179 3003//6179
f 3358//6180 3359//6180 3001//6180
f 3003//6181 3360//6181 3004//6181
f 3359//6182 3360//6182 3003//6182
f 3004//6183 3360//6183 3005//6183
f 3005//6184 3361//6184 3006//6184
f 3360//6185 3361//6185 3005//6185
f 3006//6186 3361//6186 3007//6186
f 3007//6187 3361//6187 3008//6187
f 3008//6188 3362//6188 3009//6188
f 3361//6189 3362//6189 3008//6189
f 3009//6190 3363//6190 3010//6190
f 3011//6191 3363//6191 3012//6191
f 3362//6192 3363//6192 3009//6192
f 3010//6193 3363//6193 3011//6193
f 3363//6194 3364//6194 3012//6194
f 3012//6195 3364//6195 3013//6195
f 3013//6196 3365//6196 3014//6196
f 3014//6197 3365//6197 3015//6197
f 3364//6198 3365//6198 3013//6198
f 3015//6199 3366//6199 3016//6199
f 3016//6200 3366//6200 3017//6200
f 3365//6201 3366//6201 3015//6201
f 3018//6202 3367//6202 3019//6202
f 3366//6203 3367//6203 3017//6203
f 3017//6204 3367//6204 3018//6204
f 3020//6205 3368//6205 3021//6205
f 3019//6206 3368//6206 3020//6206
f 3367//6207 3368//6207 3019//6207
f 3021//6208 3368//6208 3023//6208
f 3368//6209 3369//6209 3023//6209
f 3023//6210 3369//6210 3024//6210
f 3025//6211 3370//6211 3027//6211
f 3024//6212 3370//6212 3025//6212
f 3369//6213 3370//6213 3024//6213
f 3027//6214 3371//6214 3028//6214
f 3370//6215 3371//6215 3027//6215
f 3028//6216 3371//6216 3030//6216
f 3030//6217 3372//6217 3031//6217
f 3031//6218 3372//6218 3033//6218
f 3371//6219 3372//6219 3030//6219
f 3372//6220 3373//6220 3033//6220
f 3034//6221 3373//6221 3036//6221
f 3033//6222 3373//6222 3034//6222
f 3373//6223 3374//6223 3036//6223
f 3036//6224 3374//6224 3038//6224
f 3038//6225 3374//6225 3039//6225
f 3039//6226 3375//6226 3040//6226
f 3040//6227 3375//6227 3042//6227
f 3374//6228 3375//6228 3039//6228
f 3042//6229 3376//6229 3044//6229
f 3044//6230 3376//6230 3045//6230
f 3375//6231 3376//6231 3042//6231
f 3376//6232 3377//6232 3045//6232
f 3045//6233 3377//6233 3046//6233
f 3046//6234 3377//6234 3048//6234
f 3048//6235 3378//6235 3049//6235
f 3049//6236 3378//6236 3051//6236
f 3377//6237 3378//6237 3048//6237
f 3051//6238 3379//6238 3052//6238
f 3378//6239 3379//6239 3051//6239
f 3052//6240 3379//6240 3054//6240
f 3054//6241 3379//6241 3055//6241
f 3379//6242 3380//6242 3055//6242
f 3055//6243 3380//6243 3057//6243
f 3057//6244 3381//6244 3058//6244
f 3380//6245 3381//6245 3057//6245
f 3058//6246 3381//6246 3060//6246
f 3381//6247 3382//6247 3060//6247
f 3060//6248 3382//6248 3061//6248
f 3061//6249 3382//6249 3063//6249
f 3063//6250 3383//6250 3065//6250
f 3065//6251 3383//6251 3066//6251
f 3382//6252 3383//6252 3063//6252
f 3067//6253 3384//6253 3069//6253
f 3066//6254 3384//6254 3067//6254
f 3383//6255 3384//6255 3066//6255
f 3071//6256 3385//6256 3072//6256
f 3384//6257 3385//6257 3069//6257
f 3069//6258 3385//6258 3071//6258
f 3073//6259 3386//6259 3075//6259
f 3385//6260 3386//6260 3072//6260
f 3072//6261 3386//6261 3073//6261
f 3386//6262 3387//6262 3075//6262
f 3076//6263 3387//6263 3078//6263
f 3075//6264 3387//6264 3076//6264
f 3078//6265 3388//6265 3080//6265
f 3080//6266 3388//6266 3081//6266
f 3387//6267 3388//6267 3078//6267
f 3082//6268 3389//6268 3084//6268
f 3081//6269 3389//6269 3082//6269
f 3388//6270 3389//6270 3081//6270
f 2528//6271 3390//6271 2529//6271
f 3086//6272 3391//6272 3087//6272
f 3087//6273 3391//6273 3088//6273
f 3084//6274 3391//6274 3086//6274
f 3389//6275 3391//6275 3084//6275
f 3391//6276 3392//6276 3088//6276
f 3088//6277 3392//6277 3090//6277
f 3109//6278 3393//6278 3116//6278
f 3390//6279 3393//6279 2529//6279
f 3104//6280 3393//6280 3109//6280
f 2529//6281 3393//6281 2530//6281
f 2530//6282 3393//6282 3104//6282
f 3394//6283 3393//6283 3390//6283
f 3090//6284 3395//6284 3091//6284
f 3091//6285 3395//6285 3093//6285
f 3392//6286 3395//6286 3090//6286
f 3394//6287 3396//6287 3393//6287
f 3393//6288 3396//6288 3116//6288
f 3395//6289 3397//6289 3093//6289
f 3093//6290 3397//6290 3094//6290
f 3094//6291 3397//6291 3096//6291
f 3397//6292 3398//6292 3096//6292
f 3096//6293 3398//6293 3097//6293
f 3097//6294 3398//6294 3099//6294
f 3099//6295 3399//6295 3101//6295
f 3398//6296 3399//6296 3099//6296
f 3101//6297 3399//6297 3102//6297
f 3105//6298 3400//6298 3106//6298
f 3399//6299 3400//6299 3102//6299
f 3102//6300 3400//6300 3105//6300
f 3148//6301 3401//6301 3141//6301
f 3141//6302 3401//6302 3138//6302
f 3150//6303 3401//6303 3148//6303
f 3396//6304 3402//6304 3116//6304
f 3403//6305 3402//6305 3396//6305
f 3401//6306 3402//6306 3403//6306
f 3116//6307 3402//6307 3129//6307
f 3129//6308 3402//6308 3131//6308
f 3150//6309 3402//6309 3401//6309
f 3145//6310 3402//6310 3150//6310
f 3131//6311 3402//6311 3145//6311
f 3106//6312 3404//6312 3107//6312
f 3107//6313 3404//6313 3110//6313
f 3400//6314 3404//6314 3106//6314
f 3111//6315 3405//6315 3113//6315
f 3110//6316 3405//6316 3111//6316
f 3404//6317 3405//6317 3110//6317
f 3114//6318 3406//6318 3117//6318
f 3405//6319 3406//6319 3113//6319
f 3113//6320 3406//6320 3114//6320
f 3117//6321 3407//6321 3118//6321
f 3406//6322 3407//6322 3117//6322
f 3118//6323 3407//6323 3120//6323
f 3120//6324 3408//6324 3122//6324
f 3122//6325 3408//6325 3123//6325
f 3407//6326 3408//6326 3120//6326
f 3124//6327 3409//6327 3126//6327
f 3123//6328 3409//6328 3124//6328
f 3408//6329 3409//6329 3123//6329
f 3126//6330 3410//6330 3127//6330
f 3409//6331 3410//6331 3126//6331
f 3127//6332 3410//6332 3132//6332
f 3410//6333 3411//6333 3132//6333
f 3132//6334 3411//6334 3133//6334
f 3133//6335 3411//6335 3136//6335
f 3137//6336 3412//6336 3140//6336
f 3411//6337 3412//6337 3136//6337
f 3136//6338 3412//6338 3137//6338
f 3140//6339 3412//6339 3142//6339
f 3412//6340 3413//6340 3142//6340
f 3142//6341 3413//6341 3146//6341
f 3146//6342 3413//6342 3147//6342
f 3413//6343 3414//6343 3147//6343
f 3147//6344 3414//6344 3149//6344
f 3152//6345 3415//6345 3153//6345
f 3414//6346 3415//6346 3149//6346
f 3153//6347 3415//6347 3156//6347
f 3149//6348 3415//6348 3151//6348
f 3151//6349 3415//6349 3152//6349
f 3144//6350 3416//6350 3158//6350
f 3155//6351 3416//6351 3144//6351
f 3415//6352 3417//6352 3156//6352
f 3155//6353 3418//6353 3416//6353
f 3158//6354 3418//6354 3159//6354
f 3416//6355 3418//6355 3158//6355
f 3163//6356 3419//6356 3162//6356
f 3417//6357 3419//6357 3156//6357
f 3159//6358 3420//6358 2693//6358
f 2691//6359 3420//6359 2689//6359
f 3155//6360 3420//6360 3418//6360
f 2693//6361 3420//6361 2691//6361
f 3418//6362 3420//6362 3159//6362
f 3419//6363 3421//6363 3156//6363
f 3420//6364 3421//6364 2689//6364
f 2689//6365 3421//6365 2687//6365
f 3156//6366 3421//6366 3155//6366
f 3155//6367 3421//6367 3420//6367
f 3161//6368 3422//6368 1856//6368
f 1854//6369 3422//6369 1850//6369
f 1856//6370 3422//6370 1854//6370
f 3164//6371 3423//6371 3163//6371
f 3165//6372 3423//6372 3164//6372
f 3421//6373 3423//6373 2687//6373
f 3163//6374 3423//6374 3419//6374
f 3419//6375 3423//6375 3421//6375
f 3165//6376 3424//6376 3423//6376
f 3166//6377 3424//6377 3165//6377
f 3423//6378 3424//6378 2687//6378
f 3166//6379 3425//6379 3424//6379
f 3424//6380 3425//6380 2687//6380
f 3166//6381 3426//6381 3425//6381
f 3425//6382 3426//6382 2687//6382
f 2688//6383 3426//6383 3167//6383
f 2687//6384 3426//6384 2688//6384
f 3167//6385 3426//6385 3166//6385
f 2694//6386 3427//6386 3169//6386
f 2690//6387 3427//6387 2692//6387
f 3169//6388 3427//6388 3168//6388
f 3168//6389 3427//6389 2690//6389
f 2692//6390 3427//6390 2694//6390
f 2699//6391 3428//6391 2703//6391
f 3171//6392 3428//6392 3170//6392
f 3170//6393 3428//6393 2697//6393
f 2697//6394 3428//6394 2699//6394
f 2703//6395 3429//6395 2702//6395
f 3171//6396 3429//6396 3428//6396
f 3428//6397 3429//6397 2703//6397
f 2702//6398 3429//6398 2704//6398
f 3172//6399 3429//6399 3171//6399
f 3173//6400 3429//6400 3172//6400
f 2704//6401 3429//6401 3173//6401
f 1873//6402 3430//6402 1871//6402
f 1871//6403 3430//6403 3172//6403
f 3173//6404 3430//6404 1873//6404
f 3172//6405 3430//6405 3173//6405
f 2722//6406 3431//6406 2721//6406
f 2721//6407 3431//6407 2720//6407
f 2719//6408 3431//6408 3194//6408
f 2720//6409 3431//6409 2719//6409
f 2722//6410 3432//6410 3431//6410
f 2722//6411 3433//6411 3432//6411
f 2724//6412 3433//6412 2722//6412
f 2724//6413 3434//6413 3433//6413
f 2724//6414 3435//6414 3434//6414
f 2725//6415 3435//6415 2724//6415
f 2725//6416 3436//6416 3435//6416
f 2725//6417 3437//6417 3436//6417
f 2727//6418 3437//6418 2725//6418
f 2727//6419 3438//6419 3437//6419
f 2730//6420 3438//6420 2728//6420
f 2728//6421 3438//6421 2727//6421
f 2738//6422 3439//6422 2736//6422
f 2736//6423 3439//6423 2735//6423
f 3195//6424 3440//6424 2738//6424
f 2743//6425 3440//6425 3196//6425
f 3196//6426 3440//6426 3195//6426
f 2738//6427 3440//6427 3439//6427
f 2744//6428 3440//6428 2743//6428
f 2745//6429 3440//6429 2744//6429
f 3197//6430 3441//6430 2745//6430
f 2745//6431 3441//6431 3440//6431
f 3198//6432 3441//6432 3197//6432
f 3199//6433 3442//6433 3198//6433
f 3200//6434 3442//6434 3199//6434
f 3201//6435 3442//6435 3200//6435
f 3198//6436 3442//6436 3441//6436
f 3203//6437 3443//6437 3202//6437
f 3201//6438 3443//6438 3442//6438
f 3202//6439 3443//6439 3201//6439
f 3203//6440 3444//6440 3443//6440
f 2568//6441 3444//6441 3203//6441
f 2570//6442 3445//6442 2568//6442
f 2568//6443 3445//6443 3444//6443
f 2570//6444 3446//6444 3445//6444
f 2570//6445 3447//6445 3446//6445
f 2572//6446 3447//6446 2570//6446
f 3208//6447 3448//6447 3206//6447
f 3449//6448 3448//6448 3208//6448
f 3450//6449 3451//6449 3448//6449
f 3448//6450 3451//6450 3206//6450
f 3204//6451 3452//6451 2575//6451
f 3205//6452 3452//6452 3204//6452
f 3451//6453 3452//6453 3206//6453
f 3206//6454 3452//6454 3205//6454
f 2575//6455 3452//6455 3451//6455
f 3213//6456 3453//6456 3211//6456
f 3208//6457 3454//6457 3455//6457
f 3455//6458 3454//6458 3453//6458
f 3453//6459 3454//6459 3211//6459
f 3211//6460 3456//6460 3210//6460
f 3208//6461 3456//6461 3454//6461
f 3207//6462 3456//6462 3208//6462
f 3210//6463 3456//6463 3207//6463
f 3454//6464 3456//6464 3211//6464
f 3223//6465 3457//6465 3219//6465
f 3225//6466 3457//6466 3223//6466
f 3458//6467 3459//6467 3460//6467
f 3457//6468 3459//6468 3458//6468
f 3457//6469 3461//6469 3459//6469
f 3225//6470 3461//6470 3457//6470
f 3229//6471 3461//6471 3225//6471
f 3461//6472 3462//6472 3459//6472
f 3229//6473 3462//6473 3461//6473
f 3226//6474 3462//6474 3229//6474
f 3226//6475 3463//6475 3464//6475
f 3226//6476 3465//6476 3463//6476
f 3232//6477 3465//6477 3233//6477
f 3233//6478 3465//6478 3226//6478
f 3466//6479 3467//6479 3468//6479
f 3237//6480 3467//6480 3466//6480
f 3240//6481 3467//6481 3237//6481
f 3467//6482 3469//6482 3468//6482
f 3240//6483 3469//6483 3467//6483
f 3241//6484 3469//6484 3240//6484
f 3238//6485 3470//6485 3236//6485
f 3236//6486 3470//6486 3234//6486
f 3234//6487 3470//6487 3239//6487
f 3239//6488 3470//6488 2765//6488
f 3241//6489 3471//6489 3469//6489
f 2081//6490 3472//6490 2076//6490
f 3470//6491 3472//6491 2765//6491
f 2765//6492 3472//6492 2081//6492
f 2076//6493 3472//6493 3238//6493
f 3238//6494 3472//6494 3470//6494
f 3473//6495 3474//6495 3475//6495
f 3471//6496 3474//6496 3473//6496
f 3241//6497 3474//6497 3471//6497
f 2773//6498 3476//6498 3242//6498
f 2774//6499 3476//6499 2773//6499
f 2775//6500 3476//6500 2774//6500
f 3241//6501 3476//6501 3474//6501
f 3242//6502 3476//6502 3241//6502
f 3477//6503 3478//6503 3475//6503
f 3475//6504 3478//6504 3479//6504
f 3477//6505 3480//6505 3478//6505
f 3247//6506 3481//6506 3246//6506
f 3477//6507 3482//6507 3480//6507
f 3481//6508 3482//6508 3246//6508
f 3480//6509 3482//6509 3481//6509
f 3244//6510 3482//6510 3243//6510
f 3246//6511 3482//6511 3244//6511
f 3481//6512 3483//6512 3484//6512
f 3247//6513 3483//6513 3481//6513
f 3251//6514 3485//6514 3249//6514
f 3251//6515 3486//6515 3485//6515
f 3253//6516 3486//6516 3251//6516
f 3253//6517 3487//6517 3486//6517
f 3259//6518 3487//6518 3253//6518
f 2785//6519 3488//6519 2784//6519
f 2784//6520 3488//6520 3255//6520
f 3262//6521 3488//6521 2785//6521
f 2790//6522 3489//6522 3262//6522
f 3262//6523 3489//6523 3488//6523
f 2789//6524 3490//6524 2790//6524
f 2790//6525 3490//6525 3489//6525
f 2789//6526 3491//6526 3490//6526
f 2795//6527 3491//6527 2793//6527
f 2791//6528 3491//6528 2789//6528
f 2796//6529 3491//6529 2795//6529
f 2793//6530 3491//6530 2791//6530
f 2802//6531 3492//6531 2801//6531
f 2801//6532 3492//6532 2799//6532
f 3491//6533 3492//6533 3493//6533
f 2799//6534 3492//6534 2798//6534
f 2796//6535 3492//6535 3491//6535
f 2798//6536 3492//6536 2796//6536
f 2802//6537 3494//6537 3492//6537
f 3492//6538 3494//6538 3493//6538
f 3494//6539 3495//6539 3493//6539
f 2802//6540 3495//6540 3494//6540
f 2803//6541 3496//6541 2802//6541
f 2802//6542 3496//6542 3495//6542
f 2803//6543 3497//6543 3496//6543
f 2803//6544 3498//6544 3497//6544
f 2804//6545 3498//6545 2803//6545
f 2804//6546 3499//6546 3498//6546
f 2805//6547 3499//6547 2804//6547
f 2806//6548 3499//6548 2805//6548
f 2807//6549 3499//6549 2806//6549
f 3263//6550 3499//6550 2807//6550
f 2367//6551 3500//6551 2372//6551
f 3285//6552 3500//6552 3284//6552
f 3286//6553 3500//6553 3285//6553
f 3284//6554 3500//6554 2367//6554
f 2372//6555 3501//6555 2377//6555
f 3500//6556 3501//6556 2372//6556
f 3500//6557 3502//6557 3501//6557
f 3500//6558 3503//6558 3502//6558
f 3286//6559 3503//6559 3500//6559
f 3286//6560 3504//6560 3503//6560
f 2867//6561 3504//6561 2864//6561
f 2864//6562 3504//6562 3295//6562
f 3295//6563 3504//6563 3289//6563
f 3289//6564 3504//6564 3286//6564
f 3504//6565 3505//6565 3503//6565
f 2867//6566 3506//6566 3504//6566
f 2869//6567 3506//6567 2867//6567
f 2875//6568 3506//6568 2873//6568
f 2873//6569 3506//6569 2869//6569
f 3504//6570 3506//6570 3505//6570
f 3302//6571 3507//6571 3303//6571
f 2858//6572 3507//6572 3302//6572
f 2862//6573 3507//6573 2858//6573
f 2862//6574 3508//6574 3507//6574
f 3507//6575 3508//6575 3303//6575
f 3305//6576 3508//6576 2862//6576
f 3508//6577 3509//6577 3303//6577
f 3305//6578 3509//6578 3508//6578
f 1896//6579 3509//6579 3305//6579
f 3509//6580 3510//6580 3303//6580
f 3303//6581 3510//6581 3304//6581
f 3510//6582 3511//6582 3304//6582
f 3511//6583 3512//6583 3304//6583
f 3304//6584 3512//6584 3306//6584
f 3512//6585 3513//6585 3306//6585
f 3513//6586 3514//6586 3306//6586
f 3306//6587 3514//6587 3307//6587
f 3514//6588 3515//6588 3307//6588
f 3307//6589 3515//6589 3308//6589
f 3515//6590 3516//6590 3308//6590
f 3308//6591 3517//6591 3309//6591
f 3516//6592 3517//6592 3308//6592
f 3517//6593 3518//6593 3309//6593
f 3309//6594 3519//6594 3310//6594
f 3518//6595 3519//6595 3309//6595
f 3519//6596 3520//6596 3310//6596
f 3310//6597 3521//6597 3311//6597
f 3520//6598 3521//6598 3310//6598
f 3521//6599 3522//6599 3311//6599
f 3522//6600 3523//6600 3311//6600
f 3523//6601 3524//6601 3311//6601
f 3311//6602 3524//6602 3312//6602
f 3312//6603 3525//6603 3313//6603
f 3524//6604 3525//6604 3312//6604
f 3525//6605 3526//6605 3313//6605
f 3526//6606 3527//6606 3313//6606
f 3313//6607 3527//6607 3314//6607
f 3527//6608 3528//6608 3314//6608
f 3528//6609 3529//6609 3314//6609
f 3314//6610 3529//6610 3315//6610
f 3529//6611 3530//6611 3315//6611
f 3315//6612 3531//6612 3316//6612
f 3530//6613 3531//6613 3315//6613
f 3531//6614 3532//6614 3316//6614
f 3532//6615 3533//6615 3316//6615
f 3316//6616 3533//6616 3317//6616
f 3533//6617 3534//6617 3317//6617
f 3534//6618 3535//6618 3317//6618
f 3317//6619 3535//6619 3318//6619
f 3535//6620 3536//6620 3318//6620
f 3318//6621 3537//6621 3319//6621
f 3536//6622 3537//6622 3318//6622
f 3537//6623 3538//6623 3319//6623
f 3538//6624 3539//6624 3319//6624
f 3539//6625 3540//6625 3319//6625
f 3319//6626 3540//6626 3320//6626
f 3540//6627 3541//6627 3320//6627
f 3541//6628 3542//6628 3320//6628
f 3320//6629 3542//6629 3321//6629
f 3542//6630 3543//6630 3321//6630
f 3321//6631 3543//6631 3322//6631
f 3543//6632 3544//6632 3322//6632
f 3544//6633 3545//6633 3322//6633
f 3545//6634 3546//6634 3322//6634
f 3322//6635 3546//6635 3323//6635
f 3546//6636 3547//6636 3323//6636
f 3323//6637 3548//6637 3324//6637
f 3547//6638 3548//6638 3323//6638
f 3548//6639 3549//6639 3324//6639
f 3549//6640 3550//6640 3324//6640
f 3324//6641 3550//6641 3325//6641
f 3325//6642 3551//6642 3326//6642
f 3550//6643 3551//6643 3325//6643
f 3551//6644 3552//6644 3326//6644
f 3326//6645 3553//6645 3327//6645
f 3552//6646 3553//6646 3326//6646
f 3553//6647 3554//6647 3327//6647
f 3554//6648 3555//6648 3327//6648
f 3327//6649 3555//6649 3328//6649
f 3555//6650 3556//6650 3328//6650
f 3556//6651 3557//6651 3328//6651
f 3328//6652 3557//6652 3329//6652
f 3557//6653 3558//6653 3329//6653
f 3329//6654 3559//6654 3330//6654
f 3558//6655 3559//6655 3329//6655
f 3559//6656 3560//6656 3330//6656
f 3330//6657 3561//6657 3331//6657
f 3560//6658 3561//6658 3330//6658
f 3561//6659 3562//6659 3331//6659
f 3331//6660 3563//6660 3332//6660
f 3562//6661 3563//6661 3331//6661
f 3563//6662 3564//6662 3332//6662
f 3564//6663 3565//6663 3332//6663
f 3565//6664 3566//6664 3332//6664
f 3332//6665 3566//6665 3333//6665
f 3566//6666 3567//6666 3333//6666
f 3567//6667 3568//6667 3333//6667
f 3333//6668 3568//6668 3334//6668
f 3568//6669 3569//6669 3334//6669
f 3334//6670 3569//6670 3335//6670
f 3569//6671 3570//6671 3335//6671
f 3570//6672 3571//6672 3335//6672
f 3571//6673 3572//6673 3335//6673
f 3335//6674 3572//6674 3336//6674
f 3572//6675 3573//6675 3336//6675
f 3573//6676 3574//6676 3336//6676
f 3336//6677 3574//6677 3337//6677
f 3574//6678 3575//6678 3337//6678
f 3337//6679 3575//6679 3338//6679
f 3575//6680 3576//6680 3338//6680
f 3576//6681 3577//6681 3338//6681
f 3338//6682 3577//6682 3339//6682
f 3577//6683 3578//6683 3339//6683
f 3339//6684 3579//6684 3340//6684
f 3578//6685 3579//6685 3339//6685
f 3579//6686 3580//6686 3340//6686
f 3340//6687 3581//6687 3341//6687
f 3580//6688 3581//6688 3340//6688
f 3581//6689 3582//6689 3341//6689
f 3341//6690 3583//6690 3342//6690
f 3582//6691 3583//6691 3341//6691
f 3583//6692 3584//6692 3342//6692
f 3584//6693 3585//6693 3342//6693
f 3342//6694 3585//6694 3343//6694
f 3585//6695 3586//6695 3343//6695
f 3586//6696 3587//6696 3343//6696
f 3343//6697 3587//6697 3344//6697
f 3587//6698 3588//6698 3344//6698
f 3588//6699 3589//6699 3344//6699
f 3344//6700 3589//6700 3345//6700
f 3589//6701 3590//6701 3345//6701
f 3590//6702 3591//6702 3345//6702
f 3345//6703 3592//6703 3346//6703
f 3591//6704 3592//6704 3345//6704
f 3592//6705 3593//6705 3346//6705
f 3346//6706 3594//6706 3347//6706
f 3593//6707 3594//6707 3346//6707
f 3594//6708 3595//6708 3347//6708
f 3595//6709 3596//6709 3347//6709
f 3347//6710 3596//6710 3348//6710
f 3596//6711 3597//6711 3348//6711
f 3348//6712 3598//6712 3349//6712
f 3597//6713 3598//6713 3348//6713
f 3349//6714 3599//6714 3350//6714
f 3598//6715 3599//6715 3349//6715
f 3599//6716 3600//6716 3350//6716
f 3600//6717 3601//6717 3350//6717
f 3350//6718 3601//6718 3351//6718
f 3601//6719 3602//6719 3351//6719
f 3602//6720 3603//6720 3351//6720
f 3603//6721 3604//6721 3351//6721
f 3351//6722 3604//6722 3352//6722
f 3604//6723 3605//6723 3352//6723
f 3605//6724 3606//6724 3352//6724
f 3352//6725 3606//6725 3353//6725
f 3606//6726 3607//6726 3353//6726
f 3353//6727 3608//6727 3354//6727
f 3607//6728 3608//6728 3353//6728
f 3608//6729 3609//6729 3354//6729
f 3609//6730 3610//6730 3354//6730
f 3354//6731 3610//6731 3355//6731
f 3610//6732 3611//6732 3355//6732
f 3355//6733 3611//6733 3356//6733
f 3611//6734 3612//6734 3356//6734
f 3612//6735 3613//6735 3356//6735
f 3356//6736 3613//6736 3357//6736
f 3613//6737 3614//6737 3357//6737
f 3614//6738 3615//6738 3357//6738
f 3357//6739 3615//6739 3358//6739
f 3615//6740 3616//6740 3358//6740
f 3358//6741 3617//6741 3359//6741
f 3616//6742 3617//6742 3358//6742
f 3617//6743 3618//6743 3359//6743
f 3359//6744 3619//6744 3360//6744
f 3618//6745 3619//6745 3359//6745
f 3619//6746 3620//6746 3360//6746
f 3620//6747 3621//6747 3360//6747
f 3621//6748 3622//6748 3360//6748
f 3360//6749 3622//6749 3361//6749
f 3622//6750 3623//6750 3361//6750
f 3361//6751 3624//6751 3362//6751
f 3623//6752 3624//6752 3361//6752
f 3624//6753 3625//6753 3362//6753
f 3362//6754 3625//6754 3363//6754
f 3625//6755 3626//6755 3363//6755
f 3626//6756 3627//6756 3363//6756
f 3363//6757 3628//6757 3364//6757
f 3627//6758 3628//6758 3363//6758
f 3628//6759 3629//6759 3364//6759
f 3364//6760 3630//6760 3365//6760
f 3629//6761 3630//6761 3364//6761
f 3365//6762 3631//6762 3366//6762
f 3630//6763 3631//6763 3365//6763
f 3631//6764 3632//6764 3366//6764
f 3366//6765 3633//6765 3367//6765
f 3632//6766 3633//6766 3366//6766
f 3633//6767 3634//6767 3367//6767
f 3634//6768 3635//6768 3367//6768
f 3635//6769 3636//6769 3367//6769
f 3367//6770 3636//6770 3368//6770
f 3636//6771 3637//6771 3368//6771
f 3368//6772 3637//6772 3369//6772
f 3637//6773 3638//6773 3369//6773
f 3638//6774 3639//6774 3369//6774
f 3639//6775 3640//6775 3369//6775
f 3369//6776 3640//6776 3370//6776
f 3640//6777 3641//6777 3370//6777
f 3370//6778 3642//6778 3371//6778
f 3641//6779 3642//6779 3370//6779
f 3642//6780 3643//6780 3371//6780
f 3371//6781 3643//6781 3372//6781
f 3643//6782 3644//6782 3372//6782
f 3372//6783 3645//6783 3373//6783
f 3644//6784 3645//6784 3372//6784
f 3645//6785 3646//6785 3373//6785
f 3646//6786 3647//6786 3373//6786
f 3373//6787 3648//6787 3374//6787
f 3647//6788 3648//6788 3373//6788
f 3648//6789 3649//6789 3374//6789
f 3374//6790 3650//6790 3375//6790
f 3649//6791 3650//6791 3374//6791
f 3375//6792 3651//6792 3376//6792
f 3650//6793 3651//6793 3375//6793
f 3651//6794 3652//6794 3376//6794
f 3652//6795 3653//6795 3376//6795
f 3376//6796 3653//6796 3377//6796
f 3653//6797 3654//6797 3377//6797
f 3377//6798 3655//6798 3378//6798
f 3654//6799 3655//6799 3377//6799
f 3655//6800 3656//6800 3378//6800
f 3656//6801 3657//6801 3378//6801
f 3657//6802 3658//6802 3378//6802
f 3378//6803 3658//6803 3379//6803
f 3658//6804 3659//6804 3379//6804
f 3379//6805 3660//6805 3380//6805
f 3659//6806 3660//6806 3379//6806
f 3380//6807 3661//6807 3381//6807
f 3660//6808 3661//6808 3380//6808
f 3661//6809 3662//6809 3381//6809
f 3662//6810 3663//6810 3381//6810
f 3663//6811 3664//6811 3381//6811
f 3381//6812 3664//6812 3382//6812
f 3664//6813 3665//6813 3382//6813
f 3665//6814 3666//6814 3382//6814
f 3382//6815 3666//6815 3383//6815
f 3666//6816 3667//6816 3383//6816
f 3383//6817 3667//6817 3384//6817
f 3667//6818 3668//6818 3384//6818
f 2526//6819 3669//6819 2527//6819
f 3668//6820 3670//6820 3384//6820
f 3384//6821 3670//6821 3385//6821
f 3670//6822 3671//6822 3385//6822
f 3671//6823 3672//6823 3385//6823
f 3385//6824 3672//6824 3386//6824
f 3672//6825 3673//6825 3386//6825
f 3394//6826 3674//6826 3396//6826
f 2527//6827 3674//6827 2528//6827
f 3669//6828 3674//6828 2527//6828
f 3675//6829 3674//6829 3669//6829
f 2528//6830 3674//6830 3390//6830
f 3390//6831 3674//6831 3394//6831
f 3673//6832 3676//6832 3386//6832
f 3386//6833 3676//6833 3387//6833
f 3676//6834 3677//6834 3387//6834
f 3674//6835 3678//6835 3396//6835
f 3675//6836 3678//6836 3674//6836
f 3677//6837 3679//6837 3387//6837
f 3387//6838 3679//6838 3388//6838
f 3679//6839 3680//6839 3388//6839
f 3680//6840 3681//6840 3388//6840
f 3388//6841 3681//6841 3389//6841
f 3681//6842 3682//6842 3389//6842
f 3389//6843 3683//6843 3391//6843
f 3682//6844 3683//6844 3389//6844
f 3683//6845 3684//6845 3391//6845
f 3684//6846 3685//6846 3391//6846
f 3685//6847 3686//6847 3391//6847
f 3391//6848 3686//6848 3392//6848
f 3134//6849 3687//6849 3128//6849
f 3128//6850 3687//6850 3125//6850
f 3125//6851 3687//6851 3121//6851
f 3134//6852 3688//6852 3687//6852
f 3396//6853 3688//6853 3403//6853
f 3403//6854 3688//6854 3401//6854
f 3689//6855 3688//6855 3678//6855
f 3687//6856 3688//6856 3689//6856
f 3401//6857 3688//6857 3138//6857
f 3678//6858 3688//6858 3396//6858
f 3138//6859 3688//6859 3134//6859
f 3392//6860 3690//6860 3395//6860
f 3686//6861 3690//6861 3392//6861
f 3690//6862 3691//6862 3395//6862
f 3395//6863 3692//6863 3397//6863
f 3691//6864 3692//6864 3395//6864
f 3692//6865 3693//6865 3397//6865
f 3397//6866 3694//6866 3398//6866
f 3693//6867 3694//6867 3397//6867
f 3694//6868 3695//6868 3398//6868
f 3398//6869 3696//6869 3399//6869
f 3695//6870 3696//6870 3398//6870
f 3696//6871 3697//6871 3399//6871
f 3399//6872 3698//6872 3400//6872
f 3697//6873 3698//6873 3399//6873
f 3698//6874 3699//6874 3400//6874
f 3699//6875 3700//6875 3400//6875
f 3400//6876 3700//6876 3404//6876
f 3700//6877 3701//6877 3404//6877
f 3701//6878 3702//6878 3404//6878
f 3702//6879 3703//6879 3404//6879
f 3404//6880 3703//6880 3405//6880
f 3703//6881 3704//6881 3405//6881
f 3405//6882 3705//6882 3406//6882
f 3704//6883 3705//6883 3405//6883
f 3406//6884 3706//6884 3407//6884
f 3705//6885 3706//6885 3406//6885
f 3706//6886 3707//6886 3407//6886
f 3707//6887 3708//6887 3407//6887
f 3407//6888 3708//6888 3408//6888
f 3708//6889 3709//6889 3408//6889
f 3709//6890 3710//6890 3408//6890
f 3408//6891 3710//6891 3409//6891
f 3710//6892 3711//6892 3409//6892
f 3711//6893 3712//6893 3409//6893
f 3409//6894 3712//6894 3410//6894
f 3712//6895 3713//6895 3410//6895
f 3713//6896 3714//6896 3410//6896
f 3410//6897 3714//6897 3411//6897
f 3714//6898 3715//6898 3411//6898
f 3715//6899 3716//6899 3411//6899
f 3411//6900 3717//6900 3412//6900
f 3716//6901 3717//6901 3411//6901
f 3717//6902 3718//6902 3412//6902
f 3412//6903 3719//6903 3413//6903
f 3718//6904 3719//6904 3412//6904
f 3719//6905 3720//6905 3413//6905
f 3413//6906 3721//6906 3414//6906
f 3720//6907 3721//6907 3413//6907
f 3721//6908 3722//6908 3414//6908
f 3414//6909 3723//6909 3415//6909
f 3722//6910 3723//6910 3414//6910
f 3415//6911 3724//6911 3417//6911
f 3723//6912 3724//6912 3415//6912
f 3724//6913 3725//6913 3417//6913
f 3422//6914 3725//6914 1850//6914
f 3161//6915 3726//6915 3422//6915
f 3725//6916 3726//6916 3417//6916
f 3422//6917 3726//6917 3725//6917
f 3162//6918 3727//6918 3161//6918
f 3161//6919 3727//6919 3726//6919
f 3419//6920 3727//6920 3162//6920
f 3417//6921 3727//6921 3419//6921
f 3726//6922 3727//6922 3417//6922
f 3187//6923 3728//6923 3186//6923
f 3192//6924 3728//6924 3191//6924
f 3191//6925 3728//6925 3190//6925
f 3190//6926 3728//6926 3189//6926
f 3193//6927 3728//6927 3192//6927
f 3194//6928 3728//6928 3193//6928
f 3181//6929 3728//6929 3180//6929
f 3183//6930 3728//6930 3182//6930
f 3182//6931 3728//6931 3181//6931
f 3180//6932 3728//6932 3179//6932
f 3188//6933 3728//6933 3187//6933
f 3189//6934 3728//6934 3188//6934
f 3184//6935 3728//6935 3183//6935
f 3185//6936 3728//6936 3184//6936
f 3179//6937 3728//6937 2536//6937
f 3186//6938 3728//6938 3185//6938
f 3194//6939 3729//6939 3728//6939
f 3432//6940 3729//6940 3431//6940
f 3431//6941 3729//6941 3194//6941
f 3728//6942 3729//6942 2536//6942
f 3435//6943 3730//6943 3434//6943
f 3433//6944 3730//6944 3432//6944
f 3432//6945 3730//6945 3729//6945
f 3437//6946 3730//6946 3436//6946
f 3438//6947 3730//6947 3437//6947
f 3436//6948 3730//6948 3435//6948
f 3434//6949 3730//6949 3433//6949
f 2735//6950 3731//6950 2734//6950
f 3439//6951 3731//6951 2735//6951
f 2730//6952 3731//6952 3438//6952
f 3438//6953 3731//6953 3730//6953
f 2733//6954 3731//6954 2732//6954
f 2732//6955 3731//6955 2730//6955
f 2734//6956 3731//6956 2733//6956
f 3443//6957 3732//6957 3442//6957
f 3442//6958 3732//6958 3441//6958
f 3732//6959 3733//6959 3734//6959
f 3443//6960 3733//6960 3732//6960
f 3444//6961 3733//6961 3443//6961
f 3444//6962 3735//6962 3733//6962
f 3445//6963 3735//6963 3444//6963
f 3734//6964 3735//6964 3736//6964
f 3733//6965 3735//6965 3734//6965
f 3736//6966 3737//6966 3450//6966
f 3445//6967 3737//6967 3735//6967
f 3735//6968 3737//6968 3736//6968
f 3447//6969 3737//6969 3446//6969
f 3446//6970 3737//6970 3445//6970
f 3449//6971 3738//6971 3448//6971
f 3448//6972 3738//6972 3450//6972
f 3737//6973 3739//6973 3450//6973
f 3447//6974 3739//6974 3737//6974
f 2573//6975 3739//6975 2572//6975
f 2575//6976 3739//6976 2573//6976
f 2572//6977 3739//6977 3447//6977
f 3451//6978 3739//6978 2575//6978
f 3450//6979 3739//6979 3451//6979
f 3453//6980 3740//6980 3455//6980
f 3213//6981 3741//6981 3453//6981
f 3213//6982 3742//6982 3741//6982
f 3215//6983 3742//6983 3213//6983
f 3741//6984 3742//6984 3743//6984
f 3215//6985 3744//6985 3742//6985
f 3743//6986 3744//6986 3745//6986
f 3742//6987 3744//6987 3743//6987
f 3219//6988 3744//6988 3215//6988
f 3457//6989 3746//6989 3219//6989
f 3219//6990 3746//6990 3744//6990
f 3458//6991 3746//6991 3457//6991
f 3747//6992 3748//6992 3460//6992
f 3460//6993 3748//6993 3458//6993
f 3458//6994 3748//6994 3749//6994
f 3460//6995 3750//6995 3747//6995
f 3459//6996 3750//6996 3460//6996
f 3226//6997 3750//6997 3462//6997
f 3751//6998 3750//6998 3464//6998
f 3464//6999 3750//6999 3226//6999
f 3747//7000 3750//7000 3751//7000
f 3462//7001 3750//7001 3459//7001
f 3463//7002 3752//7002 3464//7002
f 3465//7003 3752//7003 3463//7003
f 3464//7004 3752//7004 3753//7004
f 3465//7005 3754//7005 3752//7005
f 3465//7006 3755//7006 3754//7006
f 3232//7007 3756//7007 3465//7007
f 3466//7008 3756//7008 3237//7008
f 3237//7009 3756//7009 3232//7009
f 3465//7010 3756//7010 3755//7010
f 3469//7011 3757//7011 3468//7011
f 3471//7012 3757//7012 3469//7012
f 3473//7013 3757//7013 3471//7013
f 3757//7014 3758//7014 3759//7014
f 3473//7015 3758//7015 3757//7015
f 3478//7016 3760//7016 3479//7016
f 3480//7017 3760//7017 3478//7017
f 3475//7018 3761//7018 3477//7018
f 3474//7019 3761//7019 3475//7019
f 3476//7020 3761//7020 3474//7020
f 3476//7021 3762//7021 3761//7021
f 3245//7022 3762//7022 2775//7022
f 2585//7023 3762//7023 3245//7023
f 2775//7024 3762//7024 3476//7024
f 3247//7025 3763//7025 3483//7025
f 3249//7026 3763//7026 3247//7026
f 3249//7027 3764//7027 3763//7027
f 3249//7028 3765//7028 3764//7028
f 3249//7029 3766//7029 3765//7029
f 3485//7030 3766//7030 3249//7030
f 3487//7031 3767//7031 3486//7031
f 3259//7032 3768//7032 3487//7032
f 3259//7033 3769//7033 3768//7033
f 3255//7034 3769//7034 3259//7034
f 3255//7035 3770//7035 3769//7035
f 3488//7036 3770//7036 3255//7036
f 3490//7037 3771//7037 3489//7037
f 3488//7038 3772//7038 3770//7038
f 3771//7039 3772//7039 3489//7039
f 3489//7040 3772//7040 3488//7040
f 3496//7041 3773//7041 3495//7041
f 3498//7042 3773//7042 3497//7042
f 3499//7043 3773//7043 3498//7043
f 3497//7044 3773//7044 3496//7044
f 3495//7045 3773//7045 3493//7045
f 3773//7046 3774//7046 3493//7046
f 3499//7047 3774//7047 3773//7047
f 3774//7048 3775//7048 3493//7048
f 3499//7049 3775//7049 3774//7049
f 3499//7050 3776//7050 3775//7050
f 3493//7051 3776//7051 2536//7051
f 3263//7052 3776//7052 3499//7052
f 3264//7053 3776//7053 3263//7053
f 3265//7054 3776//7054 3264//7054
f 3266//7055 3776//7055 3265//7055
f 3267//7056 3776//7056 3266//7056
f 3775//7057 3776//7057 3493//7057
f 3268//7058 3776//7058 3267//7058
f 3269//7059 3776//7059 3268//7059
f 2536//7060 3776//7060 3270//7060
f 3270//7061 3776//7061 3269//7061
f 3503//7062 3777//7062 3502//7062
f 2377//7063 3777//7063 2382//7063
f 3502//7064 3777//7064 3501//7064
f 3501//7065 3777//7065 2377//7065
f 2382//7066 3778//7066 2387//7066
f 3777//7067 3778//7067 2382//7067
f 3777//7068 3779//7068 3778//7068
f 3503//7069 3780//7069 3777//7069
f 3777//7070 3780//7070 3779//7070
f 3505//7071 3781//7071 3503//7071
f 2875//7072 3781//7072 3506//7072
f 3506//7073 3781//7073 3505//7073
f 3503//7074 3781//7074 3780//7074
f 3781//7075 3782//7075 3780//7075
f 2875//7076 3783//7076 3781//7076
f 3781//7077 3783//7077 3782//7077
f 2879//7078 3783//7078 2875//7078
f 2881//7079 3783//7079 2879//7079
f 2887//7080 3784//7080 2885//7080
f 2885//7081 3784//7081 2881//7081
f 3783//7082 3784//7082 3782//7082
f 2881//7083 3784//7083 3783//7083
f 1897//7084 3785//7084 1896//7084
f 3510//7085 3785//7085 3511//7085
f 3509//7086 3785//7086 3510//7086
f 1896//7087 3785//7087 3509//7087
f 1899//7088 3786//7088 1897//7088
f 3511//7089 3786//7089 3512//7089
f 1897//7090 3786//7090 3785//7090
f 3785//7091 3786//7091 3511//7091
f 3512//7092 3786//7092 3513//7092
f 1901//7093 3787//7093 1899//7093
f 1899//7094 3787//7094 3786//7094
f 3513//7095 3787//7095 3514//7095
f 3514//7096 3787//7096 3515//7096
f 3786//7097 3787//7097 3513//7097
f 1903//7098 3788//7098 1901//7098
f 1901//7099 3788//7099 3787//7099
f 3515//7100 3788//7100 3516//7100
f 3516//7101 3788//7101 3517//7101
f 3787//7102 3788//7102 3515//7102
f 1905//7103 3789//7103 1903//7103
f 3518//7104 3789//7104 3519//7104
f 1903//7105 3789//7105 3788//7105
f 3517//7106 3789//7106 3518//7106
f 3788//7107 3789//7107 3517//7107
f 1907//7108 3790//7108 1905//7108
f 1905//7109 3790//7109 3789//7109
f 3520//7110 3790//7110 3521//7110
f 3789//7111 3790//7111 3519//7111
f 3519//7112 3790//7112 3520//7112
f 1909//7113 3791//7113 1907//7113
f 1907//7114 3791//7114 3790//7114
f 3790//7115 3791//7115 3521//7115
f 3521//7116 3791//7116 3522//7116
f 3522//7117 3791//7117 3523//7117
f 1911//7118 3792//7118 1909//7118
f 1909//7119 3792//7119 3791//7119
f 3791//7120 3792//7120 3523//7120
f 3523//7121 3792//7121 3524//7121
f 3524//7122 3792//7122 3525//7122
f 1913//7123 3793//7123 1911//7123
f 1911//7124 3793//7124 3792//7124
f 3792//7125 3793//7125 3525//7125
f 3525//7126 3793//7126 3526//7126
f 3526//7127 3793//7127 3527//7127
f 3527//7128 3794//7128 3528//7128
f 1915//7129 3794//7129 1913//7129
f 1913//7130 3794//7130 3793//7130
f 3793//7131 3794//7131 3527//7131
f 3528//7132 3794//7132 3529//7132
f 3794//7133 3795//7133 3529//7133
f 3529//7134 3795//7134 3530//7134
f 3530//7135 3795//7135 3531//7135
f 1917//7136 3795//7136 1915//7136
f 1915//7137 3795//7137 3794//7137
f 3531//7138 3796//7138 3532//7138
f 3532//7139 3796//7139 3533//7139
f 1919//7140 3796//7140 1917//7140
f 3795//7141 3796//7141 3531//7141
f 1917//7142 3796//7142 3795//7142
f 3533//7143 3797//7143 3534//7143
f 3534//7144 3797//7144 3535//7144
f 1921//7145 3797//7145 1919//7145
f 3796//7146 3797//7146 3533//7146
f 1919//7147 3797//7147 3796//7147
f 3535//7148 3798//7148 3536//7148
f 3536//7149 3798//7149 3537//7149
f 3797//7150 3798//7150 3535//7150
f 1923//7151 3798//7151 1921//7151
f 1921//7152 3798//7152 3797//7152
f 1923//7153 3799//7153 3798//7153
f 3798//7154 3799//7154 3537//7154
f 3538//7155 3799//7155 3539//7155
f 3539//7156 3799//7156 3540//7156
f 1925//7157 3799//7157 1923//7157
f 3537//7158 3799//7158 3538//7158
f 3799//7159 3800//7159 3540//7159
f 1925//7160 3800//7160 3799//7160
f 3540//7161 3800//7161 3541//7161
f 1927//7162 3800//7162 1925//7162
f 3541//7163 3800//7163 3542//7163
f 1927//7164 3801//7164 3800//7164
f 3800//7165 3801//7165 3542//7165
f 1929//7166 3801//7166 1927//7166
f 3542//7167 3801//7167 3543//7167
f 1929//7168 3802//7168 3801//7168
f 3801//7169 3802//7169 3543//7169
f 1931//7170 3802//7170 1929//7170
f 3543//7171 3802//7171 3544//7171
f 3544//7172 3802//7172 3545//7172
f 3545//7173 3802//7173 3546//7173
f 3802//7174 3803//7174 3546//7174
f 1933//7175 3803//7175 1931//7175
f 1931//7176 3803//7176 3802//7176
f 3546//7177 3803//7177 3547//7177
f 3547//7178 3803//7178 3548//7178
f 3803//7179 3804//7179 3548//7179
f 1935//7180 3804//7180 1933//7180
f 1933//7181 3804//7181 3803//7181
f 3548//7182 3804//7182 3549//7182
f 3804//7183 3805//7183 3549//7183
f 1937//7184 3805//7184 1935//7184
f 1935//7185 3805//7185 3804//7185
f 3549//7186 3805//7186 3550//7186
f 3550//7187 3805//7187 3551//7187
f 3805//7188 3806//7188 3551//7188
f 1939//7189 3806//7189 1937//7189
f 1937//7190 3806//7190 3805//7190
f 3551//7191 3806//7191 3552//7191
f 3552//7192 3806//7192 3553//7192
f 3553//7193 3807//7193 3554//7193
f 1939//7194 3807//7194 3806//7194
f 1941//7195 3807//7195 1939//7195
f 3806//7196 3807//7196 3553//7196
f 3554//7197 3807//7197 3555//7197
f 3556//7198 3808//7198 3557//7198
f 1941//7199 3808//7199 3807//7199
f 3807//7200 3808//7200 3555//7200
f 1943//7201 3808//7201 1941//7201
f 3555//7202 3808//7202 3556//7202
f 1943//7203 3809//7203 3808//7203
f 1945//7204 3809//7204 1943//7204
f 3808//7205 3809//7205 3557//7205
f 3557//7206 3809//7206 3558//7206
f 3558//7207 3809//7207 3559//7207
f 3560//7208 3810//7208 3561//7208
f 3559//7209 3810//7209 3560//7209
f 1945//7210 3810//7210 3809//7210
f 1947//7211 3810//7211 1945//7211
f 3809//7212 3810//7212 3559//7212
f 3562//7213 3811//7213 3563//7213
f 3561//7214 3811//7214 3562//7214
f 3810//7215 3811//7215 3561//7215
f 1949//7216 3811//7216 1947//7216
f 1947//7217 3811//7217 3810//7217
f 3564//7218 3812//7218 3565//7218
f 3565//7219 3812//7219 3566//7219
f 3563//7220 3812//7220 3564//7220
f 1949//7221 3812//7221 3811//7221
f 1951//7222 3812//7222 1949//7222
f 3811//7223 3812//7223 3563//7223
f 3812//7224 3813//7224 3566//7224
f 3566//7225 3813//7225 3567//7225
f 3567//7226 3813//7226 3568//7226
f 1951//7227 3813//7227 3812//7227
f 1953//7228 3813//7228 1951//7228
f 3568//7229 3814//7229 3569//7229
f 3813//7230 3814//7230 3568//7230
f 1953//7231 3814//7231 3813//7231
f 1955//7232 3814//7232 1953//7232
f 3814//7233 3815//7233 3569//7233
f 3569//7234 3815//7234 3570//7234
f 3570//7235 3815//7235 3571//7235
f 1955//7236 3815//7236 3814//7236
f 1957//7237 3815//7237 1955//7237
f 3815//7238 3816//7238 3571//7238
f 3571//7239 3816//7239 3572//7239
f 3572//7240 3816//7240 3573//7240
f 3573//7241 3816//7241 3574//7241
f 1957//7242 3816//7242 3815//7242
f 1959//7243 3816//7243 1957//7243
f 3574//7244 3817//7244 3575//7244
f 1961//7245 3817//7245 1959//7245
f 3816//7246 3817//7246 3574//7246
f 1959//7247 3817//7247 3816//7247
f 3817//7248 3818//7248 3575//7248
f 3575//7249 3818//7249 3576//7249
f 3576//7250 3818//7250 3577//7250
f 1963//7251 3818//7251 1961//7251
f 1961//7252 3818//7252 3817//7252
f 3818//7253 3819//7253 3577//7253
f 3577//7254 3819//7254 3578//7254
f 3578//7255 3819//7255 3579//7255
f 1965//7256 3819//7256 1963//7256
f 1963//7257 3819//7257 3818//7257
f 3580//7258 3820//7258 3581//7258
f 1967//7259 3820//7259 1965//7259
f 3819//7260 3820//7260 3579//7260
f 1965//7261 3820//7261 3819//7261
f 3579//7262 3820//7262 3580//7262
f 1967//7263 3821//7263 3820//7263
f 3820//7264 3821//7264 3581//7264
f 1966//7265 3821//7265 1967//7265
f 3581//7266 3821//7266 3582//7266
f 3582//7267 3821//7267 3583//7267
f 3584//7268 3822//7268 3585//7268
f 1964//7269 3822//7269 1966//7269
f 1966//7270 3822//7270 3821//7270
f 3583//7271 3822//7271 3584//7271
f 3821//7272 3822//7272 3583//7272
f 1964//7273 3823//7273 3822//7273
f 1962//7274 3823//7274 1964//7274
f 3585//7275 3823//7275 3586//7275
f 3822//7276 3823//7276 3585//7276
f 3586//7277 3823//7277 3587//7277
f 1960//7278 3824//7278 1962//7278
f 3587//7279 3824//7279 3588//7279
f 3823//7280 3824//7280 3587//7280
f 1962//7281 3824//7281 3823//7281
f 3588//7282 3824//7282 3589//7282
f 1960//7283 3825//7283 3824//7283
f 1958//7284 3825//7284 1960//7284
f 3824//7285 3825//7285 3589//7285
f 3589//7286 3825//7286 3590//7286
f 3590//7287 3825//7287 3591//7287
f 3825//7288 3826//7288 3591//7288
f 1956//7289 3826//7289 1958//7289
f 1958//7290 3826//7290 3825//7290
f 3591//7291 3826//7291 3592//7291
f 3592//7292 3826//7292 3593//7292
f 1954//7293 3827//7293 1956//7293
f 3826//7294 3827//7294 3593//7294
f 1956//7295 3827//7295 3826//7295
f 3594//7296 3827//7296 3595//7296
f 3593//7297 3827//7297 3594//7297
f 3596//7298 3828//7298 3597//7298
f 3597//7299 3828//7299 3598//7299
f 1952//7300 3828//7300 1954//7300
f 3827//7301 3828//7301 3595//7301
f 3595//7302 3828//7302 3596//7302
f 1954//7303 3828//7303 3827//7303
f 1952//7304 3829//7304 3828//7304
f 3598//7305 3829//7305 3599//7305
f 3828//7306 3829//7306 3598//7306
f 1950//7307 3829//7307 1952//7307
f 3600//7308 3830//7308 3601//7308
f 1948//7309 3830//7309 1950//7309
f 3599//7310 3830//7310 3600//7310
f 1950//7311 3830//7311 3829//7311
f 3829//7312 3830//7312 3599//7312
f 3830//7313 3831//7313 3601//7313
f 3601//7314 3831//7314 3602//7314
f 1948//7315 3831//7315 3830//7315
f 3602//7316 3831//7316 3603//7316
f 1946//7317 3831//7317 1948//7317
f 3831//7318 3832//7318 3603//7318
f 1946//7319 3832//7319 3831//7319
f 3604//7320 3832//7320 3605//7320
f 3605//7321 3832//7321 3606//7321
f 1944//7322 3832//7322 1946//7322
f 3603//7323 3832//7323 3604//7323
f 3832//7324 3833//7324 3606//7324
f 1944//7325 3833//7325 3832//7325
f 3606//7326 3833//7326 3607//7326
f 1942//7327 3833//7327 1944//7327
f 3833//7328 3834//7328 3607//7328
f 1942//7329 3834//7329 3833//7329
f 3608//7330 3834//7330 3609//7330
f 3607//7331 3834//7331 3608//7331
f 1940//7332 3834//7332 1942//7332
f 3834//7333 3835//7333 3609//7333
f 1940//7334 3835//7334 3834//7334
f 3609//7335 3835//7335 3610//7335
f 3610//7336 3835//7336 3611//7336
f 1938//7337 3835//7337 1940//7337
f 3835//7338 3836//7338 3611//7338
f 1938//7339 3836//7339 3835//7339
f 3612//7340 3836//7340 3613//7340
f 3611//7341 3836//7341 3612//7341
f 1936//7342 3836//7342 1938//7342
f 3836//7343 3837//7343 3613//7343
f 1936//7344 3837//7344 3836//7344
f 3613//7345 3837//7345 3614//7345
f 3614//7346 3837//7346 3615//7346
f 1934//7347 3837//7347 1936//7347
f 3616//7348 3838//7348 3617//7348
f 3837//7349 3838//7349 3615//7349
f 1934//7350 3838//7350 3837//7350
f 3615//7351 3838//7351 3616//7351
f 1932//7352 3838//7352 1934//7352
f 1932//7353 3839//7353 3838//7353
f 3838//7354 3839//7354 3617//7354
f 3618//7355 3839//7355 3619//7355
f 3617//7356 3839//7356 3618//7356
f 1930//7357 3839//7357 1932//7357
f 3619//7358 3840//7358 3620//7358
f 1930//7359 3840//7359 3839//7359
f 3839//7360 3840//7360 3619//7360
f 3620//7361 3840//7361 3621//7361
f 1928//7362 3840//7362 1930//7362
f 3840//7363 3841//7363 3621//7363
f 1928//7364 3841//7364 3840//7364
f 3621//7365 3841//7365 3622//7365
f 1926//7366 3841//7366 1928//7366
f 3622//7367 3841//7367 3623//7367
f 3623//7368 3841//7368 3624//7368
f 3624//7369 3842//7369 3625//7369
f 1926//7370 3842//7370 3841//7370
f 3841//7371 3842//7371 3624//7371
f 1924//7372 3842//7372 1926//7372
f 3625//7373 3842//7373 3626//7373
f 1924//7374 3843//7374 3842//7374
f 3842//7375 3843//7375 3626//7375
f 1922//7376 3843//7376 1924//7376
f 3626//7377 3843//7377 3627//7377
f 3629//7378 3844//7378 3630//7378
f 3628//7379 3844//7379 3629//7379
f 1922//7380 3844//7380 3843//7380
f 3843//7381 3844//7381 3627//7381
f 1920//7382 3844//7382 1922//7382
f 3627//7383 3844//7383 3628//7383
f 3630//7384 3845//7384 3631//7384
f 1918//7385 3845//7385 1920//7385
f 3844//7386 3845//7386 3630//7386
f 1920//7387 3845//7387 3844//7387
f 3845//7388 3846//7388 3631//7388
f 3631//7389 3846//7389 3632//7389
f 3632//7390 3846//7390 3633//7390
f 1918//7391 3846//7391 3845//7391
f 1916//7392 3846//7392 1918//7392
f 3846//7393 3847//7393 3633//7393
f 3633//7394 3847//7394 3634//7394
f 3634//7395 3847//7395 3635//7395
f 3635//7396 3847//7396 3636//7396
f 1916//7397 3847//7397 3846//7397
f 1914//7398 3847//7398 1916//7398
f 3636//7399 3848//7399 3637//7399
f 3847//7400 3848//7400 3636//7400
f 1914//7401 3848//7401 3847//7401
f 1912//7402 3848//7402 1914//7402
f 3848//7403 3849//7403 3637//7403
f 3637//7404 3849//7404 3638//7404
f 3638//7405 3849//7405 3639//7405
f 1912//7406 3849//7406 3848//7406
f 1910//7407 3849//7407 1912//7407
f 3639//7408 3850//7408 3640//7408
f 3640//7409 3850//7409 3641//7409
f 3849//7410 3850//7410 3639//7410
f 1910//7411 3850//7411 3849//7411
f 1908//7412 3850//7412 1910//7412
f 3850//7413 3851//7413 3641//7413
f 3641//7414 3851//7414 3642//7414
f 3642//7415 3851//7415 3643//7415
f 1908//7416 3851//7416 3850//7416
f 1906//7417 3851//7417 1908//7417
f 3643//7418 3852//7418 3644//7418
f 3644//7419 3852//7419 3645//7419
f 3851//7420 3852//7420 3643//7420
f 1906//7421 3852//7421 3851//7421
f 1904//7422 3852//7422 1906//7422
f 3646//7423 3853//7423 3647//7423
f 3645//7424 3853//7424 3646//7424
f 3852//7425 3853//7425 3645//7425
f 1904//7426 3853//7426 3852//7426
f 1902//7427 3853//7427 1904//7427
f 3853//7428 3854//7428 3647//7428
f 3648//7429 3854//7429 3649//7429
f 1902//7430 3854//7430 3853//7430
f 3647//7431 3854//7431 3648//7431
f 1900//7432 3854//7432 1902//7432
f 3649//7433 3855//7433 3650//7433
f 3854//7434 3855//7434 3649//7434
f 3650//7435 3855//7435 3651//7435
f 1900//7436 3855//7436 3854//7436
f 1898//7437 3855//7437 1900//7437
f 3855//7438 3856//7438 3651//7438
f 3652//7439 3856//7439 3653//7439
f 1898//7440 3856//7440 3855//7440
f 3651//7441 3856//7441 3652//7441
f 1895//7442 3856//7442 1898//7442
f 3856//7443 3857//7443 3653//7443
f 3653//7444 3857//7444 3654//7444
f 1895//7445 3857//7445 3856//7445
f 3654//7446 3857//7446 3655//7446
f 1893//7447 3857//7447 1895//7447
f 3656//7448 3858//7448 3657//7448
f 3655//7449 3858//7449 3656//7449
f 3857//7450 3858//7450 3655//7450
f 1893//7451 3858//7451 3857//7451
f 3657//7452 3858//7452 3658//7452
f 1892//7453 3858//7453 1893//7453
f 3858//7454 3859//7454 3658//7454
f 1892//7455 3859//7455 3858//7455
f 3658//7456 3859//7456 3659//7456
f 3659//7457 3859//7457 3660//7457
f 1890//7458 3859//7458 1892//7458
f 2524//7459 3860//7459 2525//7459
f 3859//7460 3861//7460 3660//7460
f 1890//7461 3861//7461 3859//7461
f 3660//7462 3861//7462 3661//7462
f 1889//7463 3861//7463 1890//7463
f 3861//7464 3862//7464 3661//7464
f 3662//7465 3862//7465 3663//7465
f 1889//7466 3862//7466 3861//7466
f 3661//7467 3862//7467 3662//7467
f 1885//7468 3862//7468 1889//7468
f 2525//7469 3863//7469 2526//7469
f 2526//7470 3863//7470 3669//7470
f 3864//7471 3863//7471 3860//7471
f 3675//7472 3863//7472 3678//7472
f 3669//7473 3863//7473 3675//7473
f 3860//7474 3863//7474 2525//7474
f 3862//7475 3865//7475 3663//7475
f 1884//7476 3865//7476 1885//7476
f 3663//7477 3865//7477 3664//7477
f 3664//7478 3865//7478 3665//7478
f 3665//7479 3865//7479 3666//7479
f 1885//7480 3865//7480 3862//7480
f 3864//7481 3866//7481 3863//7481
f 3863//7482 3866//7482 3678//7482
f 3865//7483 3867//7483 3666//7483
f 1881//7484 3867//7484 1884//7484
f 1884//7485 3867//7485 3865//7485
f 3666//7486 3867//7486 3667//7486
f 1880//7487 3868//7487 1881//7487
f 1881//7488 3868//7488 3867//7488
f 3867//7489 3868//7489 3667//7489
f 3667//7490 3868//7490 3668//7490
f 3668//7491 3868//7491 3670//7491
f 1878//7492 3869//7492 1880//7492
f 1880//7493 3869//7493 3868//7493
f 3868//7494 3869//7494 3670//7494
f 3671//7495 3869//7495 3672//7495
f 3670//7496 3869//7496 3671//7496
f 1876//7497 3870//7497 1878//7497
f 3869//7498 3870//7498 3672//7498
f 1878//7499 3870//7499 3869//7499
f 3673//7500 3870//7500 3676//7500
f 3672//7501 3870//7501 3673//7501
f 3112//7502 3871//7502 3108//7502
f 3115//7503 3871//7503 3112//7503
f 3866//7504 3872//7504 3678//7504
f 3687//7505 3872//7505 3121//7505
f 3678//7506 3872//7506 3689//7506
f 3689//7507 3872//7507 3687//7507
f 3873//7508 3872//7508 3866//7508
f 1874//7509 3874//7509 1876//7509
f 3870//7510 3874//7510 3676//7510
f 1876//7511 3874//7511 3870//7511
f 3676//7512 3874//7512 3677//7512
f 3677//7513 3874//7513 3679//7513
f 3119//7514 3875//7514 3115//7514
f 3872//7515 3875//7515 3121//7515
f 3121//7516 3875//7516 3119//7516
f 3871//7517 3875//7517 3873//7517
f 3873//7518 3875//7518 3872//7518
f 3115//7519 3875//7519 3871//7519
f 1872//7520 3876//7520 1874//7520
f 3874//7521 3876//7521 3679//7521
f 1874//7522 3876//7522 3874//7522
f 3679//7523 3876//7523 3680//7523
f 3680//7524 3876//7524 3681//7524
f 1869//7525 3877//7525 1872//7525
f 3876//7526 3877//7526 3681//7526
f 1872//7527 3877//7527 3876//7527
f 3681//7528 3877//7528 3682//7528
f 3682//7529 3877//7529 3683//7529
f 1868//7530 3878//7530 1869//7530
f 3877//7531 3878//7531 3683//7531
f 1869//7532 3878//7532 3877//7532
f 3683//7533 3878//7533 3684//7533
f 3684//7534 3878//7534 3685//7534
f 1865//7535 3879//7535 1868//7535
f 1868//7536 3879//7536 3878//7536
f 3878//7537 3879//7537 3685//7537
f 3686//7538 3879//7538 3690//7538
f 3685//7539 3879//7539 3686//7539
f 1864//7540 3880//7540 1865//7540
f 3691//7541 3880//7541 3692//7541
f 3879//7542 3880//7542 3690//7542
f 3690//7543 3880//7543 3691//7543
f 1865//7544 3880//7544 3879//7544
f 3880//7545 3881//7545 3692//7545
f 1863//7546 3881//7546 1864//7546
f 1864//7547 3881//7547 3880//7547
f 3692//7548 3881//7548 3693//7548
f 3693//7549 3881//7549 3694//7549
f 1859//7550 3882//7550 1863//7550
f 1863//7551 3882//7551 3881//7551
f 3881//7552 3882//7552 3694//7552
f 3694//7553 3882//7553 3695//7553
f 3695//7554 3882//7554 3696//7554
f 3697//7555 3883//7555 3698//7555
f 1858//7556 3883//7556 1859//7556
f 1859//7557 3883//7557 3882//7557
f 3882//7558 3883//7558 3696//7558
f 3696//7559 3883//7559 3697//7559
f 3883//7560 3884//7560 3698//7560
f 3698//7561 3884//7561 3699//7561
f 3699//7562 3884//7562 3700//7562
f 1855//7563 3884//7563 1858//7563
f 1858//7564 3884//7564 3883//7564
f 3884//7565 3885//7565 3700//7565
f 3700//7566 3885//7566 3701//7566
f 3701//7567 3885//7567 3702//7567
f 1853//7568 3885//7568 1855//7568
f 1855//7569 3885//7569 3884//7569
f 1852//7570 3886//7570 1853//7570
f 3702//7571 3886//7571 3703//7571
f 3703//7572 3886//7572 3704//7572
f 3885//7573 3886//7573 3702//7573
f 1853//7574 3886//7574 3885//7574
f 1851//7575 3887//7575 1852//7575
f 1852//7576 3887//7576 3886//7576
f 3704//7577 3887//7577 3705//7577
f 3705//7578 3887//7578 3706//7578
f 3886//7579 3887//7579 3704//7579
f 1847//7580 3888//7580 1851//7580
f 1851//7581 3888//7581 3887//7581
f 3706//7582 3888//7582 3707//7582
f 3887//7583 3888//7583 3706//7583
f 3707//7584 3888//7584 3708//7584
f 1845//7585 3889//7585 1847//7585
f 1847//7586 3889//7586 3888//7586
f 3708//7587 3889//7587 3709//7587
f 3709//7588 3889//7588 3710//7588
f 3888//7589 3889//7589 3708//7589
f 1843//7590 3890//7590 1845//7590
f 1845//7591 3890//7591 3889//7591
f 3710//7592 3890//7592 3711//7592
f 3711//7593 3890//7593 3712//7593
f 3889//7594 3890//7594 3710//7594
f 1842//7595 3891//7595 1843//7595
f 3713//7596 3891//7596 3714//7596
f 1843//7597 3891//7597 3890//7597
f 3712//7598 3891//7598 3713//7598
f 3890//7599 3891//7599 3712//7599
f 1844//7600 3892//7600 1842//7600
f 1842//7601 3892//7601 3891//7601
f 3891//7602 3892//7602 3714//7602
f 3714//7603 3892//7603 3715//7603
f 3715//7604 3892//7604 3716//7604
f 1846//7605 3893//7605 1844//7605
f 1844//7606 3893//7606 3892//7606
f 3716//7607 3893//7607 3717//7607
f 3717//7608 3893//7608 3718//7608
f 3892//7609 3893//7609 3716//7609
f 1848//7610 3894//7610 1846//7610
f 1846//7611 3894//7611 3893//7611
f 3719//7612 3894//7612 3720//7612
f 3718//7613 3894//7613 3719//7613
f 3720//7614 3894//7614 3721//7614
f 3893//7615 3894//7615 3718//7615
f 1848//7616 3895//7616 3894//7616
f 1849//7617 3895//7617 1848//7617
f 3721//7618 3895//7618 3722//7618
f 3894//7619 3895//7619 3721//7619
f 1850//7620 3896//7620 1849//7620
f 1849//7621 3896//7621 3895//7621
f 3722//7622 3896//7622 3723//7622
f 3723//7623 3896//7623 3724//7623
f 3725//7624 3896//7624 1850//7624
f 3724//7625 3896//7625 3725//7625
f 3895//7626 3896//7626 3722//7626
f 3731//7627 3897//7627 3730//7627
f 3439//7628 3898//7628 3731//7628
f 3440//7629 3899//7629 3439//7629
f 3439//7630 3899//7630 3898//7630
f 3900//7631 3899//7631 3440//7631
f 3900//7632 3901//7632 3899//7632
f 3440//7633 3901//7633 3900//7633
f 3899//7634 3901//7634 2536//7634
f 3440//7635 3902//7635 3901//7635
f 3440//7636 3903//7636 3902//7636
f 3441//7637 3903//7637 3440//7637
f 3441//7638 3904//7638 3903//7638
f 3441//7639 3905//7639 3904//7639
f 3732//7640 3905//7640 3441//7640
f 3734//7641 3906//7641 3732//7641
f 3738//7642 3907//7642 3450//7642
f 3208//7643 3908//7643 3449//7643
f 3455//7644 3908//7644 3208//7644
f 3455//7645 3909//7645 3908//7645
f 3741//7646 3910//7646 3453//7646
f 3741//7647 3911//7647 3910//7647
f 3912//7648 3911//7648 3741//7648
f 3748//7649 3913//7649 3749//7649
f 3748//7650 3914//7650 3913//7650
f 3747//7651 3914//7651 3748//7651
f 3914//7652 3915//7652 3916//7652
f 3747//7653 3915//7653 3914//7653
f 3751//7654 3915//7654 3747//7654
f 3464//7655 3917//7655 3751//7655
f 3753//7656 3917//7656 3464//7656
f 3754//7657 3918//7657 3752//7657
f 3754//7658 3919//7658 3918//7658
f 3755//7659 3919//7659 3754//7659
f 3755//7660 3920//7660 3919//7660
f 3466//7661 3920//7661 3756//7661
f 3756//7662 3920//7662 3755//7662
f 3466//7663 3921//7663 3920//7663
f 3466//7664 3922//7664 3921//7664
f 3468//7665 3922//7665 3466//7665
f 3757//7666 3923//7666 3468//7666
f 3468//7667 3923//7667 3922//7667
f 3922//7668 3923//7668 3924//7668
f 3759//7669 3923//7669 3757//7669
f 3759//7670 3925//7670 3923//7670
f 3473//7671 3926//7671 3758//7671
f 3475//7672 3927//7672 3473//7672
f 3473//7673 3927//7673 3926//7673
f 3479//7674 3927//7674 3475//7674
f 3760//7675 3928//7675 3479//7675
f 3483//7676 3929//7676 3484//7676
f 3484//7677 3929//7677 3930//7677
f 3761//7678 3931//7678 3477//7678
f 3762//7679 3931//7679 3761//7679
f 3477//7680 3931//7680 3482//7680
f 3243//7681 3931//7681 2585//7681
f 3482//7682 3931//7682 3243//7682
f 2585//7683 3931//7683 3762//7683
f 3929//7684 3932//7684 3930//7684
f 3483//7685 3933//7685 3929//7685
f 3929//7686 3933//7686 3932//7686
f 3763//7687 3933//7687 3483//7687
f 3764//7688 3934//7688 3763//7688
f 3763//7689 3934//7689 3933//7689
f 3933//7690 3934//7690 3932//7690
f 3765//7691 3935//7691 3764//7691
f 3766//7692 3935//7692 3765//7692
f 3764//7693 3935//7693 3934//7693
f 3934//7694 3935//7694 3936//7694
f 3768//7695 3937//7695 3487//7695
f 3769//7696 3937//7696 3768//7696
f 3490//7697 3938//7697 3771//7697
f 3491//7698 3939//7698 3490//7698
f 3490//7699 3939//7699 3938//7699
f 3778//7700 3940//7700 2387//7700
f 3779//7701 3940//7701 3778//7701
f 3780//7702 3940//7702 3779//7702
f 2387//7703 3940//7703 2392//7703
f 2392//7704 3941//7704 2397//7704
f 3940//7705 3941//7705 2392//7705
f 3940//7706 3942//7706 3941//7706
f 3780//7707 3943//7707 3940//7707
f 3940//7708 3943//7708 3942//7708
f 2887//7709 3944//7709 3784//7709
f 3782//7710 3944//7710 3780//7710
f 3784//7711 3944//7711 3782//7711
f 3780//7712 3944//7712 3943//7712
f 3944//7713 3945//7713 3943//7713
f 3944//7714 3946//7714 3945//7714
f 2894//7715 3946//7715 2891//7715
f 2887//7716 3946//7716 3944//7716
f 2891//7717 3946//7717 2887//7717
f 3946//7718 3947//7718 3945//7718
f 2894//7719 3947//7719 3946//7719
f 2900//7720 3947//7720 2897//7720
f 2897//7721 3947//7721 2894//7721
f 2520//7722 3948//7722 2522//7722
f 3949//7723 3950//7723 3948//7723
f 3860//7724 3950//7724 3864//7724
f 3864//7725 3950//7725 3866//7725
f 2524//7726 3950//7726 3860//7726
f 2522//7727 3950//7727 2524//7727
f 3948//7728 3950//7728 2522//7728
f 3949//7729 3951//7729 3950//7729
f 3950//7730 3951//7730 3866//7730
f 3100//7731 3952//7731 3098//7731
f 3098//7732 3952//7732 3095//7732
f 3951//7733 3953//7733 3866//7733
f 3871//7734 3953//7734 3108//7734
f 3873//7735 3953//7735 3871//7735
f 3954//7736 3953//7736 3951//7736
f 3866//7737 3953//7737 3873//7737
f 3103//7738 3955//7738 3100//7738
f 3108//7739 3955//7739 3103//7739
f 3953//7740 3955//7740 3108//7740
f 3952//7741 3955//7741 3954//7741
f 3100//7742 3955//7742 3952//7742
f 3954//7743 3955//7743 3953//7743
f 3730//7744 3956//7744 3729//7744
f 3897//7745 3956//7745 3730//7745
f 3899//7746 3957//7746 3898//7746
f 3956//7747 3957//7747 3729//7747
f 3897//7748 3957//7748 3956//7748
f 3898//7749 3957//7749 3731//7749
f 3729//7750 3957//7750 2536//7750
f 3731//7751 3957//7751 3897//7751
f 2536//7752 3957//7752 3899//7752
f 3905//7753 3958//7753 3904//7753
f 3904//7754 3958//7754 3959//7754
f 3734//7755 3960//7755 3906//7755
f 3736//7756 3961//7756 3734//7756
f 3450//7757 3962//7757 3736//7757
f 3961//7758 3962//7758 3963//7758
f 3907//7759 3962//7759 3450//7759
f 3736//7760 3962//7760 3961//7760
f 3962//7761 3964//7761 3963//7761
f 3907//7762 3964//7762 3962//7762
f 3740//7763 3966//7763 3965//7763
f 3453//7764 3966//7764 3740//7764
f 3910//7765 3966//7765 3453//7765
f 3741//7766 3967//7766 3912//7766
f 3743//7767 3967//7767 3741//7767
f 3743//7768 3968//7768 3967//7768
f 3745//7769 3968//7769 3743//7769
f 3745//7770 3969//7770 3968//7770
f 3969//7771 3970//7771 3971//7771
f 3744//7772 3970//7772 3745//7772
f 3746//7773 3970//7773 3744//7773
f 3745//7774 3970//7774 3969//7774
f 3746//7775 3972//7775 3970//7775
f 3458//7776 3972//7776 3746//7776
f 3749//7777 3972//7777 3458//7777
f 3749//7778 3973//7778 3972//7778
f 3913//7779 3973//7779 3749//7779
f 3914//7780 3974//7780 3913//7780
f 3916//7781 3974//7781 3914//7781
f 3753//7782 3975//7782 3917//7782
f 3919//7783 3976//7783 3918//7783
f 3921//7784 3977//7784 3920//7784
f 3758//7785 3978//7785 3759//7785
f 3926//7786 3978//7786 3758//7786
f 3927//7787 3979//7787 3926//7787
f 3760//7788 3980//7788 3928//7788
f 3928//7789 3980//7789 2536//7789
f 2536//7790 3980//7790 3930//7790
f 3980//7791 3981//7791 3930//7791
f 3484//7792 3981//7792 3481//7792
f 3481//7793 3981//7793 3480//7793
f 3760//7794 3981//7794 3980//7794
f 3930//7795 3981//7795 3484//7795
f 3480//7796 3981//7796 3760//7796
f 3766//7797 3982//7797 3935//7797
f 3485//7798 3983//7798 3766//7798
f 3767//7799 3983//7799 3486//7799
f 3984//7800 3983//7800 3985//7800
f 3982//7801 3983//7801 3984//7801
f 3766//7802 3983//7802 3982//7802
f 3985//7803 3983//7803 3767//7803
f 3486//7804 3983//7804 3485//7804
f 2536//7805 3986//7805 3938//7805
f 3769//7806 3986//7806 2536//7806
f 3938//7807 3986//7807 3771//7807
f 3770//7808 3986//7808 3769//7808
f 3772//7809 3986//7809 3770//7809
f 3771//7810 3986//7810 3772//7810
f 3938//7811 3987//7811 2536//7811
f 3491//7812 3987//7812 3939//7812
f 2536//7813 3987//7813 3493//7813
f 3939//7814 3987//7814 3938//7814
f 3493//7815 3987//7815 3491//7815
f 2397//7816 3988//7816 2402//7816
f 3942//7817 3988//7817 3941//7817
f 3941//7818 3988//7818 2397//7818
f 3943//7819 3988//7819 3942//7819
f 3988//7820 3989//7820 2402//7820
f 2402//7821 3989//7821 2407//7821
f 3988//7822 3990//7822 3989//7822
f 3943//7823 3991//7823 3988//7823
f 3988//7824 3991//7824 3990//7824
f 2900//7825 3992//7825 3947//7825
f 3947//7826 3992//7826 3945//7826
f 3943//7827 3992//7827 3991//7827
f 3945//7828 3992//7828 3943//7828
f 3992//7829 3993//7829 3991//7829
f 2900//7830 3994//7830 3992//7830
f 3992//7831 3994//7831 3993//7831
f 2903//7832 3994//7832 2900//7832
f 2906//7833 3994//7833 2903//7833
f 2911//7834 3995//7834 2909//7834
f 3994//7835 3995//7835 3993//7835
f 2906//7836 3995//7836 3994//7836
f 2909//7837 3995//7837 2906//7837
f 2516//7838 3996//7838 2518//7838
f 3948//7839 3997//7839 3949//7839
f 2518//7840 3997//7840 2520//7840
f 3949//7841 3997//7841 3951//7841
f 2520//7842 3997//7842 3948//7842
f 3996//7843 3997//7843 2518//7843
f 3998//7844 3997//7844 3996//7844
f 3997//7845 3999//7845 3951//7845
f 3998//7846 3999//7846 3997//7846
f 3085//7847 4000//7847 3083//7847
f 3089//7848 4000//7848 3085//7848
f 3954//7849 4001//7849 3952//7849
f 3951//7850 4001//7850 3954//7850
f 4002//7851 4001//7851 3999//7851
f 3952//7852 4001//7852 3095//7852
f 3999//7853 4001//7853 3951//7853
f 3089//7854 4003//7854 4000//7854
f 4001//7855 4003//7855 3095//7855
f 4000//7856 4003//7856 4002//7856
f 4002//7857 4003//7857 4001//7857
f 3092//7858 4003//7858 3089//7858
f 3095//7859 4003//7859 3092//7859
f 3958//7860 4004//7860 3959//7860
f 3905//7861 4005//7861 3958//7861
f 3958//7862 4005//7862 4004//7862
f 3906//7863 4006//7863 3732//7863
f 3732//7864 4006//7864 3905//7864
f 3905//7865 4006//7865 4005//7865
f 3907//7866 4007//7866 3964//7866
f 3964//7867 4007//7867 3963//7867
f 3449//7868 4008//7868 3738//7868
f 3449//7869 4009//7869 4008//7869
f 3908//7870 4009//7870 3449//7870
f 3966//7871 4010//7871 3965//7871
f 3910//7872 4010//7872 3966//7872
f 3912//7873 4011//7873 3911//7873
f 3968//7874 4012//7874 3967//7874
f 3973//7875 4013//7875 3972//7875
f 3916//7876 4014//7876 3974//7876
f 3915//7877 4015//7877 3916//7877
f 3751//7878 4015//7878 3915//7878
f 3753//7879 4016//7879 3975//7879
f 4017//7880 4016//7880 3753//7880
f 4017//7881 4018//7881 4016//7881
f 3753//7882 4018//7882 4017//7882
f 3918//7883 4018//7883 3752//7883
f 3752//7884 4018//7884 3753//7884
f 3919//7885 4019//7885 3976//7885
f 3920//7886 4019//7886 3919//7886
f 3920//7887 4020//7887 4019//7887
f 3921//7888 4021//7888 3977//7888
f 3921//7889 4022//7889 4021//7889
f 3923//7890 4023//7890 3924//7890
f 3925//7891 4024//7891 3923//7891
f 3927//7892 4025//7892 3979//7892
f 3479//7893 4025//7893 3927//7893
f 3934//7894 4026//7894 3932//7894
f 3932//7895 4026//7895 3930//7895
f 3936//7896 4026//7896 3934//7896
f 3935//7897 4027//7897 3936//7897
f 3982//7898 4027//7898 3935//7898
f 3985//7899 4027//7899 3984//7899
f 3984//7900 4027//7900 3982//7900
f 2536//7901 4027//7901 3985//7901
f 3936//7902 4027//7902 4026//7902
f 4026//7903 4027//7903 3930//7903
f 3930//7904 4027//7904 2536//7904
f 3937//7905 4028//7905 3487//7905
f 3769//7906 4028//7906 3937//7906
f 3487//7907 4028//7907 3767//7907
f 2536//7908 4028//7908 3769//7908
f 3767//7909 4028//7909 3985//7909
f 3985//7910 4028//7910 2536//7910
f 2407//7911 4029//7911 2412//7911
f 3990//7912 4029//7912 3989//7912
f 3991//7913 4029//7913 3990//7913
f 3989//7914 4029//7914 2407//7914
f 4029//7915 4030//7915 2412//7915
f 2412//7916 4030//7916 2417//7916
f 4029//7917 4031//7917 4030//7917
f 3991//7918 4032//7918 4029//7918
f 4029//7919 4032//7919 4031//7919
f 3993//7920 4033//7920 3991//7920
f 3995//7921 4033//7921 3993//7921
f 3991//7922 4033//7922 4032//7922
f 2911//7923 4033//7923 3995//7923
f 4033//7924 4034//7924 4032//7924
f 2911//7925 4035//7925 4033//7925
f 2915//7926 4035//7926 2911//7926
f 4033//7927 4035//7927 4034//7927
f 2918//7928 4035//7928 2915//7928
f 2924//7929 4036//7929 2921//7929
f 2921//7930 4036//7930 2918//7930
f 2918//7931 4036//7931 4035//7931
f 4035//7932 4036//7932 4034//7932
f 2512//7933 4037//7933 2514//7933
f 4038//7934 4039//7934 4037//7934
f 4037//7935 4039//7935 2514//7935
f 2514//7936 4039//7936 2516//7936
f 2516//7937 4039//7937 3996//7937
f 3996//7938 4039//7938 3998//7938
f 3998//7939 4039//7939 3999//7939
f 4038//7940 4040//7940 4039//7940
f 4039//7941 4040//7941 3999//7941
f 3077//7942 4041//7942 3074//7942
f 3074//7943 4041//7943 3070//7943
f 4040//7944 4042//7944 3999//7944
f 4000//7945 4042//7945 3083//7945
f 4043//7946 4042//7946 4040//7946
f 4002//7947 4042//7947 4000//7947
f 3999//7948 4042//7948 4002//7948
f 3083//7949 4044//7949 3079//7949
f 4041//7950 4044//7950 4043//7950
f 4043//7951 4044//7951 4042//7951
f 3079//7952 4044//7952 3077//7952
f 4042//7953 4044//7953 3083//7953
f 3077//7954 4044//7954 4041//7954
f 3902//7955 4045//7955 3901//7955
f 3903//7956 4045//7956 3902//7956
f 3904//7957 4046//7957 3903//7957
f 3903//7958 4046//7958 4045//7958
f 3959//7959 4046//7959 3904//7959
f 3906//7960 4047//7960 4006//7960
f 4006//7961 4047//7961 4005//7961
f 3960//7962 4047//7962 3906//7962
f 3963//7963 4048//7963 3961//7963
f 3734//7964 4048//7964 3960//7964
f 3961//7965 4048//7965 3734//7965
f 3738//7966 4049//7966 3907//7966
f 3907//7967 4049//7967 4007//7967
f 3908//7968 4050//7968 4009//7968
f 3909//7969 4050//7969 3908//7969
f 3455//7970 4051//7970 3909//7970
f 3910//7971 4052//7971 4010//7971
f 4010//7972 4052//7972 3965//7972
f 3968//7973 4053//7973 4012//7973
f 3970//7974 4054//7974 3971//7974
f 3972//7975 4054//7975 3970//7975
f 4013//7976 4054//7976 3972//7976
f 3973//7977 4055//7977 4013//7977
f 4013//7978 4055//7978 4054//7978
f 3973//7979 4056//7979 4055//7979
f 4055//7980 4056//7980 4054//7980
f 3916//7981 4057//7981 4014//7981
f 3751//7982 4058//7982 4015//7982
f 4018//7983 4059//7983 4016//7983
f 3918//7984 4059//7984 4018//7984
f 3921//7985 4060//7985 4022//7985
f 3923//7986 4061//7986 4023//7986
f 4024//7987 4061//7987 3923//7987
f 3925//7988 4062//7988 4024//7988
f 4024//7989 4062//7989 4061//7989
f 3925//7990 4063//7990 4062//7990
f 4062//7991 4063//7991 4061//7991
f 3978//7992 4064//7992 3759//7992
f 3759//7993 4064//7993 3925//7993
f 3926//7994 4065//7994 3978//7994
f 3978//7995 4065//7995 4064//7995
f 2417//7996 4066//7996 2422//7996
f 4030//7997 4066//7997 2417//7997
f 4031//7998 4066//7998 4030//7998
f 4032//7999 4066//7999 4031//7999
f 2422//8000 4067//8000 2426//8000
f 4066//8001 4067//8001 2422//8001
f 4066//8002 4068//8002 4067//8002
f 4066//8003 4069//8003 4068//8003
f 4032//8004 4069//8004 4066//8004
f 4032//8005 4070//8005 4069//8005
f 4036//8006 4070//8006 4034//8006
f 4034//8007 4070//8007 4032//8007
f 2924//8008 4070//8008 4036//8008
f 4070//8009 4071//8009 4069//8009
f 4070//8010 4072//8010 4071//8010
f 2927//8011 4072//8011 2924//8011
f 2924//8012 4072//8012 4070//8012
f 2930//8013 4072//8013 2927//8013
f 4072//8014 4073//8014 4071//8014
f 2930//8015 4073//8015 4072//8015
f 2933//8016 4073//8016 2930//8016
f 2936//8017 4073//8017 2933//8017
f 2508//8018 4074//8018 2510//8018
f 4037//8019 4075//8019 4038//8019
f 4076//8020 4075//8020 4074//8020
f 2510//8021 4075//8021 2512//8021
f 2512//8022 4075//8022 4037//8022
f 4074//8023 4075//8023 2510//8023
f 4038//8024 4075//8024 4040//8024
f 4075//8025 4077//8025 4040//8025
f 4076//8026 4077//8026 4075//8026
f 3062//8027 4078//8027 3059//8027
f 3064//8028 4078//8028 3062//8028
f 4077//8029 4079//8029 4040//8029
f 4043//8030 4079//8030 4041//8030
f 4041//8031 4079//8031 3070//8031
f 4080//8032 4079//8032 4077//8032
f 4040//8033 4079//8033 4043//8033
f 4079//8034 4081//8034 3070//8034
f 4078//8035 4081//8035 4080//8035
f 3064//8036 4081//8036 4078//8036
f 4080//8037 4081//8037 4079//8037
f 3070//8038 4081//8038 3068//8038
f 3068//8039 4081//8039 3064//8039
f 3901//8040 4082//8040 2536//8040
f 4004//8041 4082//8041 3959//8041
f 4005//8042 4082//8042 4004//8042
f 4047//8043 4082//8043 4005//8043
f 3959//8044 4082//8044 4046//8044
f 2536//8045 4082//8045 4047//8045
f 4046//8046 4082//8046 4045//8046
f 4045//8047 4082//8047 3901//8047
f 2536//8048 4083//8048 4007//8048
f 4047//8049 4083//8049 2536//8049
f 3960//8050 4083//8050 4047//8050
f 3963//8051 4083//8051 4048//8051
f 4048//8052 4083//8052 3960//8052
f 4007//8053 4083//8053 3963//8053
f 4007//8054 4084//8054 2536//8054
f 4049//8055 4084//8055 4007//8055
f 4008//8056 4084//8056 3738//8056
f 4050//8057 4084//8057 4009//8057
f 4009//8058 4084//8058 4008//8058
f 3738//8059 4084//8059 4049//8059
f 2536//8060 4084//8060 4050//8060
f 3965//8061 4085//8061 3740//8061
f 3740//8062 4085//8062 3455//8062
f 2536//8063 4085//8063 3965//8063
f 4050//8064 4085//8064 2536//8064
f 3909//8065 4085//8065 4050//8065
f 4051//8066 4085//8066 3909//8066
f 3455//8067 4085//8067 4051//8067
f 3912//8068 4086//8068 4011//8068
f 4012//8069 4087//8069 3967//8069
f 3912//8070 4087//8070 4086//8070
f 4053//8071 4087//8071 4012//8071
f 3967//8072 4087//8072 3912//8072
f 3968//8073 4088//8073 4053//8073
f 4053//8074 4088//8074 4087//8074
f 3916//8075 4089//8075 4057//8075
f 4015//8076 4090//8076 3916//8076
f 3916//8077 4090//8077 4089//8077
f 4058//8078 4090//8078 4015//8078
f 3751//8079 4091//8079 4058//8079
f 4058//8080 4091//8080 4090//8080
f 3920//8081 4092//8081 4020//8081
f 3977//8082 4093//8082 3920//8082
f 4021//8083 4093//8083 3977//8083
f 4022//8084 4093//8084 4021//8084
f 4060//8085 4093//8085 4022//8085
f 3920//8086 4093//8086 4092//8086
f 3921//8087 4094//8087 4060//8087
f 3922//8088 4094//8088 3921//8088
f 4060//8089 4094//8089 4093//8089
f 3926//8090 4095//8090 4065//8090
f 4065//8091 4095//8091 4064//8091
f 4025//8092 4096//8092 3979//8092
f 3926//8093 4096//8093 4095//8093
f 3979//8094 4096//8094 3926//8094
f 3479//8095 4097//8095 4025//8095
f 4025//8096 4097//8096 4096//8096
f 4067//8097 4098//8097 2426//8097
f 2426//8098 4098//8098 2430//8098
f 4069//8099 4098//8099 4068//8099
f 4068//8100 4098//8100 4067//8100
f 2430//8101 4099//8101 2434//8101
f 4098//8102 4099//8102 2430//8102
f 4098//8103 4100//8103 4099//8103
f 4098//8104 4101//8104 4100//8104
f 4069//8105 4101//8105 4098//8105
f 4071//8106 4102//8106 4069//8106
f 4073//8107 4102//8107 4071//8107
f 2936//8108 4102//8108 4073//8108
f 4069//8109 4102//8109 4101//8109
f 4102//8110 4103//8110 4101//8110
f 4102//8111 4104//8111 4103//8111
f 2936//8112 4104//8112 4102//8112
f 2942//8113 4104//8113 2939//8113
f 2939//8114 4104//8114 2936//8114
f 2942//8115 4105//8115 4104//8115
f 2945//8116 4105//8116 2942//8116
f 4104//8117 4105//8117 4103//8117
f 2948//8118 4105//8118 2945//8118
f 2504//8119 4106//8119 2506//8119
f 4107//8120 4108//8120 4106//8120
f 4076//8121 4108//8121 4077//8121
f 2508//8122 4108//8122 4074//8122
f 4074//8123 4108//8123 4076//8123
f 4106//8124 4108//8124 2506//8124
f 2506//8125 4108//8125 2508//8125
f 4108//8126 4109//8126 4077//8126
f 4107//8127 4109//8127 4108//8127
f 3050//8128 4110//8128 3047//8128
f 3053//8129 4110//8129 3050//8129
f 4111//8130 4112//8130 4109//8130
f 4109//8131 4112//8131 4077//8131
f 4080//8132 4112//8132 4078//8132
f 4078//8133 4112//8133 3059//8133
f 4077//8134 4112//8134 4080//8134
f 3056//8135 4113//8135 3053//8135
f 4110//8136 4113//8136 4111//8136
f 4111//8137 4113//8137 4112//8137
f 4112//8138 4113//8138 3059//8138
f 3053//8139 4113//8139 4110//8139
f 3059//8140 4113//8140 3056//8140
f 3965//8141 4114//8141 2536//8141
f 3910//8142 4114//8142 4052//8142
f 4011//8143 4114//8143 3911//8143
f 3911//8144 4114//8144 3910//8144
f 4052//8145 4114//8145 3965//8145
f 4086//8146 4114//8146 4011//8146
f 2536//8147 4114//8147 4086//8147
f 3969//8148 4115//8148 3968//8148
f 3971//8149 4115//8149 3969//8149
f 2536//8150 4115//8150 4054//8150
f 4054//8151 4115//8151 3971//8151
f 3968//8152 4115//8152 4088//8152
f 4087//8153 4115//8153 4086//8153
f 4086//8154 4115//8154 2536//8154
f 4088//8155 4115//8155 4087//8155
f 3973//8156 4116//8156 4056//8156
f 3913//8157 4116//8157 3973//8157
f 4056//8158 4116//8158 4054//8158
f 4054//8159 4116//8159 2536//8159
f 4014//8160 4116//8160 3974//8160
f 4057//8161 4116//8161 4014//8161
f 4089//8162 4116//8162 4057//8162
f 2536//8163 4116//8163 4089//8163
f 3974//8164 4116//8164 3913//8164
f 3975//8165 4117//8165 3917//8165
f 2536//8166 4117//8166 4016//8166
f 3917//8167 4117//8167 3751//8167
f 4090//8168 4117//8168 4089//8168
f 4089//8169 4117//8169 2536//8169
f 4091//8170 4117//8170 4090//8170
f 3751//8171 4117//8171 4091//8171
f 4016//8172 4117//8172 3975//8172
f 4016//8173 4118//8173 2536//8173
f 4019//8174 4118//8174 3976//8174
f 4020//8175 4118//8175 4019//8175
f 3976//8176 4118//8176 3918//8176
f 4092//8177 4118//8177 4020//8177
f 2536//8178 4118//8178 4092//8178
f 3918//8179 4118//8179 4059//8179
f 4059//8180 4118//8180 4016//8180
f 4092//8181 4119//8181 2536//8181
f 4023//8182 4119//8182 3924//8182
f 3924//8183 4119//8183 3922//8183
f 2536//8184 4119//8184 4061//8184
f 4093//8185 4119//8185 4092//8185
f 3922//8186 4119//8186 4094//8186
f 4094//8187 4119//8187 4093//8187
f 4061//8188 4119//8188 4023//8188
f 4061//8189 4120//8189 2536//8189
f 3925//8190 4120//8190 4063//8190
f 2536//8191 4120//8191 4095//8191
f 4095//8192 4120//8192 4064//8192
f 4063//8193 4120//8193 4061//8193
f 4064//8194 4120//8194 3925//8194
f 3479//8195 4121//8195 4097//8195
f 4095//8196 4121//8196 2536//8196
f 4096//8197 4121//8197 4095//8197
f 3928//8198 4121//8198 3479//8198
f 4097//8199 4121//8199 4096//8199
f 2536//8200 4121//8200 3928//8200
f 4099//8201 4122//8201 2434//8201
f 2434//8202 4122//8202 2438//8202
f 4100//8203 4122//8203 4099//8203
f 4101//8204 4122//8204 4100//8204
f 2442//8205 4123//8205 2446//8205
f 4122//8206 4123//8206 2438//8206
f 2438//8207 4123//8207 2442//8207
f 4122//8208 4124//8208 4123//8208
f 2446//8209 4125//8209 2450//8209
f 2969//8210 4125//8210 2966//8210
f 4123//8211 4125//8211 2446//8211
f 2656//8212 4125//8212 2972//8212
f 2972//8213 4125//8213 2969//8213
f 2454//8214 4125//8214 2656//8214
f 4101//8215 4125//8215 4122//8215
f 2450//8216 4125//8216 2454//8216
f 4124//8217 4125//8217 4123//8217
f 4122//8218 4125//8218 4124//8218
f 4105//8219 4126//8219 4103//8219
f 2948//8220 4126//8220 4105//8220
f 4101//8221 4126//8221 4125//8221
f 4103//8222 4126//8222 4101//8222
f 4126//8223 4127//8223 4125//8223
f 2954//8224 4128//8224 2951//8224
f 2951//8225 4128//8225 2948//8225
f 2948//8226 4128//8226 4126//8226
f 4126//8227 4128//8227 4127//8227
f 2959//8228 4129//8228 2957//8228
f 2963//8229 4129//8229 2959//8229
f 2966//8230 4129//8230 2963//8230
f 2957//8231 4129//8231 2954//8231
f 4127//8232 4129//8232 4125//8232
f 2954//8233 4129//8233 4128//8233
f 4128//8234 4129//8234 4127//8234
f 4125//8235 4129//8235 2966//8235
f 2496//8236 4130//8236 2499//8236
f 2499//8237 4130//8237 2502//8237
f 4106//8238 4131//8238 4107//8238
f 4107//8239 4131//8239 4109//8239
f 4130//8240 4131//8240 2502//8240
f 2504//8241 4131//8241 4106//8241
f 2502//8242 4131//8242 2504//8242
f 4132//8243 4131//8243 4130//8243
f 2679//8244 4133//8244 2490//8244
f 3022//8245 4133//8245 2679//8245
f 3026//8246 4133//8246 3022//8246
f 2493//8247 4133//8247 2496//8247
f 3029//8248 4133//8248 3026//8248
f 4130//8249 4133//8249 4132//8249
f 2490//8250 4133//8250 2493//8250
f 4131//8251 4133//8251 4109//8251
f 2496//8252 4133//8252 4130//8252
f 4132//8253 4133//8253 4131//8253
f 3032//8254 4134//8254 3029//8254
f 3035//8255 4134//8255 3032//8255
f 3041//8256 4134//8256 3037//8256
f 3037//8257 4134//8257 3035//8257
f 3029//8258 4134//8258 4133//8258
f 4133//8259 4134//8259 4135//8259
f 4109//8260 4136//8260 4111//8260
f 4111//8261 4136//8261 4110//8261
f 4110//8262 4136//8262 3047//8262
f 4133//8263 4136//8263 4109//8263
f 4135//8264 4136//8264 4133//8264
f 4135//8265 4137//8265 4136//8265
f 3043//8266 4137//8266 3041//8266
f 3047//8267 4137//8267 3043//8267
f 4134//8268 4137//8268 4135//8268
f 4136//8269 4137//8269 3047//8269
f 3041//8270 4137//8270 4134//8270
g Body
f 4138//8271 4139//8271 4140//8271
f 4140//8272 4139//8272 4141//8272
f 4142//8273 4138//8273 4140//8273
f 4142//8274 4140//8274 4143//8274
f 4144//8275 4143//8275 4145//8275
f 4144//8276 4142//8276 4143//8276
f 4146//8277 4145//8277 4147//8277
f 4146//8278 4147//8278 4148//8278
f 4146//8279 4144//8279 4145//8279
f 4149//8280 4148//8280 4150//8280
f 4149//8281 4146//8281 4148//8281
f 4151//8282 4150//8282 4152//8282
f 4151//8283 4149//8283 4150//8283
f 4153//8284 4151//8284 4152//8284
f 4154//8285 4155//8285 4156//8285
f 4154//8286 4156//8286 4157//8286
f 4158//8287 4157//8287 4159//8287
f 4158//8288 4154//8288 4157//8288
f 4160//8289 4159//8289 4161//8289
f 4160//8290 4158//8290 4159//8290
f 4162//8291 4161//8291 4163//8291
f 4162//8292 4160//8292 4161//8292
f 4164//8293 4163//8293 4165//8293
f 4164//8294 4162//8294 4163//8294
f 4139//8295 4165//8295 4141//8295
f 4139//8296 4164//8296 4165//8296
f 4166//8297 4158//8297 4160//8297
f 4166//8298 4160//8298 4162//8298
f 4166//8299 4162//8299 4164//8299
f 4166//8300 4164//8300 4139//8300
f 4154//8301 4158//8301 4166//8301
f 4155//8302 4154//8302 4166//8302
f 4167//8303 4166//8303 4139//8303
f 4151//8304 4153//8304 4167//8304
f 4149//8305 4151//8305 4167//8305
f 4146//8306 4149//8306 4167//8306
f 4138//8307 4167//8307 4139//8307
f 4144//8308 4146//8308 4167//8308
f 4142//8309 4167//8309 4138//8309
f 4142//8310 4144//8310 4167//8310
f 4159//8311 4168//8311 4161//8311
f 4161//8312 4168//8312 4163//8312
f 4163//8313 4168//8313 4165//8313
f 4165//8314 4168//8314 4141//8314
f 4159//8315 4157//8315 4168//8315
f 4157//8316 4156//8316 4168//8316
f 4168//8317 4169//8317 4141//8317
f 4152//8318 4150//8318 4169//8318
f 4150//8319 4148//8319 4169//8319
f 4148//8320 4147//8320 4169//8320
f 4169//8321 4140//8321 4141//8321
f 4147//8322 4145//8322 4169//8322
f 4169//8323 4143//8323 4140//8323
f 4145//8324 4143//8324 4169//8324
f 4167//8325 4153//8325 4169//8325
f 4169//8326 4153//8326 4152//8326
f 4155//8327 4166//8327 4156//8327
f 4156//8328 4166//8328 4168//8328
f 4166//8329 4167//8329 4168//8329
f 4168//8330 4167//8330 4169//8330
f 4170//8331 4153//8331 4152//8331
f 4170//8332 4152//8332 4171//8332
f 4172//8333 4171//8333 4173//8333
f 4172//8334 4170//8334 4171//8334
f 4174//8335 4173//8335 4175//8335
f 4174//8336 4175//8336 4156//8336
f 4174//8337 4172//8337 4173//8337
f 4155//8338 4174//8338 4156//8338
f 4170//8339 4172//8339 4174//8339
f 4153//8340 4174//8340 4155//8340
f 4153//8341 4170//8341 4174//8341
f 4153//8342 4155//8342 4152//8342
f 4152//8343 4155//8343 4156//8343
f 4173//8344 4171//8344 4175//8344
f 4175//8345 4152//8345 4156//8345
f 4171//8346 4152//8346 4175//8346
