# Created by FreeCAD <https://www.freecad.org>
v 20.000000 0.000000 0.000000
v 19.976740 0.964300 0.000000
v 20.000000 0.000000 20.000000
v 19.975138 0.996918 20.000000
v 19.907013 1.926357 0.000000
v 19.900616 1.991357 20.000000
v 19.790981 2.883934 0.000000
v 19.776617 2.980845 20.000000
v 19.628914 3.834802 0.000000
v 19.603449 3.962923 20.000000
v 19.421190 4.776750 0.000000
v 19.381546 4.935148 20.000000
v 19.168293 5.707588 0.000000
v 19.111456 5.895103 20.000000
v 18.870808 6.625149 0.000000
v 18.793852 6.840403 20.000000
v 18.529430 7.527300 0.000000
v 18.429523 7.768696 20.000000
v 18.019377 8.677675 20.000000
v 17.718266 9.277018 15.000000
v 17.564432 9.565080 20.000000
v 17.588999 9.519828 15.000000
v 18.144951 8.411942 0.000000
v 17.456404 9.760838 15.000000
v 17.320509 10.000000 15.000000
v 17.065817 10.428704 20.000000
v 17.181335 10.237271 15.000000
v 17.038912 10.472606 15.000000
v 17.718266 9.277018 0.000000
v 16.893267 10.705959 15.000000
v 16.524775 11.266401 20.000000
v 16.893267 10.705959 0.000000
v 16.347801 11.521693 0.000000
v 15.942650 12.076088 20.000000
v 15.762980 12.309690 0.000000
v 15.320889 12.855752 20.000000
v 15.140211 13.068053 0.000000
v 14.661037 13.603455 20.000000
v 14.480994 13.794955 0.000000
v 13.964736 14.317337 20.000000
v 13.786917 14.488648 0.000000
v 13.233717 14.995624 20.000000
v 13.059648 15.147462 0.000000
v 12.469796 15.636630 20.000000
v 12.300940 15.769809 0.000000
v 11.674873 16.238760 20.000000
v 11.512618 16.354193 0.000000
v 10.850925 16.800518 20.000000
v 10.696582 16.899204 0.000000
v 10.000000 17.320509 20.000000
v 9.854795 17.403534 0.000000
v 9.124213 17.797436 20.000000
v 8.989283 17.865967 0.000000
v 8.225742 18.230118 20.000000
v 8.102131 18.285389 0.000000
v 7.306820 18.617476 20.000000
v 7.195473 18.660791 0.000000
v 6.369733 18.958548 20.000000
v 6.271494 18.991270 0.000000
v 5.416810 19.252485 20.000000
v 5.332417 19.276030 0.000000
v 4.450418 19.498558 20.000000
v 4.380502 19.514385 0.000000
v 3.472964 19.696156 20.000000
v 3.418041 19.705761 0.000000
v 2.486874 19.844784 20.000000
v 2.447353 19.849697 0.000000
v 1.494602 19.944077 20.000000
v 1.470772 19.945847 0.000000
v 0.498614 19.993784 20.000000
v 0.490651 19.993980 0.000000
v -0.498614 19.993784 20.000000
v -0.490651 19.993980 0.000000
v -1.470772 19.945847 0.000000
v -1.494602 19.944077 20.000000
v -2.447353 19.849697 0.000000
v -2.486874 19.844784 20.000000
v -3.418041 19.705761 0.000000
v -3.472964 19.696156 20.000000
v -4.380502 19.514385 0.000000
v -4.450418 19.498558 20.000000
v -5.332417 19.276030 0.000000
v -5.416810 19.252485 20.000000
v -6.271494 18.991270 0.000000
v -6.369733 18.958548 20.000000
v -7.195473 18.660791 0.000000
v -7.306820 18.617476 20.000000
v -8.102131 18.285389 0.000000
v -8.225742 18.230118 20.000000
v -8.989283 17.865967 0.000000
v -9.124213 17.797436 20.000000
v -9.854795 17.403534 0.000000
v -10.000000 17.320509 20.000000
v -10.696582 16.899204 0.000000
v -10.850925 16.800518 20.000000
v -11.512618 16.354193 0.000000
v -11.674873 16.238760 20.000000
v -12.300940 15.769809 0.000000
v -12.469796 15.636630 20.000000
v -13.059648 15.147462 0.000000
v -13.233717 14.995624 20.000000
v -13.786917 14.488648 0.000000
v -13.964736 14.317337 20.000000
v -14.480994 13.794955 0.000000
v -14.661037 13.603455 20.000000
v -15.140211 13.068053 0.000000
v -15.320889 12.855752 20.000000
v -15.762980 12.309690 0.000000
v -15.942650 12.076088 20.000000
v -16.524775 11.266401 20.000000
v -16.893267 10.705959 15.000000
v -17.065817 10.428704 20.000000
v -17.038912 10.472606 15.000000
v -16.347801 11.521693 0.000000
v -17.181335 10.237271 15.000000
v -17.320509 10.000000 15.000000
v -17.564432 9.565080 20.000000
v -17.456404 9.760838 15.000000
v -17.588999 9.519828 15.000000
v -16.893267 10.705959 0.000000
v -17.718266 9.277018 15.000000
v -18.019377 8.677675 20.000000
v -18.151979 8.396764 0.000000
v -18.429523 7.768696 20.000000
v -17.718266 9.277018 0.000000
v -18.541994 7.496295 0.000000
v -18.793852 6.840403 20.000000
v -18.887371 6.577781 0.000000
v -19.111456 5.895103 20.000000
v -19.187279 5.643431 0.000000
v -19.381546 4.935148 20.000000
v -19.440996 4.695496 0.000000
v -19.603449 3.962923 20.000000
v -19.647911 3.736256 0.000000
v -19.776617 2.980845 20.000000
v -19.807526 2.768022 0.000000
v -19.900616 1.991357 20.000000
v -19.919455 1.793124 0.000000
v -19.975138 0.996918 20.000000
v -19.983433 0.813909 0.000000
v -20.000000 -0.000000 20.000000
v -19.999300 -0.167265 0.000000
v -19.975138 -0.996918 20.000000
v -19.967024 -1.148036 0.000000
v -19.900616 -1.991357 20.000000
v -19.886677 -2.126044 0.000000
v -19.776617 -2.980845 20.000000
v -19.758457 -3.098933 0.000000
v -19.603449 -3.962923 20.000000
v -19.582670 -4.064363 0.000000
v -19.381546 -4.935148 20.000000
v -19.359739 -5.020007 0.000000
v -19.111456 -5.895103 20.000000
v -19.090204 -5.963566 0.000000
v -18.793852 -6.840403 20.000000
v -18.774710 -6.892769 0.000000
v -18.429523 -7.768696 20.000000
v -18.414019 -7.805379 0.000000
v -18.019377 -8.677675 20.000000
v -18.008997 -8.699198 0.000000
v -17.564432 -9.565080 20.000000
v -17.560621 -9.572074 0.000000
v -17.069969 -10.421906 0.000000
v -17.065817 -10.428704 20.000000
v -16.538225 -11.246650 0.000000
v -16.524775 -11.266401 20.000000
v -15.966665 -12.044318 0.000000
v -15.942650 -12.076088 20.000000
v -15.356668 -12.812991 0.000000
v -15.320889 -12.855752 20.000000
v -14.709702 -13.550818 0.000000
v -14.661037 -13.603455 20.000000
v -14.027324 -14.256023 0.000000
v -13.964736 -14.317337 20.000000
v -13.311176 -14.926908 0.000000
v -13.233717 -14.995624 20.000000
v -12.562984 -15.561859 0.000000
v -12.469796 -15.636630 20.000000
v -11.784547 -16.159346 0.000000
v -11.674873 -16.238760 20.000000
v -10.977740 -16.717932 0.000000
v -10.850925 -16.800518 20.000000
v -10.144506 -17.236269 0.000000
v -10.000000 -17.320509 20.000000
v -9.286850 -17.713114 0.000000
v -9.124213 -17.797436 20.000000
v -8.406837 -18.147316 0.000000
v -8.225742 -18.230118 20.000000
v -7.506586 -18.537830 0.000000
v -7.306820 -18.617476 20.000000
v -6.588263 -18.883718 0.000000
v -6.369733 -18.958548 20.000000
v -5.654079 -19.184145 0.000000
v -5.416810 -19.252485 20.000000
v -4.706285 -19.438387 0.000000
v -4.450418 -19.498558 20.000000
v -3.747160 -19.645834 0.000000
v -3.472964 -19.696156 20.000000
v -2.779015 -19.805986 0.000000
v -2.486874 -19.844784 20.000000
v -1.494602 -19.944077 20.000000
v -0.825000 -19.982977 15.000000
v -0.498614 -19.993784 20.000000
v -0.550087 -19.992434 15.000000
v -1.804179 -19.918457 0.000000
v -0.275069 -19.998108 15.000000
v 0.000000 -20.000000 15.000000
v 0.498614 -19.993784 20.000000
v 0.275069 -19.998108 15.000000
v 0.550087 -19.992434 15.000000
v -0.825000 -19.982977 0.000000
v 0.825000 -19.982977 15.000000
v 1.494602 -19.944077 20.000000
v 0.825000 -19.982977 0.000000
v 1.809553 -19.917971 0.000000
v 2.486874 -19.844784 20.000000
v 2.789701 -19.804483 0.000000
v 3.472964 -19.696156 20.000000
v 3.763059 -19.642796 0.000000
v 4.450418 -19.498558 20.000000
v 4.727259 -19.433296 0.000000
v 5.416810 -19.252485 20.000000
v 5.679952 -19.176500 0.000000
v 6.369733 -18.958548 20.000000
v 6.618822 -18.873028 0.000000
v 7.306820 -18.617476 20.000000
v 7.541581 -18.523623 0.000000
v 8.225742 -18.230118 20.000000
v 8.445985 -18.129129 0.000000
v 9.124213 -17.797436 20.000000
v 9.329831 -17.690514 0.000000
v 10.000000 -17.320509 20.000000
v 10.190969 -17.208839 0.000000
v 10.850925 -16.800518 20.000000
v 11.027305 -16.685280 0.000000
v 11.674873 -16.238760 20.000000
v 11.836800 -16.121109 0.000000
v 12.469796 -15.636630 20.000000
v 12.617485 -15.517702 0.000000
v 13.233717 -14.995624 20.000000
v 13.367459 -14.876526 0.000000
v 13.964736 -14.317337 20.000000
v 14.084900 -14.199142 0.000000
v 14.661037 -13.603455 20.000000
v 14.768058 -13.487197 0.000000
v 15.320889 -12.855752 20.000000
v 15.415272 -12.742426 0.000000
v 15.942650 -12.076088 20.000000
v 16.024965 -11.966640 0.000000
v 16.524775 -11.266401 20.000000
v 16.595655 -11.161729 0.000000
v 17.065817 -10.428704 20.000000
v 17.125954 -10.329651 0.000000
v 17.564432 -9.565080 20.000000
v 17.614569 -9.472431 0.000000
v 18.019377 -8.677675 20.000000
v 18.060312 -8.592156 0.000000
v 18.429523 -7.768696 20.000000
v 18.462095 -7.690969 0.000000
v 18.793852 -6.840403 20.000000
v 18.818945 -6.771062 0.000000
v 19.111456 -5.895103 20.000000
v 19.129992 -5.834675 0.000000
v 19.381546 -4.935148 20.000000
v 19.394476 -4.884087 0.000000
v 19.603449 -3.962923 20.000000
v 19.611755 -3.921612 0.000000
v 19.776617 -2.980845 20.000000
v 19.781301 -2.949591 0.000000
v 19.900616 -1.991357 20.000000
v 19.902702 -1.970392 0.000000
v 19.975138 -0.996918 20.000000
v 19.975660 -0.986396 0.000000
v 2.792947 2.863467 20.000000
v 2.932208 2.720691 20.000000
v 3.064178 2.571151 20.000000
v 2.646743 2.999125 20.000000
v -2.932208 -2.720691 20.000000
v -2.792947 -2.863467 20.000000
v -2.646743 -2.999125 20.000000
v -3.064178 -2.571151 20.000000
v -2.493959 -3.127326 20.000000
v -3.188530 -2.415218 20.000000
v -2.334975 -3.247752 20.000000
v -3.304955 -2.253280 20.000000
v -2.170185 -3.360104 20.000000
v -3.413163 -2.085741 20.000000
v -2.000000 -3.464102 20.000000
v -3.512886 -1.913016 20.000000
v -1.824843 -3.559487 20.000000
v -3.603875 -1.735535 20.000000
v -1.645148 -3.646024 20.000000
v -3.685905 -1.553739 20.000000
v -1.461364 -3.723495 20.000000
v -3.758770 -1.368081 20.000000
v -1.273947 -3.791709 20.000000
v -3.822291 -1.179021 20.000000
v -1.083362 -3.850497 20.000000
v -3.876309 -0.987030 20.000000
v -0.890084 -3.899712 20.000000
v -3.920690 -0.792585 20.000000
v -0.694593 -3.939231 20.000000
v -3.955323 -0.596169 20.000000
v -0.497375 -3.968957 20.000000
v -3.980123 -0.398271 20.000000
v -0.298920 -3.988815 20.000000
v -3.995028 -0.199384 20.000000
v -0.099723 -3.998757 20.000000
v -4.000000 -0.000000 20.000000
v 0.099723 -3.998757 20.000000
v -3.995028 0.199384 20.000000
v 0.298920 -3.988815 20.000000
v -3.980123 0.398271 20.000000
v 0.497375 -3.968957 20.000000
v -3.955323 0.596169 20.000000
v 0.694593 -3.939231 20.000000
v -3.920690 0.792585 20.000000
v 0.890084 -3.899712 20.000000
v -3.876309 0.987030 20.000000
v 1.083362 -3.850497 20.000000
v -3.822291 1.179021 20.000000
v 1.273947 -3.791709 20.000000
v -3.758770 1.368081 20.000000
v 1.461364 -3.723495 20.000000
v -3.685905 1.553739 20.000000
v 1.645148 -3.646024 20.000000
v -3.603875 1.735535 20.000000
v 1.824843 -3.559487 20.000000
v -3.512886 1.913016 20.000000
v 2.000000 -3.464102 20.000000
v -3.413163 2.085741 20.000000
v 2.170185 -3.360104 20.000000
v -3.304955 2.253280 20.000000
v 2.334975 -3.247752 20.000000
v -3.188530 2.415218 20.000000
v 2.493959 -3.127326 20.000000
v -3.064178 2.571151 20.000000
v 2.646743 -2.999125 20.000000
v -2.932208 2.720691 20.000000
v 2.792947 -2.863467 20.000000
v -2.792947 2.863467 20.000000
v 2.932208 -2.720691 20.000000
v -2.646743 2.999125 20.000000
v 3.064178 -2.571151 20.000000
v -2.493959 3.127326 20.000000
v 3.188530 -2.415218 20.000000
v -2.334975 3.247752 20.000000
v -2.170185 3.360104 20.000000
v 3.304955 -2.253280 20.000000
v 3.413163 -2.085741 20.000000
v 3.512886 -1.913016 20.000000
v -2.000000 3.464102 20.000000
v -1.824843 3.559487 20.000000
v 3.603875 -1.735535 20.000000
v 3.685905 -1.553739 20.000000
v -1.645148 3.646024 20.000000
v -1.461364 3.723495 20.000000
v 3.758770 -1.368081 20.000000
v -1.273947 3.791709 20.000000
v 3.822291 -1.179021 20.000000
v -1.083362 3.850497 20.000000
v 3.876309 -0.987030 20.000000
v 3.920690 -0.792585 20.000000
v -0.890084 3.899712 20.000000
v -0.694593 3.939231 20.000000
v 3.955323 -0.596169 20.000000
v -0.497375 3.968957 20.000000
v 3.980123 -0.398271 20.000000
v 3.995028 -0.199384 20.000000
v -0.298920 3.988815 20.000000
v 4.000000 0.000000 20.000000
v -0.099723 3.998757 20.000000
v 0.099723 3.998757 20.000000
v 0.298920 3.988815 20.000000
v 3.995028 0.199384 20.000000
v 3.980123 0.398271 20.000000
v 0.497375 3.968957 20.000000
v 0.694593 3.939231 20.000000
v 3.955323 0.596169 20.000000
v 3.920690 0.792585 20.000000
v 0.890084 3.899712 20.000000
v 1.083362 3.850497 20.000000
v 3.876309 0.987030 20.000000
v 3.822291 1.179021 20.000000
v 1.273947 3.791709 20.000000
v 1.461364 3.723495 20.000000
v 3.758770 1.368081 20.000000
v 1.645148 3.646024 20.000000
v 3.685905 1.553739 20.000000
v 3.603875 1.735535 20.000000
v 1.824843 3.559487 20.000000
v 3.512886 1.913016 20.000000
v 2.000000 3.464102 20.000000
v 3.413163 2.085741 20.000000
v 2.170185 3.360104 20.000000
v 3.304955 2.253280 20.000000
v 2.334975 3.247752 20.000000
v 3.188530 2.415218 20.000000
v 2.493959 3.127326 20.000000
v 0.825000 -17.981083 0.000000
v 1.708168 -17.918766 0.000000
v 2.587203 -17.813095 0.000000
v 3.459979 -17.664330 0.000000
v 4.324384 -17.472828 0.000000
v 5.178327 -17.239052 0.000000
v 6.019741 -16.963570 0.000000
v 6.846592 -16.647047 0.000000
v 7.656878 -16.290249 0.000000
v 8.448640 -15.894039 0.000000
v 9.219962 -15.459376 0.000000
v 9.968977 -14.987311 0.000000
v 10.693874 -14.478987 0.000000
v 11.392899 -13.935633 0.000000
v 12.064360 -13.358563 0.000000
v 12.706634 -12.749175 0.000000
v 13.318165 -12.108943 0.000000
v 13.897475 -11.439414 0.000000
v 14.443162 -10.742209 0.000000
v 14.953907 -10.019015 0.000000
v 15.428473 -9.271583 0.000000
v 15.865711 -8.501718 0.000000
v 16.264565 -7.711285 0.000000
v 16.624069 -6.902195 0.000000
v 16.943356 -6.076407 0.000000
v 17.221647 -5.235918 0.000000
v 17.458277 -4.382761 0.000000
v 17.652666 -3.519001 0.000000
v 17.804348 -2.646728 0.000000
v 17.912956 -1.768051 0.000000
v 17.978226 -0.885096 0.000000
v 17.979462 0.859622 0.000000
v 18.000000 0.000000 0.000000
v 17.917894 1.717282 0.000000
v 17.815437 2.571023 0.000000
v 17.672327 3.418897 0.000000
v 17.488888 4.258970 0.000000
v 17.265537 5.089323 0.000000
v 17.002789 5.908062 0.000000
v 16.701239 6.713319 0.000000
v 16.361576 7.503256 0.000000
v 15.984575 8.276071 0.000000
v 15.984575 8.276071 15.000000
v 11.392899 -13.935633 15.000000
v 12.706634 -12.749175 15.000000
v 12.064360 -13.358563 15.000000
v 14.443162 -10.742209 15.000000
v 13.897475 -11.439414 15.000000
v 13.318165 -12.108943 15.000000
v 9.968977 -14.987311 15.000000
v 10.693874 -14.478987 15.000000
v 9.219962 -15.459376 15.000000
v 8.448640 -15.894039 15.000000
v 16.264565 -7.711285 15.000000
v 15.865711 -8.501718 15.000000
v 15.428473 -9.271583 15.000000
v 6.846592 -16.647047 15.000000
v 7.656878 -16.290249 15.000000
v 5.178327 -17.239052 15.000000
v 6.019741 -16.963570 15.000000
v 17.458277 -4.382761 15.000000
v 17.221647 -5.235918 15.000000
v 16.943356 -6.076407 15.000000
v 16.624069 -6.902195 15.000000
v 14.953907 -10.019015 15.000000
v 17.652666 -3.519001 15.000000
v 3.459979 -17.664330 15.000000
v 4.324384 -17.472828 15.000000
v 2.587203 -17.813095 15.000000
v 0.825000 -17.981083 15.000000
v 18.000000 0.000000 15.000000
v 17.978226 -0.885096 15.000000
v 17.912956 -1.768051 15.000000
v 17.804348 -2.646728 15.000000
v 1.708168 -17.918766 15.000000
v -0.825000 -17.981083 15.000000
v 17.917894 1.717282 15.000000
v 17.979462 0.859622 15.000000
v -3.441664 -17.667908 15.000000
v -1.701975 -17.919355 15.000000
v -2.574891 -17.814880 15.000000
v 17.265537 5.089323 15.000000
v 17.488888 4.258970 15.000000
v 17.672327 3.418897 15.000000
v 17.815437 2.571023 15.000000
v 17.002789 5.908062 15.000000
v -4.300226 -17.478788 15.000000
v -5.984554 -16.976015 15.000000
v -5.148531 -17.247974 15.000000
v 16.361576 7.503256 15.000000
v 16.701239 6.713319 15.000000
v -7.611812 -16.311356 15.000000
v -6.806301 -16.663561 15.000000
v -8.399165 -15.920239 15.000000
v 15.159575 9.705013 15.000000
v -10.633738 -14.523210 15.000000
v -9.166482 -15.491146 15.000000
v -9.911932 -15.025099 15.000000
v 14.140693 11.137361 15.000000
v 14.667629 10.433631 15.000000
v -11.330176 -13.986676 15.000000
v 13.580025 11.814522 15.000000
v 12.986961 12.463500 15.000000
v -12.640374 -12.814872 15.000000
v -11.999588 -13.416777 15.000000
v -13.251007 -12.182398 15.000000
v 11.027917 14.226211 15.000000
v 11.709384 13.670784 15.000000
v 12.362919 13.082747 15.000000
v -14.887799 -10.116988 15.000000
v -13.830029 -11.520863 15.000000
v -14.376061 -10.831845 15.000000
v 8.056151 16.096535 15.000000
v 8.832485 15.683979 15.000000
v 9.587749 15.234010 15.000000
v 10.320143 14.747701 15.000000
v -16.205467 -7.834718 15.000000
v -15.364022 -9.377997 15.000000
v -15.803595 -8.616635 15.000000
v -16.892374 -6.216725 15.000000
v -16.568684 -7.034111 15.000000
v 5.619476 17.100336 15.000000
v 6.447728 16.805559 15.000000
v 7.260600 16.470692 15.000000
v -17.175770 -5.384510 15.000000
v -17.418192 -4.539449 15.000000
v 3.062345 17.737589 15.000000
v 3.924763 17.566908 15.000000
v 4.777818 17.354321 15.000000
v -17.777905 -2.818883 15.000000
v -17.619062 -3.683559 15.000000
v -17.968084 -1.071435 15.000000
v -17.894337 -1.947482 15.000000
v -0.439573 17.994633 15.000000
v 0.439573 17.994633 15.000000
v 1.317669 17.951706 15.000000
v 2.192622 17.865957 15.000000
v -17.986914 0.686230 15.000000
v -17.998966 -0.192833 15.000000
v -2.192622 17.865957 15.000000
v -1.317669 17.951706 15.000000
v -17.834217 2.437351 15.000000
v -17.931953 1.563655 15.000000
v -17.511450 4.165228 15.000000
v -17.693937 3.305232 15.000000
v -4.777818 17.354321 15.000000
v -3.924763 17.566908 15.000000
v -3.062345 17.737589 15.000000
v -17.021688 5.853386 15.000000
v -17.287188 5.015289 15.000000
v -16.715584 6.677519 15.000000
v -7.260600 16.470692 15.000000
v -6.447728 16.805559 15.000000
v -5.619476 17.100336 15.000000
v -16.369604 7.485723 15.000000
v -8.832485 15.683979 15.000000
v -8.056151 16.096535 15.000000
v -9.587749 15.234010 15.000000
v -15.984575 8.276071 15.000000
v -14.667629 10.433631 15.000000
v -15.159575 9.705013 15.000000
v -11.027917 14.226211 15.000000
v -10.320143 14.747701 15.000000
v -12.362919 13.082747 15.000000
v -11.709384 13.670784 15.000000
v -12.986961 12.463500 15.000000
v -14.140693 11.137361 15.000000
v -13.580025 11.814522 15.000000
v 15.159575 9.705013 0.000000
v -15.159575 9.705013 0.000000
v -14.667629 10.433631 0.000000
v -14.140693 11.137361 0.000000
v -13.580025 11.814522 0.000000
v -12.986961 12.463500 0.000000
v -12.362919 13.082747 0.000000
v -11.709384 13.670784 0.000000
v -11.027917 14.226211 0.000000
v -10.320143 14.747701 0.000000
v -9.587749 15.234010 0.000000
v -8.832485 15.683979 0.000000
v -8.056151 16.096535 0.000000
v -7.260600 16.470692 0.000000
v -6.447728 16.805559 0.000000
v -5.619476 17.100336 0.000000
v -4.777818 17.354321 0.000000
v -3.924763 17.566908 0.000000
v -3.062345 17.737589 0.000000
v -2.192622 17.865957 0.000000
v -1.317669 17.951706 0.000000
v -0.439573 17.994633 0.000000
v 0.439573 17.994633 0.000000
v 1.317669 17.951706 0.000000
v 2.192622 17.865957 0.000000
v 3.062345 17.737589 0.000000
v 3.924763 17.566908 0.000000
v 4.777818 17.354321 0.000000
v 5.619476 17.100336 0.000000
v 6.447728 16.805559 0.000000
v 7.260600 16.470692 0.000000
v 8.056151 16.096535 0.000000
v 8.832485 15.683979 0.000000
v 9.587749 15.234010 0.000000
v 10.320143 14.747701 0.000000
v 11.027917 14.226211 0.000000
v 14.667629 10.433631 0.000000
v 11.709384 13.670784 0.000000
v 14.140693 11.137361 0.000000
v 12.362919 13.082747 0.000000
v 13.580025 11.814522 0.000000
v 12.986961 12.463500 0.000000
v -15.984575 8.276071 0.000000
v -12.640374 -12.814872 0.000000
v -13.251007 -12.182398 0.000000
v -11.999588 -13.416777 0.000000
v -13.830029 -11.520863 0.000000
v -11.330176 -13.986676 0.000000
v -14.376061 -10.831845 0.000000
v -10.633738 -14.523210 0.000000
v -14.887799 -10.116988 0.000000
v -9.911932 -15.025099 0.000000
v -15.364022 -9.377997 0.000000
v -9.166482 -15.491146 0.000000
v -15.803595 -8.616635 0.000000
v -8.399165 -15.920239 0.000000
v -16.205467 -7.834718 0.000000
v -7.611812 -16.311356 0.000000
v -16.568684 -7.034111 0.000000
v -6.806301 -16.663561 0.000000
v -16.892374 -6.216725 0.000000
v -5.984554 -16.976015 0.000000
v -17.175770 -5.384510 0.000000
v -5.148531 -17.247974 0.000000
v -17.418192 -4.539449 0.000000
v -4.300226 -17.478788 0.000000
v -17.619062 -3.683559 0.000000
v -3.441664 -17.667908 0.000000
v -17.777905 -2.818883 0.000000
v -2.574891 -17.814880 0.000000
v -17.894337 -1.947482 0.000000
v -1.701975 -17.919355 0.000000
v -17.968084 -1.071435 0.000000
v -0.825000 -17.981083 0.000000
v -17.998966 -0.192833 0.000000
v -17.986914 0.686230 0.000000
v -17.931953 1.563655 0.000000
v -17.834217 2.437351 0.000000
v -17.693937 3.305232 0.000000
v -17.511450 4.165228 0.000000
v -17.287188 5.015289 0.000000
v -17.021688 5.853386 0.000000
v -16.715584 6.677519 0.000000
v -16.369604 7.485723 0.000000
v 4.000000 0.000000 40.000000
v 3.995028 0.199384 40.000000
v 3.980123 0.398271 40.000000
v 3.955323 0.596169 40.000000
v 3.920690 0.792585 40.000000
v 3.876309 0.987030 40.000000
v 3.822291 1.179021 40.000000
v 3.758770 1.368081 40.000000
v 3.685905 1.553739 40.000000
v 3.603875 1.735535 40.000000
v 3.512886 1.913016 40.000000
v 3.413163 2.085741 40.000000
v 3.304955 2.253280 40.000000
v 3.188530 2.415218 40.000000
v 3.064178 2.571151 40.000000
v 2.932208 2.720691 40.000000
v 2.792947 2.863467 40.000000
v 2.646743 2.999125 40.000000
v 2.493959 3.127326 40.000000
v 2.334975 3.247752 40.000000
v 2.170185 3.360104 40.000000
v 2.000000 3.464102 40.000000
v 1.824843 3.559487 40.000000
v 1.645148 3.646024 40.000000
v 1.461364 3.723495 40.000000
v 1.273947 3.791709 40.000000
v 1.083362 3.850497 40.000000
v 0.890084 3.899712 40.000000
v 0.694593 3.939231 40.000000
v 0.497375 3.968957 40.000000
v 0.298920 3.988815 40.000000
v 0.099723 3.998757 40.000000
v -0.099723 3.998757 40.000000
v -0.298920 3.988815 40.000000
v -0.497375 3.968957 40.000000
v -0.694593 3.939231 40.000000
v -0.890084 3.899712 40.000000
v -1.083362 3.850497 40.000000
v -1.273947 3.791709 40.000000
v -1.461364 3.723495 40.000000
v -1.645148 3.646024 40.000000
v -1.824843 3.559487 40.000000
v -2.000000 3.464102 40.000000
v -2.170185 3.360104 40.000000
v -2.334975 3.247752 40.000000
v -2.493959 3.127326 40.000000
v -2.646743 2.999125 40.000000
v -2.792947 2.863467 40.000000
v -2.932208 2.720691 40.000000
v -3.064178 2.571151 40.000000
v -3.188530 2.415218 40.000000
v -3.304955 2.253280 40.000000
v -3.413163 2.085741 40.000000
v -3.512886 1.913016 40.000000
v -3.603875 1.735535 40.000000
v -3.685905 1.553739 40.000000
v -3.758770 1.368081 40.000000
v -3.822291 1.179021 40.000000
v -3.876309 0.987030 40.000000
v -3.920690 0.792585 40.000000
v -3.955323 0.596169 40.000000
v -3.980123 0.398271 40.000000
v -3.995028 0.199384 40.000000
v -4.000000 -0.000000 40.000000
v -3.995028 -0.199384 40.000000
v -3.980123 -0.398271 40.000000
v -3.955323 -0.596169 40.000000
v -3.920690 -0.792585 40.000000
v -3.876309 -0.987030 40.000000
v -3.822291 -1.179021 40.000000
v -3.758770 -1.368081 40.000000
v -3.685905 -1.553739 40.000000
v -3.603875 -1.735535 40.000000
v -3.512886 -1.913016 40.000000
v -3.413163 -2.085741 40.000000
v -3.304955 -2.253280 40.000000
v -3.188530 -2.415218 40.000000
v -3.064178 -2.571151 40.000000
v -2.932208 -2.720691 40.000000
v -2.792947 -2.863467 40.000000
v -2.646743 -2.999125 40.000000
v -2.493959 -3.127326 40.000000
v -2.334975 -3.247752 40.000000
v -2.170185 -3.360104 40.000000
v -2.000000 -3.464102 40.000000
v -1.824843 -3.559487 40.000000
v -1.645148 -3.646024 40.000000
v -1.461364 -3.723495 40.000000
v -1.273947 -3.791709 40.000000
v -1.083362 -3.850497 40.000000
v -0.890084 -3.899712 40.000000
v -0.694593 -3.939231 40.000000
v -0.497375 -3.968957 40.000000
v -0.298920 -3.988815 40.000000
v -0.099723 -3.998757 40.000000
v 0.099723 -3.998757 40.000000
v 0.298920 -3.988815 40.000000
v 0.497375 -3.968957 40.000000
v 0.694593 -3.939231 40.000000
v 0.890084 -3.899712 40.000000
v 1.083362 -3.850497 40.000000
v 1.273947 -3.791709 40.000000
v 1.461364 -3.723495 40.000000
v 1.645148 -3.646024 40.000000
v 1.824843 -3.559487 40.000000
v 2.000000 -3.464102 40.000000
v 2.170185 -3.360104 40.000000
v 2.334975 -3.247752 40.000000
v 2.493959 -3.127326 40.000000
v 2.646743 -2.999125 40.000000
v 2.792947 -2.863467 40.000000
v 2.932208 -2.720691 40.000000
v 3.064178 -2.571151 40.000000
v 3.188530 -2.415218 40.000000
v 3.304955 -2.253280 40.000000
v 3.413163 -2.085741 40.000000
v 3.512886 -1.913016 40.000000
v 3.603875 -1.735535 40.000000
v 3.685905 -1.553739 40.000000
v 3.758770 -1.368081 40.000000
v 3.822291 -1.179021 40.000000
v 3.876309 -0.987030 40.000000
v 3.920690 -0.792585 40.000000
v 3.955323 -0.596169 40.000000
v 3.980123 -0.398271 40.000000
v 3.995028 -0.199384 40.000000
v -1.466104 -1.360345 40.000000
v -1.396474 -1.431734 40.000000
v -1.323372 -1.499562 40.000000
v -1.532089 -1.285575 40.000000
v -1.246980 -1.563663 40.000000
v -1.594265 -1.207609 40.000000
v -1.167487 -1.623876 40.000000
v -1.652478 -1.126640 40.000000
v -1.085093 -1.680052 40.000000
v -1.706582 -1.042870 40.000000
v -1.000000 -1.732051 40.000000
v -1.756443 -0.956508 40.000000
v -0.912421 -1.779744 40.000000
v -1.801938 -0.867767 40.000000
v -0.822574 -1.823012 40.000000
v -1.842952 -0.776870 40.000000
v -0.730682 -1.861748 40.000000
v -1.879385 -0.684040 40.000000
v -0.636973 -1.895855 40.000000
v -1.911146 -0.589510 40.000000
v -0.541681 -1.925249 40.000000
v -1.938155 -0.493515 40.000000
v -0.445042 -1.949856 40.000000
v -1.960345 -0.396292 40.000000
v -0.347296 -1.969615 40.000000
v -1.977662 -0.298085 40.000000
v -0.248687 -1.984478 40.000000
v -1.990062 -0.199136 40.000000
v -0.149460 -1.994408 40.000000
v -1.997514 -0.099692 40.000000
v -0.049861 -1.999378 40.000000
v -2.000000 -0.000000 40.000000
v 0.049861 -1.999378 40.000000
v -1.997514 0.099692 40.000000
v 0.149460 -1.994408 40.000000
v -1.990062 0.199136 40.000000
v 0.248687 -1.984478 40.000000
v -1.977662 0.298085 40.000000
v 0.347296 -1.969615 40.000000
v -1.960345 0.396292 40.000000
v 0.445042 -1.949856 40.000000
v -1.938155 0.493515 40.000000
v 0.541681 -1.925249 40.000000
v -1.911146 0.589510 40.000000
v 0.636973 -1.895855 40.000000
v -1.879385 0.684040 40.000000
v 0.730682 -1.861748 40.000000
v -1.842952 0.776870 40.000000
v 0.822574 -1.823012 40.000000
v -1.801938 0.867767 40.000000
v 0.912421 -1.779744 40.000000
v -1.756443 0.956508 40.000000
v 1.000000 -1.732051 40.000000
v -1.706582 1.042870 40.000000
v 1.085093 -1.680052 40.000000
v -1.652478 1.126640 40.000000
v 1.167487 -1.623876 40.000000
v -1.594265 1.207609 40.000000
v 1.246980 -1.563663 40.000000
v -1.532089 1.285575 40.000000
v 1.323372 -1.499562 40.000000
v -1.466104 1.360345 40.000000
v 1.396474 -1.431734 40.000000
v -1.396474 1.431734 40.000000
v 1.466104 -1.360345 40.000000
v 1.532089 -1.285575 40.000000
v -1.323372 1.499562 40.000000
v -1.246980 1.563663 40.000000
v 1.594265 -1.207609 40.000000
v -1.167487 1.623876 40.000000
v 1.652478 -1.126640 40.000000
v -1.085093 1.680052 40.000000
v 1.706582 -1.042870 40.000000
v -1.000000 1.732051 40.000000
v 1.756443 -0.956508 40.000000
v 1.801938 -0.867767 40.000000
v -0.912421 1.779744 40.000000
v -0.822574 1.823012 40.000000
v 1.842952 -0.776870 40.000000
v -0.730682 1.861748 40.000000
v 1.879385 -0.684040 40.000000
v 1.911146 -0.589510 40.000000
v -0.636973 1.895855 40.000000
v -0.541681 1.925249 40.000000
v -0.445042 1.949856 40.000000
v 1.938155 -0.493515 40.000000
v -0.347296 1.969615 40.000000
v 1.960345 -0.396292 40.000000
v -0.248687 1.984478 40.000000
v 1.977662 -0.298085 40.000000
v 1.990062 -0.199136 40.000000
v 1.997514 -0.099692 40.000000
v -0.149460 1.994408 40.000000
v -0.049861 1.999378 40.000000
v 2.000000 0.000000 40.000000
v 0.049861 1.999378 40.000000
v 1.997514 0.099692 40.000000
v 0.149460 1.994408 40.000000
v 0.248687 1.984478 40.000000
v 1.990062 0.199136 40.000000
v 0.347296 1.969615 40.000000
v 1.977662 0.298085 40.000000
v 0.445042 1.949856 40.000000
v 1.960345 0.396292 40.000000
v 1.938155 0.493515 40.000000
v 0.541681 1.925249 40.000000
v 1.911146 0.589510 40.000000
v 1.879385 0.684040 40.000000
v 0.636973 1.895855 40.000000
v 0.730682 1.861748 40.000000
v 1.842952 0.776870 40.000000
v 0.822574 1.823012 40.000000
v 0.912421 1.779744 40.000000
v 1.801938 0.867767 40.000000
v 1.000000 1.732051 40.000000
v 1.756443 0.956508 40.000000
v 1.706582 1.042870 40.000000
v 1.085093 1.680052 40.000000
v 1.652478 1.126640 40.000000
v 1.167487 1.623876 40.000000
v 1.246980 1.563663 40.000000
v 1.594265 1.207609 40.000000
v 1.532089 1.285575 40.000000
v 1.466104 1.360345 40.000000
v 1.323372 1.499562 40.000000
v 1.396474 1.431734 40.000000
v 1.997514 0.099692 20.000000
v 2.000000 0.000000 20.000000
v 1.990062 0.199136 20.000000
v 1.977662 0.298085 20.000000
v 1.960345 0.396292 20.000000
v 1.938155 0.493515 20.000000
v 1.911146 0.589510 20.000000
v 1.879385 0.684040 20.000000
v 1.842952 0.776870 20.000000
v 1.801938 0.867767 20.000000
v 1.756443 0.956508 20.000000
v 1.706582 1.042870 20.000000
v 1.652478 1.126640 20.000000
v 1.594265 1.207609 20.000000
v 1.532089 1.285575 20.000000
v 1.466104 1.360345 20.000000
v 1.396474 1.431734 20.000000
v 1.323372 1.499562 20.000000
v 1.246980 1.563663 20.000000
v 1.167487 1.623876 20.000000
v 1.085093 1.680052 20.000000
v 1.000000 1.732051 20.000000
v 0.912421 1.779744 20.000000
v 0.822574 1.823012 20.000000
v 0.730682 1.861748 20.000000
v 0.636973 1.895855 20.000000
v 0.541681 1.925249 20.000000
v 0.445042 1.949856 20.000000
v 0.347296 1.969615 20.000000
v 0.248687 1.984478 20.000000
v 0.149460 1.994408 20.000000
v 0.049861 1.999378 20.000000
v -0.049861 1.999378 20.000000
v -0.149460 1.994408 20.000000
v -0.248687 1.984478 20.000000
v -0.347296 1.969615 20.000000
v -0.445042 1.949856 20.000000
v -0.541681 1.925249 20.000000
v -0.636973 1.895855 20.000000
v -0.730682 1.861748 20.000000
v -0.822574 1.823012 20.000000
v -0.912421 1.779744 20.000000
v -1.000000 1.732051 20.000000
v -1.085093 1.680052 20.000000
v -1.167487 1.623876 20.000000
v -1.246980 1.563663 20.000000
v -1.323372 1.499562 20.000000
v -1.396474 1.431734 20.000000
v -1.466104 1.360345 20.000000
v -1.532089 1.285575 20.000000
v -1.594265 1.207609 20.000000
v -1.652478 1.126640 20.000000
v -1.706582 1.042870 20.000000
v -1.756443 0.956508 20.000000
v -1.801938 0.867767 20.000000
v -1.842952 0.776870 20.000000
v -1.879385 0.684040 20.000000
v -1.911146 0.589510 20.000000
v -1.938155 0.493515 20.000000
v -1.960345 0.396292 20.000000
v -1.977662 0.298085 20.000000
v -1.990062 0.199136 20.000000
v -1.997514 0.099692 20.000000
v -2.000000 -0.000000 20.000000
v -1.997514 -0.099692 20.000000
v -1.990062 -0.199136 20.000000
v -1.977662 -0.298085 20.000000
v -1.960345 -0.396292 20.000000
v -1.938155 -0.493515 20.000000
v -1.911146 -0.589510 20.000000
v -1.879385 -0.684040 20.000000
v -1.842952 -0.776870 20.000000
v -1.801938 -0.867767 20.000000
v -1.756443 -0.956508 20.000000
v -1.706582 -1.042870 20.000000
v -1.652478 -1.126640 20.000000
v -1.594265 -1.207609 20.000000
v -1.532089 -1.285575 20.000000
v -1.466104 -1.360345 20.000000
v -1.396474 -1.431734 20.000000
v -1.323372 -1.499562 20.000000
v -1.246980 -1.563663 20.000000
v -1.167487 -1.623876 20.000000
v -1.085093 -1.680052 20.000000
v -1.000000 -1.732051 20.000000
v -0.912421 -1.779744 20.000000
v -0.822574 -1.823012 20.000000
v -0.730682 -1.861748 20.000000
v -0.636973 -1.895855 20.000000
v -0.541681 -1.925249 20.000000
v -0.445042 -1.949856 20.000000
v -0.347296 -1.969615 20.000000
v -0.248687 -1.984478 20.000000
v -0.149460 -1.994408 20.000000
v -0.049861 -1.999378 20.000000
v 0.049861 -1.999378 20.000000
v 0.149460 -1.994408 20.000000
v 0.248687 -1.984478 20.000000
v 0.347296 -1.969615 20.000000
v 0.445042 -1.949856 20.000000
v 0.541681 -1.925249 20.000000
v 0.636973 -1.895855 20.000000
v 0.730682 -1.861748 20.000000
v 0.822574 -1.823012 20.000000
v 0.912421 -1.779744 20.000000
v 1.000000 -1.732051 20.000000
v 1.085093 -1.680052 20.000000
v 1.167487 -1.623876 20.000000
v 1.246980 -1.563663 20.000000
v 1.323372 -1.499562 20.000000
v 1.396474 -1.431734 20.000000
v 1.466104 -1.360345 20.000000
v 1.532089 -1.285575 20.000000
v 1.594265 -1.207609 20.000000
v 1.652478 -1.126640 20.000000
v 1.706582 -1.042870 20.000000
v 1.756443 -0.956508 20.000000
v 1.801938 -0.867767 20.000000
v 1.842952 -0.776870 20.000000
v 1.879385 -0.684040 20.000000
v 1.911146 -0.589510 20.000000
v 1.938155 -0.493515 20.000000
v 1.960345 -0.396292 20.000000
v 1.977662 -0.298085 20.000000
v 1.990062 -0.199136 20.000000
v 1.997514 -0.099692 20.000000
vn 0.999709 0.024114 -0.000000
vn 0.999689 0.024931 0.000039
vn 0.997204 0.074729 0.000076
vn 0.997384 0.072287 -0.000038
vn 0.992239 0.124343 0.000110
vn 0.992739 0.120292 -0.000073
vn 0.984808 0.173650 0.000141
vn 0.985784 0.168018 -0.000106
vn 0.974928 0.222520 0.000170
vn 0.976537 0.215351 -0.000136
vn 0.962624 0.270841 0.000196
vn 0.965018 0.262184 -0.000164
vn 0.951254 0.308409 -0.000188
vn 0.947927 0.318487 0.000220
vn 0.935278 0.353913 -0.000210
vn 0.930874 0.365341 0.000240
vn 0.889872 0.456210 0.001095
vn 0.882703 0.469931 0.000084
vn 0.917126 0.398598 -0.000230
vn 0.894633 0.446802 -0.000319
vn 0.911506 0.411287 0.000258
vn 0.876155 0.482030 -0.000058
vn 0.869445 0.494029 0.000557
vn 0.866024 0.500001 0.001243
vn 0.862565 0.505945 0.000558
vn 0.855525 0.517761 -0.000057
vn 0.896841 0.442353 0.000000
vn 0.848326 0.529474 0.000084
vn 0.840025 0.542546 0.001095
vn 0.831277 0.555859 -0.000000
vn 0.834166 0.551513 -0.000341
vn 0.811938 0.583743 0.000267
vn 0.803011 0.595964 -0.000253
vn 0.781831 0.623490 0.000259
vn 0.772812 0.634634 -0.000245
vn 0.749781 0.661686 0.000250
vn 0.740753 0.671778 -0.000236
vn 0.715867 0.698237 0.000241
vn 0.706911 0.707303 -0.000227
vn 0.680173 0.733052 0.000232
vn 0.671366 0.741126 -0.000217
vn 0.642788 0.766044 0.000221
vn 0.634205 0.773165 -0.000206
vn 0.603804 0.797133 0.000210
vn 0.563320 0.826239 0.000199
vn 0.595518 0.803342 -0.000195
vn 0.521436 0.853290 0.000186
vn 0.555397 0.831586 -0.000183
vn 0.478253 0.878222 0.000173
vn 0.513939 0.857827 -0.000170
vn 0.433885 0.900968 0.000160
vn 0.471244 0.882003 -0.000157
vn 0.388434 0.921476 0.000146
vn 0.427414 0.904056 -0.000143
vn 0.342020 0.939693 0.000131
vn 0.382555 0.923933 -0.000129
vn 0.294755 0.955573 0.000116
vn 0.336776 0.941585 -0.000114
vn 0.246757 0.969077 0.000100
vn 0.290185 0.956970 -0.000098
vn 0.198147 0.980172 0.000083
vn 0.242897 0.970052 -0.000081
vn 0.195022 0.980799 -0.000065
vn 0.149041 0.988831 0.000066
vn 0.146679 0.989184 -0.000047
vn 0.099569 0.995031 0.000048
vn 0.097981 0.995188 -0.000029
vn 0.049846 0.998757 0.000029
vn 0.049051 0.998796 -0.000010
vn 0.000000 1.000000 0.000010
vn 0.000000 1.000000 0.000010
vn -0.049051 0.998796 -0.000010
vn -0.049846 0.998757 0.000029
vn -0.097981 0.995188 -0.000029
vn -0.099569 0.995031 0.000048
vn -0.146679 0.989184 -0.000047
vn -0.149041 0.988831 0.000066
vn -0.195022 0.980799 -0.000065
vn -0.198147 0.980172 0.000083
vn -0.242897 0.970052 -0.000081
vn -0.246757 0.969077 0.000100
vn -0.290185 0.956970 -0.000098
vn -0.294755 0.955573 0.000116
vn -0.336776 0.941585 -0.000114
vn -0.342020 0.939693 0.000131
vn -0.382555 0.923933 -0.000129
vn -0.388434 0.921476 0.000146
vn -0.427414 0.904056 -0.000143
vn -0.433885 0.900968 0.000160
vn -0.471244 0.882003 -0.000157
vn -0.478253 0.878222 0.000173
vn -0.513939 0.857827 -0.000170
vn -0.521436 0.853290 0.000186
vn -0.555397 0.831586 -0.000183
vn -0.563320 0.826239 0.000199
vn -0.595518 0.803342 -0.000195
vn -0.603804 0.797133 0.000210
vn -0.634205 0.773165 -0.000206
vn -0.642788 0.766044 0.000221
vn -0.671366 0.741126 -0.000217
vn -0.680173 0.733052 0.000232
vn -0.706911 0.707303 -0.000227
vn -0.715867 0.698237 0.000241
vn -0.740753 0.671778 -0.000236
vn -0.749781 0.661686 0.000250
vn -0.772812 0.634634 -0.000245
vn -0.781831 0.623490 0.000259
vn -0.840025 0.542546 0.001095
vn -0.848326 0.529474 0.000084
vn -0.803011 0.595964 -0.000253
vn -0.811938 0.583743 0.000267
vn -0.834166 0.551513 -0.000341
vn -0.855525 0.517761 -0.000057
vn -0.866024 0.500001 0.001243
vn -0.862565 0.505945 0.000558
vn -0.869445 0.494029 0.000557
vn -0.876155 0.482030 -0.000058
vn -0.831277 0.555859 0.000000
vn -0.882703 0.469931 0.000084
vn -0.889872 0.456210 0.001095
vn -0.911506 0.411287 0.000267
vn -0.894707 0.446654 -0.000341
vn -0.897026 0.441978 0.000000
vn -0.930874 0.365341 0.000259
vn -0.917626 0.397446 -0.000253
vn -0.947927 0.318487 0.000250
vn -0.936016 0.351958 -0.000245
vn -0.962624 0.270841 0.000241
vn -0.952153 0.305622 -0.000236
vn -0.974928 0.222520 0.000232
vn -0.965997 0.258552 -0.000227
vn -0.984808 0.173650 0.000221
vn -0.977517 0.210857 -0.000217
vn -0.992239 0.124343 0.000210
vn -0.986683 0.162656 -0.000206
vn -0.997204 0.074729 0.000199
vn -0.993474 0.114062 -0.000195
vn -0.999689 0.024931 0.000186
vn -0.997872 0.065197 -0.000183
vn -0.999689 -0.024931 0.000174
vn -0.999869 0.016170 -0.000170
vn -0.997204 -0.074729 0.000160
vn -0.999459 -0.032891 -0.000157
vn -0.992239 -0.124343 0.000146
vn -0.996642 -0.081878 -0.000143
vn -0.984808 -0.173650 0.000131
vn -0.991427 -0.130663 -0.000129
vn -0.974928 -0.222520 0.000116
vn -0.983824 -0.179136 -0.000114
vn -0.962624 -0.270841 0.000100
vn -0.973853 -0.227179 -0.000098
vn -0.947927 -0.318487 0.000083
vn -0.961538 -0.274671 -0.000081
vn -0.930874 -0.365341 0.000066
vn -0.946908 -0.321506 -0.000064
vn -0.911506 -0.411287 0.000048
vn -0.929998 -0.367564 -0.000047
vn -0.889872 -0.456210 0.000029
vn -0.910849 -0.412739 -0.000029
vn -0.889508 -0.456919 -0.000010
vn -0.866025 -0.500001 0.000010
vn -0.866025 -0.500001 0.000010
vn -0.840026 -0.542546 0.000029
vn -0.840458 -0.541876 -0.000010
vn -0.812867 -0.582450 -0.000029
vn -0.811938 -0.583743 0.000048
vn -0.783319 -0.621620 -0.000047
vn -0.781831 -0.623490 0.000066
vn -0.751885 -0.659294 -0.000064
vn -0.749781 -0.661686 0.000083
vn -0.718642 -0.695380 -0.000082
vn -0.715867 -0.698237 0.000100
vn -0.683668 -0.729793 -0.000098
vn -0.680173 -0.733052 0.000116
vn -0.647049 -0.762449 -0.000114
vn -0.642788 -0.766044 0.000131
vn -0.608871 -0.793269 -0.000129
vn -0.603804 -0.797133 0.000146
vn -0.563320 -0.826239 0.000160
vn -0.569229 -0.822179 -0.000143
vn -0.521436 -0.853290 0.000173
vn -0.528214 -0.849111 -0.000157
vn -0.478253 -0.878222 0.000186
vn -0.485931 -0.873997 -0.000170
vn -0.433885 -0.900968 0.000199
vn -0.442476 -0.896781 -0.000183
vn -0.388434 -0.921476 0.000210
vn -0.397955 -0.917405 -0.000195
vn -0.342020 -0.939692 0.000221
vn -0.352478 -0.935820 -0.000206
vn -0.294755 -0.955573 0.000232
vn -0.306151 -0.951983 -0.000217
vn -0.246757 -0.969077 0.000241
vn -0.259086 -0.965854 -0.000227
vn -0.198147 -0.980172 0.000250
vn -0.211400 -0.977400 -0.000236
vn -0.149041 -0.988831 0.000259
vn -0.163204 -0.986592 -0.000245
vn -0.049846 -0.998756 0.001095
vn -0.034378 -0.999409 0.000084
vn -0.099569 -0.995031 0.000267
vn -0.114614 -0.993410 -0.000253
vn -0.060539 -0.998166 -0.000342
vn -0.020628 -0.999787 -0.000058
vn 0.000000 -0.999999 0.001243
vn -0.006878 -0.999976 0.000557
vn 0.006878 -0.999976 0.000557
vn 0.020628 -0.999787 -0.000058
vn -0.065749 -0.997836 0.000000
vn 0.034378 -0.999409 0.000084
vn 0.049846 -0.998756 0.001095
vn 0.065883 -0.997827 0.000000
vn 0.099569 -0.995031 0.000269
vn 0.060592 -0.998163 -0.000349
vn 0.115017 -0.993363 -0.000260
vn 0.149041 -0.988831 0.000264
vn 0.163868 -0.986482 -0.000255
vn 0.198147 -0.980172 0.000259
vn 0.212324 -0.977199 -0.000250
vn 0.246757 -0.969077 0.000253
vn 0.260258 -0.965539 -0.000244
vn 0.294755 -0.955573 0.000248
vn 0.307564 -0.951527 -0.000238
vn 0.342020 -0.939692 0.000242
vn 0.354117 -0.935201 -0.000232
vn 0.388434 -0.921476 0.000235
vn 0.399812 -0.916597 -0.000226
vn 0.433885 -0.900968 0.000229
vn 0.444530 -0.895764 -0.000219
vn 0.478253 -0.878222 0.000222
vn 0.488169 -0.872749 -0.000212
vn 0.521436 -0.853290 0.000215
vn 0.530618 -0.847611 -0.000204
vn 0.563320 -0.826239 0.000207
vn 0.571777 -0.820409 -0.000197
vn 0.603804 -0.797133 0.000199
vn 0.611543 -0.791211 -0.000189
vn 0.642788 -0.766044 0.000191
vn 0.649822 -0.760087 -0.000181
vn 0.680173 -0.733052 0.000183
vn 0.715867 -0.698237 0.000175
vn 0.686517 -0.727114 -0.000172
vn 0.749781 -0.661686 0.000166
vn 0.721544 -0.692369 -0.000164
vn 0.781831 -0.623490 0.000157
vn 0.754813 -0.655940 -0.000155
vn 0.811938 -0.583743 0.000147
vn 0.786246 -0.617914 -0.000145
vn 0.840026 -0.542546 0.000138
vn 0.815764 -0.578385 -0.000136
vn 0.866025 -0.500001 0.000128
vn 0.843297 -0.537448 -0.000126
vn 0.889872 -0.456210 0.000117
vn 0.868777 -0.495203 -0.000116
vn 0.911506 -0.411287 0.000107
vn 0.892143 -0.451753 -0.000106
vn 0.930874 -0.365341 0.000096
vn 0.913339 -0.407201 -0.000095
vn 0.947927 -0.318487 0.000085
vn 0.932310 -0.361661 -0.000084
vn 0.962624 -0.270841 0.000074
vn 0.949012 -0.315240 -0.000073
vn 0.974928 -0.222520 0.000062
vn 0.963405 -0.268050 -0.000062
vn 0.975453 -0.220209 -0.000050
vn 0.984808 -0.173650 0.000050
vn 0.985126 -0.171832 -0.000038
vn 0.992239 -0.124343 0.000038
vn 0.992402 -0.123038 -0.000025
vn 0.997204 -0.074729 0.000026
vn 0.997263 -0.073942 -0.000013
vn 0.999689 -0.024931 0.000013
vn 0.999696 -0.024668 0.000000
vn 0.000000 0.000000 1.000000
vn 0.000000 0.000000 1.000000
vn 0.000000 0.000000 1.000000
vn 0.000000 0.000000 1.000000
vn 0.000000 0.000000 1.000000
vn 0.000000 0.000000 1.000000
vn 0.000000 0.000000 1.000000
vn 0.000000 0.000000 1.000000
vn 0.000000 0.000000 1.000000
vn 0.000000 0.000000 1.000000
vn 0.000000 0.000000 1.000000
vn 0.000000 0.000000 1.000000
vn 0.000000 0.000000 1.000000
vn 0.000000 0.000000 1.000000
vn 0.000000 0.000000 1.000000
vn 0.000000 0.000000 1.000000
vn 0.000000 0.000000 1.000000
vn 0.000000 0.000000 1.000000
vn 0.000000 0.000000 1.000000
vn 0.000000 0.000000 1.000000
vn 0.000000 0.000000 1.000000
vn 0.000000 0.000000 1.000000
vn 0.000000 0.000000 1.000000
vn 0.000000 0.000000 1.000000
vn 0.000000 0.000000 1.000000
vn 0.000000 0.000000 1.000000
vn 0.000000 0.000000 1.000000
vn 0.000000 0.000000 1.000000
vn 0.000000 0.000000 1.000000
vn 0.000000 0.000000 1.000000
vn 0.000000 0.000000 1.000000
vn 0.000000 0.000000 1.000000
vn 0.000000 0.000000 1.000000
vn 0.000000 0.000000 1.000000
vn 0.000000 0.000000 1.000000
vn 0.000000 0.000000 1.000000
vn 0.000000 0.000000 1.000000
vn 0.000000 0.000000 1.000000
vn 0.000000 0.000000 1.000000
vn 0.000000 0.000000 1.000000
vn 0.000000 0.000000 1.000000
vn 0.000000 0.000000 1.000000
vn 0.000000 0.000000 1.000000
vn 0.000000 0.000000 1.000000
vn 0.000000 0.000000 1.000000
vn 0.000000 0.000000 1.000000
vn 0.000000 0.000000 1.000000
vn 0.000000 0.000000 1.000000
vn 0.000000 0.000000 1.000000
vn 0.000000 0.000000 1.000000
vn 0.000000 0.000000 1.000000
vn 0.000000 0.000000 1.000000
vn 0.000000 0.000000 1.000000
vn 0.000000 0.000000 1.000000
vn 0.000000 0.000000 1.000000
vn 0.000000 0.000000 1.000000
vn 0.000000 0.000000 1.000000
vn 0.000000 0.000000 1.000000
vn 0.000000 0.000000 1.000000
vn 0.000000 0.000000 1.000000
vn 0.000000 0.000000 1.000000
vn 0.000000 0.000000 1.000000
vn 0.000000 0.000000 1.000000
vn 0.000000 0.000000 1.000000
vn 0.000000 0.000000 1.000000
vn 0.000000 0.000000 1.000000
vn 0.000000 0.000000 1.000000
vn 0.000000 0.000000 1.000000
vn 0.000000 0.000000 1.000000
vn 0.000000 0.000000 1.000000
vn 0.000000 0.000000 1.000000
vn 0.000000 0.000000 1.000000
vn 0.000000 0.000000 1.000000
vn 0.000000 0.000000 1.000000
vn 0.000000 0.000000 1.000000
vn 0.000000 0.000000 1.000000
vn 0.000000 0.000000 1.000000
vn 0.000000 0.000000 1.000000
vn 0.000000 0.000000 1.000000
vn 0.000000 0.000000 1.000000
vn 0.000000 0.000000 1.000000
vn 0.000000 0.000000 1.000000
vn 0.000000 0.000000 1.000000
vn 0.000000 0.000000 1.000000
vn 0.000000 0.000000 1.000000
vn 0.000000 0.000000 1.000000
vn 0.000000 0.000000 1.000000
vn 0.000000 0.000000 1.000000
vn 0.000000 0.000000 1.000000
vn 0.000000 0.000000 1.000000
vn 0.000000 0.000000 1.000000
vn 0.000000 0.000000 1.000000
vn 0.000000 0.000000 1.000000
vn 0.000000 0.000000 1.000000
vn 0.000000 0.000000 1.000000
vn 0.000000 0.000000 1.000000
vn 0.000000 0.000000 1.000000
vn 0.000000 0.000000 1.000000
vn 0.000000 0.000000 1.000000
vn 0.000000 0.000000 1.000000
vn 0.000000 0.000000 1.000000
vn 0.000000 0.000000 1.000000
vn 0.000000 0.000000 1.000000
vn 0.000000 0.000000 1.000000
vn 0.000000 0.000000 1.000000
vn 0.000000 0.000000 1.000000
vn 0.000000 0.000000 1.000000
vn 0.000000 0.000000 1.000000
vn 0.000000 0.000000 1.000000
vn 0.000000 0.000000 1.000000
vn 0.000000 0.000000 1.000000
vn 0.000000 0.000000 1.000000
vn 0.000000 0.000000 1.000000
vn 0.000000 0.000000 1.000000
vn 0.000000 0.000000 1.000000
vn 0.000000 0.000000 1.000000
vn 0.000000 0.000000 1.000000
vn 0.000000 0.000000 1.000000
vn 0.000000 0.000000 1.000000
vn 0.000000 0.000000 1.000000
vn 0.000000 0.000000 1.000000
vn 0.000000 0.000000 1.000000
vn 0.000000 0.000000 1.000000
vn 0.000000 0.000000 1.000000
vn 0.000000 0.000000 1.000000
vn 0.000000 0.000000 1.000000
vn 0.000000 0.000000 1.000000
vn 0.000000 0.000000 1.000000
vn 0.000000 0.000000 1.000000
vn 0.000000 0.000000 1.000000
vn 0.000000 0.000000 1.000000
vn 0.000000 0.000000 1.000000
vn 0.000000 0.000000 1.000000
vn 0.000000 0.000000 1.000000
vn 0.000000 0.000000 1.000000
vn 0.000000 0.000000 1.000000
vn 0.000000 0.000000 1.000000
vn 0.000000 0.000000 1.000000
vn 0.000000 0.000000 1.000000
vn 0.000000 0.000000 1.000000
vn 0.000000 0.000000 1.000000
vn 0.000000 0.000000 1.000000
vn 0.000000 0.000000 1.000000
vn 0.000000 0.000000 1.000000
vn 0.000000 0.000000 1.000000
vn 0.000000 0.000000 1.000000
vn 0.000000 0.000000 1.000000
vn 0.000000 0.000000 1.000000
vn 0.000000 0.000000 1.000000
vn 0.000000 0.000000 1.000000
vn 0.000000 0.000000 1.000000
vn 0.000000 0.000000 1.000000
vn 0.000000 0.000000 1.000000
vn 0.000000 0.000000 1.000000
vn 0.000000 0.000000 1.000000
vn 0.000000 0.000000 1.000000
vn 0.000000 0.000000 1.000000
vn 0.000000 0.000000 1.000000
vn 0.000000 0.000000 1.000000
vn 0.000000 0.000000 1.000000
vn 0.000000 0.000000 1.000000
vn 0.000000 0.000000 1.000000
vn 0.000000 0.000000 1.000000
vn 0.000000 0.000000 1.000000
vn 0.000000 0.000000 1.000000
vn 0.000000 0.000000 1.000000
vn 0.000000 0.000000 1.000000
vn 0.000000 0.000000 1.000000
vn 0.000000 0.000000 1.000000
vn 0.000000 0.000000 1.000000
vn 0.000000 0.000000 1.000000
vn 0.000000 0.000000 1.000000
vn 0.000000 0.000000 1.000000
vn 0.000000 0.000000 1.000000
vn 0.000000 0.000000 1.000000
vn 0.000000 0.000000 1.000000
vn 0.000000 0.000000 1.000000
vn 0.000000 0.000000 1.000000
vn 0.000000 0.000000 1.000000
vn 0.000000 0.000000 1.000000
vn 0.000000 0.000000 1.000000
vn 0.000000 0.000000 1.000000
vn 0.000000 0.000000 1.000000
vn 0.000000 0.000000 1.000000
vn 0.000000 0.000000 1.000000
vn 0.000000 0.000000 1.000000
vn 0.000000 0.000000 1.000000
vn 0.000000 0.000000 1.000000
vn 0.000000 0.000000 1.000000
vn 0.000000 0.000000 1.000000
vn 0.000000 0.000000 1.000000
vn 0.000000 0.000000 1.000000
vn 0.000000 0.000000 1.000000
vn 0.000000 0.000000 1.000000
vn 0.000000 0.000000 1.000000
vn 0.000000 0.000000 1.000000
vn 0.000000 0.000000 1.000000
vn 0.000000 0.000000 1.000000
vn 0.000000 0.000000 1.000000
vn 0.000000 0.000000 1.000000
vn 0.000000 0.000000 1.000000
vn 0.000000 0.000000 1.000000
vn 0.000000 0.000000 1.000000
vn 0.000000 0.000000 1.000000
vn 0.000000 0.000000 1.000000
vn 0.000000 0.000000 1.000000
vn 0.000000 0.000000 1.000000
vn 0.000000 0.000000 1.000000
vn 0.000000 0.000000 1.000000
vn 0.000000 0.000000 1.000000
vn 0.000000 0.000000 1.000000
vn 0.000000 0.000000 1.000000
vn 0.000000 0.000000 1.000000
vn 0.000000 0.000000 1.000000
vn 0.000000 0.000000 1.000000
vn 0.000000 0.000000 1.000000
vn 0.000000 0.000000 1.000000
vn 0.000000 0.000000 1.000000
vn 0.000000 0.000000 1.000000
vn 0.000000 0.000000 1.000000
vn 0.000000 0.000000 1.000000
vn 0.000000 0.000000 1.000000
vn 0.000000 0.000000 1.000000
vn 0.000000 0.000000 1.000000
vn 0.000000 0.000000 1.000000
vn 0.000000 0.000000 1.000000
vn 0.000000 0.000000 1.000000
vn 0.000000 0.000000 1.000000
vn 0.000000 0.000000 1.000000
vn 0.000000 0.000000 1.000000
vn 0.000000 0.000000 1.000000
vn 0.000000 0.000000 1.000000
vn 0.000000 0.000000 1.000000
vn 0.000000 0.000000 1.000000
vn 0.000000 0.000000 1.000000
vn 0.000000 0.000000 1.000000
vn 0.000000 0.000000 1.000000
vn 0.000000 0.000000 1.000000
vn 0.000000 0.000000 1.000000
vn 0.000000 0.000000 1.000000
vn 0.000000 0.000000 1.000000
vn 0.000000 0.000000 1.000000
vn 0.000000 0.000000 1.000000
vn 0.000000 0.000000 1.000000
vn 0.000000 0.000000 1.000000
vn 0.000000 0.000000 1.000000
vn 0.000000 0.000000 1.000000
vn 0.000000 0.000000 1.000000
vn 0.000000 0.000000 1.000000
vn 0.000000 0.000000 1.000000
vn 0.000000 0.000000 1.000000
vn 0.000000 0.000000 1.000000
vn 0.000000 0.000000 -1.000000
vn 0.000000 0.000000 -1.000000
vn 0.000000 0.000000 -1.000000
vn 0.000000 0.000000 -1.000000
vn 0.000000 0.000000 -1.000000
vn 0.000000 0.000000 -1.000000
vn 0.000000 0.000000 -1.000000
vn 0.000000 0.000000 -1.000000
vn 0.000000 0.000000 -1.000000
vn 0.000000 0.000000 -1.000000
vn 0.000000 0.000000 -1.000000
vn 0.000000 0.000000 -1.000000
vn 0.000000 0.000000 -1.000000
vn 0.000000 0.000000 -1.000000
vn 0.000000 0.000000 -1.000000
vn 0.000000 0.000000 -1.000000
vn 0.000000 0.000000 -1.000000
vn 0.000000 0.000000 -1.000000
vn 0.000000 0.000000 -1.000000
vn 0.000000 0.000000 -1.000000
vn 0.000000 0.000000 -1.000000
vn 0.000000 0.000000 -1.000000
vn 0.000000 0.000000 -1.000000
vn 0.000000 0.000000 -1.000000
vn 0.000000 0.000000 -1.000000
vn 0.000000 0.000000 -1.000000
vn 0.000000 0.000000 -1.000000
vn 0.000000 0.000000 -1.000000
vn 0.000000 0.000000 -1.000000
vn 0.000000 0.000000 -1.000000
vn 0.000000 0.000000 -1.000000
vn 0.000000 -0.000000 -1.000000
vn 0.000000 0.000000 -1.000000
vn 0.000000 -0.000000 -1.000000
vn 0.000000 0.000000 -1.000000
vn 0.000000 -0.000000 -1.000000
vn 0.000000 0.000000 -1.000000
vn 0.000000 -0.000000 -1.000000
vn 0.000000 -0.000000 -1.000000
vn 0.000000 0.000000 -1.000000
vn 0.000000 -0.000000 -1.000000
vn 0.000000 0.000000 -1.000000
vn 0.000000 -0.000000 -1.000000
vn 0.000000 0.000000 -1.000000
vn 0.000000 -0.000000 -1.000000
vn 0.000000 0.000000 -1.000000
vn 0.000000 -0.000000 -1.000000
vn 0.000000 0.000000 -1.000000
vn 0.000000 -0.000000 -1.000000
vn 0.000000 0.000000 -1.000000
vn 0.000000 -0.000000 -1.000000
vn 0.000000 0.000000 -1.000000
vn 0.000000 -0.000000 -1.000000
vn 0.000000 0.000000 -1.000000
vn 0.000000 -0.000000 -1.000000
vn 0.000000 0.000000 -1.000000
vn 0.000000 -0.000000 -1.000000
vn 0.000000 0.000000 -1.000000
vn 0.000000 0.000000 -1.000000
vn 0.000000 -0.000000 -1.000000
vn 0.000000 0.000000 -1.000000
vn 0.000000 0.000000 -1.000000
vn 0.000000 -0.000000 -1.000000
vn 0.000000 0.000000 -1.000000
vn 0.000000 0.000000 -1.000000
vn 0.000000 0.000000 -1.000000
vn 0.000000 0.000000 -1.000000
vn 0.000000 0.000000 -1.000000
vn 0.000000 0.000000 -1.000000
vn 0.000000 0.000000 -1.000000
vn 0.000000 0.000000 -1.000000
vn 0.000000 0.000000 -1.000000
vn 0.000000 0.000000 -1.000000
vn 0.000000 0.000000 -1.000000
vn 0.000000 0.000000 -1.000000
vn 0.000000 0.000000 -1.000000
vn 0.000000 0.000000 -1.000000
vn 0.000000 0.000000 -1.000000
vn 0.000000 0.000000 -1.000000
vn 0.000000 0.000000 -1.000000
vn 0.000000 0.000000 -1.000000
vn 0.000000 0.000000 -1.000000
vn -0.500000 0.866025 0.000000
vn -0.500000 0.866025 0.000000
vn 0.000000 0.000000 -1.000000
vn 0.000000 0.000000 -1.000000
vn 0.000000 0.000000 -1.000000
vn 0.000000 0.000000 -1.000000
vn 0.000000 0.000000 -1.000000
vn 0.000000 0.000000 -1.000000
vn 0.000000 0.000000 -1.000000
vn 0.000000 0.000000 -1.000000
vn 0.000000 0.000000 -1.000000
vn 0.000000 0.000000 -1.000000
vn 0.000000 0.000000 -1.000000
vn 0.000000 0.000000 -1.000000
vn 0.000000 0.000000 -1.000000
vn 0.000000 0.000000 -1.000000
vn 0.000000 0.000000 -1.000000
vn 0.000000 0.000000 -1.000000
vn 0.000000 0.000000 -1.000000
vn 0.000000 0.000000 -1.000000
vn 0.000000 0.000000 -1.000000
vn 0.000000 0.000000 -1.000000
vn 0.000000 0.000000 -1.000000
vn 0.000000 0.000000 -1.000000
vn 0.000000 0.000000 -1.000000
vn 0.000000 0.000000 -1.000000
vn 0.000000 -0.000000 -1.000000
vn 0.000000 0.000000 -1.000000
vn 0.000000 0.000000 -1.000000
vn 0.000000 0.000000 -1.000000
vn 0.000000 0.000000 -1.000000
vn 0.000000 0.000000 -1.000000
vn 0.000000 0.000000 -1.000000
vn 0.000000 0.000000 -1.000000
vn 0.000000 0.000000 -1.000000
vn 0.000000 0.000000 -1.000000
vn 0.000000 0.000000 -1.000000
vn 0.000000 0.000000 -1.000000
vn 0.000000 0.000000 -1.000000
vn 0.000000 0.000000 -1.000000
vn 0.000000 0.000000 -1.000000
vn 0.000000 0.000000 -1.000000
vn 0.000000 0.000000 -1.000000
vn 0.000000 0.000000 -1.000000
vn 0.000000 0.000000 -1.000000
vn 0.000000 0.000000 -1.000000
vn 0.000000 -0.000000 -1.000000
vn 0.000000 0.000000 -1.000000
vn 0.000000 0.000000 -1.000000
vn 0.000000 0.000000 -1.000000
vn 0.000000 0.000000 -1.000000
vn 0.000000 0.000000 -1.000000
vn 0.000000 0.000000 -1.000000
vn 0.000000 0.000000 -1.000000
vn 0.000000 0.000000 -1.000000
vn 0.000000 0.000000 -1.000000
vn 0.000000 -0.000000 -1.000000
vn 0.000000 0.000000 -1.000000
vn 0.000000 -0.000000 -1.000000
vn 0.000000 0.000000 -1.000000
vn 0.000000 0.000000 -1.000000
vn 0.000000 0.000000 -1.000000
vn 0.000000 0.000000 -1.000000
vn 0.000000 0.000000 -1.000000
vn 0.000000 0.000000 -1.000000
vn 0.000000 0.000000 -1.000000
vn 0.000000 0.000000 -1.000000
vn 0.000000 0.000000 -1.000000
vn 0.000000 0.000000 -1.000000
vn 0.000000 0.000000 -1.000000
vn 0.000000 0.000000 -1.000000
vn 0.000000 0.000000 -1.000000
vn 0.000000 0.000000 -1.000000
vn 0.000000 0.000000 -1.000000
vn 0.000000 0.000000 -1.000000
vn 0.000000 0.000000 -1.000000
vn 0.000000 0.000000 -1.000000
vn 0.000000 0.000000 -1.000000
vn 0.000000 0.000000 -1.000000
vn 0.000000 0.000000 -1.000000
vn 0.000000 0.000000 -1.000000
vn 0.000000 0.000000 -1.000000
vn 0.000000 0.000000 -1.000000
vn 0.000000 0.000000 -1.000000
vn 0.000000 0.000000 -1.000000
vn 0.000000 0.000000 -1.000000
vn 0.000000 0.000000 -1.000000
vn 0.000000 0.000000 -1.000000
vn 0.000000 0.000000 -1.000000
vn 0.000000 0.000000 -1.000000
vn 0.000000 0.000000 -1.000000
vn 0.000000 0.000000 -1.000000
vn 0.000000 0.000000 -1.000000
vn 0.000000 0.000000 -1.000000
vn 0.000000 0.000000 -1.000000
vn 0.000000 0.000000 -1.000000
vn 0.000000 0.000000 -1.000000
vn 0.000000 0.000000 -1.000000
vn 0.000000 0.000000 -1.000000
vn 0.000000 0.000000 -1.000000
vn 0.000000 0.000000 -1.000000
vn 0.000000 0.000000 -1.000000
vn 0.000000 0.000000 -1.000000
vn 0.000000 0.000000 -1.000000
vn 0.000000 0.000000 -1.000000
vn 0.000000 -0.000000 -1.000000
vn 0.000000 0.000000 -1.000000
vn 0.000000 -0.000000 -1.000000
vn 0.000000 0.000000 -1.000000
vn 0.000000 -0.000000 -1.000000
vn 0.000000 0.000000 -1.000000
vn 0.000000 0.000000 -1.000000
vn 0.000000 0.000000 -1.000000
vn 0.000000 0.000000 -1.000000
vn 0.000000 0.000000 -1.000000
vn 0.000000 0.000000 -1.000000
vn 0.000000 0.000000 -1.000000
vn 0.000000 0.000000 -1.000000
vn 0.000000 0.000000 -1.000000
vn 0.000000 0.000000 -1.000000
vn 0.000000 0.000000 -1.000000
vn 0.000000 0.000000 -1.000000
vn 0.000000 0.000000 -1.000000
vn 0.000000 0.000000 -1.000000
vn 0.000000 0.000000 -1.000000
vn 0.000000 0.000000 -1.000000
vn 0.000000 0.000000 -1.000000
vn 0.000000 0.000000 -1.000000
vn 0.000000 -0.000000 -1.000000
vn 0.000000 0.000000 -1.000000
vn 0.000000 0.000000 -1.000000
vn 0.000000 0.000000 -1.000000
vn 0.000000 0.000000 -1.000000
vn 0.000000 0.000000 -1.000000
vn 0.000000 0.000000 -1.000000
vn 0.000000 0.000000 -1.000000
vn 0.000000 0.000000 -1.000000
vn 0.000000 -0.000000 -1.000000
vn 0.000000 0.000000 -1.000000
vn 0.000000 0.000000 -1.000000
vn 0.000000 -0.000000 -1.000000
vn 0.000000 -0.000000 -1.000000
vn 0.000000 -0.000000 -1.000000
vn 0.000000 0.000000 -1.000000
vn 0.000000 -0.000000 -1.000000
vn 0.000000 -0.000000 -1.000000
vn 0.000000 -0.000000 -1.000000
vn 0.500000 -0.866026 0.000000
vn 0.500000 -0.866026 0.000000
vn 0.000000 0.000000 -1.000000
vn 0.000000 0.000000 -1.000000
vn 0.000000 0.000000 -1.000000
vn 0.000000 0.000000 -1.000000
vn 0.000000 0.000000 -1.000000
vn 0.000000 0.000000 -1.000000
vn 0.000000 0.000000 -1.000000
vn 0.000000 0.000000 -1.000000
vn 0.000000 0.000000 -1.000000
vn 0.000000 0.000000 -1.000000
vn 0.000000 0.000000 -1.000000
vn 0.000000 0.000000 -1.000000
vn 0.000000 0.000000 -1.000000
vn 0.000000 0.000000 -1.000000
vn 0.000000 0.000000 -1.000000
vn 0.000000 0.000000 -1.000000
vn 0.000000 0.000000 -1.000000
vn 0.000000 0.000000 -1.000000
vn 0.000000 0.000000 -1.000000
vn 0.000000 0.000000 -1.000000
vn 0.000000 0.000000 -1.000000
vn 0.000000 0.000000 -1.000000
vn 0.000000 0.000000 -1.000000
vn 0.000000 0.000000 -1.000000
vn 0.000000 0.000000 -1.000000
vn 0.000000 0.000000 -1.000000
vn 0.000000 0.000000 -1.000000
vn 0.000000 0.000000 -1.000000
vn 0.000000 0.000000 -1.000000
vn 0.000000 0.000000 -1.000000
vn 0.000000 0.000000 -1.000000
vn 0.000000 0.000000 -1.000000
vn 0.000000 0.000000 -1.000000
vn 0.000000 0.000000 -1.000000
vn 0.000000 0.000000 -1.000000
vn 0.000000 0.000000 -1.000000
vn 0.000000 0.000000 -1.000000
vn 0.000000 0.000000 -1.000000
vn 0.000000 0.000000 -1.000000
vn 0.000000 0.000000 -1.000000
vn 0.000000 0.000000 -1.000000
vn 0.000000 0.000000 -1.000000
vn 0.000000 0.000000 -1.000000
vn 0.000000 0.000000 -1.000000
vn 0.000000 0.000000 -1.000000
vn 0.000000 0.000000 -1.000000
vn 0.000000 0.000000 -1.000000
vn 0.000000 0.000000 -1.000000
vn 0.000000 0.000000 -1.000000
vn 0.000000 0.000000 -1.000000
vn 0.000000 0.000000 -1.000000
vn 0.000000 0.000000 -1.000000
vn 0.000000 0.000000 -1.000000
vn 0.000000 0.000000 -1.000000
vn 0.000000 0.000000 -1.000000
vn 0.000000 0.000000 -1.000000
vn 0.000000 0.000000 -1.000000
vn 0.000000 0.000000 -1.000000
vn 0.000000 0.000000 -1.000000
vn 0.000000 0.000000 -1.000000
vn 0.000000 -0.000000 -1.000000
vn 0.000000 0.000000 -1.000000
vn 0.000000 -0.000000 -1.000000
vn 0.000000 -0.000000 -1.000000
vn 0.000000 0.000000 -1.000000
vn 0.000000 -0.000000 -1.000000
vn 0.000000 0.000000 -1.000000
vn 0.000000 0.000000 -1.000000
vn 0.000000 0.000000 -1.000000
vn 0.000000 -0.000000 -1.000000
vn 0.000000 0.000000 -1.000000
vn 0.000000 0.000000 -1.000000
vn 0.000000 0.000000 -1.000000
vn 0.000000 -0.000000 -1.000000
vn 0.000000 0.000000 -1.000000
vn 0.000000 0.000000 -1.000000
vn 0.000000 0.000000 -1.000000
vn 0.000000 -0.000000 -1.000000
vn 0.000000 0.000000 -1.000000
vn 0.000000 -0.000000 -1.000000
vn 0.000000 0.000000 -1.000000
vn 0.000000 0.000000 -1.000000
vn -0.500000 -0.866026 0.000000
vn -0.500000 -0.866026 0.000000
vn 0.500000 0.866025 -0.000000
vn 0.500000 0.866025 0.000000
vn 0.000000 0.000000 -1.000000
vn 0.000000 0.000000 -1.000000
vn 0.000000 0.000000 -1.000000
vn 0.000000 -0.000000 -1.000000
vn 0.000000 0.000000 -1.000000
vn 0.000000 0.000000 -1.000000
vn 0.000000 0.000000 -1.000000
vn 0.000000 -0.000000 -1.000000
vn 0.000000 0.000000 -1.000000
vn 0.000000 0.000000 -1.000000
vn 0.000000 0.000000 -1.000000
vn 0.000000 -0.000000 -1.000000
vn 0.000000 0.000000 -1.000000
vn 0.000000 0.000000 -1.000000
vn 0.000000 0.000000 -1.000000
vn 0.000000 0.000000 -1.000000
vn 0.000000 -0.000000 -1.000000
vn 0.000000 0.000000 -1.000000
vn 0.000000 0.000000 -1.000000
vn 0.000000 -0.000000 -1.000000
vn 0.000000 0.000000 -1.000000
vn 0.000000 0.000000 -1.000000
vn 0.000000 -0.000000 -1.000000
vn 0.000000 0.000000 -1.000000
vn 0.000000 0.000000 -1.000000
vn 0.000000 0.000000 -1.000000
vn 0.000000 -0.000000 -1.000000
vn 0.000000 0.000000 -1.000000
vn 0.000000 0.000000 -1.000000
vn 0.000000 0.000000 -1.000000
vn 0.000000 0.000000 -1.000000
vn 0.000000 -0.000000 -1.000000
vn 0.000000 0.000000 -1.000000
vn 0.000000 0.000000 -1.000000
vn 0.000000 -0.000000 -1.000000
vn 0.000000 0.000000 -1.000000
vn 0.000000 0.000000 -1.000000
vn 0.000000 0.000000 -1.000000
vn 0.000000 -0.000000 -1.000000
vn 0.000000 0.000000 -1.000000
vn 0.000000 0.000000 -1.000000
vn 0.000000 0.000000 -1.000000
vn 0.000000 -0.000000 -1.000000
vn 0.000000 0.000000 -1.000000
vn 0.000000 0.000000 -1.000000
vn 0.000000 0.000000 -1.000000
vn 0.000000 -0.000000 -1.000000
vn 0.000000 0.000000 -1.000000
vn 0.000000 0.000000 -1.000000
vn 0.000000 0.000000 -1.000000
vn 0.000000 0.000000 -1.000000
vn 0.000000 -0.000000 -1.000000
vn 0.000000 0.000000 -1.000000
vn 0.000000 0.000000 -1.000000
vn 0.000000 -0.000000 -1.000000
vn 0.000000 0.000000 -1.000000
vn 0.000000 0.000000 -1.000000
vn 0.000000 0.000000 -1.000000
vn 0.000000 -0.000000 -1.000000
vn 0.000000 0.000000 -1.000000
vn 0.000000 0.000000 -1.000000
vn 0.000000 0.000000 -1.000000
vn 0.000000 0.000000 -1.000000
vn 0.000000 -0.000000 -1.000000
vn 0.000000 0.000000 -1.000000
vn 0.000000 -0.000000 -1.000000
vn 0.000000 0.000000 -1.000000
vn 0.000000 -0.000000 -1.000000
vn 0.000000 0.000000 -1.000000
vn 0.000000 -0.000000 -1.000000
vn 0.000000 0.000000 -1.000000
vn 0.000000 -0.000000 -1.000000
vn 0.000000 0.000000 -1.000000
vn 0.000000 -0.000000 -1.000000
vn 0.000000 0.000000 -1.000000
vn 0.000000 -0.000000 -1.000000
vn 0.000000 0.000000 -1.000000
vn 0.000000 -0.000000 -1.000000
vn 0.000000 -0.000000 -1.000000
vn 0.000000 0.000000 -1.000000
vn 0.000000 0.000000 -1.000000
vn 0.000000 -0.000000 -1.000000
vn 1.000000 0.000000 0.000000
vn 1.000000 -0.000000 0.000000
vn -1.000000 0.000000 0.000000
vn -1.000000 -0.000000 0.000000
vn 0.999689 0.024930 -0.000000
vn 0.999689 0.024930 0.000000
vn 0.997204 0.074731 0.000000
vn 0.992239 0.124344 0.000000
vn 0.997204 0.074731 0.000000
vn 0.992239 0.124344 0.000000
vn 0.984808 0.173647 0.000000
vn 0.974928 0.222521 0.000000
vn 0.984808 0.173647 -0.000000
vn 0.974928 0.222521 0.000000
vn 0.962624 0.270841 0.000000
vn 0.962624 0.270841 -0.000000
vn 0.947927 0.318486 0.000000
vn 0.930874 0.365341 0.000000
vn 0.947927 0.318486 -0.000000
vn 0.930874 0.365341 0.000000
vn 0.911506 0.411287 0.000000
vn 0.911506 0.411287 -0.000000
vn 0.889872 0.456210 0.000000
vn 0.889872 0.456210 -0.000000
vn 0.866025 0.500000 -0.000000
vn 0.866025 0.500000 0.000000
vn 0.840026 0.542546 0.000000
vn 0.840026 0.542546 0.000000
vn 0.811938 0.583743 -0.000000
vn 0.811938 0.583743 0.000000
vn 0.781832 0.623489 -0.000000
vn 0.781832 0.623489 0.000000
vn 0.749781 0.661686 0.000000
vn 0.715867 0.698237 0.000000
vn 0.749781 0.661686 -0.000000
vn 0.715867 0.698237 0.000000
vn 0.680172 0.733052 0.000000
vn 0.680172 0.733052 -0.000000
vn 0.642788 0.766044 0.000000
vn 0.603804 0.797133 0.000000
vn 0.642788 0.766044 -0.000000
vn 0.603804 0.797133 0.000000
vn 0.563320 0.826239 0.000000
vn 0.563320 0.826239 -0.000000
vn 0.521435 0.853291 0.000000
vn 0.521435 0.853291 -0.000000
vn 0.478255 0.878221 0.000000
vn 0.478255 0.878221 -0.000000
vn 0.433884 0.900969 0.000000
vn 0.433884 0.900969 -0.000000
vn 0.388435 0.921476 0.000000
vn 0.388435 0.921476 -0.000000
vn 0.342020 0.939693 0.000000
vn 0.342020 0.939693 -0.000000
vn 0.294755 0.955573 0.000000
vn 0.294755 0.955573 -0.000000
vn 0.246757 0.969077 0.000000
vn 0.246757 0.969077 -0.000000
vn 0.198146 0.980173 0.000000
vn 0.149042 0.988831 0.000000
vn 0.198146 0.980173 -0.000000
vn 0.149042 0.988831 0.000000
vn 0.099569 0.995031 0.000000
vn 0.099569 0.995031 -0.000000
vn 0.049845 0.998757 0.000000
vn 0.049845 0.998757 -0.000000
vn 0.000000 1.000000 0.000000
vn 0.000000 1.000000 -0.000000
vn -0.049845 0.998757 0.000000
vn -0.049845 0.998757 0.000000
vn -0.099569 0.995031 0.000000
vn -0.099569 0.995031 0.000000
vn -0.149042 0.988831 0.000000
vn -0.149042 0.988831 0.000000
vn -0.198146 0.980173 0.000000
vn -0.198146 0.980173 0.000000
vn -0.246757 0.969077 0.000000
vn -0.294755 0.955573 0.000000
vn -0.246757 0.969077 0.000000
vn -0.294755 0.955573 0.000000
vn -0.342020 0.939693 0.000000
vn -0.342020 0.939693 0.000000
vn -0.388435 0.921476 0.000000
vn -0.388435 0.921476 0.000000
vn -0.433884 0.900969 0.000000
vn -0.433884 0.900969 0.000000
vn -0.478255 0.878221 0.000000
vn -0.478255 0.878221 0.000000
vn -0.521435 0.853291 0.000000
vn -0.521435 0.853291 0.000000
vn -0.563320 0.826239 0.000000
vn -0.563320 0.826239 0.000000
vn -0.603804 0.797133 0.000000
vn -0.603804 0.797133 0.000000
vn -0.642788 0.766044 0.000000
vn -0.642788 0.766044 0.000000
vn -0.680172 0.733052 0.000000
vn -0.680172 0.733052 0.000000
vn -0.715867 0.698237 0.000000
vn -0.715867 0.698237 0.000000
vn -0.749781 0.661686 0.000000
vn -0.749781 0.661686 0.000000
vn -0.781832 0.623489 0.000000
vn -0.811938 0.583743 0.000000
vn -0.781832 0.623489 0.000000
vn -0.811938 0.583743 0.000000
vn -0.840026 0.542546 0.000000
vn -0.866025 0.500000 0.000000
vn -0.840026 0.542546 0.000000
vn -0.866025 0.500000 0.000000
vn -0.889872 0.456210 0.000000
vn -0.911506 0.411287 0.000000
vn -0.889872 0.456210 0.000000
vn -0.911506 0.411287 0.000000
vn -0.930874 0.365341 0.000000
vn -0.930874 0.365341 0.000000
vn -0.947927 0.318486 0.000000
vn -0.962624 0.270841 0.000000
vn -0.947927 0.318486 0.000000
vn -0.962624 0.270841 0.000000
vn -0.974928 0.222521 0.000000
vn -0.974928 0.222521 0.000000
vn -0.984808 0.173647 0.000000
vn -0.984808 0.173647 0.000000
vn -0.992239 0.124344 0.000000
vn -0.992239 0.124344 0.000000
vn -0.997204 0.074731 0.000000
vn -0.997204 0.074731 0.000000
vn -0.999689 0.024930 0.000000
vn -0.999689 0.024930 0.000000
vn -0.999689 -0.024930 -0.000000
vn -0.999689 -0.024930 0.000000
vn -0.997204 -0.074731 0.000000
vn -0.997204 -0.074731 0.000000
vn -0.992239 -0.124344 -0.000000
vn -0.992239 -0.124344 0.000000
vn -0.984808 -0.173647 -0.000000
vn -0.984808 -0.173647 0.000000
vn -0.974928 -0.222521 -0.000000
vn -0.974928 -0.222521 0.000000
vn -0.962624 -0.270841 0.000000
vn -0.962624 -0.270841 0.000000
vn -0.947927 -0.318486 -0.000000
vn -0.947927 -0.318486 0.000000
vn -0.930874 -0.365341 -0.000000
vn -0.930874 -0.365341 0.000000
vn -0.911506 -0.411287 0.000000
vn -0.911506 -0.411287 0.000000
vn -0.889872 -0.456210 -0.000000
vn -0.889872 -0.456210 0.000000
vn -0.866025 -0.500000 0.000000
vn -0.866025 -0.500000 0.000000
vn -0.840026 -0.542546 0.000000
vn -0.840026 -0.542546 0.000000
vn -0.811938 -0.583743 0.000000
vn -0.811938 -0.583743 0.000000
vn -0.781832 -0.623489 -0.000000
vn -0.781832 -0.623489 0.000000
vn -0.749781 -0.661686 0.000000
vn -0.749781 -0.661686 0.000000
vn -0.715867 -0.698237 0.000000
vn -0.715867 -0.698237 0.000000
vn -0.680172 -0.733052 -0.000000
vn -0.680172 -0.733052 0.000000
vn -0.642788 -0.766044 0.000000
vn -0.642788 -0.766044 0.000000
vn -0.603804 -0.797133 0.000000
vn -0.603804 -0.797133 0.000000
vn -0.563320 -0.826239 0.000000
vn -0.563320 -0.826239 0.000000
vn -0.521435 -0.853291 -0.000000
vn -0.521435 -0.853291 0.000000
vn -0.478255 -0.878221 0.000000
vn -0.478255 -0.878221 0.000000
vn -0.433884 -0.900969 0.000000
vn -0.433884 -0.900969 0.000000
vn -0.388435 -0.921476 0.000000
vn -0.388435 -0.921476 0.000000
vn -0.342020 -0.939693 0.000000
vn -0.342020 -0.939693 0.000000
vn -0.294755 -0.955573 0.000000
vn -0.294755 -0.955573 0.000000
vn -0.246757 -0.969077 0.000000
vn -0.246757 -0.969077 0.000000
vn -0.198146 -0.980173 0.000000
vn -0.198146 -0.980173 0.000000
vn -0.149042 -0.988831 -0.000000
vn -0.149042 -0.988831 0.000000
vn -0.099569 -0.995031 0.000000
vn -0.099569 -0.995031 0.000000
vn -0.049845 -0.998757 0.000000
vn -0.049845 -0.998757 0.000000
vn 0.000000 -1.000000 0.000000
vn 0.000000 -1.000000 0.000000
vn 0.049845 -0.998757 0.000000
vn 0.049845 -0.998757 0.000000
vn 0.099569 -0.995031 0.000000
vn 0.099569 -0.995031 0.000000
vn 0.149042 -0.988831 0.000000
vn 0.149042 -0.988831 0.000000
vn 0.198146 -0.980173 0.000000
vn 0.198146 -0.980173 0.000000
vn 0.246757 -0.969077 0.000000
vn 0.246757 -0.969077 0.000000
vn 0.294755 -0.955573 0.000000
vn 0.294755 -0.955573 0.000000
vn 0.342020 -0.939693 0.000000
vn 0.342020 -0.939693 0.000000
vn 0.388435 -0.921476 0.000000
vn 0.388435 -0.921476 0.000000
vn 0.433884 -0.900969 0.000000
vn 0.478255 -0.878221 0.000000
vn 0.433884 -0.900969 0.000000
vn 0.478255 -0.878221 0.000000
vn 0.521435 -0.853291 0.000000
vn 0.521435 -0.853291 0.000000
vn 0.563320 -0.826239 0.000000
vn 0.563320 -0.826239 0.000000
vn 0.603804 -0.797133 0.000000
vn 0.603804 -0.797133 0.000000
vn 0.642788 -0.766044 0.000000
vn 0.642788 -0.766044 0.000000
vn 0.680172 -0.733052 0.000000
vn 0.680172 -0.733052 0.000000
vn 0.715867 -0.698237 0.000000
vn 0.715867 -0.698237 0.000000
vn 0.749781 -0.661686 0.000000
vn 0.749781 -0.661686 0.000000
vn 0.781832 -0.623489 0.000000
vn 0.781832 -0.623489 0.000000
vn 0.811938 -0.583743 0.000000
vn 0.811938 -0.583743 0.000000
vn 0.840026 -0.542546 0.000000
vn 0.840026 -0.542546 0.000000
vn 0.866025 -0.500000 0.000000
vn 0.866025 -0.500000 0.000000
vn 0.889872 -0.456210 0.000000
vn 0.889872 -0.456210 0.000000
vn 0.911506 -0.411287 0.000000
vn 0.911506 -0.411287 0.000000
vn 0.930874 -0.365341 0.000000
vn 0.947927 -0.318486 0.000000
vn 0.930874 -0.365341 0.000000
vn 0.947927 -0.318486 0.000000
vn 0.962624 -0.270841 0.000000
vn 0.962624 -0.270841 0.000000
vn 0.974928 -0.222521 0.000000
vn 0.974928 -0.222521 0.000000
vn 0.984808 -0.173647 0.000000
vn 0.984808 -0.173647 0.000000
vn 0.992239 -0.124344 0.000000
vn 0.992239 -0.124344 0.000000
vn 0.997204 -0.074731 0.000000
vn 0.999689 -0.024930 0.000000
vn 0.997204 -0.074731 0.000000
vn 0.999689 -0.024930 0.000000
vn -0.898760 -0.438441 0.000000
vn -0.898760 -0.438441 0.000000
vn -0.918674 -0.395018 0.000000
vn -0.918674 -0.395018 0.000000
vn -0.936490 -0.350694 0.000000
vn -0.936490 -0.350694 0.000000
vn -0.952170 -0.305569 0.000000
vn -0.952170 -0.305569 0.000000
vn -0.965676 -0.259750 0.000000
vn -0.965676 -0.259750 0.000000
vn -0.976979 -0.213334 0.000000
vn -0.976979 -0.213334 0.000000
vn -0.986053 -0.166433 0.000000
vn -0.986053 -0.166433 0.000000
vn -0.992876 -0.119154 0.000000
vn -0.992876 -0.119154 0.000000
vn -0.997433 -0.071601 0.000000
vn -0.997433 -0.071601 0.000000
vn -0.999715 -0.023885 0.000000
vn -0.999698 0.024594 0.000000
vn -0.999715 -0.023885 0.000000
vn -0.999698 0.024594 0.000000
vn -0.997279 0.073721 0.000000
vn -0.997279 0.073721 0.000000
vn -0.992447 0.122671 0.000000
vn -0.992447 0.122671 0.000000
vn -0.985215 0.171322 0.000000
vn -0.985215 0.171322 0.000000
vn -0.975599 0.219559 0.000000
vn -0.975599 0.219559 0.000000
vn -0.963622 0.267268 0.000000
vn -0.949316 0.314325 0.000000
vn -0.963622 0.267268 0.000000
vn -0.949316 0.314325 0.000000
vn -0.932710 0.360627 0.000000
vn -0.932710 0.360627 0.000000
vn -0.913849 0.406053 0.000000
vn -0.913849 0.406053 0.000000
vn -0.892778 0.450497 0.000000
vn -0.869546 0.493852 0.000000
vn -0.892778 0.450497 0.000000
vn -0.869546 0.493852 0.000000
vn -0.844210 0.536012 0.000000
vn -0.844210 0.536012 0.000000
vn -0.816832 0.576875 0.000000
vn -0.816832 0.576875 0.000000
vn -0.787479 0.616342 0.000000
vn -0.756219 0.654319 0.000000
vn -0.787479 0.616342 0.000000
vn -0.756219 0.654319 0.000000
vn -0.723130 0.690713 0.000000
vn -0.723130 0.690713 0.000000
vn -0.688291 0.725435 0.000000
vn -0.651788 0.758401 0.000000
vn -0.688291 0.725435 0.000000
vn -0.651788 0.758401 0.000000
vn -0.613707 0.789534 0.000000
vn -0.613707 0.789534 0.000000
vn -0.574142 0.818756 0.000000
vn -0.574142 0.818756 0.000000
vn -0.533188 0.845997 0.000000
vn -0.533188 0.845997 0.000000
vn -0.490942 0.871192 0.000000
vn -0.490942 0.871192 0.000000
vn -0.447511 0.894279 0.000000
vn -0.447511 0.894279 0.000000
vn -0.402996 0.915202 0.000000
vn -0.402996 0.915202 0.000000
vn -0.357506 0.933911 0.000000
vn -0.357506 0.933911 0.000000
vn -0.311151 0.950360 0.000000
vn -0.311151 0.950360 0.000000
vn -0.264045 0.964510 0.000000
vn -0.264045 0.964510 0.000000
vn -0.216297 0.976328 0.000000
vn -0.216297 0.976328 0.000000
vn -0.168028 0.985782 0.000000
vn -0.168028 0.985782 0.000000
vn -0.119353 0.992852 0.000000
vn -0.119353 0.992852 0.000000
vn -0.070386 0.997520 0.000000
vn -0.070386 0.997520 0.000000
vn 0.070213 0.997532 -0.000000
vn 0.070213 0.997532 0.000000
vn 0.118837 0.992914 0.000000
vn 0.118837 0.992914 -0.000000
vn 0.167177 0.985927 -0.000000
vn 0.167177 0.985927 0.000000
vn 0.215117 0.976588 -0.000000
vn 0.215117 0.976588 0.000000
vn 0.262544 0.964920 0.000000
vn 0.262544 0.964920 0.000000
vn 0.309345 0.950950 -0.000000
vn 0.309345 0.950950 0.000000
vn 0.355407 0.934712 -0.000000
vn 0.355407 0.934712 0.000000
vn 0.400622 0.916243 -0.000000
vn 0.400622 0.916243 0.000000
vn 0.444882 0.895589 0.000000
vn 0.444882 0.895589 0.000000
vn 0.488080 0.872799 -0.000000
vn 0.488080 0.872799 0.000000
vn 0.530114 0.847926 0.000000
vn 0.530114 0.847926 0.000000
vn 0.570883 0.821031 -0.000000
vn 0.570883 0.821031 0.000000
vn 0.610290 0.792178 0.000000
vn 0.610290 0.792178 0.000000
vn 0.648242 0.761434 -0.000000
vn 0.648242 0.761434 0.000000
vn 0.684648 0.728874 0.000000
vn 0.684648 0.728874 0.000000
vn 0.719419 0.694576 -0.000000
vn 0.719419 0.694576 0.000000
vn 0.752476 0.658620 0.000000
vn 0.752476 0.658620 0.000000
vn 0.783736 0.621094 0.000000
vn 0.783736 0.621094 -0.000000
vn 0.813127 0.582086 0.000000
vn 0.813127 0.582086 -0.000000
vn 0.840579 0.541689 0.000000
vn 0.840579 0.541689 -0.000000
vn 0.866026 0.500000 0.000000
vn 0.889406 0.457118 0.000000
vn 0.866026 0.500000 -0.000000
vn 0.889406 0.457118 0.000000
vn 0.910664 0.413147 0.000000
vn 0.910664 0.413147 -0.000000
vn 0.929751 0.368188 0.000000
vn 0.929751 0.368188 -0.000000
vn 0.946619 0.322354 0.000000
vn 0.946619 0.322354 -0.000000
vn 0.961230 0.275748 0.000000
vn 0.961230 0.275748 -0.000000
vn 0.973548 0.228484 0.000000
vn 0.973548 0.228484 -0.000000
vn 0.983542 0.180678 0.000000
vn 0.983542 0.180678 -0.000000
vn 0.991191 0.132438 -0.000000
vn 0.991191 0.132438 0.000000
vn 0.996475 0.083886 -0.000000
vn 0.996475 0.083886 0.000000
vn 0.999383 0.035127 -0.000000
vn 0.999383 0.035127 0.000000
vn 0.999906 -0.013709 0.000000
vn 0.999906 -0.013709 0.000000
vn 0.998044 -0.062516 0.000000
vn 0.998044 -0.062516 0.000000
vn 0.993801 -0.111172 0.000000
vn 0.993801 -0.111172 0.000000
vn 0.987188 -0.159564 0.000000
vn 0.987188 -0.159564 0.000000
vn 0.978219 -0.207574 0.000000
vn 0.978219 -0.207574 0.000000
vn 0.966917 -0.255091 0.000000
vn 0.966917 -0.255091 0.000000
vn 0.953309 -0.301997 0.000000
vn 0.953309 -0.301997 0.000000
vn 0.937426 -0.348184 0.000000
vn 0.937426 -0.348184 0.000000
vn 0.919307 -0.393541 0.000000
vn 0.919307 -0.393541 0.000000
vn 0.898995 -0.437958 0.000000
vn 0.898995 -0.437958 0.000000
vn 0.828780 -0.559574 0.000000
vn 0.828780 -0.559574 0.000000
vn 0.800470 -0.599373 0.000000
vn 0.800470 -0.599373 0.000000
vn 0.770250 -0.637742 0.000000
vn 0.770250 -0.637742 0.000000
vn 0.738192 -0.674591 0.000000
vn 0.738192 -0.674591 0.000000
vn 0.704374 -0.709829 0.000000
vn 0.704374 -0.709829 0.000000
vn 0.668874 -0.743376 0.000000
vn 0.668874 -0.743376 0.000000
vn 0.631780 -0.775147 0.000000
vn 0.631780 -0.775147 0.000000
vn 0.593179 -0.805071 0.000000
vn 0.593179 -0.805071 0.000000
vn 0.553161 -0.833074 0.000000
vn 0.553161 -0.833074 0.000000
vn 0.511826 -0.859089 0.000000
vn 0.511826 -0.859089 0.000000
vn 0.469269 -0.883055 0.000000
vn 0.469269 -0.883055 0.000000
vn 0.425592 -0.904915 0.000000
vn 0.425592 -0.904915 0.000000
vn 0.380901 -0.924616 0.000000
vn 0.380901 -0.924616 0.000000
vn 0.335300 -0.942111 0.000000
vn 0.335300 -0.942111 0.000000
vn 0.288899 -0.957359 0.000000
vn 0.288899 -0.957359 0.000000
vn 0.241811 -0.970323 0.000000
vn 0.241811 -0.970323 0.000000
vn 0.194144 -0.980973 0.000000
vn 0.194144 -0.980973 0.000000
vn 0.146015 -0.989282 0.000000
vn 0.146015 -0.989282 0.000000
vn 0.097536 -0.995232 0.000000
vn 0.097536 -0.995232 0.000000
vn 0.048828 -0.998807 0.000000
vn 0.000000 -1.000000 0.000000
vn 0.048828 -0.998807 0.000000
vn 0.000000 -1.000000 0.000000
vn -0.048828 -0.998807 0.000000
vn -0.048828 -0.998807 0.000000
vn -0.097536 -0.995232 0.000000
vn -0.097536 -0.995232 0.000000
vn -0.146015 -0.989282 0.000000
vn -0.194144 -0.980973 -0.000000
vn -0.146015 -0.989282 0.000000
vn -0.194144 -0.980973 0.000000
vn -0.241811 -0.970323 0.000000
vn -0.241811 -0.970323 0.000000
vn -0.288899 -0.957359 0.000000
vn -0.335300 -0.942111 -0.000000
vn -0.288899 -0.957359 0.000000
vn -0.335300 -0.942111 0.000000
vn -0.380901 -0.924616 0.000000
vn -0.380901 -0.924616 0.000000
vn -0.425592 -0.904915 0.000000
vn -0.425592 -0.904915 0.000000
vn -0.469269 -0.883055 0.000000
vn -0.469269 -0.883055 0.000000
vn -0.511826 -0.859089 -0.000000
vn -0.511826 -0.859089 0.000000
vn -0.553161 -0.833074 0.000000
vn -0.553161 -0.833074 0.000000
vn -0.593179 -0.805071 0.000000
vn -0.593179 -0.805071 0.000000
vn -0.631780 -0.775147 0.000000
vn -0.631780 -0.775147 0.000000
vn -0.668874 -0.743376 0.000000
vn -0.668874 -0.743376 0.000000
vn -0.704374 -0.709829 0.000000
vn -0.704374 -0.709829 0.000000
vn -0.738192 -0.674591 0.000000
vn -0.738192 -0.674591 0.000000
vn -0.770250 -0.637742 0.000000
vn -0.770250 -0.637742 0.000000
vn -0.800470 -0.599373 0.000000
vn -0.800470 -0.599373 0.000000
vn -0.828780 -0.559574 0.000000
vn -0.828780 -0.559574 0.000000
vn 0.000000 0.000000 1.000000
vn 0.000000 0.000000 1.000000
vn 0.000000 0.000000 1.000000
vn 0.000000 0.000000 1.000000
vn 0.000000 0.000000 1.000000
vn 0.000000 0.000000 1.000000
vn 0.000000 0.000000 1.000000
vn 0.000000 0.000000 1.000000
vn 0.000000 0.000000 1.000000
vn 0.000000 0.000000 1.000000
vn 0.000000 0.000000 1.000000
vn 0.000000 0.000000 1.000000
vn 0.000000 0.000000 1.000000
vn 0.000000 0.000000 1.000000
vn 0.000000 0.000000 1.000000
vn 0.000000 0.000000 1.000000
vn 0.000000 0.000000 1.000000
vn 0.000000 0.000000 1.000000
vn 0.000000 0.000000 1.000000
vn 0.000000 0.000000 1.000000
vn 0.000000 0.000000 1.000000
vn 0.000000 0.000000 1.000000
vn 0.000000 0.000000 1.000000
vn 0.000000 0.000000 1.000000
vn 0.000000 0.000000 1.000000
vn 0.000000 0.000000 1.000000
vn 0.000000 0.000000 1.000000
vn 0.000000 0.000000 1.000000
vn 0.000000 0.000000 1.000000
vn 0.000000 0.000000 1.000000
vn 0.000000 0.000000 1.000000
vn 0.000000 0.000000 1.000000
vn 0.000000 0.000000 1.000000
vn 0.000000 0.000000 1.000000
vn 0.000000 0.000000 1.000000
vn 0.000000 0.000000 1.000000
vn 0.000000 0.000000 1.000000
vn 0.000000 0.000000 1.000000
vn 0.000000 0.000000 1.000000
vn 0.000000 0.000000 1.000000
vn 0.000000 0.000000 1.000000
vn 0.000000 0.000000 1.000000
vn 0.000000 0.000000 1.000000
vn 0.000000 0.000000 1.000000
vn 0.000000 0.000000 1.000000
vn 0.000000 0.000000 1.000000
vn 0.000000 0.000000 1.000000
vn 0.000000 0.000000 1.000000
vn 0.000000 0.000000 1.000000
vn 0.000000 0.000000 1.000000
vn 0.000000 0.000000 1.000000
vn 0.000000 0.000000 1.000000
vn 0.000000 0.000000 1.000000
vn 0.000000 0.000000 1.000000
vn 0.000000 0.000000 1.000000
vn 0.000000 0.000000 1.000000
vn 0.000000 0.000000 1.000000
vn 0.000000 0.000000 1.000000
vn 0.000000 0.000000 1.000000
vn 0.000000 0.000000 1.000000
vn 0.000000 0.000000 1.000000
vn 0.000000 0.000000 1.000000
vn 0.000000 0.000000 1.000000
vn 0.000000 0.000000 1.000000
vn 0.000000 0.000000 1.000000
vn 0.000000 0.000000 1.000000
vn 0.000000 0.000000 1.000000
vn 0.000000 0.000000 1.000000
vn 0.000000 0.000000 1.000000
vn 0.000000 0.000000 1.000000
vn 0.000000 0.000000 1.000000
vn 0.000000 0.000000 1.000000
vn 0.000000 0.000000 1.000000
vn 0.000000 0.000000 1.000000
vn 0.000000 0.000000 1.000000
vn 0.000000 0.000000 1.000000
vn 0.000000 0.000000 1.000000
vn 0.000000 0.000000 1.000000
vn 0.000000 0.000000 1.000000
vn 0.000000 0.000000 1.000000
vn 0.000000 0.000000 1.000000
vn 0.000000 0.000000 1.000000
vn 0.000000 0.000000 1.000000
vn 0.000000 0.000000 1.000000
vn 0.000000 0.000000 1.000000
vn 0.000000 0.000000 1.000000
vn 0.000000 0.000000 1.000000
vn 0.000000 0.000000 1.000000
vn 0.000000 0.000000 1.000000
vn 0.000000 0.000000 1.000000
vn 0.000000 0.000000 1.000000
vn 0.000000 0.000000 1.000000
vn 0.000000 0.000000 1.000000
vn 0.000000 0.000000 1.000000
vn 0.000000 0.000000 1.000000
vn 0.000000 0.000000 1.000000
vn 0.000000 0.000000 1.000000
vn 0.000000 0.000000 1.000000
vn 0.000000 0.000000 1.000000
vn 0.000000 0.000000 1.000000
vn 0.000000 0.000000 1.000000
vn 0.000000 0.000000 1.000000
vn 0.000000 0.000000 1.000000
vn 0.000000 0.000000 1.000000
vn 0.000000 0.000000 1.000000
vn 0.000000 0.000000 1.000000
vn 0.000000 0.000000 1.000000
vn 0.000000 0.000000 1.000000
vn 0.000000 0.000000 1.000000
vn 0.000000 0.000000 1.000000
vn 0.000000 0.000000 1.000000
vn 0.000000 0.000000 1.000000
vn 0.000000 0.000000 1.000000
vn 0.000000 0.000000 1.000000
vn 0.000000 0.000000 1.000000
vn 0.000000 0.000000 1.000000
vn 0.000000 0.000000 1.000000
vn 0.000000 0.000000 1.000000
vn 0.000000 0.000000 1.000000
vn 0.000000 0.000000 1.000000
vn 0.000000 0.000000 1.000000
vn 0.000000 0.000000 1.000000
vn 0.000000 0.000000 1.000000
vn 0.000000 0.000000 1.000000
vn 0.000000 0.000000 1.000000
vn 0.000000 0.000000 1.000000
vn 0.000000 0.000000 1.000000
vn 0.000000 0.000000 1.000000
vn 0.000000 0.000000 1.000000
vn 0.000000 0.000000 1.000000
vn 0.000000 0.000000 1.000000
vn 0.000000 0.000000 1.000000
vn 0.000000 0.000000 1.000000
vn 0.000000 0.000000 1.000000
vn 0.000000 0.000000 1.000000
vn 0.000000 0.000000 1.000000
vn 0.000000 0.000000 1.000000
vn 0.000000 0.000000 1.000000
vn 0.000000 0.000000 1.000000
vn 0.000000 0.000000 1.000000
vn 0.000000 0.000000 1.000000
vn 0.000000 0.000000 1.000000
vn 0.000000 0.000000 1.000000
vn 0.000000 0.000000 1.000000
vn 0.000000 0.000000 1.000000
vn 0.000000 0.000000 1.000000
vn 0.000000 0.000000 1.000000
vn 0.000000 0.000000 1.000000
vn 0.000000 0.000000 1.000000
vn 0.000000 0.000000 1.000000
vn 0.000000 0.000000 1.000000
vn 0.000000 0.000000 1.000000
vn 0.000000 0.000000 1.000000
vn 0.000000 0.000000 1.000000
vn 0.000000 0.000000 1.000000
vn 0.000000 0.000000 1.000000
vn 0.000000 0.000000 1.000000
vn 0.000000 0.000000 1.000000
vn 0.000000 0.000000 1.000000
vn 0.000000 0.000000 1.000000
vn 0.000000 0.000000 1.000000
vn 0.000000 0.000000 1.000000
vn 0.000000 0.000000 1.000000
vn 0.000000 0.000000 1.000000
vn 0.000000 0.000000 1.000000
vn 0.000000 0.000000 1.000000
vn 0.000000 0.000000 1.000000
vn 0.000000 0.000000 1.000000
vn 0.000000 0.000000 1.000000
vn 0.000000 0.000000 1.000000
vn 0.000000 0.000000 1.000000
vn 0.000000 0.000000 1.000000
vn 0.000000 0.000000 1.000000
vn 0.000000 0.000000 1.000000
vn 0.000000 0.000000 1.000000
vn 0.000000 0.000000 1.000000
vn 0.000000 0.000000 1.000000
vn 0.000000 0.000000 1.000000
vn 0.000000 0.000000 1.000000
vn 0.000000 0.000000 1.000000
vn 0.000000 0.000000 1.000000
vn 0.000000 0.000000 1.000000
vn 0.000000 0.000000 1.000000
vn 0.000000 0.000000 1.000000
vn 0.000000 0.000000 1.000000
vn 0.000000 0.000000 1.000000
vn 0.000000 0.000000 1.000000
vn 0.000000 0.000000 1.000000
vn 0.000000 0.000000 1.000000
vn 0.000000 0.000000 1.000000
vn 0.000000 0.000000 1.000000
vn 0.000000 0.000000 1.000000
vn 0.000000 0.000000 1.000000
vn 0.000000 0.000000 1.000000
vn 0.000000 0.000000 1.000000
vn 0.000000 0.000000 1.000000
vn 0.000000 0.000000 1.000000
vn 0.000000 0.000000 1.000000
vn 0.000000 0.000000 1.000000
vn 0.000000 0.000000 1.000000
vn 0.000000 0.000000 1.000000
vn 0.000000 0.000000 1.000000
vn 0.000000 0.000000 1.000000
vn 0.000000 0.000000 1.000000
vn 0.000000 0.000000 1.000000
vn 0.000000 0.000000 1.000000
vn 0.000000 0.000000 1.000000
vn 0.000000 0.000000 1.000000
vn 0.000000 0.000000 1.000000
vn 0.000000 0.000000 1.000000
vn 0.000000 0.000000 1.000000
vn 0.000000 0.000000 1.000000
vn 0.000000 0.000000 1.000000
vn 0.000000 0.000000 1.000000
vn 0.000000 0.000000 1.000000
vn 0.000000 0.000000 1.000000
vn 0.000000 0.000000 1.000000
vn 0.000000 0.000000 1.000000
vn 0.000000 0.000000 1.000000
vn 0.000000 0.000000 1.000000
vn 0.000000 0.000000 1.000000
vn 0.000000 0.000000 1.000000
vn 0.000000 0.000000 1.000000
vn 0.000000 0.000000 1.000000
vn 0.000000 0.000000 1.000000
vn 0.000000 0.000000 1.000000
vn 0.000000 0.000000 1.000000
vn 0.000000 0.000000 1.000000
vn 0.000000 0.000000 1.000000
vn 0.000000 0.000000 1.000000
vn 0.000000 0.000000 1.000000
vn 0.000000 0.000000 1.000000
vn 0.000000 0.000000 1.000000
vn 0.000000 0.000000 1.000000
vn 0.000000 0.000000 1.000000
vn 0.000000 0.000000 1.000000
vn 0.000000 0.000000 1.000000
vn 0.000000 0.000000 1.000000
vn 0.000000 0.000000 1.000000
vn 0.000000 0.000000 1.000000
vn 0.000000 0.000000 1.000000
vn 0.000000 0.000000 1.000000
vn 0.000000 0.000000 1.000000
vn 0.000000 0.000000 1.000000
vn 0.000000 0.000000 1.000000
vn 0.000000 0.000000 1.000000
vn 0.000000 0.000000 1.000000
vn 0.000000 0.000000 1.000000
vn 0.000000 0.000000 1.000000
vn 0.000000 0.000000 1.000000
vn 0.000000 0.000000 1.000000
vn 0.000000 0.000000 1.000000
vn -0.999689 -0.024930 0.000000
vn -0.999689 -0.024930 0.000000
vn -0.997204 -0.074731 0.000000
vn -0.992239 -0.124344 0.000000
vn -0.997204 -0.074731 0.000000
vn -0.992239 -0.124344 0.000000
vn -0.984808 -0.173647 0.000000
vn -0.974928 -0.222521 0.000000
vn -0.984808 -0.173647 0.000000
vn -0.974928 -0.222521 0.000000
vn -0.962624 -0.270841 0.000000
vn -0.962624 -0.270841 0.000000
vn -0.947927 -0.318486 0.000000
vn -0.930874 -0.365341 0.000000
vn -0.947927 -0.318486 0.000000
vn -0.930874 -0.365341 0.000000
vn -0.911506 -0.411287 0.000000
vn -0.911506 -0.411287 0.000000
vn -0.889872 -0.456210 0.000000
vn -0.889872 -0.456210 0.000000
vn -0.866025 -0.500000 0.000000
vn -0.866025 -0.500000 0.000000
vn -0.840026 -0.542546 0.000000
vn -0.840026 -0.542546 0.000000
vn -0.811938 -0.583743 0.000000
vn -0.811938 -0.583743 0.000000
vn -0.781832 -0.623489 0.000000
vn -0.781832 -0.623489 0.000000
vn -0.749781 -0.661686 0.000000
vn -0.715867 -0.698237 0.000000
vn -0.749781 -0.661686 0.000000
vn -0.715867 -0.698237 0.000000
vn -0.680172 -0.733052 0.000000
vn -0.680172 -0.733052 0.000000
vn -0.642788 -0.766044 0.000000
vn -0.603804 -0.797133 0.000000
vn -0.642788 -0.766044 0.000000
vn -0.603804 -0.797133 0.000000
vn -0.563320 -0.826239 0.000000
vn -0.563320 -0.826239 0.000000
vn -0.521435 -0.853291 0.000000
vn -0.521435 -0.853291 0.000000
vn -0.478255 -0.878221 0.000000
vn -0.478255 -0.878221 0.000000
vn -0.433884 -0.900969 0.000000
vn -0.433884 -0.900969 0.000000
vn -0.388435 -0.921476 0.000000
vn -0.388435 -0.921476 0.000000
vn -0.342020 -0.939693 0.000000
vn -0.342020 -0.939693 0.000000
vn -0.294755 -0.955573 0.000000
vn -0.294755 -0.955573 0.000000
vn -0.246757 -0.969077 0.000000
vn -0.246757 -0.969077 0.000000
vn -0.198146 -0.980173 0.000000
vn -0.149042 -0.988831 0.000000
vn -0.198146 -0.980173 0.000000
vn -0.149042 -0.988831 0.000000
vn -0.099569 -0.995031 0.000000
vn -0.099569 -0.995031 0.000000
vn -0.049845 -0.998757 0.000000
vn -0.049845 -0.998757 0.000000
vn 0.000000 -1.000000 0.000000
vn 0.000000 -1.000000 0.000000
vn 0.049845 -0.998757 0.000000
vn 0.049845 -0.998757 0.000000
vn 0.099569 -0.995031 0.000000
vn 0.099569 -0.995031 0.000000
vn 0.149042 -0.988831 0.000000
vn 0.149042 -0.988831 0.000000
vn 0.198146 -0.980173 0.000000
vn 0.198146 -0.980173 0.000000
vn 0.246757 -0.969077 0.000000
vn 0.294755 -0.955573 0.000000
vn 0.246757 -0.969077 0.000000
vn 0.294755 -0.955573 0.000000
vn 0.342020 -0.939693 0.000000
vn 0.342020 -0.939693 0.000000
vn 0.388435 -0.921476 0.000000
vn 0.388435 -0.921476 0.000000
vn 0.433884 -0.900969 0.000000
vn 0.433884 -0.900969 0.000000
vn 0.478255 -0.878221 0.000000
vn 0.478255 -0.878221 0.000000
vn 0.521435 -0.853291 0.000000
vn 0.521435 -0.853291 0.000000
vn 0.563320 -0.826239 0.000000
vn 0.563320 -0.826239 0.000000
vn 0.603804 -0.797133 0.000000
vn 0.603804 -0.797133 0.000000
vn 0.642788 -0.766044 0.000000
vn 0.642788 -0.766044 0.000000
vn 0.680172 -0.733052 0.000000
vn 0.680172 -0.733052 0.000000
vn 0.715867 -0.698237 0.000000
vn 0.715867 -0.698237 0.000000
vn 0.749781 -0.661686 0.000000
vn 0.749781 -0.661686 0.000000
vn 0.781832 -0.623489 0.000000
vn 0.811938 -0.583743 0.000000
vn 0.781832 -0.623489 0.000000
vn 0.811938 -0.583743 0.000000
vn 0.840026 -0.542546 0.000000
vn 0.866025 -0.500000 0.000000
vn 0.840026 -0.542546 0.000000
vn 0.866025 -0.500000 0.000000
vn 0.889872 -0.456210 0.000000
vn 0.911506 -0.411287 0.000000
vn 0.889872 -0.456210 0.000000
vn 0.911506 -0.411287 0.000000
vn 0.930874 -0.365341 0.000000
vn 0.930874 -0.365341 0.000000
vn 0.947927 -0.318486 0.000000
vn 0.962624 -0.270841 0.000000
vn 0.947927 -0.318486 0.000000
vn 0.962624 -0.270841 0.000000
vn 0.974928 -0.222521 0.000000
vn 0.974928 -0.222521 0.000000
vn 0.984808 -0.173647 0.000000
vn 0.984808 -0.173647 0.000000
vn 0.992239 -0.124344 0.000000
vn 0.992239 -0.124344 0.000000
vn 0.997204 -0.074731 0.000000
vn 0.997204 -0.074731 0.000000
vn 0.999689 -0.024930 0.000000
vn 0.999689 -0.024930 0.000000
vn 0.999689 0.024930 -0.000000
vn 0.999689 0.024930 -0.000000
vn 0.997204 0.074731 0.000000
vn 0.997204 0.074731 -0.000000
vn 0.992239 0.124344 -0.000000
vn 0.992239 0.124344 -0.000000
vn 0.984808 0.173647 -0.000000
vn 0.984808 0.173647 -0.000000
vn 0.974928 0.222521 -0.000000
vn 0.974928 0.222521 -0.000000
vn 0.962624 0.270841 0.000000
vn 0.962624 0.270841 -0.000000
vn 0.947927 0.318486 -0.000000
vn 0.947927 0.318486 -0.000000
vn 0.930874 0.365341 -0.000000
vn 0.930874 0.365341 -0.000000
vn 0.911506 0.411287 0.000000
vn 0.911506 0.411287 -0.000000
vn 0.889872 0.456210 -0.000000
vn 0.889872 0.456210 -0.000000
vn 0.866025 0.500000 0.000000
vn 0.866025 0.500000 -0.000000
vn 0.840026 0.542546 0.000000
vn 0.840026 0.542546 -0.000000
vn 0.811938 0.583743 0.000000
vn 0.811938 0.583743 -0.000000
vn 0.781832 0.623489 -0.000000
vn 0.781832 0.623489 -0.000000
vn 0.749781 0.661686 0.000000
vn 0.749781 0.661686 -0.000000
vn 0.715867 0.698237 0.000000
vn 0.715867 0.698237 -0.000000
vn 0.680172 0.733052 -0.000000
vn 0.680172 0.733052 -0.000000
vn 0.642788 0.766044 0.000000
vn 0.642788 0.766044 -0.000000
vn 0.603804 0.797133 0.000000
vn 0.603804 0.797133 -0.000000
vn 0.563320 0.826239 -0.000000
vn 0.563320 0.826239 0.000000
vn 0.521435 0.853291 -0.000000
vn 0.521435 0.853291 -0.000000
vn 0.478255 0.878221 -0.000000
vn 0.478255 0.878221 0.000000
vn 0.433884 0.900969 -0.000000
vn 0.433884 0.900969 0.000000
vn 0.388435 0.921476 -0.000000
vn 0.388435 0.921476 0.000000
vn 0.342020 0.939693 0.000000
vn 0.342020 0.939693 -0.000000
vn 0.294755 0.955573 0.000000
vn 0.294755 0.955573 -0.000000
vn 0.246757 0.969077 0.000000
vn 0.246757 0.969077 -0.000000
vn 0.198146 0.980173 0.000000
vn 0.198146 0.980173 -0.000000
vn 0.149042 0.988831 -0.000000
vn 0.149042 0.988831 -0.000000
vn 0.099569 0.995031 0.000000
vn 0.099569 0.995031 -0.000000
vn 0.049845 0.998757 0.000000
vn 0.049845 0.998757 -0.000000
vn 0.000000 1.000000 0.000000
vn 0.000000 1.000000 -0.000000
vn -0.049845 0.998757 0.000000
vn -0.049845 0.998757 0.000000
vn -0.099569 0.995031 0.000000
vn -0.099569 0.995031 0.000000
vn -0.149042 0.988831 0.000000
vn -0.149042 0.988831 0.000000
vn -0.198146 0.980173 0.000000
vn -0.198146 0.980173 0.000000
vn -0.246757 0.969077 0.000000
vn -0.246757 0.969077 0.000000
vn -0.294755 0.955573 0.000000
vn -0.294755 0.955573 0.000000
vn -0.342020 0.939693 0.000000
vn -0.342020 0.939693 0.000000
vn -0.388435 0.921476 0.000000
vn -0.388435 0.921476 0.000000
vn -0.433884 0.900969 0.000000
vn -0.478255 0.878221 0.000000
vn -0.433884 0.900969 0.000000
vn -0.478255 0.878221 0.000000
vn -0.521435 0.853291 0.000000
vn -0.521435 0.853291 0.000000
vn -0.563320 0.826239 0.000000
vn -0.563320 0.826239 0.000000
vn -0.603804 0.797133 0.000000
vn -0.603804 0.797133 0.000000
vn -0.642788 0.766044 0.000000
vn -0.642788 0.766044 0.000000
vn -0.680172 0.733052 0.000000
vn -0.680172 0.733052 0.000000
vn -0.715867 0.698237 0.000000
vn -0.715867 0.698237 0.000000
vn -0.749781 0.661686 0.000000
vn -0.749781 0.661686 0.000000
vn -0.781832 0.623489 0.000000
vn -0.781832 0.623489 0.000000
vn -0.811938 0.583743 0.000000
vn -0.811938 0.583743 0.000000
vn -0.840026 0.542546 0.000000
vn -0.840026 0.542546 0.000000
vn -0.866025 0.500000 0.000000
vn -0.866025 0.500000 0.000000
vn -0.889872 0.456210 0.000000
vn -0.889872 0.456210 0.000000
vn -0.911506 0.411287 0.000000
vn -0.911506 0.411287 0.000000
vn -0.930874 0.365341 0.000000
vn -0.947927 0.318486 0.000000
vn -0.930874 0.365341 0.000000
vn -0.947927 0.318486 0.000000
vn -0.962624 0.270841 0.000000
vn -0.962624 0.270841 0.000000
vn -0.974928 0.222521 0.000000
vn -0.974928 0.222521 0.000000
vn -0.984808 0.173647 0.000000
vn -0.984808 0.173647 0.000000
vn -0.992239 0.124344 0.000000
vn -0.992239 0.124344 0.000000
vn -0.997204 0.074731 0.000000
vn -0.999689 0.024930 0.000000
vn -0.997204 0.074731 0.000000
vn -0.999689 0.024930 0.000000
vn 0.000000 0.000000 1.000000
vn 0.000000 0.000000 1.000000
vn 0.000000 0.000000 1.000000
vn 0.000000 0.000000 1.000000
vn 0.000000 0.000000 1.000000
vn 0.000000 0.000000 1.000000
vn 0.000000 0.000000 1.000000
vn 0.000000 0.000000 1.000000
vn 0.000000 0.000000 1.000000
vn 0.000000 0.000000 1.000000
vn 0.000000 0.000000 1.000000
vn 0.000000 0.000000 1.000000
vn 0.000000 0.000000 1.000000
vn 0.000000 0.000000 1.000000
vn 0.000000 0.000000 1.000000
vn 0.000000 0.000000 1.000000
vn 0.000000 0.000000 1.000000
vn 0.000000 0.000000 1.000000
vn 0.000000 0.000000 1.000000
vn 0.000000 0.000000 1.000000
vn 0.000000 0.000000 1.000000
vn 0.000000 0.000000 1.000000
vn 0.000000 0.000000 1.000000
vn 0.000000 0.000000 1.000000
vn 0.000000 0.000000 1.000000
vn 0.000000 0.000000 1.000000
vn 0.000000 0.000000 1.000000
vn 0.000000 0.000000 1.000000
vn 0.000000 0.000000 1.000000
vn 0.000000 0.000000 1.000000
vn 0.000000 0.000000 1.000000
vn 0.000000 0.000000 1.000000
vn 0.000000 0.000000 1.000000
vn 0.000000 0.000000 1.000000
vn 0.000000 0.000000 1.000000
vn 0.000000 0.000000 1.000000
vn 0.000000 0.000000 1.000000
vn 0.000000 0.000000 1.000000
vn 0.000000 0.000000 1.000000
vn 0.000000 0.000000 1.000000
vn 0.000000 0.000000 1.000000
vn 0.000000 0.000000 1.000000
vn 0.000000 0.000000 1.000000
vn 0.000000 0.000000 1.000000
vn 0.000000 0.000000 1.000000
vn 0.000000 0.000000 1.000000
vn 0.000000 0.000000 1.000000
vn 0.000000 0.000000 1.000000
vn 0.000000 0.000000 1.000000
vn 0.000000 0.000000 1.000000
vn 0.000000 0.000000 1.000000
vn 0.000000 0.000000 1.000000
vn 0.000000 0.000000 1.000000
vn 0.000000 0.000000 1.000000
vn 0.000000 0.000000 1.000000
vn 0.000000 0.000000 1.000000
vn 0.000000 0.000000 1.000000
vn 0.000000 0.000000 1.000000
vn 0.000000 0.000000 1.000000
vn 0.000000 0.000000 1.000000
vn 0.000000 0.000000 1.000000
vn 0.000000 0.000000 1.000000
vn 0.000000 0.000000 1.000000
vn 0.000000 0.000000 1.000000
vn 0.000000 0.000000 1.000000
vn 0.000000 0.000000 1.000000
vn 0.000000 0.000000 1.000000
vn 0.000000 0.000000 1.000000
vn 0.000000 0.000000 1.000000
vn 0.000000 0.000000 1.000000
vn 0.000000 0.000000 1.000000
vn 0.000000 0.000000 1.000000
vn 0.000000 0.000000 1.000000
vn 0.000000 0.000000 1.000000
vn 0.000000 0.000000 1.000000
vn 0.000000 0.000000 1.000000
vn 0.000000 0.000000 1.000000
vn 0.000000 0.000000 1.000000
vn 0.000000 0.000000 1.000000
vn 0.000000 0.000000 1.000000
vn 0.000000 0.000000 1.000000
vn 0.000000 0.000000 1.000000
vn 0.000000 0.000000 1.000000
vn 0.000000 0.000000 1.000000
vn 0.000000 0.000000 1.000000
vn 0.000000 0.000000 1.000000
vn 0.000000 0.000000 1.000000
vn 0.000000 0.000000 1.000000
vn 0.000000 0.000000 1.000000
vn 0.000000 0.000000 1.000000
vn 0.000000 0.000000 1.000000
vn 0.000000 0.000000 1.000000
vn 0.000000 0.000000 1.000000
vn 0.000000 0.000000 1.000000
vn 0.000000 0.000000 1.000000
vn 0.000000 0.000000 1.000000
vn 0.000000 0.000000 1.000000
vn 0.000000 0.000000 1.000000
vn 0.000000 0.000000 1.000000
vn 0.000000 0.000000 1.000000
vn 0.000000 0.000000 1.000000
vn 0.000000 0.000000 1.000000
vn 0.000000 0.000000 1.000000
vn 0.000000 0.000000 1.000000
vn 0.000000 0.000000 1.000000
vn 0.000000 0.000000 1.000000
vn 0.000000 0.000000 1.000000
vn 0.000000 0.000000 1.000000
vn 0.000000 0.000000 1.000000
vn 0.000000 0.000000 1.000000
vn 0.000000 0.000000 1.000000
vn 0.000000 0.000000 1.000000
vn 0.000000 0.000000 1.000000
vn 0.000000 0.000000 1.000000
vn 0.000000 0.000000 1.000000
vn 0.000000 0.000000 1.000000
vn 0.000000 0.000000 1.000000
vn 0.000000 0.000000 1.000000
vn 0.000000 0.000000 1.000000
vn 0.000000 0.000000 1.000000
vn 0.000000 0.000000 1.000000
vn 0.000000 0.000000 1.000000
vn 0.000000 0.000000 1.000000
vn 0.000000 0.000000 1.000000
f 1//1 2//1 3//1
f 3//2 2//2 4//2
f 4//3 5//3 6//3
f 2//4 5//4 4//4
f 6//5 7//5 8//5
f 5//6 7//6 6//6
f 8//7 9//7 10//7
f 7//8 9//8 8//8
f 10//9 11//9 12//9
f 9//10 11//10 10//10
f 12//11 13//11 14//11
f 11//12 13//12 12//12
f 13//13 15//13 14//13
f 14//14 15//14 16//14
f 15//15 17//15 16//15
f 16//16 17//16 18//16
f 19//17 20//17 21//17
f 20//18 22//18 21//18
f 17//19 23//19 18//19
f 19//20 23//20 20//20
f 18//21 23//21 19//21
f 22//22 24//22 21//22
f 24//23 25//23 21//23
f 21//24 25//24 26//24
f 25//25 27//25 26//25
f 27//26 28//26 26//26
f 23//27 29//27 20//27
f 28//28 30//28 26//28
f 30//29 31//29 26//29
f 32//30 33//30 30//30
f 30//31 33//31 31//31
f 31//32 33//32 34//32
f 33//33 35//33 34//33
f 34//34 35//34 36//34
f 35//35 37//35 36//35
f 36//36 37//36 38//36
f 37//37 39//37 38//37
f 38//38 39//38 40//38
f 39//39 41//39 40//39
f 40//40 41//40 42//40
f 41//41 43//41 42//41
f 42//42 43//42 44//42
f 43//43 45//43 44//43
f 44//44 45//44 46//44
f 46//45 47//45 48//45
f 45//46 47//46 46//46
f 48//47 49//47 50//47
f 47//48 49//48 48//48
f 50//49 51//49 52//49
f 49//50 51//50 50//50
f 52//51 53//51 54//51
f 51//52 53//52 52//52
f 54//53 55//53 56//53
f 53//54 55//54 54//54
f 56//55 57//55 58//55
f 55//56 57//56 56//56
f 58//57 59//57 60//57
f 57//58 59//58 58//58
f 60//59 61//59 62//59
f 59//60 61//60 60//60
f 62//61 63//61 64//61
f 61//62 63//62 62//62
f 63//63 65//63 64//63
f 64//64 65//64 66//64
f 65//65 67//65 66//65
f 66//66 67//66 68//66
f 67//67 69//67 68//67
f 68//68 69//68 70//68
f 69//69 71//69 70//69
f 70//70 71//70 72//70
f 71//71 73//71 72//71
f 73//72 74//72 72//72
f 72//73 74//73 75//73
f 74//74 76//74 75//74
f 75//75 76//75 77//75
f 76//76 78//76 77//76
f 77//77 78//77 79//77
f 78//78 80//78 79//78
f 79//79 80//79 81//79
f 80//80 82//80 81//80
f 81//81 82//81 83//81
f 82//82 84//82 83//82
f 83//83 84//83 85//83
f 84//84 86//84 85//84
f 85//85 86//85 87//85
f 86//86 88//86 87//86
f 87//87 88//87 89//87
f 88//88 90//88 89//88
f 89//89 90//89 91//89
f 90//90 92//90 91//90
f 91//91 92//91 93//91
f 92//92 94//92 93//92
f 93//93 94//93 95//93
f 94//94 96//94 95//94
f 95//95 96//95 97//95
f 96//96 98//96 97//96
f 97//97 98//97 99//97
f 98//98 100//98 99//98
f 99//99 100//99 101//99
f 100//100 102//100 101//100
f 101//101 102//101 103//101
f 102//102 104//102 103//102
f 103//103 104//103 105//103
f 104//104 106//104 105//104
f 105//105 106//105 107//105
f 106//106 108//106 107//106
f 107//107 108//107 109//107
f 110//108 111//108 112//108
f 111//109 113//109 112//109
f 108//110 114//110 109//110
f 109//111 114//111 110//111
f 110//112 114//112 111//112
f 113//113 115//113 112//113
f 112//114 116//114 117//114
f 115//115 116//115 112//115
f 116//116 118//116 117//116
f 118//117 119//117 117//117
f 114//118 120//118 111//118
f 119//119 121//119 117//119
f 121//120 122//120 117//120
f 122//121 123//121 124//121
f 121//122 123//122 122//122
f 125//123 123//123 121//123
f 124//124 126//124 127//124
f 123//125 126//125 124//125
f 127//126 128//126 129//126
f 126//127 128//127 127//127
f 129//128 130//128 131//128
f 128//129 130//129 129//129
f 131//130 132//130 133//130
f 130//131 132//131 131//131
f 133//132 134//132 135//132
f 132//133 134//133 133//133
f 135//134 136//134 137//134
f 134//135 136//135 135//135
f 137//136 138//136 139//136
f 136//137 138//137 137//137
f 139//138 140//138 141//138
f 138//139 140//139 139//139
f 141//140 142//140 143//140
f 140//141 142//141 141//141
f 143//142 144//142 145//142
f 142//143 144//143 143//143
f 145//144 146//144 147//144
f 144//145 146//145 145//145
f 147//146 148//146 149//146
f 146//147 148//147 147//147
f 149//148 150//148 151//148
f 148//149 150//149 149//149
f 151//150 152//150 153//150
f 150//151 152//151 151//151
f 153//152 154//152 155//152
f 152//153 154//153 153//153
f 155//154 156//154 157//154
f 154//155 156//155 155//155
f 157//156 158//156 159//156
f 156//157 158//157 157//157
f 159//158 160//158 161//158
f 158//159 160//159 159//159
f 160//160 162//160 161//160
f 161//161 163//161 164//161
f 162//162 163//162 161//162
f 164//163 165//163 166//163
f 163//164 165//164 164//164
f 165//165 167//165 166//165
f 166//166 167//166 168//166
f 167//167 169//167 168//167
f 168//168 169//168 170//168
f 169//169 171//169 170//169
f 170//170 171//170 172//170
f 171//171 173//171 172//171
f 172//172 173//172 174//172
f 173//173 175//173 174//173
f 174//174 175//174 176//174
f 175//175 177//175 176//175
f 176//176 177//176 178//176
f 177//177 179//177 178//177
f 178//178 179//178 180//178
f 180//179 181//179 182//179
f 179//180 181//180 180//180
f 182//181 183//181 184//181
f 181//182 183//182 182//182
f 184//183 185//183 186//183
f 183//184 185//184 184//184
f 186//185 187//185 188//185
f 185//186 187//186 186//186
f 188//187 189//187 190//187
f 187//188 189//188 188//188
f 190//189 191//189 192//189
f 189//190 191//190 190//190
f 192//191 193//191 194//191
f 191//192 193//192 192//192
f 194//193 195//193 196//193
f 193//194 195//194 194//194
f 196//195 197//195 198//195
f 195//196 197//196 196//196
f 198//197 199//197 200//197
f 197//198 199//198 198//198
f 201//199 202//199 203//199
f 202//200 204//200 203//200
f 200//201 205//201 201//201
f 199//202 205//202 200//202
f 201//203 205//203 202//203
f 204//204 206//204 203//204
f 203//205 207//205 208//205
f 206//206 207//206 203//206
f 207//207 209//207 208//207
f 209//208 210//208 208//208
f 205//209 211//209 202//209
f 210//210 212//210 208//210
f 212//211 213//211 208//211
f 214//212 215//212 212//212
f 213//213 215//213 216//213
f 212//214 215//214 213//214
f 215//215 217//215 216//215
f 216//216 217//216 218//216
f 217//217 219//217 218//217
f 218//218 219//218 220//218
f 219//219 221//219 220//219
f 220//220 221//220 222//220
f 221//221 223//221 222//221
f 222//222 223//222 224//222
f 223//223 225//223 224//223
f 224//224 225//224 226//224
f 225//225 227//225 226//225
f 226//226 227//226 228//226
f 227//227 229//227 228//227
f 228//228 229//228 230//228
f 229//229 231//229 230//229
f 230//230 231//230 232//230
f 231//231 233//231 232//231
f 232//232 233//232 234//232
f 233//233 235//233 234//233
f 234//234 235//234 236//234
f 235//235 237//235 236//235
f 236//236 237//236 238//236
f 237//237 239//237 238//237
f 238//238 239//238 240//238
f 239//239 241//239 240//239
f 240//240 241//240 242//240
f 242//241 243//241 244//241
f 241//242 243//242 242//242
f 244//243 245//243 246//243
f 243//244 245//244 244//244
f 246//245 247//245 248//245
f 245//246 247//246 246//246
f 248//247 249//247 250//247
f 247//248 249//248 248//248
f 250//249 251//249 252//249
f 249//250 251//250 250//250
f 252//251 253//251 254//251
f 251//252 253//252 252//252
f 254//253 255//253 256//253
f 253//254 255//254 254//254
f 256//255 257//255 258//255
f 255//256 257//256 256//256
f 258//257 259//257 260//257
f 257//258 259//258 258//258
f 260//259 261//259 262//259
f 259//260 261//260 260//260
f 262//261 263//261 264//261
f 261//262 263//262 262//262
f 264//263 265//263 266//263
f 263//264 265//264 264//264
f 265//265 267//265 266//265
f 266//266 267//266 268//266
f 267//267 269//267 268//267
f 268//268 269//268 270//268
f 269//269 271//269 270//269
f 270//270 271//270 272//270
f 271//271 273//271 272//271
f 272//272 273//272 3//272
f 273//273 1//273 3//273
f 38//274 274//274 275//274
f 38//275 276//275 36//275
f 40//276 277//276 274//276
f 40//277 274//277 38//277
f 40//278 42//278 277//278
f 278//279 170//279 172//279
f 278//280 172//280 174//280
f 278//281 174//281 279//281
f 280//282 174//282 176//282
f 280//283 279//283 174//283
f 281//284 170//284 278//284
f 282//285 280//285 176//285
f 282//286 176//286 178//286
f 283//287 170//287 281//287
f 283//288 168//288 170//288
f 284//289 282//289 178//289
f 284//290 178//290 180//290
f 285//291 168//291 283//291
f 285//292 166//292 168//292
f 286//293 284//293 180//293
f 286//294 180//294 182//294
f 287//295 164//295 166//295
f 287//296 166//296 285//296
f 288//297 286//297 182//297
f 288//298 182//298 184//298
f 288//299 184//299 186//299
f 289//300 161//300 164//300
f 289//301 164//301 287//301
f 290//302 288//302 186//302
f 291//303 159//303 161//303
f 291//304 161//304 289//304
f 292//305 290//305 186//305
f 292//306 186//306 188//306
f 293//307 159//307 291//307
f 293//308 157//308 159//308
f 294//309 292//309 188//309
f 294//310 188//310 190//310
f 295//311 155//311 157//311
f 295//312 157//312 293//312
f 296//313 190//313 192//313
f 296//314 294//314 190//314
f 297//315 155//315 295//315
f 297//316 153//316 155//316
f 298//317 296//317 192//317
f 298//318 192//318 194//318
f 299//319 153//319 297//319
f 299//320 151//320 153//320
f 300//321 298//321 194//321
f 300//322 194//322 196//322
f 301//323 151//323 299//323
f 301//324 147//324 149//324
f 301//325 149//325 151//325
f 302//326 300//326 196//326
f 302//327 196//327 198//327
f 303//328 147//328 301//328
f 304//329 302//329 198//329
f 304//330 198//330 200//330
f 305//331 147//331 303//331
f 305//332 143//332 145//332
f 305//333 145//333 147//333
f 306//334 304//334 200//334
f 306//335 200//335 201//335
f 306//336 201//336 203//336
f 307//337 143//337 305//337
f 308//338 306//338 203//338
f 309//339 143//339 307//339
f 309//340 141//340 143//340
f 310//341 308//341 203//341
f 310//342 203//342 208//342
f 311//343 141//343 309//343
f 311//344 139//344 141//344
f 312//345 310//345 208//345
f 312//346 208//346 213//346
f 313//347 139//347 311//347
f 313//348 135//348 137//348
f 313//349 137//349 139//349
f 314//350 312//350 213//350
f 314//351 213//351 216//351
f 315//352 135//352 313//352
f 316//353 314//353 216//353
f 316//354 216//354 218//354
f 317//355 135//355 315//355
f 317//356 133//356 135//356
f 318//357 316//357 218//357
f 318//358 218//358 220//358
f 319//359 133//359 317//359
f 319//360 131//360 133//360
f 320//361 318//361 220//361
f 320//362 220//362 222//362
f 321//363 131//363 319//363
f 321//364 129//364 131//364
f 322//365 222//365 224//365
f 322//366 224//366 226//366
f 322//367 320//367 222//367
f 323//368 127//368 129//368
f 323//369 129//369 321//369
f 324//370 322//370 226//370
f 325//371 127//371 323//371
f 325//372 124//372 127//372
f 326//373 226//373 228//373
f 326//374 324//374 226//374
f 327//375 124//375 325//375
f 327//376 122//376 124//376
f 328//377 228//377 230//377
f 328//378 326//378 228//378
f 329//379 112//379 117//379
f 329//380 117//380 122//380
f 329//381 122//381 327//381
f 330//382 230//382 232//382
f 330//383 328//383 230//383
f 331//384 112//384 329//384
f 332//385 232//385 234//385
f 332//386 330//386 232//386
f 333//387 110//387 112//387
f 333//388 112//388 331//388
f 334//389 234//389 236//389
f 334//390 332//390 234//390
f 335//391 109//391 110//391
f 335//392 110//392 333//392
f 336//393 236//393 238//393
f 336//394 334//394 236//394
f 337//395 105//395 107//395
f 337//396 107//396 109//396
f 337//397 109//397 335//397
f 338//398 238//398 240//398
f 338//399 336//399 238//399
f 339//400 105//400 337//400
f 340//401 240//401 242//401
f 340//402 338//402 240//402
f 341//403 105//403 339//403
f 103//404 105//404 341//404
f 244//405 342//405 340//405
f 244//406 340//406 242//406
f 101//407 103//407 341//407
f 101//408 341//408 343//408
f 246//409 344//409 342//409
f 246//410 342//410 244//410
f 99//411 101//411 343//411
f 99//412 343//412 345//412
f 248//413 344//413 246//413
f 248//414 346//414 344//414
f 97//415 99//415 345//415
f 97//416 347//416 348//416
f 97//417 345//417 347//417
f 250//418 349//418 346//418
f 250//419 350//419 349//419
f 250//420 346//420 248//420
f 95//421 97//421 348//421
f 252//422 351//422 350//422
f 252//423 350//423 250//423
f 93//424 95//424 348//424
f 93//425 348//425 352//425
f 254//426 351//426 252//426
f 91//427 93//427 352//427
f 91//428 352//428 353//428
f 256//429 351//429 254//429
f 256//430 354//430 351//430
f 256//431 355//431 354//431
f 89//432 91//432 353//432
f 89//433 356//433 357//433
f 89//434 353//434 356//434
f 258//435 355//435 256//435
f 87//436 89//436 357//436
f 260//437 355//437 258//437
f 260//438 358//438 355//438
f 85//439 87//439 357//439
f 85//440 357//440 359//440
f 262//441 358//441 260//441
f 262//442 360//442 358//442
f 83//443 359//443 361//443
f 83//444 85//444 359//444
f 264//445 360//445 262//445
f 264//446 362//446 360//446
f 264//447 363//447 362//447
f 81//448 361//448 364//448
f 81//449 83//449 361//449
f 266//450 363//450 264//450
f 79//451 364//451 365//451
f 79//452 81//452 364//452
f 268//453 363//453 266//453
f 268//454 366//454 363//454
f 77//455 79//455 365//455
f 77//456 365//456 367//456
f 270//457 366//457 268//457
f 270//458 368//458 366//458
f 270//459 369//459 368//459
f 75//460 367//460 370//460
f 75//461 77//461 367//461
f 272//462 371//462 369//462
f 272//463 369//463 270//463
f 72//464 75//464 370//464
f 72//465 370//465 372//465
f 3//466 371//466 272//466
f 70//467 72//467 372//467
f 70//468 373//468 374//468
f 70//469 372//469 373//469
f 4//470 375//470 371//470
f 4//471 376//471 375//471
f 4//472 371//472 3//472
f 68//473 70//473 374//473
f 6//474 376//474 4//474
f 66//475 377//475 378//475
f 66//476 374//476 377//476
f 66//477 68//477 374//477
f 8//478 379//478 376//478
f 8//479 380//479 379//479
f 8//480 376//480 6//480
f 64//481 66//481 378//481
f 10//482 380//482 8//482
f 62//483 64//483 378//483
f 62//484 381//484 382//484
f 62//485 378//485 381//485
f 12//486 380//486 10//486
f 12//487 383//487 380//487
f 12//488 384//488 383//488
f 60//489 62//489 382//489
f 14//490 384//490 12//490
f 58//491 60//491 382//491
f 58//492 385//492 386//492
f 58//493 382//493 385//493
f 16//494 384//494 14//494
f 16//495 387//495 384//495
f 56//496 58//496 386//496
f 56//497 386//497 388//497
f 18//498 389//498 387//498
f 18//499 387//499 16//499
f 54//500 56//500 388//500
f 19//501 390//501 389//501
f 19//502 389//502 18//502
f 52//503 54//503 388//503
f 52//504 388//504 391//504
f 21//505 392//505 390//505
f 21//506 390//506 19//506
f 50//507 52//507 391//507
f 50//508 391//508 393//508
f 26//509 394//509 392//509
f 26//510 392//510 21//510
f 48//511 50//511 393//511
f 48//512 393//512 395//512
f 31//513 394//513 26//513
f 31//514 396//514 394//514
f 46//515 48//515 395//515
f 46//516 395//516 397//516
f 34//517 398//517 396//517
f 34//518 276//518 398//518
f 34//519 396//519 31//519
f 44//520 46//520 397//520
f 44//521 397//521 399//521
f 36//522 276//522 34//522
f 42//523 399//523 277//523
f 42//524 44//524 399//524
f 38//525 275//525 276//525
f 214//526 400//526 215//526
f 215//527 401//527 217//527
f 400//528 401//528 215//528
f 217//529 402//529 219//529
f 401//530 402//530 217//530
f 219//531 403//531 221//531
f 402//532 403//532 219//532
f 403//533 404//533 221//533
f 221//534 404//534 223//534
f 404//535 405//535 223//535
f 223//536 405//536 225//536
f 225//537 406//537 227//537
f 405//538 406//538 225//538
f 406//539 407//539 227//539
f 407//540 229//540 227//540
f 407//541 408//541 229//541
f 408//542 231//542 229//542
f 408//543 409//543 231//543
f 409//544 233//544 231//544
f 409//545 410//545 233//545
f 410//546 235//546 233//546
f 410//547 411//547 235//547
f 411//548 237//548 235//548
f 411//549 412//549 237//549
f 412//550 239//550 237//550
f 412//551 413//551 239//551
f 413//552 241//552 239//552
f 413//553 414//553 241//553
f 414//554 243//554 241//554
f 414//555 415//555 243//555
f 415//556 245//556 243//556
f 416//557 245//557 415//557
f 416//558 247//558 245//558
f 417//559 247//559 416//559
f 417//560 249//560 247//560
f 418//561 249//561 417//561
f 418//562 251//562 249//562
f 419//563 251//563 418//563
f 420//564 253//564 419//564
f 419//565 253//565 251//565
f 421//566 255//566 420//566
f 420//567 255//567 253//567
f 422//568 257//568 421//568
f 421//569 257//569 255//569
f 423//570 259//570 422//570
f 422//571 259//571 257//571
f 424//572 261//572 423//572
f 423//573 261//573 259//573
f 425//574 263//574 424//574
f 424//575 263//575 261//575
f 426//576 265//576 425//576
f 425//577 265//577 263//577
f 427//578 267//578 426//578
f 426//579 267//579 265//579
f 428//580 269//580 427//580
f 427//581 269//581 267//581
f 429//582 271//582 428//582
f 428//583 271//583 269//583
f 429//584 273//584 271//584
f 430//585 273//585 429//585
f 430//586 1//586 273//586
f 431//587 1//587 432//587
f 432//588 1//588 430//588
f 431//589 2//589 1//589
f 433//590 2//590 431//590
f 433//591 5//591 2//591
f 434//592 5//592 433//592
f 434//593 7//593 5//593
f 435//594 7//594 434//594
f 435//595 9//595 7//595
f 436//596 9//596 435//596
f 436//597 11//597 9//597
f 437//598 11//598 436//598
f 437//599 13//599 11//599
f 438//600 13//600 437//600
f 438//601 15//601 13//601
f 439//602 15//602 438//602
f 440//603 17//603 439//603
f 439//604 17//604 15//604
f 441//605 23//605 440//605
f 440//606 23//606 17//606
f 441//607 29//607 23//607
f 29//608 441//608 20//608
f 20//609 441//609 442//609
f 443//610 444//610 445//610
f 446//611 447//611 448//611
f 449//612 443//612 450//612
f 451//613 443//613 449//613
f 452//614 448//614 444//614
f 452//615 444//615 443//615
f 452//616 446//616 448//616
f 452//617 443//617 451//617
f 453//618 454//618 455//618
f 456//619 452//619 457//619
f 458//620 456//620 459//620
f 458//621 452//621 456//621
f 460//622 461//622 462//622
f 460//623 462//623 463//623
f 460//624 463//624 453//624
f 460//625 455//625 464//625
f 460//626 464//626 446//626
f 460//627 453//627 455//627
f 465//628 460//628 446//628
f 466//629 458//629 467//629
f 468//630 446//630 452//630
f 468//631 452//631 458//631
f 468//632 458//632 466//632
f 468//633 465//633 446//633
f 469//634 212//634 210//634
f 469//635 210//635 209//635
f 469//636 209//636 207//636
f 470//637 471//637 472//637
f 470//638 472//638 473//638
f 470//639 473//639 465//639
f 470//640 468//640 474//640
f 470//641 465//641 468//641
f 475//642 469//642 207//642
f 475//643 474//643 469//643
f 475//644 207//644 206//644
f 475//645 206//645 204//645
f 475//646 204//646 202//646
f 476//647 477//647 470//647
f 478//648 474//648 475//648
f 478//649 475//649 479//649
f 478//650 479//650 480//650
f 481//651 482//651 483//651
f 481//652 483//652 484//652
f 481//653 484//653 476//653
f 485//654 470//654 474//654
f 485//655 476//655 470//655
f 485//656 481//656 476//656
f 485//657 474//657 478//657
f 485//658 478//658 486//658
f 487//659 485//659 486//659
f 487//660 486//660 488//660
f 489//661 490//661 485//661
f 491//662 487//662 492//662
f 442//663 22//663 20//663
f 24//664 22//664 442//664
f 493//665 487//665 491//665
f 25//666 24//666 442//666
f 494//667 442//667 489//667
f 494//668 489//668 485//668
f 494//669 30//669 28//669
f 494//670 28//670 27//670
f 494//671 27//671 25//671
f 494//672 25//672 442//672
f 495//673 496//673 497//673
f 498//674 499//674 494//674
f 500//675 493//675 496//675
f 500//676 487//676 493//676
f 500//677 496//677 495//677
f 501//678 498//678 494//678
f 502//679 501//679 494//679
f 503//680 500//680 504//680
f 505//681 500//681 503//681
f 506//682 507//682 508//682
f 506//683 508//683 502//683
f 509//684 505//684 510//684
f 509//685 510//685 511//685
f 512//686 506//686 502//686
f 512//687 513//687 514//687
f 512//688 514//688 515//688
f 512//689 515//689 506//689
f 516//690 509//690 517//690
f 516//691 517//691 518//691
f 519//692 516//692 520//692
f 521//693 512//693 502//693
f 521//694 522//694 523//694
f 521//695 523//695 512//695
f 521//696 494//696 485//696
f 521//697 502//697 494//697
f 524//698 516//698 519//698
f 525//699 505//699 509//699
f 525//700 509//700 516//700
f 525//701 516//701 524//701
f 526//702 527//702 528//702
f 526//703 528//703 521//703
f 529//704 525//704 530//704
f 531//705 525//705 529//705
f 531//706 529//706 532//706
f 533//707 500//707 505//707
f 533//708 521//708 485//708
f 533//709 534//709 535//709
f 533//710 535//710 536//710
f 533//711 536//711 526//711
f 533//712 526//712 521//712
f 533//713 485//713 487//713
f 533//714 487//714 500//714
f 537//715 531//715 538//715
f 539//716 540//716 533//716
f 541//717 525//717 531//717
f 541//718 531//718 537//718
f 541//719 537//719 542//719
f 543//720 541//720 544//720
f 545//721 546//721 547//721
f 545//722 547//722 539//722
f 545//723 539//723 533//723
f 548//724 541//724 543//724
f 548//725 543//725 549//725
f 550//726 541//726 548//726
f 551//727 552//727 553//727
f 551//728 553//728 545//728
f 551//729 545//729 533//729
f 554//730 541//730 550//730
f 555//731 556//731 551//731
f 555//732 551//732 533//732
f 557//733 541//733 554//733
f 557//734 555//734 533//734
f 557//735 505//735 525//735
f 557//736 533//736 505//736
f 557//737 525//737 541//737
f 557//738 554//738 558//738
f 559//739 558//739 560//739
f 561//740 562//740 557//740
f 563//741 564//741 561//741
f 563//742 561//742 557//742
f 565//743 559//743 566//743
f 565//744 566//744 567//744
f 565//745 557//745 558//745
f 565//746 563//746 557//746
f 565//747 558//747 559//747
f 119//748 558//748 121//748
f 118//749 558//749 119//749
f 116//750 558//750 118//750
f 116//751 560//751 558//751
f 115//752 560//752 116//752
f 113//753 560//753 115//753
f 111//754 560//754 113//754
f 568//755 32//755 494//755
f 494//756 32//756 30//756
f 120//757 114//757 569//757
f 114//758 570//758 569//758
f 114//759 108//759 570//759
f 108//760 571//760 570//760
f 108//761 106//761 571//761
f 106//762 572//762 571//762
f 106//763 104//763 572//763
f 104//764 573//764 572//764
f 104//765 102//765 573//765
f 102//766 574//766 573//766
f 102//767 100//767 574//767
f 574//768 100//768 575//768
f 100//769 98//769 575//769
f 575//770 98//770 576//770
f 98//771 96//771 576//771
f 576//772 96//772 577//772
f 96//773 94//773 577//773
f 577//774 94//774 578//774
f 94//775 92//775 578//775
f 578//776 92//776 579//776
f 92//777 90//777 579//777
f 579//778 90//778 580//778
f 90//779 88//779 580//779
f 580//780 88//780 581//780
f 88//781 86//781 581//781
f 581//782 86//782 582//782
f 86//783 84//783 582//783
f 582//784 84//784 583//784
f 84//785 82//785 583//785
f 583//786 82//786 584//786
f 82//787 80//787 584//787
f 584//788 80//788 585//788
f 80//789 78//789 585//789
f 585//790 78//790 586//790
f 586//791 76//791 587//791
f 78//792 76//792 586//792
f 587//793 74//793 588//793
f 76//794 74//794 587//794
f 588//795 73//795 589//795
f 589//796 73//796 590//796
f 74//797 73//797 588//797
f 590//798 71//798 591//798
f 73//799 71//799 590//799
f 591//800 69//800 592//800
f 71//801 69//801 591//801
f 592//802 67//802 593//802
f 69//803 67//803 592//803
f 67//804 65//804 593//804
f 593//805 65//805 594//805
f 594//806 63//806 595//806
f 65//807 63//807 594//807
f 595//808 61//808 596//808
f 63//809 61//809 595//809
f 596//810 59//810 597//810
f 61//811 59//811 596//811
f 59//812 57//812 597//812
f 597//813 57//813 598//813
f 57//814 55//814 598//814
f 598//815 55//815 599//815
f 599//816 53//816 600//816
f 55//817 53//817 599//817
f 600//818 51//818 601//818
f 53//819 51//819 600//819
f 51//820 49//820 601//820
f 601//821 49//821 602//821
f 49//822 47//822 602//822
f 602//823 47//823 603//823
f 568//824 33//824 32//824
f 604//825 33//825 568//825
f 47//826 45//826 603//826
f 603//827 45//827 605//827
f 604//828 35//828 33//828
f 606//829 35//829 604//829
f 45//830 43//830 605//830
f 605//831 43//831 607//831
f 606//832 37//832 35//832
f 608//833 37//833 606//833
f 43//834 41//834 607//834
f 607//835 41//835 609//835
f 41//836 39//836 609//836
f 608//837 39//837 37//837
f 609//838 39//838 608//838
f 120//839 569//839 111//839
f 111//840 569//840 560//840
f 610//841 125//841 558//841
f 558//842 125//842 121//842
f 171//843 611//843 173//843
f 169//844 612//844 171//844
f 171//845 612//845 611//845
f 611//846 613//846 173//846
f 173//847 613//847 175//847
f 169//848 614//848 612//848
f 167//849 614//849 169//849
f 613//850 615//850 175//850
f 175//851 615//851 177//851
f 167//852 616//852 614//852
f 165//853 616//853 167//853
f 615//854 617//854 177//854
f 177//855 617//855 179//855
f 165//856 618//856 616//856
f 163//857 618//857 165//857
f 179//858 619//858 181//858
f 617//859 619//859 179//859
f 163//860 620//860 618//860
f 162//861 620//861 163//861
f 619//862 621//862 181//862
f 181//863 621//863 183//863
f 162//864 622//864 620//864
f 621//865 623//865 183//865
f 183//866 623//866 185//866
f 162//867 624//867 622//867
f 160//868 624//868 162//868
f 623//869 625//869 185//869
f 185//870 625//870 187//870
f 158//871 626//871 160//871
f 160//872 626//872 624//872
f 187//873 627//873 189//873
f 625//874 627//874 187//874
f 156//875 628//875 158//875
f 158//876 628//876 626//876
f 627//877 629//877 189//877
f 189//878 629//878 191//878
f 154//879 630//879 156//879
f 156//880 630//880 628//880
f 629//881 631//881 191//881
f 191//882 631//882 193//882
f 152//883 632//883 154//883
f 154//884 632//884 630//884
f 631//885 633//885 193//885
f 193//886 633//886 195//886
f 152//887 634//887 632//887
f 150//888 634//888 152//888
f 633//889 635//889 195//889
f 195//890 635//890 197//890
f 150//891 636//891 634//891
f 148//892 636//892 150//892
f 197//893 637//893 199//893
f 635//894 637//894 197//894
f 148//895 638//895 636//895
f 146//896 638//896 148//896
f 637//897 639//897 199//897
f 199//898 639//898 205//898
f 146//899 640//899 638//899
f 144//900 640//900 146//900
f 639//901 641//901 205//901
f 205//902 641//902 211//902
f 144//903 642//903 640//903
f 142//904 642//904 144//904
f 142//905 643//905 642//905
f 140//906 643//906 142//906
f 140//907 644//907 643//907
f 138//908 644//908 140//908
f 138//909 645//909 644//909
f 136//910 645//910 138//910
f 136//911 646//911 645//911
f 134//912 646//912 136//912
f 134//913 647//913 646//913
f 132//914 647//914 134//914
f 132//915 648//915 647//915
f 130//916 648//916 132//916
f 130//917 649//917 648//917
f 128//918 649//918 130//918
f 128//919 650//919 649//919
f 126//920 650//920 128//920
f 123//921 651//921 126//921
f 126//922 651//922 650//922
f 123//923 610//923 651//923
f 125//924 610//924 123//924
f 211//925 641//925 202//925
f 202//926 641//926 475//926
f 400//927 214//927 469//927
f 469//928 214//928 212//928
f 371//929 375//929 652//929
f 652//930 375//930 653//930
f 653//931 375//931 654//931
f 654//932 376//932 655//932
f 375//933 376//933 654//933
f 376//934 379//934 655//934
f 655//935 380//935 656//935
f 656//936 380//936 657//936
f 379//937 380//937 655//937
f 380//938 383//938 657//938
f 657//939 384//939 658//939
f 383//940 384//940 657//940
f 658//941 387//941 659//941
f 659//942 387//942 660//942
f 384//943 387//943 658//943
f 387//944 389//944 660//944
f 660//945 390//945 661//945
f 389//946 390//946 660//946
f 661//947 392//947 662//947
f 390//948 392//948 661//948
f 392//949 394//949 662//949
f 662//950 394//950 663//950
f 663//951 394//951 664//951
f 394//952 396//952 664//952
f 396//953 398//953 664//953
f 664//954 398//954 665//954
f 398//955 276//955 665//955
f 665//956 276//956 666//956
f 666//957 275//957 667//957
f 667//958 275//958 668//958
f 276//959 275//959 666//959
f 275//960 274//960 668//960
f 668//961 277//961 669//961
f 274//962 277//962 668//962
f 669//963 399//963 670//963
f 670//964 399//964 671//964
f 277//965 399//965 669//965
f 399//966 397//966 671//966
f 671//967 395//967 672//967
f 397//968 395//968 671//968
f 672//969 393//969 673//969
f 395//970 393//970 672//970
f 673//971 391//971 674//971
f 393//972 391//972 673//972
f 674//973 388//973 675//973
f 391//974 388//974 674//974
f 675//975 386//975 676//975
f 388//976 386//976 675//976
f 676//977 385//977 677//977
f 386//978 385//978 676//978
f 677//979 382//979 678//979
f 385//980 382//980 677//980
f 678//981 381//981 679//981
f 382//982 381//982 678//982
f 679//983 378//983 680//983
f 680//984 378//984 681//984
f 381//985 378//985 679//985
f 378//986 377//986 681//986
f 681//987 374//987 682//987
f 377//988 374//988 681//988
f 682//989 373//989 683//989
f 374//990 373//990 682//990
f 683//991 372//991 684//991
f 373//992 372//992 683//992
f 684//993 370//993 685//993
f 372//994 370//994 684//994
f 685//995 367//995 686//995
f 370//996 367//996 685//996
f 686//997 365//997 687//997
f 367//998 365//998 686//998
f 687//999 364//999 688//999
f 365//1000 364//1000 687//1000
f 688//1001 361//1001 689//1001
f 689//1002 361//1002 690//1002
f 364//1003 361//1003 688//1003
f 361//1004 359//1004 690//1004
f 690//1005 359//1005 691//1005
f 359//1006 357//1006 691//1006
f 357//1007 356//1007 691//1007
f 691//1008 356//1008 692//1008
f 356//1009 353//1009 692//1009
f 692//1010 353//1010 693//1010
f 353//1011 352//1011 693//1011
f 693//1012 352//1012 694//1012
f 352//1013 348//1013 694//1013
f 694//1014 348//1014 695//1014
f 348//1015 347//1015 695//1015
f 695//1016 347//1016 696//1016
f 347//1017 345//1017 696//1017
f 696//1018 345//1018 697//1018
f 345//1019 343//1019 697//1019
f 697//1020 343//1020 698//1020
f 698//1021 343//1021 699//1021
f 343//1022 341//1022 699//1022
f 699//1023 339//1023 700//1023
f 341//1024 339//1024 699//1024
f 700//1025 337//1025 701//1025
f 339//1026 337//1026 700//1026
f 701//1027 335//1027 702//1027
f 702//1028 335//1028 703//1028
f 337//1029 335//1029 701//1029
f 335//1030 333//1030 703//1030
f 703//1031 331//1031 704//1031
f 704//1032 331//1032 705//1032
f 333//1033 331//1033 703//1033
f 331//1034 329//1034 705//1034
f 705//1035 327//1035 706//1035
f 706//1036 327//1036 707//1036
f 329//1037 327//1037 705//1037
f 327//1038 325//1038 707//1038
f 707//1039 323//1039 708//1039
f 325//1040 323//1040 707//1040
f 708//1041 321//1041 709//1041
f 709//1042 321//1042 710//1042
f 323//1043 321//1043 708//1043
f 321//1044 319//1044 710//1044
f 710//1045 317//1045 711//1045
f 319//1046 317//1046 710//1046
f 711//1047 315//1047 712//1047
f 317//1048 315//1048 711//1048
f 712//1049 313//1049 713//1049
f 315//1050 313//1050 712//1050
f 313//1051 311//1051 713//1051
f 713//1052 311//1052 714//1052
f 714//1053 311//1053 715//1053
f 311//1054 309//1054 715//1054
f 715//1055 309//1055 716//1055
f 309//1056 307//1056 716//1056
f 307//1057 305//1057 716//1057
f 716//1058 305//1058 717//1058
f 717//1059 305//1059 718//1059
f 305//1060 303//1060 718//1060
f 718//1061 303//1061 719//1061
f 303//1062 301//1062 719//1062
f 719//1063 301//1063 720//1063
f 301//1064 299//1064 720//1064
f 299//1065 297//1065 720//1065
f 720//1066 297//1066 721//1066
f 721//1067 297//1067 722//1067
f 297//1068 295//1068 722//1068
f 722//1069 295//1069 723//1069
f 295//1070 293//1070 723//1070
f 293//1071 291//1071 723//1071
f 723//1072 291//1072 724//1072
f 724//1073 291//1073 725//1073
f 291//1074 289//1074 725//1074
f 289//1075 287//1075 725//1075
f 725//1076 287//1076 726//1076
f 287//1077 285//1077 726//1077
f 726//1078 285//1078 727//1078
f 285//1079 283//1079 727//1079
f 727//1080 283//1080 728//1080
f 728//1081 283//1081 729//1081
f 283//1082 281//1082 729//1082
f 281//1083 278//1083 729//1083
f 729//1084 278//1084 730//1084
f 278//1085 279//1085 730//1085
f 730//1086 279//1086 731//1086
f 731//1087 279//1087 732//1087
f 279//1088 280//1088 732//1088
f 280//1089 282//1089 732//1089
f 732//1090 282//1090 733//1090
f 282//1091 284//1091 733//1091
f 733//1092 284//1092 734//1092
f 734//1093 286//1093 735//1093
f 284//1094 286//1094 734//1094
f 735//1095 286//1095 736//1095
f 286//1096 288//1096 736//1096
f 736//1097 290//1097 737//1097
f 288//1098 290//1098 736//1098
f 737//1099 292//1099 738//1099
f 290//1100 292//1100 737//1100
f 738//1101 294//1101 739//1101
f 292//1102 294//1102 738//1102
f 294//1103 296//1103 739//1103
f 739//1104 296//1104 740//1104
f 296//1105 298//1105 740//1105
f 740//1106 298//1106 741//1106
f 298//1107 300//1107 741//1107
f 741//1108 300//1108 742//1108
f 300//1109 302//1109 742//1109
f 742//1110 302//1110 743//1110
f 743//1111 302//1111 744//1111
f 302//1112 304//1112 744//1112
f 304//1113 306//1113 744//1113
f 744//1114 306//1114 745//1114
f 306//1115 308//1115 745//1115
f 745//1116 308//1116 746//1116
f 308//1117 310//1117 746//1117
f 746//1118 310//1118 747//1118
f 310//1119 312//1119 747//1119
f 747//1120 312//1120 748//1120
f 312//1121 314//1121 748//1121
f 748//1122 314//1122 749//1122
f 314//1123 316//1123 749//1123
f 749//1124 316//1124 750//1124
f 316//1125 318//1125 750//1125
f 750//1126 318//1126 751//1126
f 751//1127 320//1127 752//1127
f 318//1128 320//1128 751//1128
f 752//1129 322//1129 753//1129
f 320//1130 322//1130 752//1130
f 753//1131 324//1131 754//1131
f 322//1132 324//1132 753//1132
f 754//1133 326//1133 755//1133
f 324//1134 326//1134 754//1134
f 755//1135 328//1135 756//1135
f 756//1136 328//1136 757//1136
f 326//1137 328//1137 755//1137
f 328//1138 330//1138 757//1138
f 757//1139 332//1139 758//1139
f 330//1140 332//1140 757//1140
f 758//1141 334//1141 759//1141
f 332//1142 334//1142 758//1142
f 759//1143 336//1143 760//1143
f 334//1144 336//1144 759//1144
f 760//1145 338//1145 761//1145
f 336//1146 338//1146 760//1146
f 761//1147 340//1147 762//1147
f 338//1148 340//1148 761//1148
f 762//1149 342//1149 763//1149
f 340//1150 342//1150 762//1150
f 342//1151 344//1151 763//1151
f 763//1152 344//1152 764//1152
f 344//1153 346//1153 764//1153
f 764//1154 346//1154 765//1154
f 346//1155 349//1155 765//1155
f 765//1156 349//1156 766//1156
f 349//1157 350//1157 766//1157
f 766//1158 350//1158 767//1158
f 350//1159 351//1159 767//1159
f 767//1160 351//1160 768//1160
f 768//1161 354//1161 769//1161
f 351//1162 354//1162 768//1162
f 769//1163 355//1163 770//1163
f 354//1164 355//1164 769//1164
f 770//1165 358//1165 771//1165
f 771//1166 358//1166 772//1166
f 355//1167 358//1167 770//1167
f 358//1168 360//1168 772//1168
f 772//1169 362//1169 773//1169
f 360//1170 362//1170 772//1170
f 773//1171 363//1171 774//1171
f 362//1172 363//1172 773//1172
f 774//1173 366//1173 775//1173
f 363//1174 366//1174 774//1174
f 775//1175 368//1175 776//1175
f 366//1176 368//1176 775//1176
f 776//1177 369//1177 777//1177
f 777//1178 369//1178 652//1178
f 368//1179 369//1179 776//1179
f 369//1180 371//1180 652//1180
f 441//1181 440//1181 442//1181
f 442//1182 440//1182 489//1182
f 489//1183 439//1183 490//1183
f 440//1184 439//1184 489//1184
f 439//1185 438//1185 490//1185
f 490//1186 438//1186 485//1186
f 438//1187 437//1187 485//1187
f 485//1188 437//1188 481//1188
f 437//1189 436//1189 481//1189
f 481//1190 436//1190 482//1190
f 436//1191 435//1191 482//1191
f 482//1192 435//1192 483//1192
f 483//1193 434//1193 484//1193
f 435//1194 434//1194 483//1194
f 484//1195 433//1195 476//1195
f 434//1196 433//1196 484//1196
f 476//1197 431//1197 477//1197
f 433//1198 431//1198 476//1198
f 477//1199 432//1199 470//1199
f 470//1200 432//1200 471//1200
f 431//1201 432//1201 477//1201
f 432//1202 430//1202 471//1202
f 430//1203 429//1203 471//1203
f 471//1204 429//1204 472//1204
f 472//1205 428//1205 473//1205
f 429//1206 428//1206 472//1206
f 473//1207 427//1207 465//1207
f 428//1208 427//1208 473//1208
f 465//1209 426//1209 460//1209
f 427//1210 426//1210 465//1210
f 460//1211 425//1211 461//1211
f 461//1212 425//1212 462//1212
f 426//1213 425//1213 460//1213
f 425//1214 424//1214 462//1214
f 462//1215 423//1215 463//1215
f 424//1216 423//1216 462//1216
f 463//1217 422//1217 453//1217
f 423//1218 422//1218 463//1218
f 453//1219 421//1219 454//1219
f 454//1220 421//1220 455//1220
f 422//1221 421//1221 453//1221
f 421//1222 420//1222 455//1222
f 455//1223 419//1223 464//1223
f 420//1224 419//1224 455//1224
f 464//1225 418//1225 446//1225
f 419//1226 418//1226 464//1226
f 446//1227 417//1227 447//1227
f 447//1228 417//1228 448//1228
f 418//1229 417//1229 446//1229
f 417//1230 416//1230 448//1230
f 448//1231 415//1231 444//1231
f 416//1232 415//1232 448//1232
f 444//1233 414//1233 445//1233
f 445//1234 414//1234 443//1234
f 415//1235 414//1235 444//1235
f 414//1236 413//1236 443//1236
f 413//1237 412//1237 443//1237
f 443//1238 412//1238 450//1238
f 412//1239 411//1239 450//1239
f 450//1240 411//1240 449//1240
f 411//1241 410//1241 449//1241
f 449//1242 410//1242 451//1242
f 451//1243 410//1243 452//1243
f 410//1244 409//1244 452//1244
f 409//1245 408//1245 452//1245
f 452//1246 408//1246 457//1246
f 408//1247 407//1247 457//1247
f 457//1248 407//1248 456//1248
f 407//1249 406//1249 456//1249
f 456//1250 406//1250 459//1250
f 406//1251 405//1251 459//1251
f 459//1252 405//1252 458//1252
f 458//1253 405//1253 467//1253
f 405//1254 404//1254 467//1254
f 404//1255 403//1255 467//1255
f 467//1256 403//1256 466//1256
f 403//1257 402//1257 466//1257
f 466//1258 402//1258 468//1258
f 468//1259 402//1259 474//1259
f 402//1260 401//1260 474//1260
f 474//1261 400//1261 469//1261
f 401//1262 400//1262 474//1262
f 641//1263 639//1263 475//1263
f 475//1264 639//1264 479//1264
f 479//1265 637//1265 480//1265
f 639//1266 637//1266 479//1266
f 637//1267 635//1267 480//1267
f 480//1268 635//1268 478//1268
f 635//1269 633//1269 478//1269
f 478//1270 633//1270 486//1270
f 486//1271 633//1271 488//1271
f 633//1272 631//1272 488//1272
f 631//1273 629//1273 488//1273
f 488//1274 629//1274 487//1274
f 629//1275 627//1275 487//1275
f 487//1276 627//1276 492//1276
f 627//1277 625//1277 492//1277
f 492//1278 625//1278 491//1278
f 491//1279 625//1279 493//1279
f 625//1280 623//1280 493//1280
f 623//1281 621//1281 493//1281
f 493//1282 621//1282 496//1282
f 496//1283 621//1283 497//1283
f 621//1284 619//1284 497//1284
f 619//1285 617//1285 497//1285
f 497//1286 617//1286 495//1286
f 495//1287 617//1287 500//1287
f 617//1288 615//1288 500//1288
f 615//1289 613//1289 500//1289
f 500//1290 613//1290 504//1290
f 504//1291 613//1291 503//1291
f 613//1292 611//1292 503//1292
f 611//1293 612//1293 503//1293
f 503//1294 612//1294 505//1294
f 505//1295 612//1295 510//1295
f 612//1296 614//1296 510//1296
f 510//1297 616//1297 511//1297
f 614//1298 616//1298 510//1298
f 511//1299 618//1299 509//1299
f 616//1300 618//1300 511//1300
f 509//1301 620//1301 517//1301
f 618//1302 620//1302 509//1302
f 517//1303 622//1303 518//1303
f 518//1304 622//1304 516//1304
f 620//1305 622//1305 517//1305
f 622//1306 624//1306 516//1306
f 516//1307 626//1307 520//1307
f 624//1308 626//1308 516//1308
f 520//1309 628//1309 519//1309
f 626//1310 628//1310 520//1310
f 519//1311 630//1311 524//1311
f 628//1312 630//1312 519//1312
f 524//1313 632//1313 525//1313
f 630//1314 632//1314 524//1314
f 525//1315 634//1315 530//1315
f 632//1316 634//1316 525//1316
f 530//1317 636//1317 529//1317
f 634//1318 636//1318 530//1318
f 636//1319 638//1319 529//1319
f 529//1320 638//1320 532//1320
f 638//1321 640//1321 532//1321
f 532//1322 640//1322 531//1322
f 640//1323 642//1323 531//1323
f 531//1324 642//1324 538//1324
f 642//1325 643//1325 538//1325
f 538//1326 643//1326 537//1326
f 643//1327 644//1327 537//1327
f 537//1328 644//1328 542//1328
f 644//1329 645//1329 542//1329
f 542//1330 645//1330 541//1330
f 645//1331 646//1331 541//1331
f 541//1332 646//1332 544//1332
f 646//1333 647//1333 544//1333
f 544//1334 647//1334 543//1334
f 647//1335 648//1335 543//1335
f 543//1336 648//1336 549//1336
f 648//1337 649//1337 549//1337
f 549//1338 649//1338 548//1338
f 649//1339 650//1339 548//1339
f 548//1340 650//1340 550//1340
f 650//1341 651//1341 550//1341
f 550//1342 651//1342 554//1342
f 651//1343 610//1343 554//1343
f 554//1344 610//1344 558//1344
f 569//1345 570//1345 560//1345
f 560//1346 570//1346 559//1346
f 559//1347 571//1347 566//1347
f 570//1348 571//1348 559//1348
f 571//1349 572//1349 566//1349
f 566//1350 572//1350 567//1350
f 572//1351 573//1351 567//1351
f 567//1352 573//1352 565//1352
f 565//1353 573//1353 563//1353
f 573//1354 574//1354 563//1354
f 563//1355 574//1355 564//1355
f 574//1356 575//1356 564//1356
f 575//1357 576//1357 564//1357
f 564//1358 576//1358 561//1358
f 576//1359 577//1359 561//1359
f 561//1360 577//1360 562//1360
f 577//1361 578//1361 562//1361
f 562//1362 578//1362 557//1362
f 557//1363 578//1363 555//1363
f 578//1364 579//1364 555//1364
f 579//1365 580//1365 555//1365
f 555//1366 580//1366 556//1366
f 580//1367 581//1367 556//1367
f 556//1368 581//1368 551//1368
f 581//1369 582//1369 551//1369
f 551//1370 582//1370 552//1370
f 552//1371 582//1371 553//1371
f 582//1372 583//1372 553//1372
f 583//1373 584//1373 553//1373
f 553//1374 584//1374 545//1374
f 545//1375 584//1375 546//1375
f 584//1376 585//1376 546//1376
f 585//1377 586//1377 546//1377
f 546//1378 586//1378 547//1378
f 547//1379 586//1379 539//1379
f 586//1380 587//1380 539//1380
f 587//1381 588//1381 539//1381
f 539//1382 588//1382 540//1382
f 540//1383 589//1383 533//1383
f 533//1384 589//1384 534//1384
f 588//1385 589//1385 540//1385
f 589//1386 590//1386 534//1386
f 534//1387 591//1387 535//1387
f 590//1388 591//1388 534//1388
f 535//1389 592//1389 536//1389
f 591//1390 592//1390 535//1390
f 536//1391 593//1391 526//1391
f 526//1392 593//1392 527//1392
f 592//1393 593//1393 536//1393
f 593//1394 594//1394 527//1394
f 527//1395 595//1395 528//1395
f 594//1396 595//1396 527//1396
f 528//1397 596//1397 521//1397
f 521//1398 596//1398 522//1398
f 595//1399 596//1399 528//1399
f 596//1400 597//1400 522//1400
f 597//1401 598//1401 522//1401
f 522//1402 598//1402 523//1402
f 598//1403 599//1403 523//1403
f 523//1404 599//1404 512//1404
f 599//1405 600//1405 512//1405
f 512//1406 600//1406 513//1406
f 513//1407 600//1407 514//1407
f 600//1408 601//1408 514//1408
f 601//1409 602//1409 514//1409
f 514//1410 602//1410 515//1410
f 602//1411 603//1411 515//1411
f 515//1412 603//1412 506//1412
f 603//1413 605//1413 506//1413
f 506//1414 605//1414 507//1414
f 605//1415 607//1415 507//1415
f 507//1416 607//1416 508//1416
f 607//1417 609//1417 508//1417
f 508//1418 609//1418 502//1418
f 609//1419 608//1419 502//1419
f 502//1420 608//1420 501//1420
f 608//1421 606//1421 501//1421
f 501//1422 606//1422 498//1422
f 606//1423 604//1423 498//1423
f 498//1424 604//1424 499//1424
f 604//1425 568//1425 499//1425
f 499//1426 568//1426 494//1426
f 778//1427 731//1427 779//1427
f 778//1428 730//1428 731//1428
f 780//1429 779//1429 731//1429
f 780//1430 731//1430 732//1430
f 781//1431 730//1431 778//1431
f 781//1432 729//1432 730//1432
f 782//1433 780//1433 732//1433
f 782//1434 732//1434 733//1434
f 783//1435 729//1435 781//1435
f 783//1436 728//1436 729//1436
f 784//1437 782//1437 733//1437
f 784//1438 733//1438 734//1438
f 785//1439 728//1439 783//1439
f 785//1440 727//1440 728//1440
f 786//1441 784//1441 734//1441
f 786//1442 734//1442 735//1442
f 787//1443 727//1443 785//1443
f 787//1444 726//1444 727//1444
f 788//1445 786//1445 735//1445
f 788//1446 735//1446 736//1446
f 789//1447 726//1447 787//1447
f 789//1448 725//1448 726//1448
f 790//1449 788//1449 736//1449
f 790//1450 736//1450 737//1450
f 791//1451 725//1451 789//1451
f 791//1452 724//1452 725//1452
f 792//1453 737//1453 738//1453
f 792//1454 738//1454 739//1454
f 792//1455 790//1455 737//1455
f 793//1456 724//1456 791//1456
f 793//1457 723//1457 724//1457
f 794//1458 792//1458 739//1458
f 795//1459 722//1459 723//1459
f 795//1460 723//1460 793//1460
f 796//1461 794//1461 739//1461
f 796//1462 739//1462 740//1462
f 797//1463 721//1463 722//1463
f 797//1464 722//1464 795//1464
f 798//1465 796//1465 740//1465
f 798//1466 740//1466 741//1466
f 799//1467 721//1467 797//1467
f 799//1468 720//1468 721//1468
f 800//1469 798//1469 741//1469
f 800//1470 741//1470 742//1470
f 801//1471 720//1471 799//1471
f 801//1472 719//1472 720//1472
f 802//1473 742//1473 743//1473
f 802//1474 800//1474 742//1474
f 802//1475 743//1475 744//1475
f 803//1476 719//1476 801//1476
f 803//1477 718//1477 719//1477
f 804//1478 802//1478 744//1478
f 805//1479 717//1479 718//1479
f 805//1480 718//1480 803//1480
f 806//1481 804//1481 744//1481
f 806//1482 744//1482 745//1482
f 807//1483 717//1483 805//1483
f 807//1484 716//1484 717//1484
f 808//1485 745//1485 746//1485
f 808//1486 806//1486 745//1486
f 809//1487 716//1487 807//1487
f 809//1488 715//1488 716//1488
f 810//1489 746//1489 747//1489
f 810//1490 808//1490 746//1490
f 810//1491 747//1491 748//1491
f 811//1492 715//1492 809//1492
f 811//1493 714//1493 715//1493
f 812//1494 810//1494 748//1494
f 812//1495 748//1495 749//1495
f 813//1496 713//1496 714//1496
f 813//1497 714//1497 811//1497
f 814//1498 812//1498 749//1498
f 815//1499 713//1499 813//1499
f 815//1500 712//1500 713//1500
f 816//1501 814//1501 749//1501
f 816//1502 749//1502 750//1502
f 817//1503 712//1503 815//1503
f 817//1504 711//1504 712//1504
f 818//1505 816//1505 750//1505
f 818//1506 750//1506 751//1506
f 818//1507 751//1507 752//1507
f 819//1508 711//1508 817//1508
f 819//1509 709//1509 710//1509
f 819//1510 710//1510 711//1510
f 820//1511 752//1511 753//1511
f 820//1512 818//1512 752//1512
f 821//1513 709//1513 819//1513
f 822//1514 753//1514 754//1514
f 822//1515 820//1515 753//1515
f 823//1516 709//1516 821//1516
f 823//1517 708//1517 709//1517
f 824//1518 822//1518 754//1518
f 825//1519 708//1519 823//1519
f 825//1520 707//1520 708//1520
f 826//1521 754//1521 755//1521
f 826//1522 824//1522 754//1522
f 827//1523 706//1523 707//1523
f 827//1524 707//1524 825//1524
f 828//1525 755//1525 756//1525
f 828//1526 826//1526 755//1526
f 829//1527 705//1527 706//1527
f 829//1528 706//1528 827//1528
f 830//1529 756//1529 757//1529
f 830//1530 828//1530 756//1530
f 831//1531 704//1531 705//1531
f 831//1532 705//1532 829//1532
f 832//1533 757//1533 758//1533
f 832//1534 830//1534 757//1534
f 833//1535 702//1535 703//1535
f 833//1536 703//1536 704//1536
f 833//1537 704//1537 831//1537
f 834//1538 758//1538 759//1538
f 834//1539 832//1539 758//1539
f 835//1540 702//1540 833//1540
f 836//1541 759//1541 760//1541
f 836//1542 834//1542 759//1542
f 837//1543 701//1543 702//1543
f 837//1544 702//1544 835//1544
f 838//1545 760//1545 761//1545
f 838//1546 836//1546 760//1546
f 839//1547 701//1547 837//1547
f 839//1548 700//1548 701//1548
f 840//1549 761//1549 762//1549
f 840//1550 838//1550 761//1550
f 699//1551 839//1551 841//1551
f 699//1552 700//1552 839//1552
f 842//1553 840//1553 762//1553
f 763//1554 842//1554 762//1554
f 843//1555 842//1555 763//1555
f 698//1556 699//1556 841//1556
f 698//1557 841//1557 844//1557
f 764//1558 843//1558 763//1558
f 697//1559 698//1559 844//1559
f 697//1560 844//1560 845//1560
f 765//1561 843//1561 764//1561
f 765//1562 846//1562 843//1562
f 696//1563 697//1563 845//1563
f 696//1564 845//1564 847//1564
f 766//1565 846//1565 765//1565
f 766//1566 848//1566 846//1566
f 695//1567 696//1567 847//1567
f 695//1568 847//1568 849//1568
f 767//1569 848//1569 766//1569
f 767//1570 850//1570 848//1570
f 694//1571 695//1571 849//1571
f 694//1572 849//1572 851//1572
f 768//1573 852//1573 850//1573
f 768//1574 853//1574 852//1574
f 768//1575 850//1575 767//1575
f 693//1576 851//1576 854//1576
f 693//1577 694//1577 851//1577
f 769//1578 853//1578 768//1578
f 692//1579 854//1579 855//1579
f 692//1580 693//1580 854//1580
f 770//1581 856//1581 853//1581
f 770//1582 853//1582 769//1582
f 691//1583 855//1583 857//1583
f 691//1584 692//1584 855//1584
f 771//1585 858//1585 856//1585
f 771//1586 859//1586 858//1586
f 771//1587 856//1587 770//1587
f 690//1588 691//1588 857//1588
f 690//1589 857//1589 860//1589
f 772//1590 859//1590 771//1590
f 689//1591 690//1591 860//1591
f 689//1592 861//1592 862//1592
f 689//1593 860//1593 861//1593
f 773//1594 859//1594 772//1594
f 773//1595 863//1595 859//1595
f 688//1596 689//1596 862//1596
f 688//1597 862//1597 864//1597
f 774//1598 865//1598 863//1598
f 774//1599 863//1599 773//1599
f 687//1600 864//1600 866//1600
f 687//1601 688//1601 864//1601
f 775//1602 867//1602 865//1602
f 775//1603 865//1603 774//1603
f 686//1604 687//1604 866//1604
f 776//1605 868//1605 867//1605
f 776//1606 869//1606 868//1606
f 776//1607 867//1607 775//1607
f 685//1608 866//1608 870//1608
f 685//1609 686//1609 866//1609
f 777//1610 869//1610 776//1610
f 684//1611 870//1611 871//1611
f 684//1612 685//1612 870//1612
f 652//1613 872//1613 869//1613
f 652//1614 869//1614 777//1614
f 683//1615 871//1615 873//1615
f 683//1616 684//1616 871//1616
f 653//1617 872//1617 652//1617
f 653//1618 874//1618 872//1618
f 682//1619 875//1619 876//1619
f 682//1620 873//1620 875//1620
f 682//1621 683//1621 873//1621
f 654//1622 877//1622 874//1622
f 654//1623 874//1623 653//1623
f 681//1624 876//1624 878//1624
f 681//1625 682//1625 876//1625
f 655//1626 879//1626 877//1626
f 655//1627 877//1627 654//1627
f 680//1628 878//1628 880//1628
f 680//1629 681//1629 878//1629
f 656//1630 881//1630 879//1630
f 656//1631 879//1631 655//1631
f 679//1632 680//1632 880//1632
f 657//1633 882//1633 881//1633
f 657//1634 881//1634 656//1634
f 678//1635 679//1635 880//1635
f 678//1636 880//1636 883//1636
f 658//1637 884//1637 882//1637
f 658//1638 885//1638 884//1638
f 658//1639 882//1639 657//1639
f 677//1640 678//1640 883//1640
f 677//1641 886//1641 887//1641
f 677//1642 883//1642 886//1642
f 659//1643 885//1643 658//1643
f 659//1644 888//1644 885//1644
f 676//1645 677//1645 887//1645
f 660//1646 888//1646 659//1646
f 675//1647 676//1647 887//1647
f 675//1648 889//1648 890//1648
f 675//1649 887//1649 889//1649
f 661//1650 888//1650 660//1650
f 661//1651 891//1651 888//1651
f 674//1652 675//1652 890//1652
f 674//1653 890//1653 892//1653
f 662//1654 891//1654 661//1654
f 662//1655 893//1655 891//1655
f 662//1656 894//1656 893//1656
f 673//1657 674//1657 892//1657
f 663//1658 894//1658 662//1658
f 672//1659 673//1659 892//1659
f 672//1660 892//1660 895//1660
f 664//1661 894//1661 663//1661
f 664//1662 896//1662 894//1662
f 671//1663 672//1663 895//1663
f 671//1664 897//1664 898//1664
f 671//1665 895//1665 897//1665
f 665//1666 896//1666 664//1666
f 665//1667 899//1667 896//1667
f 670//1668 671//1668 898//1668
f 666//1669 899//1669 665//1669
f 666//1670 900//1670 899//1670
f 666//1671 901//1671 900//1671
f 669//1672 670//1672 898//1672
f 669//1673 898//1673 902//1673
f 667//1674 901//1674 666//1674
f 668//1675 903//1675 901//1675
f 668//1676 902//1676 903//1676
f 668//1677 669//1677 902//1677
f 668//1678 901//1678 667//1678
f 904//1679 905//1679 872//1679
f 904//1680 872//1680 874//1680
f 904//1681 874//1681 877//1681
f 906//1682 877//1682 879//1682
f 906//1683 904//1683 877//1683
f 907//1684 906//1684 879//1684
f 908//1685 879//1685 881//1685
f 908//1686 881//1686 882//1686
f 908//1687 907//1687 879//1687
f 909//1688 908//1688 882//1688
f 910//1689 882//1689 884//1689
f 910//1690 909//1690 882//1690
f 911//1691 884//1691 885//1691
f 911//1692 885//1692 888//1692
f 911//1693 910//1693 884//1693
f 912//1694 911//1694 888//1694
f 913//1695 888//1695 891//1695
f 913//1696 912//1696 888//1696
f 914//1697 891//1697 893//1697
f 914//1698 913//1698 891//1698
f 915//1699 914//1699 893//1699
f 915//1700 893//1700 894//1700
f 915//1701 894//1701 896//1701
f 916//1702 915//1702 896//1702
f 917//1703 916//1703 896//1703
f 917//1704 896//1704 899//1704
f 918//1705 917//1705 899//1705
f 918//1706 899//1706 900//1706
f 919//1707 900//1707 901//1707
f 919//1708 901//1708 903//1708
f 919//1709 918//1709 900//1709
f 920//1710 919//1710 903//1710
f 921//1711 903//1711 902//1711
f 921//1712 920//1712 903//1712
f 922//1713 902//1713 898//1713
f 922//1714 898//1714 897//1714
f 922//1715 921//1715 902//1715
f 923//1716 922//1716 897//1716
f 924//1717 897//1717 895//1717
f 924//1718 923//1718 897//1718
f 925//1719 895//1719 892//1719
f 925//1720 924//1720 895//1720
f 926//1721 892//1721 890//1721
f 926//1722 925//1722 892//1722
f 927//1723 890//1723 889//1723
f 927//1724 926//1724 890//1724
f 928//1725 889//1725 887//1725
f 928//1726 927//1726 889//1726
f 929//1727 887//1727 886//1727
f 929//1728 928//1728 887//1728
f 930//1729 886//1729 883//1729
f 930//1730 929//1730 886//1730
f 931//1731 883//1731 880//1731
f 931//1732 930//1732 883//1732
f 932//1733 880//1733 878//1733
f 932//1734 878//1734 876//1734
f 932//1735 931//1735 880//1735
f 933//1736 932//1736 876//1736
f 934//1737 876//1737 875//1737
f 934//1738 933//1738 876//1738
f 935//1739 875//1739 873//1739
f 935//1740 934//1740 875//1740
f 936//1741 873//1741 871//1741
f 936//1742 935//1742 873//1742
f 937//1743 871//1743 870//1743
f 937//1744 936//1744 871//1744
f 938//1745 870//1745 866//1745
f 938//1746 937//1746 870//1746
f 939//1747 866//1747 864//1747
f 939//1748 938//1748 866//1748
f 940//1749 864//1749 862//1749
f 940//1750 939//1750 864//1750
f 941//1751 862//1751 861//1751
f 941//1752 861//1752 860//1752
f 941//1753 940//1753 862//1753
f 942//1754 941//1754 860//1754
f 942//1755 860//1755 857//1755
f 943//1756 942//1756 857//1756
f 944//1757 943//1757 857//1757
f 944//1758 857//1758 855//1758
f 945//1759 944//1759 855//1759
f 945//1760 855//1760 854//1760
f 946//1761 945//1761 854//1761
f 946//1762 854//1762 851//1762
f 947//1763 946//1763 851//1763
f 947//1764 851//1764 849//1764
f 948//1765 947//1765 849//1765
f 948//1766 849//1766 847//1766
f 949//1767 948//1767 847//1767
f 949//1768 847//1768 845//1768
f 950//1769 949//1769 845//1769
f 950//1770 845//1770 844//1770
f 950//1771 844//1771 841//1771
f 951//1772 950//1772 841//1772
f 952//1773 841//1773 839//1773
f 952//1774 951//1774 841//1774
f 953//1775 839//1775 837//1775
f 953//1776 952//1776 839//1776
f 954//1777 837//1777 835//1777
f 954//1778 835//1778 833//1778
f 954//1779 953//1779 837//1779
f 955//1780 954//1780 833//1780
f 956//1781 833//1781 831//1781
f 956//1782 831//1782 829//1782
f 956//1783 955//1783 833//1783
f 957//1784 956//1784 829//1784
f 958//1785 829//1785 827//1785
f 958//1786 827//1786 825//1786
f 958//1787 957//1787 829//1787
f 959//1788 958//1788 825//1788
f 960//1789 825//1789 823//1789
f 960//1790 959//1790 825//1790
f 961//1791 823//1791 821//1791
f 961//1792 821//1792 819//1792
f 961//1793 960//1793 823//1793
f 962//1794 961//1794 819//1794
f 963//1795 819//1795 817//1795
f 963//1796 962//1796 819//1796
f 964//1797 817//1797 815//1797
f 964//1798 963//1798 817//1798
f 965//1799 815//1799 813//1799
f 965//1800 964//1800 815//1800
f 966//1801 965//1801 813//1801
f 966//1802 813//1802 811//1802
f 966//1803 811//1803 809//1803
f 967//1804 966//1804 809//1804
f 967//1805 809//1805 807//1805
f 968//1806 967//1806 807//1806
f 969//1807 968//1807 807//1807
f 969//1808 807//1808 805//1808
f 969//1809 805//1809 803//1809
f 970//1810 969//1810 803//1810
f 970//1811 803//1811 801//1811
f 971//1812 970//1812 801//1812
f 971//1813 801//1813 799//1813
f 972//1814 971//1814 799//1814
f 973//1815 972//1815 799//1815
f 973//1816 799//1816 797//1816
f 973//1817 797//1817 795//1817
f 974//1818 973//1818 795//1818
f 974//1819 795//1819 793//1819
f 975//1820 974//1820 793//1820
f 976//1821 975//1821 793//1821
f 976//1822 793//1822 791//1822
f 976//1823 791//1823 789//1823
f 977//1824 976//1824 789//1824
f 978//1825 977//1825 789//1825
f 978//1826 789//1826 787//1826
f 979//1827 978//1827 787//1827
f 979//1828 787//1828 785//1828
f 980//1829 979//1829 785//1829
f 980//1830 785//1830 783//1830
f 980//1831 783//1831 781//1831
f 981//1832 980//1832 781//1832
f 982//1833 981//1833 781//1833
f 982//1834 781//1834 778//1834
f 983//1835 982//1835 778//1835
f 983//1836 778//1836 779//1836
f 983//1837 779//1837 780//1837
f 984//1838 983//1838 780//1838
f 985//1839 984//1839 780//1839
f 985//1840 780//1840 782//1840
f 986//1841 985//1841 782//1841
f 986//1842 782//1842 784//1842
f 987//1843 784//1843 786//1843
f 987//1844 986//1844 784//1844
f 987//1845 786//1845 788//1845
f 988//1846 987//1846 788//1846
f 989//1847 788//1847 790//1847
f 989//1848 988//1848 788//1848
f 990//1849 790//1849 792//1849
f 990//1850 989//1850 790//1850
f 991//1851 792//1851 794//1851
f 991//1852 990//1852 792//1852
f 992//1853 991//1853 794//1853
f 992//1854 794//1854 796//1854
f 993//1855 992//1855 796//1855
f 993//1856 796//1856 798//1856
f 994//1857 993//1857 798//1857
f 994//1858 798//1858 800//1858
f 995//1859 994//1859 800//1859
f 995//1860 800//1860 802//1860
f 995//1861 802//1861 804//1861
f 996//1862 995//1862 804//1862
f 997//1863 996//1863 804//1863
f 997//1864 804//1864 806//1864
f 998//1865 997//1865 806//1865
f 998//1866 806//1866 808//1866
f 999//1867 998//1867 808//1867
f 999//1868 808//1868 810//1868
f 1000//1869 999//1869 810//1869
f 1000//1870 810//1870 812//1870
f 1001//1871 1000//1871 812//1871
f 1001//1872 812//1872 814//1872
f 1002//1873 1001//1873 814//1873
f 1002//1874 814//1874 816//1874
f 1003//1875 1002//1875 816//1875
f 1003//1876 816//1876 818//1876
f 1004//1877 818//1877 820//1877
f 1004//1878 1003//1878 818//1878
f 1005//1879 820//1879 822//1879
f 1005//1880 1004//1880 820//1880
f 1006//1881 822//1881 824//1881
f 1006//1882 1005//1882 822//1882
f 1007//1883 824//1883 826//1883
f 1007//1884 1006//1884 824//1884
f 1008//1885 826//1885 828//1885
f 1008//1886 828//1886 830//1886
f 1008//1887 1007//1887 826//1887
f 1009//1888 1008//1888 830//1888
f 1010//1889 830//1889 832//1889
f 1010//1890 1009//1890 830//1890
f 1011//1891 832//1891 834//1891
f 1011//1892 1010//1892 832//1892
f 1012//1893 834//1893 836//1893
f 1012//1894 1011//1894 834//1894
f 1013//1895 836//1895 838//1895
f 1013//1896 1012//1896 836//1896
f 1014//1897 838//1897 840//1897
f 1014//1898 1013//1898 838//1898
f 1015//1899 840//1899 842//1899
f 1015//1900 1014//1900 840//1900
f 1016//1901 1015//1901 842//1901
f 1016//1902 842//1902 843//1902
f 1017//1903 1016//1903 843//1903
f 1017//1904 843//1904 846//1904
f 1018//1905 1017//1905 846//1905
f 1018//1906 846//1906 848//1906
f 1019//1907 1018//1907 848//1907
f 1019//1908 848//1908 850//1908
f 1020//1909 1019//1909 850//1909
f 1020//1910 850//1910 852//1910
f 1021//1911 852//1911 853//1911
f 1021//1912 1020//1912 852//1912
f 1022//1913 853//1913 856//1913
f 1022//1914 1021//1914 853//1914
f 1023//1915 856//1915 858//1915
f 1023//1916 858//1916 859//1916
f 1023//1917 1022//1917 856//1917
f 1024//1918 1023//1918 859//1918
f 1025//1919 859//1919 863//1919
f 1025//1920 1024//1920 859//1920
f 1026//1921 863//1921 865//1921
f 1026//1922 1025//1922 863//1922
f 1027//1923 865//1923 867//1923
f 1027//1924 1026//1924 865//1924
f 1028//1925 867//1925 868//1925
f 1028//1926 1027//1926 867//1926
f 1029//1927 868//1927 869//1927
f 1029//1928 869//1928 872//1928
f 1029//1929 1028//1929 868//1929
f 905//1930 1029//1930 872//1930
f 985//1931 983//1931 984//1931
f 988//1932 986//1932 987//1932
f 990//1933 986//1933 988//1933
f 990//1934 985//1934 986//1934
f 990//1935 988//1935 989//1935
f 975//1936 976//1936 977//1936
f 975//1937 977//1937 978//1937
f 992//1938 990//1938 991//1938
f 973//1939 974//1939 975//1939
f 994//1940 992//1940 993//1940
f 995//1941 992//1941 994//1941
f 970//1942 971//1942 972//1942
f 997//1943 995//1943 996//1943
f 965//1944 966//1944 967//1944
f 1001//1945 999//1945 1000//1945
f 1003//1946 1001//1946 1002//1946
f 962//1947 963//1947 964//1947
f 962//1948 964//1948 965//1948
f 1004//1949 1001//1949 1003//1949
f 961//1950 965//1950 967//1950
f 961//1951 962//1951 965//1951
f 1005//1952 999//1952 1001//1952
f 1005//1953 1001//1953 1004//1953
f 1005//1954 998//1954 999//1954
f 1006//1955 998//1955 1005//1955
f 959//1956 960//1956 961//1956
f 1007//1957 998//1957 1006//1957
f 1007//1958 983//1958 985//1958
f 1007//1959 990//1959 992//1959
f 1007//1960 995//1960 997//1960
f 1007//1961 985//1961 990//1961
f 1007//1962 992//1962 995//1962
f 1007//1963 979//1963 980//1963
f 1007//1964 980//1964 981//1964
f 1007//1965 981//1965 982//1965
f 1007//1966 982//1966 983//1966
f 1007//1967 997//1967 998//1967
f 958//1968 961//1968 967//1968
f 958//1969 967//1969 968//1969
f 958//1970 968//1970 969//1970
f 958//1971 969//1971 970//1971
f 958//1972 959//1972 961//1972
f 1009//1973 1007//1973 1008//1973
f 956//1974 957//1974 958//1974
f 1011//1975 1009//1975 1010//1975
f 1012//1976 1009//1976 1011//1976
f 953//1977 954//1977 955//1977
f 953//1978 955//1978 956//1978
f 1013//1979 1009//1979 1012//1979
f 1013//1980 1007//1980 1009//1980
f 1014//1981 1007//1981 1013//1981
f 1015//1982 1007//1982 1014//1982
f 950//1983 951//1983 952//1983
f 950//1984 952//1984 953//1984
f 948//1985 949//1985 950//1985
f 948//1986 950//1986 953//1986
f 1018//1987 1015//1987 1016//1987
f 1018//1988 1016//1988 1017//1988
f 1020//1989 1018//1989 1019//1989
f 1021//1990 1018//1990 1020//1990
f 1021//1991 1015//1991 1018//1991
f 944//1992 945//1992 946//1992
f 944//1993 946//1993 947//1993
f 944//1994 953//1994 956//1994
f 944//1995 947//1995 948//1995
f 944//1996 948//1996 953//1996
f 1022//1997 1015//1997 1021//1997
f 1023//1998 1015//1998 1022//1998
f 941//1999 956//1999 958//1999
f 941//2000 942//2000 943//2000
f 941//2001 943//2001 944//2001
f 941//2002 944//2002 956//2002
f 1026//2003 1023//2003 1024//2003
f 1026//2004 1024//2004 1025//2004
f 939//2005 940//2005 941//2005
f 1027//2006 1023//2006 1026//2006
f 936//2007 937//2007 938//2007
f 936//2008 938//2008 939//2008
f 905//2009 1023//2009 1027//2009
f 905//2010 1027//2010 1028//2010
f 905//2011 1028//2011 1029//2011
f 934//2012 935//2012 936//2012
f 933//2013 934//2013 936//2013
f 907//2014 905//2014 904//2014
f 907//2015 904//2015 906//2015
f 907//2016 1023//2016 905//2016
f 907//2017 1007//2017 1015//2017
f 907//2018 1015//2018 1023//2018
f 932//2019 936//2019 939//2019
f 932//2020 933//2020 936//2020
f 932//2021 939//2021 941//2021
f 930//2022 931//2022 932//2022
f 910//2023 907//2023 908//2023
f 910//2024 908//2024 909//2024
f 912//2025 910//2025 911//2025
f 927//2026 928//2026 929//2026
f 913//2027 910//2027 912//2027
f 926//2028 929//2028 930//2028
f 926//2029 927//2029 929//2029
f 914//2030 907//2030 910//2030
f 914//2031 910//2031 913//2031
f 915//2032 907//2032 914//2032
f 916//2033 907//2033 915//2033
f 923//2034 924//2034 925//2034
f 923//2035 925//2035 926//2035
f 923//2036 930//2036 932//2036
f 923//2037 926//2037 930//2037
f 917//2038 979//2038 1007//2038
f 917//2039 975//2039 978//2039
f 917//2040 907//2040 916//2040
f 917//2041 973//2041 975//2041
f 917//2042 972//2042 973//2042
f 917//2043 970//2043 972//2043
f 917//2044 978//2044 979//2044
f 917//2045 1007//2045 907//2045
f 919//2046 917//2046 918//2046
f 920//2047 958//2047 970//2047
f 920//2048 921//2048 922//2048
f 920//2049 922//2049 923//2049
f 920//2050 932//2050 941//2050
f 920//2051 970//2051 917//2051
f 920//2052 917//2052 919//2052
f 920//2053 923//2053 932//2053
f 920//2054 941//2054 958//2054
