# Created by FreeCAD <https://www.freecad.org>
v -15.997813 -23.422434 75.000000
v -14.808731 -24.191774 75.000000
v -15.997813 -23.422434 66.000000
v -14.808731 -24.191774 66.000000
v -13.582729 -24.900803 75.000000
v -13.582729 -24.900803 66.000000
v -12.322865 -25.547749 75.000000
v -12.322865 -25.547749 66.000000
v -11.032278 -26.131002 75.000000
v -11.032278 -26.131002 66.000000
v -9.714187 -26.649111 75.000000
v -9.714187 -26.649111 66.000000
v -8.371877 -27.100779 75.000000
v -8.371877 -27.100779 66.000000
v -7.008695 -27.484880 75.000000
v -7.008695 -27.484880 66.000000
v -5.628040 -27.800461 75.000000
v -5.628040 -27.800461 66.000000
v -4.233353 -28.046732 75.000000
v -4.233353 -28.046732 66.000000
v -2.828113 -28.223080 75.000000
v -2.828113 -28.223080 66.000000
v -1.415821 -28.329065 75.000000
v -1.415821 -28.329065 66.000000
v 0.000000 -28.364424 75.000000
v 0.000000 -28.364424 66.000000
v 1.415821 -28.329065 75.000000
v 1.415821 -28.329065 66.000000
v 2.828113 -28.223080 75.000000
v 2.828113 -28.223080 66.000000
v 4.233353 -28.046732 75.000000
v 4.233353 -28.046732 66.000000
v 5.628040 -27.800461 75.000000
v 5.628040 -27.800461 66.000000
v 7.008695 -27.484880 75.000000
v 7.008695 -27.484880 66.000000
v 8.371877 -27.100779 75.000000
v 8.371877 -27.100779 66.000000
v 9.714187 -26.649111 75.000000
v 9.714187 -26.649111 66.000000
v 11.032278 -26.131002 75.000000
v 11.032278 -26.131002 66.000000
v 12.322865 -25.547749 75.000000
v 12.322865 -25.547749 66.000000
v 13.582729 -24.900803 75.000000
v 13.582729 -24.900803 66.000000
v 14.808731 -24.191774 75.000000
v 14.808731 -24.191774 66.000000
v 15.997813 -23.422434 75.000000
v 15.997813 -23.422434 66.000000
v -19.153307 -20.921074 75.000000
v -15.997813 -23.422434 5.000000
v -19.153307 -20.921074 5.000000
v -22.691763 -24.459530 0.000000
v -22.691763 -24.459530 5.000000
v -22.691763 -24.459530 75.000000
v -19.153307 -20.921074 0.000000
v -22.034908 -29.459530 5.000000
v -22.034908 -29.459530 75.000000
v -20.240454 -27.665075 66.000000
v -20.240454 -27.665075 75.000000
v -19.585997 -27.010618 5.000000
v -18.872921 -28.615473 75.000000
v -18.872921 -28.615473 66.000000
v -17.460842 -29.498327 75.000000
v -17.460842 -29.498327 66.000000
v -16.007551 -30.311560 75.000000
v -16.007551 -30.311560 66.000000
v -14.516479 -31.053247 75.000000
v -14.516479 -31.053247 66.000000
v -12.991142 -31.721642 75.000000
v -12.991142 -31.721642 66.000000
v -11.435143 -32.315166 75.000000
v -11.435143 -32.315166 66.000000
v -9.852155 -32.832413 75.000000
v -9.852155 -32.832413 66.000000
v -8.245912 -33.272171 75.000000
v -8.245912 -33.272171 66.000000
v -6.620207 -33.633396 75.000000
v -6.620207 -33.633396 66.000000
v -4.978876 -33.915234 75.000000
v -4.978876 -33.915234 66.000000
v -3.325794 -34.117027 75.000000
v -3.325794 -34.117027 66.000000
v -1.664862 -34.238293 75.000000
v -1.664862 -34.238293 66.000000
v 0.000000 -34.278744 75.000000
v 0.000000 -34.278744 66.000000
v 1.664862 -34.238293 75.000000
v 1.664862 -34.238293 66.000000
v 3.325794 -34.117027 75.000000
v 3.325794 -34.117027 66.000000
v 4.978876 -33.915234 75.000000
v 4.978876 -33.915234 66.000000
v 6.620207 -33.633396 75.000000
v 6.620207 -33.633396 66.000000
v 8.245912 -33.272171 75.000000
v 8.245912 -33.272171 66.000000
v 9.852155 -32.832413 75.000000
v 9.852155 -32.832413 66.000000
v 11.435143 -32.315166 75.000000
v 11.435143 -32.315166 66.000000
v 12.991142 -31.721642 75.000000
v 12.991142 -31.721642 66.000000
v 14.516479 -31.053247 75.000000
v 14.516479 -31.053247 66.000000
v 16.007551 -30.311560 75.000000
v 16.007551 -30.311560 66.000000
v 17.460842 -29.498327 75.000000
v 17.460842 -29.498327 66.000000
v 18.872921 -28.615473 75.000000
v 18.872921 -28.615473 66.000000
v 20.240454 -27.665075 75.000000
v 20.240454 -27.665075 66.000000
v 22.034908 -29.459530 75.000000
v 19.585997 -27.010618 5.000000
v 22.034908 -29.459530 5.000000
v 15.997813 -23.422434 5.000000
v 19.153307 -20.921074 75.000000
v 19.153307 -20.921074 5.000000
v 19.153307 -20.921074 0.000000
v 22.691763 -24.459530 5.000000
v 22.691763 -24.459530 0.000000
v 22.691763 -24.459530 75.000000
v -18.141373 -21.804382 5.000000
v -17.088755 -22.638794 5.000000
v 21.690962 -25.351271 5.000000
v 21.444475 -25.560110 0.000000
v 20.655149 -26.202091 5.000000
v 20.143883 -26.597157 0.000000
v 18.793219 -27.568090 0.000000
v 18.260149 -27.924034 5.000000
v 17.395842 -28.470501 0.000000
v 16.891779 -28.772427 5.000000
v 15.955224 -29.302141 0.000000
v 15.484076 -29.553818 5.000000
v 14.474947 -30.060947 0.000000
v 14.040315 -30.266388 5.000000
v 12.958691 -30.745033 0.000000
v 12.563859 -30.908480 5.000000
v 11.410223 -31.352695 0.000000
v 11.058146 -31.478598 5.000000
v 9.833394 -31.882425 0.000000
v 9.526684 -31.975412 5.000000
v 8.232121 -32.332909 0.000000
v 7.973037 -32.397770 5.000000
v 6.610387 -32.703018 0.000000
v 6.400824 -32.744682 5.000000
v 4.972221 -32.991844 0.000000
v 4.813706 -33.015343 5.000000
v 3.321697 -33.198662 0.000000
v 3.215378 -33.209126 5.000000
v 1.662915 -33.322956 0.000000
v 1.609563 -33.325577 5.000000
v -0.000000 -33.364422 0.000000
v -0.000000 -33.364422 5.000000
v -1.609563 -33.325577 5.000000
v -1.662915 -33.322956 0.000000
v -3.215378 -33.209126 5.000000
v -3.321697 -33.198662 0.000000
v -4.813706 -33.015343 5.000000
v -4.972221 -32.991844 0.000000
v -6.400824 -32.744682 5.000000
v -6.610387 -32.703018 0.000000
v -7.973037 -32.397770 5.000000
v -8.232121 -32.332909 0.000000
v -9.526684 -31.975412 5.000000
v -9.833394 -31.882425 0.000000
v -11.058146 -31.478598 5.000000
v -11.410223 -31.352695 0.000000
v -12.563859 -30.908480 5.000000
v -12.958691 -30.745033 0.000000
v -14.040315 -30.266388 5.000000
v -14.474947 -30.060947 0.000000
v -15.484076 -29.553818 5.000000
v -15.955224 -29.302141 0.000000
v -16.891779 -28.772427 5.000000
v -17.395842 -28.470501 0.000000
v -18.260149 -27.924034 5.000000
v -18.793219 -27.568090 0.000000
v -20.143883 -26.597157 0.000000
v -20.655149 -26.202091 5.000000
v -21.444475 -25.560110 0.000000
v -21.690962 -25.351271 5.000000
v 20.921074 -19.153307 -0.000000
v 25.560110 -21.444475 0.000000
v 24.459530 -22.691763 -0.000000
v 18.084078 -21.851925 0.000000
v 21.851925 -18.084078 0.000000
v 26.597157 -20.143883 0.000000
v 16.969675 -22.728189 0.000000
v 22.728189 -16.969675 0.000000
v 27.568090 -18.793219 0.000000
v 15.812882 -23.547680 0.000000
v 23.547680 -15.812882 0.000000
v 28.470501 -17.395842 0.000000
v 14.616589 -24.308348 0.000000
v 24.308348 -14.616589 0.000000
v 29.302141 -15.955224 0.000000
v 13.383783 -25.008295 0.000000
v 25.008295 -13.383783 0.000000
v 30.060947 -14.474947 0.000000
v 12.117545 -25.645771 0.000000
v 25.645771 -12.117545 0.000000
v 30.745033 -12.958691 0.000000
v 10.821038 -26.219185 0.000000
v 26.219185 -10.821038 0.000000
v 31.352695 -11.410223 0.000000
v 9.497499 -26.727102 0.000000
v 26.727102 -9.497499 0.000000
v 31.882425 -9.833394 0.000000
v 8.150237 -27.168257 0.000000
v 27.168257 -8.150237 0.000000
v 32.332909 -8.232121 0.000000
v 6.782614 -27.541544 0.000000
v 27.541544 -6.782614 0.000000
v 32.703018 -6.610387 0.000000
v 5.398049 -27.846033 0.000000
v 27.846033 -5.398049 0.000000
v 32.991844 -4.972221 0.000000
v 28.080963 -4.000000 -0.000000
v 33.364422 0.000000 0.000000
v 33.322956 -1.662915 0.000000
v 33.198662 -3.321697 0.000000
v 4.000000 -28.080963 0.000000
v -4.000000 -28.080963 0.000000
v 28.080963 4.000000 -0.000000
v 32.991844 4.972221 0.000000
v 33.198662 3.321697 0.000000
v 33.322956 1.662915 0.000000
v -5.398049 -27.846033 0.000000
v 27.846033 5.398049 0.000000
v 32.703018 6.610387 0.000000
v 11.168752 -11.168752 0.000000
v 13.615847 -12.956108 0.000000
v 12.956108 -13.615847 0.000000
v 11.703323 -10.607274 0.000000
v 14.242032 -12.264442 0.000000
v 10.607274 -11.703323 0.000000
v 12.264442 -14.242032 0.000000
v 12.209701 -10.020242 0.000000
v 14.833121 -11.542554 0.000000
v 10.020242 -12.209701 0.000000
v 11.542554 -14.833121 0.000000
v 12.686663 -9.409071 0.000000
v 15.387657 -10.792221 0.000000
v 9.409071 -12.686663 0.000000
v 10.792221 -15.387657 0.000000
v 13.133062 -8.775231 0.000000
v 15.904274 -10.015293 0.000000
v 8.775231 -13.133062 0.000000
v 10.015293 -15.904274 0.000000
v 13.547823 -8.120253 0.000000
v 16.381699 -9.213684 0.000000
v 8.120253 -13.547823 0.000000
v 9.213684 -16.381699 0.000000
v 13.929946 -7.445712 0.000000
v 16.818754 -8.389371 0.000000
v 7.445712 -13.929946 0.000000
v 8.389371 -16.818754 0.000000
v 14.278511 -6.753232 0.000000
v 17.214363 -7.544384 0.000000
v 6.753232 -14.278511 0.000000
v 7.544384 -17.214363 0.000000
v -6.782614 -27.541544 0.000000
v 27.541544 6.782614 0.000000
v 32.332909 8.232121 0.000000
v 14.592677 -6.044485 0.000000
v 17.567551 -6.680806 0.000000
v 6.044485 -14.592677 0.000000
v 6.680806 -17.567551 0.000000
v 14.871689 -5.321175 0.000000
v 17.877449 -5.800764 0.000000
v 5.321175 -14.871689 0.000000
v 5.800764 -17.877449 0.000000
v 15.114873 -4.585046 0.000000
v 18.143291 -4.906427 0.000000
v 4.585046 -15.114873 0.000000
v 4.906427 -18.143291 0.000000
v 15.321644 -3.837872 0.000000
v 18.364424 -4.000000 -0.000000
v 3.837872 -15.321644 0.000000
v 4.000000 -18.364424 0.000000
v -8.150237 -27.168257 0.000000
v 27.168257 8.150237 0.000000
v 31.882425 9.833394 0.000000
v 15.491504 -3.081452 0.000000
v 3.081452 -15.491504 0.000000
v 15.624043 -2.317608 0.000000
v 2.317608 -15.624043 0.000000
v 15.718943 -1.548181 0.000000
v 1.548181 -15.718943 0.000000
v -9.497499 -26.727102 0.000000
v 26.727102 9.497499 0.000000
v 31.352695 11.410223 0.000000
v 15.775974 -0.775024 0.000000
v 0.775024 -15.775974 0.000000
v 15.795000 0.000000 0.000000
v -0.000000 -15.795000 0.000000
v -10.821038 -26.219185 0.000000
v 26.219185 10.821038 0.000000
v 30.745033 12.958691 0.000000
v 18.364424 4.000000 -0.000000
v 15.775974 0.775024 0.000000
v -4.000000 -18.364424 0.000000
v -0.775024 -15.775974 0.000000
v 15.718943 1.548181 0.000000
v -1.548181 -15.718943 0.000000
v -12.117545 -25.645771 0.000000
v 25.645771 12.117545 0.000000
v 30.060947 14.474947 0.000000
v 15.624043 2.317608 0.000000
v -2.317608 -15.624043 0.000000
v 15.491504 3.081452 0.000000
v -3.081452 -15.491504 0.000000
v -13.383783 -25.008295 0.000000
v 25.008295 13.383783 0.000000
v 29.302141 15.955224 0.000000
v 15.321644 3.837872 0.000000
v 18.143291 4.906427 0.000000
v -3.837872 -15.321644 0.000000
v -4.906427 -18.143291 0.000000
v 15.114873 4.585046 0.000000
v 17.877449 5.800764 0.000000
v -4.585046 -15.114873 0.000000
v -5.800764 -17.877449 0.000000
v -14.616589 -24.308348 0.000000
v 24.308348 14.616589 0.000000
v 28.470501 17.395842 0.000000
v 14.871689 5.321175 0.000000
v 17.567551 6.680806 0.000000
v -5.321175 -14.871689 0.000000
v -6.680806 -17.567551 0.000000
v 14.592677 6.044485 0.000000
v 17.214363 7.544384 0.000000
v -6.044485 -14.592677 0.000000
v -7.544384 -17.214363 0.000000
v -15.812882 -23.547680 0.000000
v 23.547680 15.812882 0.000000
v 27.568090 18.793219 0.000000
v 14.278511 6.753232 0.000000
v 16.818754 8.389371 0.000000
v -6.753232 -14.278511 0.000000
v -8.389371 -16.818754 0.000000
v 13.929946 7.445712 0.000000
v 16.381699 9.213684 0.000000
v -7.445712 -13.929946 0.000000
v -9.213684 -16.381699 0.000000
v -16.969675 -22.728189 0.000000
v 22.728189 16.969675 0.000000
v 26.597157 20.143883 0.000000
v 13.547823 8.120253 0.000000
v 15.904274 10.015293 0.000000
v -8.120253 -13.547823 0.000000
v -10.015293 -15.904274 0.000000
v 13.133062 8.775231 0.000000
v 15.387657 10.792221 0.000000
v -8.775231 -13.133062 0.000000
v -10.792221 -15.387657 0.000000
v -18.084078 -21.851925 0.000000
v 21.851925 18.084078 0.000000
v 25.560110 21.444475 0.000000
v 12.686663 9.409071 0.000000
v 14.833121 11.542554 0.000000
v -9.409071 -12.686663 0.000000
v -11.542554 -14.833121 0.000000
v 12.209701 10.020242 0.000000
v -10.020242 -12.209701 0.000000
v 14.242032 12.264442 0.000000
v -12.264442 -14.242032 0.000000
v 20.921074 19.153307 -0.000000
v 24.459530 22.691763 -0.000000
v 11.703323 10.607274 0.000000
v -10.607274 -11.703323 0.000000
v 13.615847 12.956108 0.000000
v -12.956108 -13.615847 0.000000
v 11.168752 11.168752 0.000000
v -11.168752 -11.168752 0.000000
v 12.956108 13.615847 0.000000
v -13.615847 -12.956108 0.000000
v 10.607274 11.703323 0.000000
v -11.703323 -10.607274 0.000000
v 12.264442 14.242032 0.000000
v -14.242032 -12.264442 0.000000
v 10.020242 12.209701 0.000000
v -12.209701 -10.020242 0.000000
v 11.542554 14.833121 0.000000
v 9.409071 12.686663 0.000000
v -14.833121 -11.542554 0.000000
v -12.686663 -9.409071 0.000000
v -25.560110 -21.444475 0.000000
v -20.921074 -19.153307 0.000000
v -24.459530 -22.691763 0.000000
v -21.851925 -18.084078 0.000000
v 21.444475 25.560110 0.000000
v 22.691763 24.459530 -0.000000
v 19.153307 20.921074 -0.000000
v 18.084078 21.851925 0.000000
v 10.792221 15.387657 0.000000
v 8.775231 13.133062 0.000000
v -15.387657 -10.792221 0.000000
v -13.133062 -8.775231 0.000000
v 10.015293 15.904274 0.000000
v 8.120253 13.547823 0.000000
v -15.904274 -10.015293 0.000000
v -13.547823 -8.120253 0.000000
v -26.597157 -20.143883 0.000000
v -22.728189 -16.969675 0.000000
v 20.143883 26.597157 0.000000
v 16.969675 22.728189 0.000000
v 9.213684 16.381699 0.000000
v 7.445712 13.929946 0.000000
v -16.381699 -9.213684 0.000000
v -13.929946 -7.445712 0.000000
v 8.389371 16.818754 0.000000
v 6.753232 14.278511 0.000000
v -16.818754 -8.389371 0.000000
v -14.278511 -6.753232 0.000000
v -27.568090 -18.793219 0.000000
v -23.547680 -15.812882 0.000000
v 18.793219 27.568090 0.000000
v 15.812882 23.547680 0.000000
v 7.544384 17.214363 0.000000
v 6.044485 14.592677 0.000000
v -17.214363 -7.544384 0.000000
v -14.592677 -6.044485 0.000000
v 6.680806 17.567551 0.000000
v 5.321175 14.871689 0.000000
v -17.567551 -6.680806 0.000000
v -14.871689 -5.321175 0.000000
v -28.470501 -17.395842 0.000000
v -24.308348 -14.616589 0.000000
v 17.395842 28.470501 0.000000
v 14.616589 24.308348 0.000000
v 5.800764 17.877449 0.000000
v 4.585046 15.114873 0.000000
v -17.877449 -5.800764 0.000000
v -15.114873 -4.585046 0.000000
v 4.906427 18.143291 0.000000
v 3.837872 15.321644 0.000000
v -18.143291 -4.906427 0.000000
v -15.321644 -3.837872 0.000000
v -29.302141 -15.955224 0.000000
v -25.008295 -13.383783 0.000000
v 15.955224 29.302141 0.000000
v 13.383783 25.008295 0.000000
v -18.364424 -4.000000 0.000000
v -15.718943 -1.548181 0.000000
v -15.624043 -2.317608 0.000000
v -15.491504 -3.081452 0.000000
v 4.000000 18.364424 -0.000000
v 3.081452 15.491504 0.000000
v 2.317608 15.624043 0.000000
v 1.548181 15.718943 0.000000
v -15.775974 -0.775024 0.000000
v 0.775024 15.775974 0.000000
v -30.060947 -14.474947 0.000000
v -25.645771 -12.117545 0.000000
v 14.474947 30.060947 0.000000
v 12.117545 25.645771 0.000000
v -15.795000 0.000000 0.000000
v 0.000000 15.795000 -0.000000
v -30.745033 -12.958691 0.000000
v -26.219185 -10.821038 0.000000
v 12.958691 30.745033 0.000000
v 10.821038 26.219185 0.000000
v -31.352695 -11.410223 0.000000
v -26.727102 -9.497499 0.000000
v 11.410223 31.352695 0.000000
v 9.497499 26.727102 0.000000
v -31.882425 -9.833394 0.000000
v -27.168257 -8.150237 0.000000
v 9.833394 31.882425 0.000000
v 8.150237 27.168257 0.000000
v -4.000000 18.364424 -0.000000
v -0.775024 15.775974 0.000000
v -1.548181 15.718943 0.000000
v -2.317608 15.624043 0.000000
v -3.081452 15.491504 0.000000
v -3.837872 15.321644 0.000000
v -18.364424 4.000000 0.000000
v -15.321644 3.837872 0.000000
v -15.491504 3.081452 0.000000
v -15.624043 2.317608 0.000000
v -15.718943 1.548181 0.000000
v -15.775974 0.775024 0.000000
v -4.906427 18.143291 0.000000
v -4.585046 15.114873 0.000000
v -18.143291 4.906427 0.000000
v -15.114873 4.585046 0.000000
v -5.800764 17.877449 0.000000
v -5.321175 14.871689 0.000000
v -17.877449 5.800764 0.000000
v -14.871689 5.321175 0.000000
v -32.332909 -8.232121 0.000000
v -27.541544 -6.782614 0.000000
v 8.232121 32.332909 0.000000
v 6.782614 27.541544 0.000000
v -17.567551 6.680806 0.000000
v -14.592677 6.044485 0.000000
v -6.680806 17.567551 0.000000
v -6.044485 14.592677 0.000000
v -7.544384 17.214363 0.000000
v -6.753232 14.278511 0.000000
v -17.214363 7.544384 0.000000
v -14.278511 6.753232 0.000000
v -8.389371 16.818754 0.000000
v -7.445712 13.929946 0.000000
v -16.818754 8.389371 0.000000
v -13.929946 7.445712 0.000000
v -9.213684 16.381699 0.000000
v -8.120253 13.547823 0.000000
v -16.381699 9.213684 0.000000
v -13.547823 8.120253 0.000000
v -15.904274 10.015293 0.000000
v -13.133062 8.775231 0.000000
v -10.015293 15.904274 0.000000
v -8.775231 13.133062 0.000000
v -32.703018 -6.610387 0.000000
v -27.846033 -5.398049 0.000000
v 6.610387 32.703018 0.000000
v 5.398049 27.846033 0.000000
v -10.792221 15.387657 0.000000
v -9.409071 12.686663 0.000000
v -15.387657 10.792221 0.000000
v -12.686663 9.409071 0.000000
v -11.542554 14.833121 0.000000
v -10.020242 12.209701 0.000000
v -14.833121 11.542554 0.000000
v -12.209701 10.020242 0.000000
v -12.264442 14.242032 0.000000
v -10.607274 11.703323 0.000000
v -14.242032 12.264442 0.000000
v -11.703323 10.607274 0.000000
v -12.956108 13.615847 0.000000
v -11.168752 11.168752 0.000000
v -13.615847 12.956108 0.000000
v -32.991844 -4.972221 0.000000
v -28.080963 -4.000000 0.000000
v 4.972221 32.991844 0.000000
v 4.000000 28.080963 -0.000000
v -33.198662 -3.321697 0.000000
v 3.321697 33.198662 0.000000
v -33.322956 -1.662915 0.000000
v 1.662915 33.322956 0.000000
v -4.000000 28.080963 -0.000000
v -28.080963 4.000000 0.000000
v 0.000000 33.364422 -0.000000
v -33.364422 0.000000 0.000000
v -33.322956 1.662915 0.000000
v -1.662915 33.322956 0.000000
v -33.198662 3.321697 0.000000
v -3.321697 33.198662 0.000000
v -32.991844 4.972221 0.000000
v -27.846033 5.398049 0.000000
v -4.972221 32.991844 0.000000
v -5.398049 27.846033 0.000000
v -32.703018 6.610387 0.000000
v -27.541544 6.782614 0.000000
v -6.610387 32.703018 0.000000
v -6.782614 27.541544 0.000000
v -32.332909 8.232121 0.000000
v -27.168257 8.150237 0.000000
v -8.232121 32.332909 0.000000
v -8.150237 27.168257 0.000000
v -31.882425 9.833394 0.000000
v -26.727102 9.497499 0.000000
v -9.833394 31.882425 0.000000
v -9.497499 26.727102 0.000000
v -31.352695 11.410223 0.000000
v -26.219185 10.821038 0.000000
v -11.410223 31.352695 0.000000
v -10.821038 26.219185 0.000000
v -30.745033 12.958691 0.000000
v -25.645771 12.117545 0.000000
v -12.958691 30.745033 0.000000
v -12.117545 25.645771 0.000000
v -30.060947 14.474947 0.000000
v -25.008295 13.383783 0.000000
v -14.474947 30.060947 0.000000
v -13.383783 25.008295 0.000000
v -29.302141 15.955224 0.000000
v -24.308348 14.616589 0.000000
v -15.955224 29.302141 0.000000
v -14.616589 24.308348 0.000000
v -28.470501 17.395842 0.000000
v -23.547680 15.812882 0.000000
v -17.395842 28.470501 0.000000
v -15.812882 23.547680 0.000000
v -27.568090 18.793219 0.000000
v -22.728189 16.969675 0.000000
v -18.793219 27.568090 0.000000
v -16.969675 22.728189 0.000000
v -26.597157 20.143883 0.000000
v -21.851925 18.084078 0.000000
v -20.143883 26.597157 0.000000
v -18.084078 21.851925 0.000000
v -25.560110 21.444475 0.000000
v -20.921074 19.153307 0.000000
v -21.444475 25.560110 0.000000
v -19.153307 20.921074 -0.000000
v -24.459530 22.691763 0.000000
v -22.691763 24.459530 -0.000000
v -4.000000 -28.080963 5.000000
v -5.280740 -27.868517 5.000000
v -6.550418 -27.597691 5.000000
v -7.806373 -27.269049 5.000000
v -9.045975 -26.883282 5.000000
v -10.266626 -26.441196 5.000000
v -11.465770 -25.943720 5.000000
v -12.640894 -25.391893 5.000000
v -13.789536 -24.786875 5.000000
v -14.909291 -24.129930 5.000000
v 4.000000 -28.080963 5.000000
v 5.280740 -27.868517 5.000000
v -2.411828 -18.639612 5.000000
v -3.208865 -18.519051 5.000000
v 6.550418 -27.597691 5.000000
v -1.610354 -18.725885 5.000000
v -0.805918 -18.777714 5.000000
v 7.806373 -27.269049 5.000000
v -0.000000 -18.795000 5.000000
v 0.805918 -18.777714 5.000000
v 9.045975 -26.883282 5.000000
v 1.610354 -18.725885 5.000000
v 2.411828 -18.639612 5.000000
v 10.266626 -26.441196 5.000000
v 3.208865 -18.519051 5.000000
v 11.465770 -25.943720 5.000000
v 12.640894 -25.391893 5.000000
v 13.789536 -24.786875 5.000000
v 14.909291 -24.129930 5.000000
v 4.000000 -18.364424 5.000000
v -4.000000 -18.364424 5.000000
v 18.141373 -21.804382 5.000000
v 17.088755 -22.638794 5.000000
v 28.080963 -4.000000 5.000000
v 18.364424 -4.000000 5.000000
v 27.868517 -5.280740 5.000000
v 27.597691 -6.550418 5.000000
v 27.269049 -7.806373 5.000000
v 26.883282 -9.045975 5.000000
v 26.441196 -10.266626 5.000000
v 25.943720 -11.465770 5.000000
v 25.391893 -12.640894 5.000000
v 24.786875 -13.789536 5.000000
v 24.129930 -14.909291 5.000000
v 23.422434 -15.997813 5.000000
v 22.638794 -17.088755 5.000000
v 21.804382 -18.141373 5.000000
v 20.921074 -19.153307 5.000000
v 24.459530 -22.691763 5.000000
v 24.459530 -22.691763 75.000000
v 20.921074 -19.153307 75.000000
v 24.459530 22.691763 5.000000
v 25.351271 21.690962 5.000000
v 26.202091 20.655149 5.000000
v 27.010618 19.585997 5.000000
v 27.924034 18.260149 5.000000
v 28.772427 16.891779 5.000000
v 29.553818 15.484076 5.000000
v 30.266388 14.040315 5.000000
v 30.908480 12.563859 5.000000
v 31.478598 11.058146 5.000000
v 31.975412 9.526684 5.000000
v 32.397770 7.973037 5.000000
v 32.744682 6.400824 5.000000
v 33.015343 4.813706 5.000000
v 33.209126 3.215378 5.000000
v 33.325577 1.609563 5.000000
v 33.364422 0.000000 5.000000
v 33.325577 -1.609563 5.000000
v 33.209126 -3.215378 5.000000
v 33.015343 -4.813706 5.000000
v 32.744682 -6.400824 5.000000
v 32.397770 -7.973037 5.000000
v 31.975412 -9.526684 5.000000
v 31.478598 -11.058146 5.000000
v 30.908480 -12.563859 5.000000
v 30.266388 -14.040315 5.000000
v 29.553818 -15.484076 5.000000
v 28.772427 -16.891779 5.000000
v 27.924034 -18.260149 5.000000
v 27.010618 -19.585997 5.000000
v 26.202091 -20.655149 5.000000
v 25.351271 -21.690962 5.000000
v 20.921074 19.153307 5.000000
v 20.921074 19.153307 75.000000
v 24.459530 22.691763 75.000000
v 21.804382 18.141373 5.000000
v 22.638794 17.088755 5.000000
v 23.422434 15.997813 5.000000
v 24.129930 14.909291 5.000000
v 24.786875 13.789536 5.000000
v 25.391893 12.640894 5.000000
v 25.943720 11.465770 5.000000
v 26.441196 10.266626 5.000000
v 26.883282 9.045975 5.000000
v 27.269049 7.806373 5.000000
v 27.597691 6.550418 5.000000
v 27.868517 5.280740 5.000000
v 28.080963 4.000000 5.000000
v 18.364424 4.000000 5.000000
v 4.000000 18.364424 5.000000
v 4.000000 28.080963 5.000000
v 5.280740 27.868517 5.000000
v 6.550418 27.597691 5.000000
v 7.806373 27.269049 5.000000
v 9.045975 26.883282 5.000000
v 10.266626 26.441196 5.000000
v 11.465770 25.943720 5.000000
v 12.640894 25.391893 5.000000
v 13.789536 24.786875 5.000000
v 14.909291 24.129930 5.000000
v 15.997813 23.422434 5.000000
v 17.088755 22.638794 5.000000
v 18.141373 21.804382 5.000000
v 19.153307 20.921074 5.000000
v 22.691763 24.459530 5.000000
v 22.691763 24.459530 75.000000
v 19.153307 20.921074 75.000000
v -22.691763 24.459530 5.000000
v -21.690962 25.351271 5.000000
v -20.655149 26.202091 5.000000
v -19.585997 27.010618 5.000000
v -18.260149 27.924034 5.000000
v -16.891779 28.772427 5.000000
v -15.484076 29.553818 5.000000
v -14.040315 30.266388 5.000000
v -12.563859 30.908480 5.000000
v -11.058146 31.478598 5.000000
v -9.526684 31.975412 5.000000
v -7.973037 32.397770 5.000000
v -6.400824 32.744682 5.000000
v -4.813706 33.015343 5.000000
v -3.215378 33.209126 5.000000
v -1.609563 33.325577 5.000000
v 0.000000 33.364422 5.000000
v 1.609563 33.325577 5.000000
v 3.215378 33.209126 5.000000
v 4.813706 33.015343 5.000000
v 6.400824 32.744682 5.000000
v 7.973037 32.397770 5.000000
v 9.526684 31.975412 5.000000
v 11.058146 31.478598 5.000000
v 12.563859 30.908480 5.000000
v 14.040315 30.266388 5.000000
v 15.484076 29.553818 5.000000
v 16.891779 28.772427 5.000000
v 18.260149 27.924034 5.000000
v 19.585997 27.010618 5.000000
v 20.655149 26.202091 5.000000
v 21.690962 25.351271 5.000000
v -19.153307 20.921074 5.000000
v -19.153307 20.921074 75.000000
v -22.691763 24.459530 75.000000
v -18.141373 21.804382 5.000000
v -17.088755 22.638794 5.000000
v -15.997813 23.422434 5.000000
v -14.909291 24.129930 5.000000
v -13.789536 24.786875 5.000000
v -12.640894 25.391893 5.000000
v -11.465770 25.943720 5.000000
v -10.266626 26.441196 5.000000
v -9.045975 26.883282 5.000000
v -7.806373 27.269049 5.000000
v -6.550418 27.597691 5.000000
v -5.280740 27.868517 5.000000
v -4.000000 28.080963 5.000000
v -4.000000 18.364424 5.000000
v -28.080963 4.000000 5.000000
v -18.364424 4.000000 5.000000
v -27.868517 5.280740 5.000000
v -27.597691 6.550418 5.000000
v -27.269049 7.806373 5.000000
v -26.883282 9.045975 5.000000
v -26.441196 10.266626 5.000000
v -25.943720 11.465770 5.000000
v -25.391893 12.640894 5.000000
v -24.786875 13.789536 5.000000
v -24.129930 14.909291 5.000000
v -23.422434 15.997813 5.000000
v -22.638794 17.088755 5.000000
v -21.804382 18.141373 5.000000
v -20.921074 19.153307 5.000000
v -24.459530 22.691763 5.000000
v -24.459530 22.691763 75.000000
v -20.921074 19.153307 75.000000
v -24.459530 -22.691763 5.000000
v -25.351271 -21.690962 5.000000
v -26.202091 -20.655149 5.000000
v -27.010618 -19.585997 5.000000
v -27.924034 -18.260149 5.000000
v -28.772427 -16.891779 5.000000
v -29.553818 -15.484076 5.000000
v -30.266388 -14.040315 5.000000
v -30.908480 -12.563859 5.000000
v -31.478598 -11.058146 5.000000
v -31.975412 -9.526684 5.000000
v -32.397770 -7.973037 5.000000
v -32.744682 -6.400824 5.000000
v -33.015343 -4.813706 5.000000
v -33.209126 -3.215378 5.000000
v -33.325577 -1.609563 5.000000
v -33.364422 0.000000 5.000000
v -33.325577 1.609563 5.000000
v -33.209126 3.215378 5.000000
v -33.015343 4.813706 5.000000
v -32.744682 6.400824 5.000000
v -32.397770 7.973037 5.000000
v -31.975412 9.526684 5.000000
v -31.478598 11.058146 5.000000
v -30.908480 12.563859 5.000000
v -30.266388 14.040315 5.000000
v -29.553818 15.484076 5.000000
v -28.772427 16.891779 5.000000
v -27.924034 18.260149 5.000000
v -27.010618 19.585997 5.000000
v -26.202091 20.655149 5.000000
v -25.351271 21.690962 5.000000
v -20.921074 -19.153307 5.000000
v -20.921074 -19.153307 75.000000
v -24.459530 -22.691763 75.000000
v -21.804382 -18.141373 5.000000
v -22.638794 -17.088755 5.000000
v -23.422434 -15.997813 5.000000
v -24.129930 -14.909291 5.000000
v -24.786875 -13.789536 5.000000
v -25.391893 -12.640894 5.000000
v -25.943720 -11.465770 5.000000
v -26.441196 -10.266626 5.000000
v -26.883282 -9.045975 5.000000
v -27.269049 -7.806373 5.000000
v -27.597691 -6.550418 5.000000
v -27.868517 -5.280740 5.000000
v -28.080963 -4.000000 5.000000
v -18.364424 -4.000000 5.000000
v 18.795000 0.000000 5.000000
v 18.777714 -0.805918 5.000000
v 18.725885 -1.610354 5.000000
v 18.639612 -2.411828 5.000000
v 18.519051 -3.208865 5.000000
v 18.519051 3.208865 5.000000
v 18.639612 2.411828 5.000000
v 18.725885 1.610354 5.000000
v 18.777714 0.805918 5.000000
v 29.459530 -22.034908 5.000000
v 29.459530 -22.034908 75.000000
v 23.422434 -15.997813 66.000000
v 23.422434 -15.997813 75.000000
v 29.459530 22.034908 5.000000
v 29.459530 22.034908 75.000000
v 23.422434 15.997813 66.000000
v 23.422434 15.997813 75.000000
v -3.208865 18.519051 5.000000
v -2.411828 18.639612 5.000000
v -1.610354 18.725885 5.000000
v -0.805918 18.777714 5.000000
v 0.000000 18.795000 5.000000
v 0.805918 18.777714 5.000000
v 1.610354 18.725885 5.000000
v 2.411828 18.639612 5.000000
v 3.208865 18.519051 5.000000
v 22.034908 29.459530 5.000000
v 22.034908 29.459530 75.000000
v 15.997813 23.422434 66.000000
v 15.997813 23.422434 75.000000
v -22.034908 29.459530 5.000000
v -22.034908 29.459530 75.000000
v -15.997813 23.422434 66.000000
v -15.997813 23.422434 75.000000
v -18.639612 -2.411828 5.000000
v -18.519051 -3.208865 5.000000
v -18.725885 -1.610354 5.000000
v -18.777714 -0.805918 5.000000
v -18.795000 0.000000 5.000000
v -18.777714 0.805918 5.000000
v -18.725885 1.610354 5.000000
v -18.639612 2.411828 5.000000
v -18.519051 3.208865 5.000000
v -29.459530 22.034908 5.000000
v -29.459530 22.034908 75.000000
v -23.422434 15.997813 66.000000
v -23.422434 15.997813 75.000000
v -29.459530 -22.034908 5.000000
v -29.459530 -22.034908 75.000000
v -23.422434 -15.997813 66.000000
v -23.422434 -15.997813 75.000000
v 27.665075 -20.240454 66.000000
v 27.665075 -20.240454 75.000000
v 27.665075 20.240454 66.000000
v 27.665075 20.240454 75.000000
v 24.191774 -14.808731 75.000000
v 24.191774 -14.808731 66.000000
v 24.900803 -13.582729 75.000000
v 24.900803 -13.582729 66.000000
v 25.547749 -12.322865 75.000000
v 25.547749 -12.322865 66.000000
v 26.131002 -11.032278 75.000000
v 26.131002 -11.032278 66.000000
v 26.649111 -9.714187 75.000000
v 26.649111 -9.714187 66.000000
v 27.100779 -8.371877 75.000000
v 27.100779 -8.371877 66.000000
v 27.484880 -7.008695 75.000000
v 27.484880 -7.008695 66.000000
v 27.800461 -5.628040 75.000000
v 27.800461 -5.628040 66.000000
v 28.046732 -4.233353 75.000000
v 28.046732 -4.233353 66.000000
v 28.223080 -2.828113 75.000000
v 28.223080 -2.828113 66.000000
v 28.329065 -1.415821 75.000000
v 28.329065 -1.415821 66.000000
v 28.364424 0.000000 75.000000
v 28.364424 0.000000 66.000000
v 28.329065 1.415821 75.000000
v 28.329065 1.415821 66.000000
v 28.223080 2.828113 75.000000
v 28.223080 2.828113 66.000000
v 28.046732 4.233353 75.000000
v 28.046732 4.233353 66.000000
v 27.800461 5.628040 75.000000
v 27.800461 5.628040 66.000000
v 27.484880 7.008695 75.000000
v 27.484880 7.008695 66.000000
v 27.100779 8.371877 75.000000
v 27.100779 8.371877 66.000000
v 26.649111 9.714187 75.000000
v 26.649111 9.714187 66.000000
v 26.131002 11.032278 75.000000
v 26.131002 11.032278 66.000000
v 25.547749 12.322865 75.000000
v 25.547749 12.322865 66.000000
v 24.900803 13.582729 75.000000
v 24.900803 13.582729 66.000000
v 24.191774 14.808731 75.000000
v 24.191774 14.808731 66.000000
v -20.240454 27.665075 66.000000
v -20.240454 27.665075 75.000000
v 20.240454 27.665075 66.000000
v 20.240454 27.665075 75.000000
v 14.808731 24.191774 75.000000
v 14.808731 24.191774 66.000000
v 13.582729 24.900803 75.000000
v 13.582729 24.900803 66.000000
v 12.322865 25.547749 75.000000
v 12.322865 25.547749 66.000000
v 11.032278 26.131002 75.000000
v 11.032278 26.131002 66.000000
v 9.714187 26.649111 75.000000
v 9.714187 26.649111 66.000000
v 8.371877 27.100779 75.000000
v 8.371877 27.100779 66.000000
v 7.008695 27.484880 75.000000
v 7.008695 27.484880 66.000000
v 5.628040 27.800461 75.000000
v 5.628040 27.800461 66.000000
v 4.233353 28.046732 75.000000
v 4.233353 28.046732 66.000000
v 2.828113 28.223080 75.000000
v 2.828113 28.223080 66.000000
v 1.415821 28.329065 75.000000
v 1.415821 28.329065 66.000000
v -0.000000 28.364424 75.000000
v -0.000000 28.364424 66.000000
v -1.415821 28.329065 75.000000
v -1.415821 28.329065 66.000000
v -2.828113 28.223080 75.000000
v -2.828113 28.223080 66.000000
v -4.233353 28.046732 75.000000
v -4.233353 28.046732 66.000000
v -5.628040 27.800461 75.000000
v -5.628040 27.800461 66.000000
v -7.008695 27.484880 75.000000
v -7.008695 27.484880 66.000000
v -8.371877 27.100779 75.000000
v -8.371877 27.100779 66.000000
v -9.714187 26.649111 75.000000
v -9.714187 26.649111 66.000000
v -11.032278 26.131002 75.000000
v -11.032278 26.131002 66.000000
v -12.322865 25.547749 75.000000
v -12.322865 25.547749 66.000000
v -13.582729 24.900803 75.000000
v -13.582729 24.900803 66.000000
v -14.808731 24.191774 75.000000
v -14.808731 24.191774 66.000000
v -27.665075 -20.240454 66.000000
v -27.665075 -20.240454 75.000000
v -27.665075 20.240454 66.000000
v -27.665075 20.240454 75.000000
v -24.191774 14.808731 75.000000
v -24.191774 14.808731 66.000000
v -24.900803 13.582729 75.000000
v -24.900803 13.582729 66.000000
v -25.547749 12.322865 75.000000
v -25.547749 12.322865 66.000000
v -26.131002 11.032278 75.000000
v -26.131002 11.032278 66.000000
v -26.649111 9.714187 75.000000
v -26.649111 9.714187 66.000000
v -27.100779 8.371877 75.000000
v -27.100779 8.371877 66.000000
v -27.484880 7.008695 75.000000
v -27.484880 7.008695 66.000000
v -27.800461 5.628040 75.000000
v -27.800461 5.628040 66.000000
v -28.046732 4.233353 75.000000
v -28.046732 4.233353 66.000000
v -28.223080 2.828113 75.000000
v -28.223080 2.828113 66.000000
v -28.329065 1.415821 75.000000
v -28.329065 1.415821 66.000000
v -28.364424 -0.000000 75.000000
v -28.364424 -0.000000 66.000000
v -28.329065 -1.415821 75.000000
v -28.329065 -1.415821 66.000000
v -28.223080 -2.828113 75.000000
v -28.223080 -2.828113 66.000000
v -28.046732 -4.233353 75.000000
v -28.046732 -4.233353 66.000000
v -27.800461 -5.628040 75.000000
v -27.800461 -5.628040 66.000000
v -27.484880 -7.008695 75.000000
v -27.484880 -7.008695 66.000000
v -27.100779 -8.371877 75.000000
v -27.100779 -8.371877 66.000000
v -26.649111 -9.714187 75.000000
v -26.649111 -9.714187 66.000000
v -26.131002 -11.032278 75.000000
v -26.131002 -11.032278 66.000000
v -25.547749 -12.322865 75.000000
v -25.547749 -12.322865 66.000000
v -24.900803 -13.582729 75.000000
v -24.900803 -13.582729 66.000000
v -24.191774 -14.808731 75.000000
v -24.191774 -14.808731 66.000000
v 28.615473 -18.872921 75.000000
v 28.615473 -18.872921 66.000000
v 29.498327 -17.460842 75.000000
v 29.498327 -17.460842 66.000000
v 30.311560 -16.007551 75.000000
v 30.311560 -16.007551 66.000000
v 31.053247 -14.516479 75.000000
v 31.053247 -14.516479 66.000000
v 31.721642 -12.991142 75.000000
v 31.721642 -12.991142 66.000000
v 32.315166 -11.435143 75.000000
v 32.315166 -11.435143 66.000000
v 32.832413 -9.852155 75.000000
v 32.832413 -9.852155 66.000000
v 33.272171 -8.245912 75.000000
v 33.272171 -8.245912 66.000000
v 33.633396 -6.620207 75.000000
v 33.633396 -6.620207 66.000000
v 33.915234 -4.978876 75.000000
v 33.915234 -4.978876 66.000000
v 34.117027 -3.325794 75.000000
v 34.117027 -3.325794 66.000000
v 34.238293 -1.664862 75.000000
v 34.238293 -1.664862 66.000000
v 34.278744 0.000000 75.000000
v 34.278744 0.000000 66.000000
v 34.238293 1.664862 75.000000
v 34.238293 1.664862 66.000000
v 34.117027 3.325794 75.000000
v 34.117027 3.325794 66.000000
v 33.915234 4.978876 75.000000
v 33.915234 4.978876 66.000000
v 33.633396 6.620207 75.000000
v 33.633396 6.620207 66.000000
v 33.272171 8.245912 75.000000
v 33.272171 8.245912 66.000000
v 32.832413 9.852155 75.000000
v 32.832413 9.852155 66.000000
v 32.315166 11.435143 75.000000
v 32.315166 11.435143 66.000000
v 31.721642 12.991142 75.000000
v 31.721642 12.991142 66.000000
v 31.053247 14.516479 75.000000
v 31.053247 14.516479 66.000000
v 30.311560 16.007551 75.000000
v 30.311560 16.007551 66.000000
v 29.498327 17.460842 75.000000
v 29.498327 17.460842 66.000000
v 28.615473 18.872921 75.000000
v 28.615473 18.872921 66.000000
v 18.872921 28.615473 66.000000
v 17.460842 29.498327 66.000000
v 16.007551 30.311560 66.000000
v 14.516479 31.053247 66.000000
v 12.991142 31.721642 66.000000
v 11.435143 32.315166 66.000000
v 9.852155 32.832413 66.000000
v -18.872921 28.615473 66.000000
v 8.245912 33.272171 66.000000
v -17.460842 29.498327 66.000000
v 6.620207 33.633396 66.000000
v -16.007551 30.311560 66.000000
v 4.978876 33.915234 66.000000
v -14.516479 31.053247 66.000000
v 3.325794 34.117027 66.000000
v -12.991142 31.721642 66.000000
v 1.664862 34.238293 66.000000
v -11.435143 32.315166 66.000000
v -0.000000 34.278744 66.000000
v -9.852155 32.832413 66.000000
v -1.664862 34.238293 66.000000
v -8.245912 33.272171 66.000000
v -3.325794 34.117027 66.000000
v -6.620207 33.633396 66.000000
v -4.978876 33.915234 66.000000
v 18.872921 28.615473 75.000000
v 17.460842 29.498327 75.000000
v 16.007551 30.311560 75.000000
v 14.516479 31.053247 75.000000
v 12.991142 31.721642 75.000000
v 11.435143 32.315166 75.000000
v 9.852155 32.832413 75.000000
v 8.245912 33.272171 75.000000
v 6.620207 33.633396 75.000000
v 4.978876 33.915234 75.000000
v 3.325794 34.117027 75.000000
v 1.664862 34.238293 75.000000
v -0.000000 34.278744 75.000000
v -1.664862 34.238293 75.000000
v -3.325794 34.117027 75.000000
v -4.978876 33.915234 75.000000
v -6.620207 33.633396 75.000000
v -8.245912 33.272171 75.000000
v -9.852155 32.832413 75.000000
v -11.435143 32.315166 75.000000
v -12.991142 31.721642 75.000000
v -14.516479 31.053247 75.000000
v -16.007551 30.311560 75.000000
v -17.460842 29.498327 75.000000
v -18.872921 28.615473 75.000000
v -28.615473 18.872921 66.000000
v -29.498327 17.460842 66.000000
v -30.311560 16.007551 66.000000
v -31.053247 14.516479 66.000000
v -31.721642 12.991142 66.000000
v -32.315166 11.435143 66.000000
v -32.832413 9.852155 66.000000
v -28.615473 -18.872921 66.000000
v -33.272171 8.245912 66.000000
v -29.498327 -17.460842 66.000000
v -33.633396 6.620207 66.000000
v -30.311560 -16.007551 66.000000
v -33.915234 4.978876 66.000000
v -31.053247 -14.516479 66.000000
v -34.117027 3.325794 66.000000
v -31.721642 -12.991142 66.000000
v -34.238293 1.664862 66.000000
v -32.315166 -11.435143 66.000000
v -34.278744 -0.000000 66.000000
v -32.832413 -9.852155 66.000000
v -34.238293 -1.664862 66.000000
v -33.272171 -8.245912 66.000000
v -34.117027 -3.325794 66.000000
v -33.633396 -6.620207 66.000000
v -33.915234 -4.978876 66.000000
v -28.615473 18.872921 75.000000
v -29.498327 17.460842 75.000000
v -30.311560 16.007551 75.000000
v -31.053247 14.516479 75.000000
v -31.721642 12.991142 75.000000
v -32.315166 11.435143 75.000000
v -32.832413 9.852155 75.000000
v -33.272171 8.245912 75.000000
v -33.633396 6.620207 75.000000
v -33.915234 4.978876 75.000000
v -34.117027 3.325794 75.000000
v -34.238293 1.664862 75.000000
v -34.278744 -0.000000 75.000000
v -34.238293 -1.664862 75.000000
v -34.117027 -3.325794 75.000000
v -33.915234 -4.978876 75.000000
v -33.633396 -6.620207 75.000000
v -33.272171 -8.245912 75.000000
v -32.832413 -9.852155 75.000000
v -32.315166 -11.435143 75.000000
v -31.721642 -12.991142 75.000000
v -31.053247 -14.516479 75.000000
v -30.311560 -16.007551 75.000000
v -29.498327 -17.460842 75.000000
v -28.615473 -18.872921 75.000000
v 18.795000 0.000000 10.000000
v 18.772360 0.922227 10.000000
v 18.704496 1.842232 10.000000
v 18.591572 2.757799 10.000000
v 18.433859 3.666723 10.000000
v 18.231737 4.566813 10.000000
v 17.985693 5.455901 10.000000
v 17.696321 6.331845 10.000000
v 17.364315 7.192535 10.000000
v 16.990479 8.035898 10.000000
v 16.575710 8.859901 10.000000
v 16.121010 9.662561 10.000000
v 15.627471 10.441942 10.000000
v 15.096286 11.196169 10.000000
v 14.528731 11.923422 10.000000
v 13.926176 12.621950 10.000000
v 13.290071 13.290071 10.000000
v 12.621950 13.926176 10.000000
v 11.923422 14.528731 10.000000
v 11.196169 15.096286 10.000000
v 10.441942 15.627471 10.000000
v 9.662561 16.121010 10.000000
v 8.859901 16.575710 10.000000
v 8.035898 16.990479 10.000000
v 7.192535 17.364315 10.000000
v 6.331845 17.696321 10.000000
v 5.455901 17.985693 10.000000
v 4.566813 18.231737 10.000000
v 3.666723 18.433859 10.000000
v 2.757799 18.591572 10.000000
v 1.842232 18.704496 10.000000
v 0.922227 18.772360 10.000000
v 0.000000 18.795000 10.000000
v -0.922227 18.772360 10.000000
v -1.842232 18.704496 10.000000
v -2.757799 18.591572 10.000000
v -3.666723 18.433859 10.000000
v -4.566813 18.231737 10.000000
v -5.455901 17.985693 10.000000
v -6.331845 17.696321 10.000000
v -7.192535 17.364315 10.000000
v -8.035898 16.990479 10.000000
v -8.859901 16.575710 10.000000
v -9.662561 16.121010 10.000000
v -10.441942 15.627471 10.000000
v -11.196169 15.096286 10.000000
v -11.923422 14.528731 10.000000
v -12.621950 13.926176 10.000000
v -13.290071 13.290071 10.000000
v -13.926176 12.621950 10.000000
v -14.528731 11.923422 10.000000
v -15.096286 11.196169 10.000000
v -15.627471 10.441942 10.000000
v -16.121010 9.662561 10.000000
v -16.575710 8.859901 10.000000
v -16.990479 8.035898 10.000000
v -17.364315 7.192535 10.000000
v -17.696321 6.331845 10.000000
v -17.985693 5.455901 10.000000
v -18.231737 4.566813 10.000000
v -18.433859 3.666723 10.000000
v -18.591572 2.757799 10.000000
v -18.704496 1.842232 10.000000
v -18.772360 0.922227 10.000000
v -18.795000 0.000000 10.000000
v -18.772360 -0.922227 10.000000
v -18.704496 -1.842232 10.000000
v -18.591572 -2.757799 10.000000
v -18.433859 -3.666723 10.000000
v -18.231737 -4.566813 10.000000
v -17.985693 -5.455901 10.000000
v -17.696321 -6.331845 10.000000
v -17.364315 -7.192535 10.000000
v -16.990479 -8.035898 10.000000
v -16.575710 -8.859901 10.000000
v -16.121010 -9.662561 10.000000
v -15.627471 -10.441942 10.000000
v -15.096286 -11.196169 10.000000
v -14.528731 -11.923422 10.000000
v -13.926176 -12.621950 10.000000
v -13.290071 -13.290071 10.000000
v -12.621950 -13.926176 10.000000
v -11.923422 -14.528731 10.000000
v -11.196169 -15.096286 10.000000
v -10.441942 -15.627471 10.000000
v -9.662561 -16.121010 10.000000
v -8.859901 -16.575710 10.000000
v -8.035898 -16.990479 10.000000
v -7.192535 -17.364315 10.000000
v -6.331845 -17.696321 10.000000
v -5.455901 -17.985693 10.000000
v -4.566813 -18.231737 10.000000
v -3.666723 -18.433859 10.000000
v -2.757799 -18.591572 10.000000
v -1.842232 -18.704496 10.000000
v -0.922227 -18.772360 10.000000
v -0.000000 -18.795000 10.000000
v 0.922227 -18.772360 10.000000
v 1.842232 -18.704496 10.000000
v 2.757799 -18.591572 10.000000
v 3.666723 -18.433859 10.000000
v 4.566813 -18.231737 10.000000
v 5.455901 -17.985693 10.000000
v 6.331845 -17.696321 10.000000
v 7.192535 -17.364315 10.000000
v 8.035898 -16.990479 10.000000
v 8.859901 -16.575710 10.000000
v 9.662561 -16.121010 10.000000
v 10.441942 -15.627471 10.000000
v 11.196169 -15.096286 10.000000
v 11.923422 -14.528731 10.000000
v 12.621950 -13.926176 10.000000
v 13.290071 -13.290071 10.000000
v 13.926176 -12.621950 10.000000
v 14.528731 -11.923422 10.000000
v 15.096286 -11.196169 10.000000
v 15.627471 -10.441942 10.000000
v 16.121010 -9.662561 10.000000
v 16.575710 -8.859901 10.000000
v 16.990479 -8.035898 10.000000
v 17.364315 -7.192535 10.000000
v 17.696321 -6.331845 10.000000
v 17.985693 -5.455901 10.000000
v 18.231737 -4.566813 10.000000
v 18.433859 -3.666723 10.000000
v 18.591572 -2.757799 10.000000
v 18.704496 -1.842232 10.000000
v 18.772360 -0.922227 10.000000
v -10.607274 -11.703323 10.000000
v -11.168752 -11.168752 10.000000
v -11.703323 -10.607274 10.000000
v -10.020242 -12.209701 10.000000
v -12.209701 -10.020242 10.000000
v -9.409071 -12.686663 10.000000
v -12.686663 -9.409071 10.000000
v -8.775231 -13.133062 10.000000
v -13.133062 -8.775231 10.000000
v -8.120253 -13.547823 10.000000
v -13.547823 -8.120253 10.000000
v -7.445712 -13.929946 10.000000
v -13.929946 -7.445712 10.000000
v -6.753232 -14.278511 10.000000
v -14.278511 -6.753232 10.000000
v -6.044485 -14.592677 10.000000
v -14.592677 -6.044485 10.000000
v -5.321175 -14.871689 10.000000
v -14.871689 -5.321175 10.000000
v -4.585046 -15.114873 10.000000
v -15.114873 -4.585046 10.000000
v -3.837872 -15.321644 10.000000
v -15.321644 -3.837872 10.000000
v -3.081452 -15.491504 10.000000
v -15.491504 -3.081452 10.000000
v -2.317608 -15.624043 10.000000
v -15.624043 -2.317608 10.000000
v -1.548181 -15.718943 10.000000
v -15.718943 -1.548181 10.000000
v -0.775024 -15.775974 10.000000
v -15.775974 -0.775024 10.000000
v -0.000000 -15.795000 10.000000
v -15.795000 0.000000 10.000000
v 0.775024 -15.775974 10.000000
v -15.775974 0.775024 10.000000
v 1.548181 -15.718943 10.000000
v -15.718943 1.548181 10.000000
v 2.317608 -15.624043 10.000000
v -15.624043 2.317608 10.000000
v 3.081452 -15.491504 10.000000
v -15.491504 3.081452 10.000000
v 3.837872 -15.321644 10.000000
v -15.321644 3.837872 10.000000
v 4.585046 -15.114873 10.000000
v -15.114873 4.585046 10.000000
v 5.321175 -14.871689 10.000000
v -14.871689 5.321175 10.000000
v 6.044485 -14.592677 10.000000
v -14.592677 6.044485 10.000000
v 6.753232 -14.278511 10.000000
v -14.278511 6.753232 10.000000
v 7.445712 -13.929946 10.000000
v -13.929946 7.445712 10.000000
v 8.120253 -13.547823 10.000000
v -13.547823 8.120253 10.000000
v 8.775231 -13.133062 10.000000
v -13.133062 8.775231 10.000000
v 9.409071 -12.686663 10.000000
v -12.686663 9.409071 10.000000
v 10.020242 -12.209701 10.000000
v -12.209701 10.020242 10.000000
v 10.607274 -11.703323 10.000000
v -11.703323 10.607274 10.000000
v 11.168752 -11.168752 10.000000
v -11.168752 11.168752 10.000000
v 11.703323 -10.607274 10.000000
v -10.607274 11.703323 10.000000
v 12.209701 -10.020242 10.000000
v -10.020242 12.209701 10.000000
v 12.686663 -9.409071 10.000000
v -9.409071 12.686663 10.000000
v 13.133062 -8.775231 10.000000
v -8.775231 13.133062 10.000000
v 13.547823 -8.120253 10.000000
v -8.120253 13.547823 10.000000
v 13.929946 -7.445712 10.000000
v -7.445712 13.929946 10.000000
v 14.278511 -6.753232 10.000000
v 14.592677 -6.044485 10.000000
v -6.753232 14.278511 10.000000
v -6.044485 14.592677 10.000000
v -5.321175 14.871689 10.000000
v 14.871689 -5.321175 10.000000
v 15.114873 -4.585046 10.000000
v -4.585046 15.114873 10.000000
v -3.837872 15.321644 10.000000
v 15.321644 -3.837872 10.000000
v 15.491504 -3.081452 10.000000
v -3.081452 15.491504 10.000000
v -2.317608 15.624043 10.000000
v 15.624043 -2.317608 10.000000
v 15.718943 -1.548181 10.000000
v -1.548181 15.718943 10.000000
v 15.775974 -0.775024 10.000000
v -0.775024 15.775974 10.000000
v 15.775974 0.775024 10.000000
v 15.795000 0.000000 10.000000
v 0.000000 15.795000 10.000000
v 0.775024 15.775974 10.000000
v 15.718943 1.548181 10.000000
v 15.624043 2.317608 10.000000
v 1.548181 15.718943 10.000000
v 2.317608 15.624043 10.000000
v 15.491504 3.081452 10.000000
v 15.321644 3.837872 10.000000
v 3.081452 15.491504 10.000000
v 3.837872 15.321644 10.000000
v 4.585046 15.114873 10.000000
v 15.114873 4.585046 10.000000
v 14.871689 5.321175 10.000000
v 14.592677 6.044485 10.000000
v 5.321175 14.871689 10.000000
v 6.044485 14.592677 10.000000
v 6.753232 14.278511 10.000000
v 14.278511 6.753232 10.000000
v 13.929946 7.445712 10.000000
v 7.445712 13.929946 10.000000
v 13.547823 8.120253 10.000000
v 13.133062 8.775231 10.000000
v 8.120253 13.547823 10.000000
v 8.775231 13.133062 10.000000
v 9.409071 12.686663 10.000000
v 12.686663 9.409071 10.000000
v 10.020242 12.209701 10.000000
v 12.209701 10.020242 10.000000
v 11.703323 10.607274 10.000000
v 10.607274 11.703323 10.000000
v 11.168752 11.168752 10.000000
vn 0.543219 0.839591 0.000000
vn 0.543219 0.839591 0.000000
vn 0.500633 0.865660 0.000000
vn 0.500633 0.865660 0.000000
vn 0.456798 0.889570 0.000000
vn 0.456798 0.889570 0.000000
vn 0.411826 0.911263 0.000000
vn 0.411826 0.911263 0.000000
vn 0.365828 0.930683 0.000000
vn 0.365828 0.930683 0.000000
vn 0.318915 0.947783 0.000000
vn 0.318915 0.947783 0.000000
vn 0.271208 0.962521 0.000000
vn 0.271208 0.962521 0.000000
vn 0.222826 0.974858 0.000000
vn 0.222826 0.974858 0.000000
vn 0.173888 0.984765 0.000000
vn 0.173888 0.984765 0.000000
vn 0.124516 0.992218 0.000000
vn 0.124516 0.992218 0.000000
vn 0.074835 0.997196 0.000000
vn 0.074835 0.997196 0.000000
vn 0.024966 0.999688 0.000000
vn 0.024966 0.999688 0.000000
vn -0.024966 0.999688 -0.000000
vn -0.024966 0.999688 0.000000
vn -0.074835 0.997196 0.000000
vn -0.074835 0.997196 0.000000
vn -0.124516 0.992218 0.000000
vn -0.124516 0.992218 0.000000
vn -0.173888 0.984765 0.000000
vn -0.173888 0.984765 0.000000
vn -0.222826 0.974858 0.000000
vn -0.222826 0.974858 0.000000
vn -0.271208 0.962521 0.000000
vn -0.271208 0.962521 0.000000
vn -0.318915 0.947783 0.000000
vn -0.318915 0.947783 0.000000
vn -0.365828 0.930683 0.000000
vn -0.365828 0.930683 0.000000
vn -0.411826 0.911263 0.000000
vn -0.411826 0.911263 0.000000
vn -0.456798 0.889570 0.000000
vn -0.456798 0.889570 0.000000
vn -0.500633 0.865660 0.000000
vn -0.500633 0.865660 0.000000
vn -0.543219 0.839591 0.000000
vn -0.543219 0.839591 0.000000
vn 0.621201 0.783652 -0.000000
vn 0.621201 0.783652 -0.000000
vn 0.621201 0.783652 -0.000000
vn -0.707107 0.707107 0.000000
vn -0.707107 0.707107 0.000000
vn -0.707107 0.707107 0.000000
vn -0.707107 0.707107 0.000000
vn -0.991481 -0.130252 0.000000
vn -0.991481 -0.130252 0.000000
vn 0.707107 -0.707107 0.000000
vn 0.707107 -0.707107 0.000000
vn 0.707107 -0.707107 0.000000
vn 0.707107 -0.707107 0.000000
vn 0.707107 -0.707107 0.000000
vn -0.570688 -0.821167 -0.000000
vn -0.530131 -0.847916 -0.000000
vn -0.570688 -0.821167 0.000000
vn -0.488324 -0.872662 -0.000000
vn -0.530131 -0.847916 0.000000
vn -0.445364 -0.895350 -0.000000
vn -0.488324 -0.872662 0.000000
vn -0.401353 -0.915924 -0.000000
vn -0.445364 -0.895350 0.000000
vn -0.356396 -0.934335 -0.000000
vn -0.401353 -0.915924 0.000000
vn -0.310593 -0.950543 -0.000000
vn -0.356396 -0.934335 0.000000
vn -0.264063 -0.964505 -0.000000
vn -0.310593 -0.950543 0.000000
vn -0.216906 -0.976193 -0.000000
vn -0.264063 -0.964505 0.000000
vn -0.169236 -0.985576 -0.000000
vn -0.216906 -0.976193 0.000000
vn -0.121172 -0.992632 -0.000000
vn -0.169236 -0.985576 0.000000
vn -0.121172 -0.992632 0.000000
vn -0.072817 -0.997345 -0.000000
vn -0.072817 -0.997345 0.000000
vn -0.024290 -0.999705 -0.000000
vn -0.024290 -0.999705 0.000000
vn 0.024290 -0.999705 0.000000
vn 0.072817 -0.997345 0.000000
vn 0.024290 -0.999705 0.000000
vn 0.121172 -0.992632 0.000000
vn 0.072817 -0.997345 0.000000
vn 0.169236 -0.985576 0.000000
vn 0.121172 -0.992632 0.000000
vn 0.216906 -0.976193 0.000000
vn 0.169236 -0.985576 0.000000
vn 0.264063 -0.964505 0.000000
vn 0.216906 -0.976193 0.000000
vn 0.310593 -0.950543 0.000000
vn 0.264063 -0.964505 0.000000
vn 0.356396 -0.934335 0.000000
vn 0.310593 -0.950543 0.000000
vn 0.401353 -0.915924 0.000000
vn 0.356396 -0.934335 0.000000
vn 0.445364 -0.895350 0.000000
vn 0.401353 -0.915924 0.000000
vn 0.488324 -0.872662 0.000000
vn 0.445364 -0.895350 0.000000
vn 0.530131 -0.847916 0.000000
vn 0.488324 -0.872662 0.000000
vn 0.570688 -0.821167 0.000000
vn 0.530131 -0.847916 0.000000
vn 0.570688 -0.821167 0.000000
vn 0.000000 0.000000 -1.000000
vn -0.000000 0.000000 -1.000000
vn -0.000000 0.000000 -1.000000
vn 0.000000 0.000000 -1.000000
vn -0.000000 0.000000 -1.000000
vn 0.000000 0.000000 -1.000000
vn -0.000000 0.000000 -1.000000
vn 0.000000 0.000000 -1.000000
vn -0.000000 0.000000 -1.000000
vn 0.000000 0.000000 -1.000000
vn -0.000000 0.000000 -1.000000
vn 0.000000 0.000000 -1.000000
vn 0.000000 0.000000 -1.000000
vn -0.000000 0.000000 -1.000000
vn -0.000000 0.000000 -1.000000
vn 0.000000 -0.000000 -1.000000
vn -0.000000 0.000000 -1.000000
vn 0.000000 0.000000 -1.000000
vn -0.000000 0.000000 -1.000000
vn 0.000000 -0.000000 -1.000000
vn 0.000000 0.000000 -1.000000
vn -0.000000 0.000000 -1.000000
vn -0.000000 0.000000 -1.000000
vn 0.000000 -0.000000 -1.000000
vn 0.000000 0.000000 -1.000000
vn -0.000000 0.000000 -1.000000
vn -0.000000 0.000000 -1.000000
vn 0.000000 -0.000000 -1.000000
vn 0.000000 0.000000 -1.000000
vn -0.000000 0.000000 -1.000000
vn -0.000000 0.000000 -1.000000
vn 0.000000 -0.000000 -1.000000
vn -0.000000 0.000000 -1.000000
vn 0.000000 0.000000 -1.000000
vn -0.000000 0.000000 -1.000000
vn 0.000000 -0.000000 -1.000000
vn 0.000000 0.000000 -1.000000
vn -0.000000 0.000000 -1.000000
vn 0.000000 -0.000000 -1.000000
vn 0.000000 -0.000000 -1.000000
vn 0.000000 -0.000000 -1.000000
vn 0.000000 -0.000000 -1.000000
vn -0.000000 0.000000 -1.000000
vn 0.000000 -0.000000 -1.000000
vn 0.000000 0.000000 -1.000000
vn 0.000000 -0.000000 -1.000000
vn -0.000000 0.000000 -1.000000
vn 0.000000 -0.000000 -1.000000
vn 0.000000 0.000000 -1.000000
vn -0.000000 0.000000 -1.000000
vn -0.707107 -0.707107 0.000000
vn -0.707107 -0.707107 0.000000
vn -0.707107 -0.707107 0.000000
vn -0.707107 -0.707107 0.000000
vn -0.707107 -0.707107 0.000000
vn -0.621201 0.783652 0.000000
vn -0.621201 0.783652 0.000000
vn -0.621201 0.783652 0.000000
vn 0.707107 0.707107 0.000000
vn 0.707107 0.707107 0.000000
vn 0.707107 0.707107 0.000000
vn 0.707107 0.707107 0.000000
vn 0.991481 -0.130252 0.000000
vn 0.991481 -0.130252 0.000000
vn 0.000000 0.000000 -1.000000
vn 0.000000 0.000000 -1.000000
vn 0.665255 -0.746616 0.000000
vn 0.634728 -0.772735 0.000985
vn 0.661632 -0.749828 -0.001298
vn 0.603176 -0.797607 0.001345
vn 0.623437 -0.781871 -0.001970
vn 0.567327 -0.823490 0.001862
vn 0.583692 -0.811973 -0.002017
vn 0.526940 -0.849900 0.001801
vn 0.542498 -0.840055 -0.001965
vn 0.485326 -0.874332 0.001722
vn 0.499954 -0.866050 -0.001895
vn 0.442581 -0.896727 0.001627
vn 0.456168 -0.889892 -0.001808
vn 0.398806 -0.917034 0.001515
vn 0.411249 -0.911521 -0.001704
vn 0.365306 -0.930886 -0.001583
vn 0.354103 -0.935205 0.001385
vn 0.318456 -0.947937 -0.001445
vn 0.308574 -0.951199 0.001239
vn 0.270815 -0.962631 -0.001290
vn 0.262329 -0.964978 0.001075
vn 0.222498 -0.974933 -0.001118
vn 0.215469 -0.976510 0.000894
vn 0.173632 -0.984810 -0.000929
vn 0.168109 -0.985768 0.000697
vn 0.124332 -0.992240 -0.000722
vn 0.120360 -0.992730 0.000482
vn 0.074722 -0.997204 -0.000498
vn 0.072329 -0.997381 0.000249
vn 0.024127 -0.999709 0.000000
vn 0.024928 -0.999689 -0.000258
vn -0.024127 -0.999709 0.000000
vn -0.072329 -0.997381 0.000249
vn -0.024928 -0.999689 -0.000258
vn -0.074722 -0.997204 -0.000498
vn -0.120360 -0.992730 0.000482
vn -0.168109 -0.985768 0.000697
vn -0.124332 -0.992240 -0.000722
vn -0.215469 -0.976510 0.000894
vn -0.173632 -0.984810 -0.000929
vn -0.262329 -0.964978 0.001075
vn -0.222498 -0.974933 -0.001118
vn -0.308574 -0.951199 0.001239
vn -0.270815 -0.962631 -0.001290
vn -0.354103 -0.935205 0.001385
vn -0.318456 -0.947937 -0.001445
vn -0.398806 -0.917034 0.001515
vn -0.365306 -0.930886 -0.001583
vn -0.442581 -0.896727 0.001627
vn -0.411249 -0.911521 -0.001704
vn -0.485326 -0.874332 0.001722
vn -0.456168 -0.889892 -0.001808
vn -0.526940 -0.849900 0.001801
vn -0.499954 -0.866050 -0.001895
vn -0.567327 -0.823490 0.001862
vn -0.542498 -0.840055 -0.001965
vn -0.603176 -0.797607 0.001345
vn -0.583692 -0.811973 -0.002017
vn -0.634728 -0.772735 0.000985
vn -0.623437 -0.781871 -0.001970
vn -0.665255 -0.746616 0.000000
vn -0.661632 -0.749828 -0.001298
vn 0.000000 0.000000 -1.000000
vn 0.000000 0.000000 -1.000000
vn 0.000000 0.000000 -1.000000
vn 0.000000 0.000000 -1.000000
vn 0.000000 0.000000 -1.000000
vn 0.000000 0.000000 -1.000000
vn 0.000000 0.000000 -1.000000
vn 0.000000 0.000000 -1.000000
vn 0.000000 -0.000000 -1.000000
vn 0.000000 0.000000 -1.000000
vn 0.000000 0.000000 -1.000000
vn 0.000000 0.000000 -1.000000
vn 0.000000 -0.000000 -1.000000
vn 0.000000 0.000000 -1.000000
vn 0.000000 0.000000 -1.000000
vn 0.000000 0.000000 -1.000000
vn 0.000000 -0.000000 -1.000000
vn 0.000000 0.000000 -1.000000
vn 0.000000 0.000000 -1.000000
vn 0.000000 0.000000 -1.000000
vn 0.000000 -0.000000 -1.000000
vn 0.000000 0.000000 -1.000000
vn 0.000000 0.000000 -1.000000
vn 0.000000 0.000000 -1.000000
vn 0.000000 -0.000000 -1.000000
vn 0.000000 0.000000 -1.000000
vn 0.000000 0.000000 -1.000000
vn 0.000000 0.000000 -1.000000
vn 0.000000 -0.000000 -1.000000
vn 0.000000 0.000000 -1.000000
vn 0.000000 0.000000 -1.000000
vn 0.000000 0.000000 -1.000000
vn 0.000000 -0.000000 -1.000000
vn 0.000000 0.000000 -1.000000
vn 0.000000 0.000000 -1.000000
vn 0.000000 0.000000 -1.000000
vn 0.000000 -0.000000 -1.000000
vn 0.000000 0.000000 -1.000000
vn 0.000000 -0.000000 -1.000000
vn 0.000000 0.000000 -1.000000
vn 0.000000 -0.000000 -1.000000
vn 0.000000 0.000000 -1.000000
vn 0.000000 -0.000000 -1.000000
vn 0.000000 0.000000 -1.000000
vn 0.000000 -0.000000 -1.000000
vn 0.000000 0.000000 -1.000000
vn 0.000000 -0.000000 -1.000000
vn 0.000000 -0.000000 -1.000000
vn 0.000000 -0.000000 -1.000000
vn 0.000000 -0.000000 -1.000000
vn -0.000000 0.000000 -1.000000
vn -0.000000 0.000000 -1.000000
vn -0.000000 0.000000 -1.000000
vn -0.000000 0.000000 -1.000000
vn 0.000000 0.000000 -1.000000
vn 0.000000 0.000000 -1.000000
vn 0.000000 0.000000 -1.000000
vn -0.000000 -0.000000 -1.000000
vn 0.000000 0.000000 -1.000000
vn 0.000000 0.000000 -1.000000
vn 0.000000 0.000000 -1.000000
vn 0.000000 -0.000000 -1.000000
vn 0.000000 0.000000 -1.000000
vn 0.000000 -0.000000 -1.000000
vn 0.000000 0.000000 -1.000000
vn 0.000000 0.000000 -1.000000
vn 0.000000 0.000000 -1.000000
vn 0.000000 -0.000000 -1.000000
vn 0.000000 0.000000 -1.000000
vn 0.000000 0.000000 -1.000000
vn 0.000000 0.000000 -1.000000
vn 0.000000 0.000000 -1.000000
vn 0.000000 -0.000000 -1.000000
vn 0.000000 0.000000 -1.000000
vn 0.000000 0.000000 -1.000000
vn 0.000000 0.000000 -1.000000
vn 0.000000 -0.000000 -1.000000
vn 0.000000 0.000000 -1.000000
vn 0.000000 0.000000 -1.000000
vn 0.000000 0.000000 -1.000000
vn 0.000000 -0.000000 -1.000000
vn 0.000000 0.000000 -1.000000
vn 0.000000 0.000000 -1.000000
vn 0.000000 -0.000000 -1.000000
vn 0.000000 0.000000 -1.000000
vn 0.000000 0.000000 -1.000000
vn 0.000000 0.000000 -1.000000
vn 0.000000 0.000000 -1.000000
vn 0.000000 -0.000000 -1.000000
vn 0.000000 0.000000 -1.000000
vn 0.000000 0.000000 -1.000000
vn 0.000000 0.000000 -1.000000
vn 0.000000 -0.000000 -1.000000
vn 0.000000 0.000000 -1.000000
vn 0.000000 0.000000 -1.000000
vn 0.000000 0.000000 -1.000000
vn 0.000000 -0.000000 -1.000000
vn 0.000000 0.000000 -1.000000
vn 0.000000 0.000000 -1.000000
vn 0.000000 0.000000 -1.000000
vn 0.000000 -0.000000 -1.000000
vn 0.000000 0.000000 -1.000000
vn 0.000000 0.000000 -1.000000
vn 0.000000 0.000000 -1.000000
vn 0.000000 -0.000000 -1.000000
vn 0.000000 0.000000 -1.000000
vn 0.000000 0.000000 -1.000000
vn 0.000000 0.000000 -1.000000
vn 0.000000 -0.000000 -1.000000
vn 0.000000 0.000000 -1.000000
vn 0.000000 0.000000 -1.000000
vn -0.000000 -0.000000 -1.000000
vn 0.000000 -0.000000 -1.000000
vn -0.000000 -0.000000 -1.000000
vn 0.000000 0.000000 -1.000000
vn 0.000000 0.000000 -1.000000
vn 0.000000 -0.000000 -1.000000
vn 0.000000 0.000000 -1.000000
vn 0.000000 0.000000 -1.000000
vn -0.000000 0.000000 -1.000000
vn 0.000000 -0.000000 -1.000000
vn -0.000000 0.000000 -1.000000
vn 0.000000 -0.000000 -1.000000
vn -0.000000 0.000000 -1.000000
vn 0.000000 -0.000000 -1.000000
vn 0.000000 0.000000 -1.000000
vn 0.000000 -0.000000 -1.000000
vn 0.000000 0.000000 -1.000000
vn 0.000000 0.000000 -1.000000
vn -0.000000 0.000000 -1.000000
vn 0.000000 -0.000000 -1.000000
vn -0.000000 0.000000 -1.000000
vn -0.000000 -0.000000 -1.000000
vn 0.000000 -0.000000 -1.000000
vn 0.000000 0.000000 -1.000000
vn 0.000000 0.000000 -1.000000
vn 0.000000 0.000000 -1.000000
vn -0.000000 -0.000000 -1.000000
vn -0.000000 -0.000000 -1.000000
vn -0.000000 -0.000000 -1.000000
vn -0.000000 -0.000000 -1.000000
vn -0.000000 0.000000 -1.000000
vn -0.000000 -0.000000 -1.000000
vn 0.000000 -0.000000 -1.000000
vn -0.000000 -0.000000 -1.000000
vn -0.000000 -0.000000 -1.000000
vn -0.000000 -0.000000 -1.000000
vn 0.000000 -0.000000 -1.000000
vn 0.000000 0.000000 -1.000000
vn 0.000000 0.000000 -1.000000
vn 0.000000 0.000000 -1.000000
vn -0.000000 -0.000000 -1.000000
vn -0.000000 -0.000000 -1.000000
vn -0.000000 -0.000000 -1.000000
vn -0.000000 -0.000000 -1.000000
vn 0.000000 -0.000000 -1.000000
vn 0.000000 0.000000 -1.000000
vn 0.000000 0.000000 -1.000000
vn 0.000000 0.000000 -1.000000
vn -0.000000 0.000000 -1.000000
vn -0.000000 -0.000000 -1.000000
vn -0.000000 -0.000000 -1.000000
vn 0.000000 -0.000000 -1.000000
vn 0.000000 0.000000 -1.000000
vn 0.000000 0.000000 -1.000000
vn 0.000000 -0.000000 -1.000000
vn 0.000000 0.000000 -1.000000
vn 0.000000 0.000000 -1.000000
vn 0.000000 -0.000000 -1.000000
vn 0.000000 0.000000 -1.000000
vn 0.000000 0.000000 -1.000000
vn 0.000000 0.000000 -1.000000
vn 0.000000 0.000000 -1.000000
vn 0.000000 -0.000000 -1.000000
vn 0.000000 0.000000 -1.000000
vn 0.000000 0.000000 -1.000000
vn 0.000000 0.000000 -1.000000
vn 0.000000 -0.000000 -1.000000
vn 0.000000 0.000000 -1.000000
vn 0.000000 0.000000 -1.000000
vn 0.000000 -0.000000 -1.000000
vn 0.000000 0.000000 -1.000000
vn 0.000000 0.000000 -1.000000
vn 0.000000 0.000000 -1.000000
vn 0.000000 0.000000 -1.000000
vn 0.000000 -0.000000 -1.000000
vn 0.000000 0.000000 -1.000000
vn 0.000000 0.000000 -1.000000
vn 0.000000 0.000000 -1.000000
vn 0.000000 -0.000000 -1.000000
vn 0.000000 0.000000 -1.000000
vn 0.000000 -0.000000 -1.000000
vn 0.000000 0.000000 -1.000000
vn 0.000000 0.000000 -1.000000
vn 0.000000 0.000000 -1.000000
vn 0.000000 0.000000 -1.000000
vn 0.000000 0.000000 -1.000000
vn 0.000000 -0.000000 -1.000000
vn 0.000000 0.000000 -1.000000
vn 0.000000 0.000000 -1.000000
vn 0.000000 0.000000 -1.000000
vn 0.000000 0.000000 -1.000000
vn 0.000000 -0.000000 -1.000000
vn 0.000000 -0.000000 -1.000000
vn 0.000000 0.000000 -1.000000
vn 0.000000 0.000000 -1.000000
vn 0.000000 0.000000 -1.000000
vn 0.000000 0.000000 -1.000000
vn 0.000000 0.000000 -1.000000
vn 0.000000 -0.000000 -1.000000
vn 0.000000 0.000000 -1.000000
vn 0.000000 0.000000 -1.000000
vn 0.000000 -0.000000 -1.000000
vn 0.000000 -0.000000 -1.000000
vn 0.000000 0.000000 -1.000000
vn -0.000000 0.000000 -1.000000
vn -0.000000 0.000000 -1.000000
vn 0.000000 -0.000000 -1.000000
vn 0.000000 -0.000000 -1.000000
vn 0.000000 0.000000 -1.000000
vn 0.000000 -0.000000 -1.000000
vn 0.000000 -0.000000 -1.000000
vn 0.000000 0.000000 -1.000000
vn 0.000000 0.000000 -1.000000
vn 0.000000 -0.000000 -1.000000
vn 0.000000 -0.000000 -1.000000
vn 0.000000 0.000000 -1.000000
vn 0.000000 0.000000 -1.000000
vn 0.000000 -0.000000 -1.000000
vn 0.000000 -0.000000 -1.000000
vn 0.000000 0.000000 -1.000000
vn 0.000000 0.000000 -1.000000
vn 0.000000 -0.000000 -1.000000
vn 0.000000 0.000000 -1.000000
vn 0.000000 -0.000000 -1.000000
vn 0.000000 0.000000 -1.000000
vn 0.000000 0.000000 -1.000000
vn 0.000000 -0.000000 -1.000000
vn 0.000000 -0.000000 -1.000000
vn -0.000000 0.000000 -1.000000
vn -0.000000 0.000000 -1.000000
vn 0.000000 0.000000 -1.000000
vn 0.000000 -0.000000 -1.000000
vn 0.000000 0.000000 -1.000000
vn 0.000000 0.000000 -1.000000
vn 0.000000 0.000000 -1.000000
vn 0.000000 -0.000000 -1.000000
vn 0.000000 0.000000 -1.000000
vn 0.000000 0.000000 -1.000000
vn 0.000000 0.000000 -1.000000
vn 0.000000 0.000000 -1.000000
vn 0.000000 0.000000 -1.000000
vn 0.000000 -0.000000 -1.000000
vn 0.000000 0.000000 -1.000000
vn 0.000000 -0.000000 -1.000000
vn 0.000000 0.000000 -1.000000
vn 0.000000 0.000000 -1.000000
vn 0.000000 0.000000 -1.000000
vn 0.000000 -0.000000 -1.000000
vn 0.000000 0.000000 -1.000000
vn 0.000000 0.000000 -1.000000
vn 0.000000 0.000000 -1.000000
vn 0.000000 0.000000 -1.000000
vn 0.000000 0.000000 -1.000000
vn 0.000000 -0.000000 -1.000000
vn 0.000000 0.000000 -1.000000
vn 0.000000 -0.000000 -1.000000
vn 0.000000 0.000000 -1.000000
vn 0.000000 0.000000 -1.000000
vn 0.000000 0.000000 -1.000000
vn 0.000000 -0.000000 -1.000000
vn 0.000000 0.000000 -1.000000
vn 0.000000 0.000000 -1.000000
vn 0.000000 0.000000 -1.000000
vn 0.000000 0.000000 -1.000000
vn 0.000000 0.000000 -1.000000
vn 0.000000 -0.000000 -1.000000
vn 0.000000 -0.000000 -1.000000
vn 0.000000 0.000000 -1.000000
vn 0.000000 0.000000 -1.000000
vn 0.000000 0.000000 -1.000000
vn 0.000000 0.000000 -1.000000
vn 0.000000 -0.000000 -1.000000
vn 0.000000 0.000000 -1.000000
vn 0.000000 0.000000 -1.000000
vn 0.000000 0.000000 -1.000000
vn 0.000000 0.000000 -1.000000
vn 0.000000 -0.000000 -1.000000
vn 0.000000 0.000000 -1.000000
vn -0.000000 0.000000 -1.000000
vn -0.000000 -0.000000 -1.000000
vn -0.000000 -0.000000 -1.000000
vn -0.000000 -0.000000 -1.000000
vn -0.000000 -0.000000 -1.000000
vn -0.000000 -0.000000 -1.000000
vn -0.000000 -0.000000 -1.000000
vn 0.000000 -0.000000 -1.000000
vn -0.000000 -0.000000 -1.000000
vn -0.000000 -0.000000 -1.000000
vn 0.000000 0.000000 -1.000000
vn 0.000000 0.000000 -1.000000
vn 0.000000 0.000000 -1.000000
vn 0.000000 -0.000000 -1.000000
vn -0.000000 0.000000 -1.000000
vn -0.000000 -0.000000 -1.000000
vn 0.000000 0.000000 -1.000000
vn 0.000000 0.000000 -1.000000
vn 0.000000 0.000000 -1.000000
vn 0.000000 -0.000000 -1.000000
vn 0.000000 0.000000 -1.000000
vn 0.000000 0.000000 -1.000000
vn 0.000000 0.000000 -1.000000
vn 0.000000 -0.000000 -1.000000
vn 0.000000 0.000000 -1.000000
vn 0.000000 0.000000 -1.000000
vn 0.000000 -0.000000 -1.000000
vn 0.000000 0.000000 -1.000000
vn 0.000000 -0.000000 -1.000000
vn 0.000000 -0.000000 -1.000000
vn 0.000000 -0.000000 -1.000000
vn 0.000000 -0.000000 -1.000000
vn 0.000000 -0.000000 -1.000000
vn -0.000000 -0.000000 -1.000000
vn 0.000000 -0.000000 -1.000000
vn -0.000000 0.000000 -1.000000
vn -0.000000 0.000000 -1.000000
vn -0.000000 0.000000 -1.000000
vn -0.000000 0.000000 -1.000000
vn -0.000000 -0.000000 -1.000000
vn 0.000000 0.000000 -1.000000
vn -0.000000 -0.000000 -1.000000
vn 0.000000 0.000000 -1.000000
vn -0.000000 -0.000000 -1.000000
vn 0.000000 0.000000 -1.000000
vn 0.000000 0.000000 -1.000000
vn 0.000000 0.000000 -1.000000
vn 0.000000 -0.000000 -1.000000
vn 0.000000 0.000000 -1.000000
vn 0.000000 0.000000 -1.000000
vn 0.000000 0.000000 -1.000000
vn 0.000000 -0.000000 -1.000000
vn 0.000000 0.000000 -1.000000
vn 0.000000 -0.000000 -1.000000
vn 0.000000 0.000000 -1.000000
vn 0.000000 0.000000 -1.000000
vn 0.000000 0.000000 -1.000000
vn 0.000000 0.000000 -1.000000
vn 0.000000 -0.000000 -1.000000
vn 0.000000 0.000000 -1.000000
vn 0.000000 0.000000 -1.000000
vn 0.000000 0.000000 -1.000000
vn 0.000000 -0.000000 -1.000000
vn 0.000000 0.000000 -1.000000
vn 0.000000 0.000000 -1.000000
vn 0.000000 0.000000 -1.000000
vn 0.000000 0.000000 -1.000000
vn 0.000000 -0.000000 -1.000000
vn 0.000000 -0.000000 -1.000000
vn 0.000000 0.000000 -1.000000
vn 0.000000 0.000000 -1.000000
vn 0.000000 0.000000 -1.000000
vn 0.000000 0.000000 -1.000000
vn 0.000000 0.000000 -1.000000
vn 0.000000 -0.000000 -1.000000
vn 0.000000 0.000000 -1.000000
vn 0.000000 0.000000 -1.000000
vn 0.000000 0.000000 -1.000000
vn 0.000000 -0.000000 -1.000000
vn 0.000000 0.000000 -1.000000
vn 0.000000 0.000000 -1.000000
vn 0.000000 0.000000 -1.000000
vn 0.000000 -0.000000 -1.000000
vn 0.000000 0.000000 -1.000000
vn 0.000000 0.000000 -1.000000
vn 0.000000 0.000000 -1.000000
vn 0.000000 -0.000000 -1.000000
vn 0.000000 0.000000 -1.000000
vn 0.000000 0.000000 -1.000000
vn 0.000000 0.000000 -1.000000
vn 0.000000 -0.000000 -1.000000
vn 0.000000 0.000000 -1.000000
vn 0.000000 0.000000 -1.000000
vn 0.000000 0.000000 -1.000000
vn 0.000000 0.000000 -1.000000
vn 0.000000 0.000000 -1.000000
vn 0.000000 0.000000 -1.000000
vn 0.000000 0.000000 -1.000000
vn 0.000000 0.000000 -1.000000
vn 0.000000 0.000000 -1.000000
vn 0.000000 0.000000 -1.000000
vn -0.000000 -0.000000 -1.000000
vn -0.000000 -0.000000 -1.000000
vn -0.000000 -0.000000 -1.000000
vn -0.000000 -0.000000 -1.000000
vn 0.000000 0.000000 -1.000000
vn -0.000000 0.000000 -1.000000
vn 0.000000 0.000000 -1.000000
vn -0.000000 -0.000000 -1.000000
vn 0.000000 -0.000000 -1.000000
vn -0.000000 0.000000 -1.000000
vn 0.000000 -0.000000 -1.000000
vn -0.000000 0.000000 -1.000000
vn 0.000000 -0.000000 -1.000000
vn 0.000000 -0.000000 -1.000000
vn -0.000000 0.000000 -1.000000
vn -0.000000 0.000000 -1.000000
vn 0.000000 0.000000 -1.000000
vn 0.000000 -0.000000 -1.000000
vn 0.000000 0.000000 -1.000000
vn 0.000000 -0.000000 -1.000000
vn 0.000000 0.000000 -1.000000
vn 0.000000 -0.000000 -1.000000
vn 0.000000 0.000000 -1.000000
vn 0.000000 0.000000 -1.000000
vn 0.000000 0.000000 -1.000000
vn 0.000000 -0.000000 -1.000000
vn 0.000000 0.000000 -1.000000
vn 0.000000 0.000000 -1.000000
vn 0.000000 0.000000 -1.000000
vn 0.000000 -0.000000 -1.000000
vn 0.000000 0.000000 -1.000000
vn 0.000000 0.000000 -1.000000
vn 0.000000 0.000000 -1.000000
vn 0.000000 -0.000000 -1.000000
vn 0.000000 0.000000 -1.000000
vn 0.000000 0.000000 -1.000000
vn 0.000000 -0.000000 -1.000000
vn 0.000000 0.000000 -1.000000
vn 0.000000 0.000000 -1.000000
vn 0.000000 0.000000 -1.000000
vn 0.000000 -0.000000 -1.000000
vn 0.000000 0.000000 -1.000000
vn 0.000000 0.000000 -1.000000
vn 0.000000 0.000000 -1.000000
vn 0.000000 -0.000000 -1.000000
vn 0.000000 0.000000 -1.000000
vn 0.000000 0.000000 -1.000000
vn 0.000000 0.000000 -1.000000
vn 0.000000 0.000000 -1.000000
vn 0.000000 -0.000000 -1.000000
vn 0.000000 0.000000 -1.000000
vn 0.000000 0.000000 -1.000000
vn 0.000000 -0.000000 -1.000000
vn 0.000000 0.000000 -1.000000
vn 0.000000 0.000000 -1.000000
vn 0.000000 0.000000 -1.000000
vn 0.000000 -0.000000 -1.000000
vn 0.000000 0.000000 -1.000000
vn 0.000000 0.000000 -1.000000
vn 0.000000 0.000000 -1.000000
vn 0.000000 0.000000 -1.000000
vn 0.000000 0.000000 -1.000000
vn 0.163642 0.986520 0.000000
vn 0.208610 0.977999 -0.000497
vn 0.165718 0.986173 0.000547
vn 0.253144 0.967428 -0.000892
vn 0.214784 0.976661 0.000993
vn 0.297146 0.954831 -0.001188
vn 0.263314 0.964709 0.001338
vn 0.340526 0.940234 -0.001382
vn 0.311187 0.950347 0.001583
vn 0.383193 0.923667 -0.001476
vn 0.358280 0.933612 0.001728
vn 0.425057 0.905166 -0.001470
vn 0.404481 0.914545 0.001771
vn 0.466029 0.884768 -0.001363
vn 0.449670 0.893193 0.001714
vn 0.506027 0.862517 -0.001155
vn 0.493737 0.869610 0.001557
vn 0.544965 0.838458 -0.000847
vn 0.536569 0.843856 0.001299
vn 0.583403 0.812182 -0.000627
vn 0.578062 0.815992 0.000940
vn 0.621201 0.783651 -0.000333
vn 0.618110 0.786091 0.000666
vn 0.657604 0.753364 0.000000
vn 0.656615 0.754226 0.000353
vn -0.000000 0.000000 -1.000000
vn -0.000000 0.000000 -1.000000
vn 0.000000 -0.000000 -1.000000
vn 0.000000 0.000000 1.000000
vn 0.000000 0.000000 1.000000
vn 0.000000 0.000000 1.000000
vn 0.000000 0.000000 1.000000
vn 0.000000 0.000000 1.000000
vn 0.000000 0.000000 1.000000
vn 0.000000 0.000000 1.000000
vn 0.000000 0.000000 1.000000
vn 0.000000 0.000000 1.000000
vn 0.000000 0.000000 1.000000
vn 0.000000 0.000000 1.000000
vn 0.000000 0.000000 1.000000
vn 0.000000 0.000000 1.000000
vn 0.000000 0.000000 1.000000
vn 0.000000 0.000000 1.000000
vn 0.000000 0.000000 1.000000
vn 0.000000 0.000000 1.000000
vn 0.000000 0.000000 1.000000
vn 0.000000 0.000000 1.000000
vn 0.000000 0.000000 1.000000
vn 0.000000 0.000000 1.000000
vn 0.000000 0.000000 1.000000
vn 0.000000 0.000000 1.000000
vn 0.000000 0.000000 1.000000
vn 0.000000 0.000000 1.000000
vn 0.000000 0.000000 1.000000
vn 0.000000 0.000000 1.000000
vn 0.000000 0.000000 1.000000
vn 0.000000 0.000000 1.000000
vn 0.000000 0.000000 1.000000
vn 0.000000 0.000000 1.000000
vn 0.000000 0.000000 1.000000
vn 0.000000 0.000000 1.000000
vn 0.000000 0.000000 1.000000
vn 0.000000 0.000000 1.000000
vn 0.000000 0.000000 1.000000
vn 0.000000 0.000000 1.000000
vn 0.000000 0.000000 1.000000
vn 0.000000 0.000000 1.000000
vn 0.000000 0.000000 1.000000
vn 0.000000 0.000000 1.000000
vn 0.000000 0.000000 1.000000
vn 0.000000 0.000000 1.000000
vn 0.000000 0.000000 1.000000
vn 0.000000 0.000000 1.000000
vn 0.000000 0.000000 1.000000
vn 0.000000 0.000000 1.000000
vn 0.000000 0.000000 1.000000
vn 0.000000 0.000000 1.000000
vn 0.000000 0.000000 1.000000
vn 0.000000 0.000000 1.000000
vn 0.000000 0.000000 1.000000
vn 0.000000 0.000000 1.000000
vn 0.000000 0.000000 1.000000
vn 0.000000 0.000000 1.000000
vn 0.000000 0.000000 1.000000
vn 0.000000 -0.000000 1.000000
vn 0.000000 0.000000 1.000000
vn 0.000000 0.000000 -1.000000
vn 0.000000 -0.000000 -1.000000
vn 0.000000 -0.000000 -1.000000
vn -0.657604 0.753364 0.000000
vn -0.621201 0.783651 -0.000333
vn -0.656615 0.754226 0.000353
vn -0.583403 0.812182 -0.000627
vn -0.618110 0.786091 0.000666
vn -0.544965 0.838458 -0.000847
vn -0.578062 0.815992 0.000940
vn -0.506027 0.862517 -0.001155
vn -0.536569 0.843856 0.001299
vn -0.466029 0.884768 -0.001363
vn -0.493737 0.869610 0.001557
vn -0.425057 0.905166 -0.001470
vn -0.449670 0.893193 0.001714
vn -0.383193 0.923667 -0.001476
vn -0.404481 0.914545 0.001771
vn -0.340526 0.940234 -0.001382
vn -0.358280 0.933612 0.001728
vn -0.297146 0.954831 -0.001188
vn -0.311187 0.950347 0.001583
vn -0.253144 0.967428 -0.000892
vn -0.263314 0.964709 0.001338
vn -0.208610 0.977999 -0.000497
vn -0.214784 0.976661 0.000993
vn -0.163642 0.986520 0.000000
vn -0.165718 0.986173 0.000547
vn 0.000000 0.000000 -1.000000
vn 0.000000 0.000000 -1.000000
vn 1.000000 -0.000000 0.000000
vn 1.000000 0.000000 0.000000
vn 0.000000 -1.000000 0.000000
vn 0.000000 -1.000000 0.000000
vn -0.986520 0.163642 0.000000
vn -0.977999 0.208610 -0.000497
vn -0.986173 0.165718 0.000547
vn -0.967428 0.253144 -0.000892
vn -0.976661 0.214784 0.000993
vn -0.954831 0.297146 -0.001188
vn -0.964709 0.263314 0.001338
vn -0.940234 0.340526 -0.001382
vn -0.950347 0.311187 0.001583
vn -0.923667 0.383193 -0.001476
vn -0.933612 0.358280 0.001728
vn -0.905166 0.425057 -0.001470
vn -0.914545 0.404481 0.001771
vn -0.884768 0.466029 -0.001363
vn -0.893193 0.449670 0.001714
vn -0.862517 0.506027 -0.001155
vn -0.869610 0.493737 0.001557
vn -0.838458 0.544965 -0.000847
vn -0.843856 0.536569 0.001299
vn -0.812182 0.583403 -0.000627
vn -0.815992 0.578062 0.000940
vn -0.783651 0.621201 -0.000333
vn -0.786091 0.618110 0.000666
vn -0.753364 0.657604 0.000000
vn -0.754226 0.656615 0.000353
vn -0.707107 -0.707107 0.000000
vn -0.707107 -0.707107 -0.000000
vn -0.707107 -0.707107 0.000000
vn -0.707107 -0.707107 -0.000000
vn 0.746616 0.665255 -0.000000
vn 0.772735 0.634728 0.000985
vn 0.749828 0.661632 -0.001298
vn 0.797607 0.603176 0.001345
vn 0.781871 0.623437 -0.001970
vn 0.823490 0.567327 0.001862
vn 0.811973 0.583692 -0.002017
vn 0.849900 0.526940 0.001801
vn 0.840055 0.542498 -0.001965
vn 0.874332 0.485326 0.001722
vn 0.866050 0.499954 -0.001895
vn 0.896727 0.442581 0.001627
vn 0.889892 0.456168 -0.001808
vn 0.917034 0.398806 0.001515
vn 0.911521 0.411249 -0.001704
vn 0.930886 0.365306 -0.001583
vn 0.935205 0.354103 0.001385
vn 0.947937 0.318456 -0.001445
vn 0.951199 0.308574 0.001239
vn 0.962631 0.270815 -0.001290
vn 0.964978 0.262329 0.001075
vn 0.974933 0.222498 -0.001118
vn 0.976510 0.215469 0.000894
vn 0.984810 0.173632 -0.000929
vn 0.985768 0.168109 0.000697
vn 0.992240 0.124332 -0.000722
vn 0.992730 0.120360 0.000482
vn 0.997204 0.074722 -0.000498
vn 0.997381 0.072329 0.000249
vn 0.999709 0.024127 -0.000000
vn 0.999689 0.024928 -0.000258
vn 0.999709 -0.024127 0.000000
vn 0.997381 -0.072329 0.000249
vn 0.999689 -0.024928 -0.000258
vn 0.997204 -0.074722 -0.000498
vn 0.992730 -0.120360 0.000482
vn 0.985768 -0.168109 0.000697
vn 0.992240 -0.124332 -0.000722
vn 0.976510 -0.215469 0.000894
vn 0.984810 -0.173632 -0.000929
vn 0.964978 -0.262329 0.001075
vn 0.974933 -0.222498 -0.001118
vn 0.951199 -0.308574 0.001239
vn 0.962631 -0.270815 -0.001290
vn 0.935205 -0.354103 0.001385
vn 0.947937 -0.318456 -0.001445
vn 0.917034 -0.398806 0.001515
vn 0.930886 -0.365306 -0.001583
vn 0.896727 -0.442581 0.001627
vn 0.911521 -0.411249 -0.001704
vn 0.874332 -0.485326 0.001722
vn 0.889892 -0.456168 -0.001808
vn 0.849900 -0.526940 0.001801
vn 0.866050 -0.499954 -0.001895
vn 0.823490 -0.567327 0.001862
vn 0.840055 -0.542498 -0.001965
vn 0.797607 -0.603176 0.001345
vn 0.811973 -0.583692 -0.002017
vn 0.772735 -0.634728 0.000985
vn 0.781871 -0.623437 -0.001970
vn 0.746616 -0.665255 0.000000
vn 0.749828 -0.661632 -0.001298
vn -0.707107 0.707107 0.000000
vn -0.707107 0.707107 0.000000
vn -0.707107 0.707107 0.000000
vn -0.707107 0.707107 0.000000
vn -0.753364 -0.657604 -0.000000
vn -0.783651 -0.621201 -0.000333
vn -0.754226 -0.656615 0.000353
vn -0.812182 -0.583403 -0.000627
vn -0.786091 -0.618110 0.000666
vn -0.838458 -0.544965 -0.000847
vn -0.815992 -0.578062 0.000940
vn -0.862517 -0.506027 -0.001155
vn -0.843856 -0.536569 0.001299
vn -0.884768 -0.466029 -0.001363
vn -0.869610 -0.493737 0.001557
vn -0.905166 -0.425057 -0.001470
vn -0.893193 -0.449670 0.001714
vn -0.923667 -0.383193 -0.001476
vn -0.914545 -0.404481 0.001771
vn -0.940234 -0.340526 -0.001382
vn -0.933612 -0.358280 0.001728
vn -0.954831 -0.297146 -0.001188
vn -0.950347 -0.311187 0.001583
vn -0.967428 -0.253144 -0.000892
vn -0.964709 -0.263314 0.001338
vn -0.977999 -0.208610 -0.000497
vn -0.976661 -0.214784 0.000993
vn -0.986520 -0.163642 0.000000
vn -0.986173 -0.165718 0.000547
vn 0.000000 1.000000 0.000000
vn 0.000000 1.000000 -0.000000
vn 1.000000 -0.000000 0.000000
vn 1.000000 -0.000000 0.000000
vn -0.163642 -0.986520 -0.000000
vn -0.208610 -0.977999 -0.000497
vn -0.165718 -0.986173 0.000547
vn -0.253144 -0.967428 -0.000892
vn -0.214784 -0.976661 0.000993
vn -0.297146 -0.954831 -0.001188
vn -0.263314 -0.964709 0.001338
vn -0.340526 -0.940234 -0.001382
vn -0.311187 -0.950347 0.001583
vn -0.383193 -0.923667 -0.001476
vn -0.358280 -0.933612 0.001728
vn -0.425057 -0.905166 -0.001470
vn -0.404481 -0.914545 0.001771
vn -0.466029 -0.884768 -0.001363
vn -0.449670 -0.893193 0.001714
vn -0.506027 -0.862517 -0.001155
vn -0.493737 -0.869610 0.001557
vn -0.544965 -0.838458 -0.000847
vn -0.536569 -0.843856 0.001299
vn -0.583403 -0.812182 -0.000627
vn -0.578062 -0.815992 0.000940
vn -0.621201 -0.783651 -0.000333
vn -0.618110 -0.786091 0.000666
vn -0.657604 -0.753364 0.000000
vn -0.656615 -0.754226 0.000353
vn 0.707107 -0.707107 0.000000
vn 0.707107 -0.707107 0.000000
vn 0.707107 -0.707107 0.000000
vn 0.707107 -0.707107 0.000000
vn -0.665255 0.746616 0.000000
vn -0.634728 0.772735 0.000985
vn -0.661632 0.749828 -0.001298
vn -0.603176 0.797607 0.001345
vn -0.623437 0.781871 -0.001970
vn -0.567327 0.823490 0.001862
vn -0.583692 0.811973 -0.002017
vn -0.526940 0.849900 0.001801
vn -0.542498 0.840055 -0.001965
vn -0.485326 0.874332 0.001722
vn -0.499954 0.866050 -0.001895
vn -0.442581 0.896727 0.001627
vn -0.456168 0.889892 -0.001808
vn -0.398806 0.917034 0.001515
vn -0.411249 0.911521 -0.001704
vn -0.365306 0.930886 -0.001583
vn -0.354103 0.935205 0.001385
vn -0.318456 0.947937 -0.001445
vn -0.308574 0.951199 0.001239
vn -0.270815 0.962631 -0.001290
vn -0.262329 0.964978 0.001075
vn -0.222498 0.974933 -0.001118
vn -0.215469 0.976510 0.000894
vn -0.173632 0.984810 -0.000929
vn -0.168109 0.985768 0.000697
vn -0.124332 0.992240 -0.000722
vn -0.120360 0.992730 0.000482
vn -0.074722 0.997204 -0.000498
vn -0.072329 0.997381 0.000249
vn -0.024127 0.999709 0.000000
vn -0.024928 0.999689 -0.000258
vn 0.024127 0.999709 -0.000000
vn 0.072329 0.997381 0.000249
vn 0.024928 0.999689 -0.000258
vn 0.074722 0.997204 -0.000498
vn 0.120360 0.992730 0.000482
vn 0.168109 0.985768 0.000697
vn 0.124332 0.992240 -0.000722
vn 0.215469 0.976510 0.000894
vn 0.173632 0.984810 -0.000929
vn 0.262329 0.964978 0.001075
vn 0.222498 0.974933 -0.001118
vn 0.308574 0.951199 0.001239
vn 0.270815 0.962631 -0.001290
vn 0.354103 0.935205 0.001385
vn 0.318456 0.947937 -0.001445
vn 0.398806 0.917034 0.001515
vn 0.365306 0.930886 -0.001583
vn 0.442581 0.896727 0.001627
vn 0.411249 0.911521 -0.001704
vn 0.485326 0.874332 0.001722
vn 0.456168 0.889892 -0.001808
vn 0.526940 0.849900 0.001801
vn 0.499954 0.866050 -0.001895
vn 0.567327 0.823490 0.001862
vn 0.542498 0.840055 -0.001965
vn 0.603176 0.797607 0.001345
vn 0.583692 0.811973 -0.002017
vn 0.634728 0.772735 0.000985
vn 0.623437 0.781871 -0.001970
vn 0.665255 0.746616 -0.000000
vn 0.661632 0.749828 -0.001298
vn -0.707107 -0.707107 0.000000
vn -0.707107 -0.707107 -0.000000
vn -0.707107 -0.707107 0.000000
vn -0.707107 -0.707107 -0.000000
vn 0.657604 -0.753364 0.000000
vn 0.621201 -0.783651 -0.000333
vn 0.656615 -0.754226 0.000353
vn 0.583403 -0.812182 -0.000627
vn 0.618110 -0.786091 0.000666
vn 0.544965 -0.838458 -0.000847
vn 0.578062 -0.815992 0.000940
vn 0.506027 -0.862517 -0.001155
vn 0.536569 -0.843856 0.001299
vn 0.466029 -0.884768 -0.001363
vn 0.493737 -0.869610 0.001557
vn 0.425057 -0.905166 -0.001470
vn 0.449670 -0.893193 0.001714
vn 0.383193 -0.923667 -0.001476
vn 0.404481 -0.914545 0.001771
vn 0.340526 -0.940234 -0.001382
vn 0.358280 -0.933612 0.001728
vn 0.297146 -0.954831 -0.001188
vn 0.311187 -0.950347 0.001583
vn 0.253144 -0.967428 -0.000892
vn 0.263314 -0.964709 0.001338
vn 0.208610 -0.977999 -0.000497
vn 0.214784 -0.976661 0.000993
vn 0.163642 -0.986520 0.000000
vn 0.165718 -0.986173 0.000547
vn -1.000000 0.000000 0.000000
vn -1.000000 0.000000 0.000000
vn 0.000000 1.000000 0.000000
vn 0.000000 1.000000 -0.000000
vn 0.986520 -0.163642 0.000000
vn 0.977999 -0.208610 -0.000497
vn 0.986173 -0.165718 0.000547
vn 0.967428 -0.253144 -0.000892
vn 0.976661 -0.214784 0.000993
vn 0.954831 -0.297146 -0.001188
vn 0.964709 -0.263314 0.001338
vn 0.940234 -0.340526 -0.001382
vn 0.950347 -0.311187 0.001583
vn 0.923667 -0.383193 -0.001476
vn 0.933612 -0.358280 0.001728
vn 0.905166 -0.425057 -0.001470
vn 0.914545 -0.404481 0.001771
vn 0.884768 -0.466029 -0.001363
vn 0.893193 -0.449670 0.001714
vn 0.862517 -0.506027 -0.001155
vn 0.869610 -0.493737 0.001557
vn 0.838458 -0.544965 -0.000847
vn 0.843856 -0.536569 0.001299
vn 0.812182 -0.583403 -0.000627
vn 0.815992 -0.578062 0.000940
vn 0.783651 -0.621201 -0.000333
vn 0.786091 -0.618110 0.000666
vn 0.753364 -0.657604 0.000000
vn 0.754226 -0.656615 0.000353
vn 0.707107 0.707107 0.000000
vn 0.707107 0.707107 0.000000
vn 0.707107 0.707107 0.000000
vn 0.707107 0.707107 0.000000
vn -0.746616 -0.665255 0.000000
vn -0.772735 -0.634728 0.000985
vn -0.749828 -0.661632 -0.001298
vn -0.797607 -0.603176 0.001345
vn -0.781871 -0.623437 -0.001970
vn -0.823490 -0.567327 0.001862
vn -0.811973 -0.583692 -0.002017
vn -0.849900 -0.526940 0.001801
vn -0.840055 -0.542498 -0.001965
vn -0.874332 -0.485326 0.001722
vn -0.866050 -0.499954 -0.001895
vn -0.896727 -0.442581 0.001627
vn -0.889892 -0.456168 -0.001808
vn -0.917034 -0.398806 0.001515
vn -0.911521 -0.411249 -0.001704
vn -0.930886 -0.365306 -0.001583
vn -0.935205 -0.354103 0.001385
vn -0.947937 -0.318456 -0.001445
vn -0.951199 -0.308574 0.001239
vn -0.962631 -0.270815 -0.001290
vn -0.964978 -0.262329 0.001075
vn -0.974933 -0.222498 -0.001118
vn -0.976510 -0.215469 0.000894
vn -0.984810 -0.173632 -0.000929
vn -0.985768 -0.168109 0.000697
vn -0.992240 -0.124332 -0.000722
vn -0.992730 -0.120360 0.000482
vn -0.997204 -0.074722 -0.000498
vn -0.997381 -0.072329 0.000249
vn -0.999709 -0.024127 0.000000
vn -0.999689 -0.024928 -0.000258
vn -0.999709 0.024127 -0.000000
vn -0.997381 0.072329 0.000249
vn -0.999689 0.024928 -0.000258
vn -0.997204 0.074722 -0.000498
vn -0.992730 0.120360 0.000482
vn -0.985768 0.168109 0.000697
vn -0.992240 0.124332 -0.000722
vn -0.976510 0.215469 0.000894
vn -0.984810 0.173632 -0.000929
vn -0.964978 0.262329 0.001075
vn -0.974933 0.222498 -0.001118
vn -0.951199 0.308574 0.001239
vn -0.962631 0.270815 -0.001290
vn -0.935205 0.354103 0.001385
vn -0.947937 0.318456 -0.001445
vn -0.917034 0.398806 0.001515
vn -0.930886 0.365306 -0.001583
vn -0.896727 0.442581 0.001627
vn -0.911521 0.411249 -0.001704
vn -0.874332 0.485326 0.001722
vn -0.889892 0.456168 -0.001808
vn -0.849900 0.526940 0.001801
vn -0.866050 0.499954 -0.001895
vn -0.823490 0.567327 0.001862
vn -0.840055 0.542498 -0.001965
vn -0.797607 0.603176 0.001345
vn -0.811973 0.583692 -0.002017
vn -0.772735 0.634728 0.000985
vn -0.781871 0.623437 -0.001970
vn -0.746616 0.665255 0.000000
vn -0.749828 0.661632 -0.001298
vn 0.707107 -0.707107 0.000000
vn 0.707107 -0.707107 0.000000
vn 0.707107 -0.707107 0.000000
vn 0.707107 -0.707107 0.000000
vn 0.753364 0.657604 0.000000
vn 0.783651 0.621201 -0.000333
vn 0.754226 0.656615 0.000353
vn 0.812182 0.583403 -0.000627
vn 0.786091 0.618110 0.000666
vn 0.838458 0.544965 -0.000847
vn 0.815992 0.578062 0.000940
vn 0.862517 0.506027 -0.001155
vn 0.843856 0.536569 0.001299
vn 0.884768 0.466029 -0.001363
vn 0.869610 0.493737 0.001557
vn 0.905166 0.425057 -0.001470
vn 0.893193 0.449670 0.001714
vn 0.923667 0.383193 -0.001476
vn 0.914545 0.404481 0.001771
vn 0.940234 0.340526 -0.001382
vn 0.933612 0.358280 0.001728
vn 0.954831 0.297146 -0.001188
vn 0.950347 0.311187 0.001583
vn 0.967428 0.253144 -0.000892
vn 0.964709 0.263314 0.001338
vn 0.977999 0.208610 -0.000497
vn 0.976661 0.214784 0.000993
vn 0.986520 0.163642 0.000000
vn 0.986173 0.165718 0.000547
vn 0.000000 -1.000000 0.000000
vn 0.000000 -1.000000 0.000000
vn -1.000000 -0.000000 0.000000
vn -1.000000 0.000000 0.000000
vn 0.000000 0.000000 1.000000
vn 0.000000 0.000000 1.000000
vn 0.000000 0.000000 1.000000
vn 0.000000 0.000000 1.000000
vn 0.000000 0.000000 1.000000
vn 0.000000 0.000000 1.000000
vn 0.000000 0.000000 1.000000
vn 0.000000 0.000000 1.000000
vn 0.000000 0.000000 1.000000
vn 0.000000 0.000000 1.000000
vn 0.000000 0.000000 1.000000
vn 0.000000 0.000000 1.000000
vn 0.000000 0.000000 1.000000
vn 0.000000 0.000000 1.000000
vn 0.000000 0.000000 1.000000
vn 0.000000 0.000000 1.000000
vn 0.000000 0.000000 1.000000
vn 0.000000 0.000000 1.000000
vn 0.000000 0.000000 1.000000
vn 0.000000 0.000000 1.000000
vn 0.000000 0.000000 1.000000
vn 0.000000 0.000000 1.000000
vn 0.000000 0.000000 1.000000
vn 0.000000 0.000000 1.000000
vn 0.000000 0.000000 1.000000
vn 0.000000 0.000000 1.000000
vn 0.000000 0.000000 1.000000
vn 0.000000 0.000000 1.000000
vn 0.000000 0.000000 1.000000
vn 0.000000 0.000000 1.000000
vn 0.000000 0.000000 1.000000
vn 0.000000 0.000000 1.000000
vn 0.000000 0.000000 1.000000
vn 0.000000 0.000000 1.000000
vn 0.000000 0.000000 1.000000
vn 0.000000 0.000000 1.000000
vn 0.000000 0.000000 1.000000
vn 0.000000 0.000000 1.000000
vn 0.000000 0.000000 1.000000
vn 0.000000 0.000000 1.000000
vn 0.000000 0.000000 1.000000
vn 0.000000 0.000000 1.000000
vn 0.000000 0.000000 1.000000
vn 0.000000 0.000000 1.000000
vn 0.000000 0.000000 1.000000
vn 0.000000 0.000000 1.000000
vn 0.000000 0.000000 1.000000
vn 0.000000 0.000000 1.000000
vn 0.000000 0.000000 1.000000
vn 0.000000 0.000000 1.000000
vn 0.000000 0.000000 1.000000
vn 0.000000 0.000000 1.000000
vn 0.000000 0.000000 1.000000
vn 0.000000 0.000000 1.000000
vn 0.000000 0.000000 1.000000
vn 0.000000 0.000000 1.000000
vn 0.000000 0.000000 1.000000
vn 0.000000 0.000000 1.000000
vn 0.000000 0.000000 -1.000000
vn 0.000000 0.000000 -1.000000
vn 0.130252 -0.991481 0.000000
vn 0.130252 -0.991481 0.000000
vn -0.783652 0.621201 0.000000
vn -0.783652 0.621201 0.000000
vn -0.783652 0.621201 0.000000
vn 0.000000 -0.000000 -1.000000
vn 0.000000 -0.000000 -1.000000
vn 0.000000 0.000000 -1.000000
vn 0.000000 0.000000 -1.000000
vn 0.000000 0.000000 -1.000000
vn 0.000000 0.000000 -1.000000
vn 0.130252 0.991481 -0.000000
vn 0.130252 0.991481 -0.000000
vn -0.783652 -0.621201 0.000000
vn -0.783652 -0.621201 0.000000
vn -0.783652 -0.621201 -0.000000
vn 0.000000 0.000000 -1.000000
vn 0.000000 0.000000 -1.000000
vn 0.000000 0.000000 1.000000
vn 0.000000 0.000000 1.000000
vn 0.000000 0.000000 1.000000
vn 0.000000 0.000000 1.000000
vn 0.000000 0.000000 1.000000
vn 0.000000 0.000000 1.000000
vn 0.000000 0.000000 1.000000
vn 0.000000 0.000000 1.000000
vn 0.000000 0.000000 1.000000
vn 0.000000 0.000000 1.000000
vn 0.000000 0.000000 1.000000
vn 0.000000 0.000000 1.000000
vn 0.000000 0.000000 1.000000
vn 0.000000 0.000000 1.000000
vn 0.000000 0.000000 1.000000
vn 0.000000 0.000000 1.000000
vn 0.000000 0.000000 1.000000
vn 0.000000 0.000000 1.000000
vn 0.000000 0.000000 1.000000
vn 0.000000 0.000000 1.000000
vn 0.000000 0.000000 1.000000
vn 0.000000 0.000000 1.000000
vn 0.000000 0.000000 1.000000
vn 0.000000 0.000000 1.000000
vn 0.000000 0.000000 1.000000
vn 0.000000 0.000000 1.000000
vn 0.000000 0.000000 1.000000
vn 0.000000 0.000000 1.000000
vn 0.000000 0.000000 1.000000
vn 0.000000 0.000000 1.000000
vn 0.000000 0.000000 1.000000
vn 0.000000 0.000000 1.000000
vn 0.000000 0.000000 1.000000
vn 0.000000 0.000000 1.000000
vn 0.000000 0.000000 1.000000
vn 0.000000 0.000000 1.000000
vn 0.000000 0.000000 1.000000
vn 0.000000 0.000000 1.000000
vn 0.000000 0.000000 1.000000
vn 0.000000 0.000000 1.000000
vn 0.000000 0.000000 1.000000
vn 0.000000 0.000000 1.000000
vn 0.000000 0.000000 1.000000
vn 0.000000 0.000000 1.000000
vn 0.000000 0.000000 1.000000
vn 0.000000 0.000000 1.000000
vn 0.000000 0.000000 1.000000
vn 0.000000 0.000000 1.000000
vn 0.000000 0.000000 1.000000
vn 0.000000 0.000000 1.000000
vn 0.000000 0.000000 1.000000
vn 0.000000 0.000000 1.000000
vn 0.000000 0.000000 1.000000
vn 0.000000 0.000000 1.000000
vn 0.000000 0.000000 1.000000
vn 0.000000 0.000000 1.000000
vn 0.000000 0.000000 1.000000
vn 0.000000 -0.000000 1.000000
vn 0.000000 0.000000 -1.000000
vn 0.000000 0.000000 -1.000000
vn 0.991481 0.130252 0.000000
vn 0.991481 0.130252 -0.000000
vn -0.621201 -0.783652 0.000000
vn -0.621201 -0.783652 0.000000
vn -0.621201 -0.783652 0.000000
vn 0.000000 0.000000 -1.000000
vn 0.000000 0.000000 -1.000000
vn 0.000000 0.000000 -1.000000
vn 0.000000 0.000000 -1.000000
vn 0.000000 0.000000 -1.000000
vn 0.000000 0.000000 -1.000000
vn -0.991481 0.130252 0.000000
vn -0.991481 0.130252 0.000000
vn 0.621201 -0.783652 0.000000
vn 0.621201 -0.783652 0.000000
vn 0.621201 -0.783652 0.000000
vn 0.000000 0.000000 -1.000000
vn 0.000000 0.000000 -1.000000
vn 0.000000 0.000000 1.000000
vn 0.000000 0.000000 1.000000
vn 0.000000 0.000000 1.000000
vn 0.000000 0.000000 1.000000
vn 0.000000 0.000000 1.000000
vn 0.000000 0.000000 1.000000
vn 0.000000 0.000000 1.000000
vn 0.000000 0.000000 1.000000
vn 0.000000 0.000000 1.000000
vn 0.000000 0.000000 1.000000
vn 0.000000 0.000000 1.000000
vn 0.000000 0.000000 1.000000
vn 0.000000 0.000000 1.000000
vn 0.000000 0.000000 1.000000
vn 0.000000 0.000000 1.000000
vn 0.000000 0.000000 1.000000
vn 0.000000 0.000000 1.000000
vn 0.000000 0.000000 1.000000
vn 0.000000 0.000000 1.000000
vn 0.000000 0.000000 1.000000
vn 0.000000 0.000000 1.000000
vn 0.000000 0.000000 1.000000
vn 0.000000 0.000000 1.000000
vn 0.000000 0.000000 1.000000
vn 0.000000 0.000000 1.000000
vn 0.000000 0.000000 1.000000
vn 0.000000 0.000000 1.000000
vn 0.000000 0.000000 1.000000
vn 0.000000 0.000000 1.000000
vn 0.000000 0.000000 1.000000
vn 0.000000 0.000000 1.000000
vn 0.000000 0.000000 1.000000
vn 0.000000 0.000000 1.000000
vn 0.000000 0.000000 1.000000
vn 0.000000 0.000000 1.000000
vn 0.000000 0.000000 1.000000
vn 0.000000 0.000000 1.000000
vn 0.000000 0.000000 1.000000
vn 0.000000 0.000000 1.000000
vn 0.000000 0.000000 1.000000
vn 0.000000 0.000000 1.000000
vn 0.000000 0.000000 1.000000
vn 0.000000 0.000000 1.000000
vn 0.000000 0.000000 1.000000
vn 0.000000 0.000000 1.000000
vn 0.000000 0.000000 1.000000
vn 0.000000 0.000000 1.000000
vn 0.000000 0.000000 1.000000
vn 0.000000 0.000000 1.000000
vn 0.000000 0.000000 1.000000
vn 0.000000 0.000000 1.000000
vn 0.000000 0.000000 1.000000
vn 0.000000 0.000000 1.000000
vn 0.000000 0.000000 1.000000
vn 0.000000 0.000000 1.000000
vn 0.000000 0.000000 1.000000
vn 0.000000 0.000000 1.000000
vn 0.000000 0.000000 1.000000
vn 0.000000 0.000000 -1.000000
vn 0.000000 0.000000 -1.000000
vn -0.130252 0.991481 0.000000
vn -0.130252 0.991481 0.000000
vn 0.783652 -0.621201 0.000000
vn 0.783652 -0.621201 0.000000
vn 0.783652 -0.621201 0.000000
vn 0.000000 0.000000 -1.000000
vn -0.000000 0.000000 -1.000000
vn -0.000000 0.000000 -1.000000
vn 0.000000 0.000000 -1.000000
vn 0.000000 0.000000 -1.000000
vn -0.000000 0.000000 -1.000000
vn -0.130252 -0.991481 0.000000
vn -0.130252 -0.991481 0.000000
vn 0.783652 0.621201 -0.000000
vn 0.783652 0.621201 0.000000
vn 0.783652 0.621201 0.000000
vn 0.000000 0.000000 -1.000000
vn 0.000000 0.000000 -1.000000
vn 0.707107 0.707107 -0.000000
vn 0.707107 0.707107 0.000000
vn 0.707107 0.707107 0.000000
vn 0.707107 0.707107 0.000000
vn 0.707107 0.707107 0.000000
vn 0.707107 -0.707107 0.000000
vn 0.707107 -0.707107 0.000000
vn 0.707107 -0.707107 0.000000
vn 0.707107 -0.707107 0.000000
vn 0.707107 -0.707107 0.000000
vn -0.839591 0.543219 0.000000
vn -0.839591 0.543219 0.000000
vn -0.865660 0.500633 0.000000
vn -0.865660 0.500633 0.000000
vn -0.889570 0.456798 0.000000
vn -0.889570 0.456798 0.000000
vn -0.911263 0.411826 0.000000
vn -0.911263 0.411826 0.000000
vn -0.930683 0.365828 0.000000
vn -0.930683 0.365828 0.000000
vn -0.947783 0.318915 0.000000
vn -0.947783 0.318915 0.000000
vn -0.962521 0.271208 0.000000
vn -0.962521 0.271208 0.000000
vn -0.974858 0.222826 0.000000
vn -0.974858 0.222826 0.000000
vn -0.984765 0.173888 0.000000
vn -0.984765 0.173888 0.000000
vn -0.992218 0.124516 0.000000
vn -0.992218 0.124516 0.000000
vn -0.997196 0.074835 0.000000
vn -0.997196 0.074835 0.000000
vn -0.999688 0.024966 0.000000
vn -0.999688 0.024966 0.000000
vn -0.999688 -0.024966 -0.000000
vn -0.999688 -0.024966 0.000000
vn -0.997196 -0.074835 -0.000000
vn -0.997196 -0.074835 0.000000
vn -0.992218 -0.124516 0.000000
vn -0.992218 -0.124516 -0.000000
vn -0.984765 -0.173888 0.000000
vn -0.984765 -0.173888 -0.000000
vn -0.974858 -0.222826 0.000000
vn -0.974858 -0.222826 -0.000000
vn -0.962521 -0.271208 0.000000
vn -0.962521 -0.271208 -0.000000
vn -0.947783 -0.318915 -0.000000
vn -0.947783 -0.318915 0.000000
vn -0.930683 -0.365828 0.000000
vn -0.930683 -0.365828 -0.000000
vn -0.911263 -0.411826 0.000000
vn -0.911263 -0.411826 -0.000000
vn -0.889570 -0.456798 0.000000
vn -0.889570 -0.456798 -0.000000
vn -0.865660 -0.500633 0.000000
vn -0.865660 -0.500633 -0.000000
vn -0.839591 -0.543219 0.000000
vn -0.839591 -0.543219 -0.000000
vn 0.707107 0.707107 -0.000000
vn 0.707107 0.707107 0.000000
vn 0.707107 0.707107 0.000000
vn 0.707107 0.707107 -0.000000
vn 0.707107 0.707107 -0.000000
vn -0.707107 0.707107 0.000000
vn -0.707107 0.707107 0.000000
vn -0.707107 0.707107 0.000000
vn -0.707107 0.707107 0.000000
vn -0.707107 0.707107 0.000000
vn -0.543219 -0.839591 -0.000000
vn -0.543219 -0.839591 0.000000
vn -0.500633 -0.865660 0.000000
vn -0.500633 -0.865660 -0.000000
vn -0.456798 -0.889570 0.000000
vn -0.456798 -0.889570 -0.000000
vn -0.411826 -0.911263 0.000000
vn -0.411826 -0.911263 -0.000000
vn -0.365828 -0.930683 0.000000
vn -0.365828 -0.930683 -0.000000
vn -0.318915 -0.947783 0.000000
vn -0.318915 -0.947783 -0.000000
vn -0.271208 -0.962521 0.000000
vn -0.271208 -0.962521 -0.000000
vn -0.222826 -0.974858 0.000000
vn -0.222826 -0.974858 -0.000000
vn -0.173888 -0.984765 0.000000
vn -0.173888 -0.984765 -0.000000
vn -0.124516 -0.992218 0.000000
vn -0.124516 -0.992218 -0.000000
vn -0.074835 -0.997196 0.000000
vn -0.074835 -0.997196 -0.000000
vn -0.024966 -0.999688 -0.000000
vn -0.024966 -0.999688 0.000000
vn 0.024966 -0.999688 -0.000000
vn 0.024966 -0.999688 0.000000
vn 0.074835 -0.997196 0.000000
vn 0.074835 -0.997196 0.000000
vn 0.124516 -0.992218 0.000000
vn 0.124516 -0.992218 0.000000
vn 0.173888 -0.984765 0.000000
vn 0.173888 -0.984765 0.000000
vn 0.222826 -0.974858 0.000000
vn 0.222826 -0.974858 0.000000
vn 0.271208 -0.962521 0.000000
vn 0.271208 -0.962521 0.000000
vn 0.318915 -0.947783 0.000000
vn 0.318915 -0.947783 0.000000
vn 0.365828 -0.930683 0.000000
vn 0.365828 -0.930683 0.000000
vn 0.411826 -0.911263 0.000000
vn 0.411826 -0.911263 0.000000
vn 0.456798 -0.889570 0.000000
vn 0.456798 -0.889570 0.000000
vn 0.500633 -0.865660 0.000000
vn 0.500633 -0.865660 0.000000
vn 0.543219 -0.839591 0.000000
vn 0.543219 -0.839591 0.000000
vn -0.707107 0.707107 0.000000
vn -0.707107 0.707107 0.000000
vn -0.707107 0.707107 0.000000
vn -0.707107 0.707107 0.000000
vn -0.707107 0.707107 0.000000
vn -0.707107 -0.707107 0.000000
vn -0.707107 -0.707107 0.000000
vn -0.707107 -0.707107 0.000000
vn -0.707107 -0.707107 0.000000
vn -0.707107 -0.707107 -0.000000
vn 0.839591 -0.543219 0.000000
vn 0.839591 -0.543219 0.000000
vn 0.865660 -0.500633 0.000000
vn 0.865660 -0.500633 0.000000
vn 0.889570 -0.456798 0.000000
vn 0.889570 -0.456798 0.000000
vn 0.911263 -0.411826 0.000000
vn 0.911263 -0.411826 0.000000
vn 0.930683 -0.365828 0.000000
vn 0.930683 -0.365828 0.000000
vn 0.947783 -0.318915 0.000000
vn 0.947783 -0.318915 0.000000
vn 0.962521 -0.271208 0.000000
vn 0.962521 -0.271208 0.000000
vn 0.974858 -0.222826 0.000000
vn 0.974858 -0.222826 0.000000
vn 0.984765 -0.173888 0.000000
vn 0.984765 -0.173888 0.000000
vn 0.992218 -0.124516 0.000000
vn 0.992218 -0.124516 0.000000
vn 0.997196 -0.074835 0.000000
vn 0.997196 -0.074835 0.000000
vn 0.999688 -0.024966 0.000000
vn 0.999688 -0.024966 0.000000
vn 0.999688 0.024966 -0.000000
vn 0.999688 0.024966 0.000000
vn 0.997196 0.074835 0.000000
vn 0.997196 0.074835 0.000000
vn 0.992218 0.124516 0.000000
vn 0.992218 0.124516 0.000000
vn 0.984765 0.173888 0.000000
vn 0.984765 0.173888 0.000000
vn 0.974858 0.222826 0.000000
vn 0.974858 0.222826 0.000000
vn 0.962521 0.271208 0.000000
vn 0.962521 0.271208 0.000000
vn 0.947783 0.318915 0.000000
vn 0.947783 0.318915 0.000000
vn 0.930683 0.365828 0.000000
vn 0.930683 0.365828 0.000000
vn 0.911263 0.411826 0.000000
vn 0.911263 0.411826 0.000000
vn 0.889570 0.456798 0.000000
vn 0.889570 0.456798 0.000000
vn 0.865660 0.500633 0.000000
vn 0.865660 0.500633 0.000000
vn 0.839591 0.543219 0.000000
vn 0.839591 0.543219 0.000000
vn 0.821167 -0.570688 0.000000
vn 0.847916 -0.530131 0.000000
vn 0.821167 -0.570688 0.000000
vn 0.872662 -0.488324 0.000000
vn 0.847916 -0.530131 0.000000
vn 0.895350 -0.445364 0.000000
vn 0.872662 -0.488324 0.000000
vn 0.915924 -0.401353 0.000000
vn 0.895350 -0.445364 0.000000
vn 0.934335 -0.356396 0.000000
vn 0.915924 -0.401353 0.000000
vn 0.950543 -0.310593 0.000000
vn 0.934335 -0.356396 0.000000
vn 0.964505 -0.264063 0.000000
vn 0.950543 -0.310593 0.000000
vn 0.976193 -0.216906 0.000000
vn 0.964505 -0.264063 0.000000
vn 0.985576 -0.169236 0.000000
vn 0.976193 -0.216906 0.000000
vn 0.992632 -0.121172 0.000000
vn 0.985576 -0.169236 0.000000
vn 0.992632 -0.121172 0.000000
vn 0.997345 -0.072817 0.000000
vn 0.997345 -0.072817 0.000000
vn 0.999705 -0.024290 0.000000
vn 0.999705 -0.024290 0.000000
vn 0.999705 0.024290 0.000000
vn 0.997345 0.072817 0.000000
vn 0.999705 0.024290 0.000000
vn 0.992632 0.121172 0.000000
vn 0.997345 0.072817 0.000000
vn 0.985576 0.169236 0.000000
vn 0.992632 0.121172 0.000000
vn 0.976193 0.216906 0.000000
vn 0.985576 0.169236 0.000000
vn 0.964505 0.264063 0.000000
vn 0.976193 0.216906 0.000000
vn 0.950543 0.310593 0.000000
vn 0.964505 0.264063 0.000000
vn 0.934335 0.356396 0.000000
vn 0.950543 0.310593 0.000000
vn 0.915924 0.401353 0.000000
vn 0.934335 0.356396 0.000000
vn 0.895350 0.445364 0.000000
vn 0.915924 0.401353 0.000000
vn 0.872662 0.488324 0.000000
vn 0.895350 0.445364 0.000000
vn 0.847916 0.530131 0.000000
vn 0.872662 0.488324 0.000000
vn 0.821167 0.570688 0.000000
vn 0.847916 0.530131 0.000000
vn 0.821167 0.570688 0.000000
vn 0.000000 0.000000 -1.000000
vn 0.000000 -0.000000 -1.000000
vn 0.000000 -0.000000 -1.000000
vn 0.000000 0.000000 -1.000000
vn 0.000000 -0.000000 -1.000000
vn 0.000000 0.000000 -1.000000
vn 0.000000 -0.000000 -1.000000
vn 0.000000 0.000000 -1.000000
vn 0.000000 -0.000000 -1.000000
vn 0.000000 0.000000 -1.000000
vn 0.000000 -0.000000 -1.000000
vn 0.000000 0.000000 -1.000000
vn 0.000000 0.000000 -1.000000
vn 0.000000 -0.000000 -1.000000
vn 0.000000 -0.000000 -1.000000
vn 0.000000 0.000000 -1.000000
vn 0.000000 -0.000000 -1.000000
vn 0.000000 0.000000 -1.000000
vn 0.000000 -0.000000 -1.000000
vn 0.000000 0.000000 -1.000000
vn 0.000000 0.000000 -1.000000
vn 0.000000 -0.000000 -1.000000
vn 0.000000 -0.000000 -1.000000
vn 0.000000 0.000000 -1.000000
vn 0.000000 0.000000 -1.000000
vn 0.000000 -0.000000 -1.000000
vn 0.000000 -0.000000 -1.000000
vn 0.000000 0.000000 -1.000000
vn 0.000000 0.000000 -1.000000
vn 0.000000 -0.000000 -1.000000
vn 0.000000 -0.000000 -1.000000
vn 0.000000 0.000000 -1.000000
vn 0.000000 -0.000000 -1.000000
vn 0.000000 0.000000 -1.000000
vn 0.000000 -0.000000 -1.000000
vn 0.000000 0.000000 -1.000000
vn 0.000000 0.000000 -1.000000
vn 0.000000 -0.000000 -1.000000
vn 0.000000 0.000000 -1.000000
vn 0.000000 0.000000 -1.000000
vn 0.000000 0.000000 -1.000000
vn 0.000000 0.000000 -1.000000
vn 0.000000 -0.000000 -1.000000
vn 0.000000 0.000000 -1.000000
vn 0.000000 0.000000 -1.000000
vn 0.000000 0.000000 -1.000000
vn 0.000000 -0.000000 -1.000000
vn 0.000000 0.000000 -1.000000
vn 0.000000 0.000000 -1.000000
vn 0.000000 -0.000000 -1.000000
vn 0.000000 0.000000 -1.000000
vn 0.000000 0.000000 -1.000000
vn 0.000000 0.000000 -1.000000
vn 0.000000 0.000000 -1.000000
vn 0.000000 0.000000 -1.000000
vn 0.000000 0.000000 -1.000000
vn 0.000000 0.000000 -1.000000
vn 0.000000 0.000000 -1.000000
vn 0.000000 0.000000 -1.000000
vn 0.000000 0.000000 -1.000000
vn 0.000000 0.000000 -1.000000
vn 0.000000 0.000000 -1.000000
vn 0.000000 0.000000 -1.000000
vn 0.000000 0.000000 -1.000000
vn 0.000000 0.000000 -1.000000
vn 0.000000 0.000000 -1.000000
vn 0.000000 0.000000 -1.000000
vn 0.000000 0.000000 -1.000000
vn 0.000000 0.000000 -1.000000
vn 0.000000 0.000000 -1.000000
vn 0.000000 0.000000 -1.000000
vn 0.000000 0.000000 -1.000000
vn 0.000000 0.000000 -1.000000
vn 0.000000 0.000000 -1.000000
vn 0.000000 0.000000 -1.000000
vn 0.000000 0.000000 -1.000000
vn 0.000000 0.000000 -1.000000
vn 0.000000 0.000000 -1.000000
vn 0.000000 0.000000 -1.000000
vn 0.000000 0.000000 -1.000000
vn 0.000000 0.000000 -1.000000
vn 0.000000 0.000000 -1.000000
vn 0.000000 0.000000 -1.000000
vn 0.000000 0.000000 -1.000000
vn 0.000000 0.000000 -1.000000
vn 0.000000 0.000000 -1.000000
vn 0.000000 0.000000 -1.000000
vn 0.000000 0.000000 -1.000000
vn 0.000000 0.000000 -1.000000
vn 0.000000 0.000000 -1.000000
vn 0.000000 0.000000 -1.000000
vn 0.000000 0.000000 -1.000000
vn 0.000000 0.000000 -1.000000
vn 0.000000 0.000000 -1.000000
vn 0.000000 0.000000 -1.000000
vn 0.000000 0.000000 -1.000000
vn 0.000000 0.000000 -1.000000
vn 0.000000 0.000000 -1.000000
vn 0.000000 0.000000 -1.000000
vn 0.000000 0.000000 -1.000000
vn 0.570688 0.821167 0.000000
vn 0.530131 0.847916 0.000000
vn 0.570688 0.821167 0.000000
vn 0.488324 0.872662 0.000000
vn 0.530131 0.847916 0.000000
vn 0.445364 0.895350 0.000000
vn 0.488324 0.872662 0.000000
vn 0.401353 0.915924 0.000000
vn 0.445364 0.895350 0.000000
vn 0.356396 0.934335 0.000000
vn 0.401353 0.915924 0.000000
vn 0.310593 0.950543 0.000000
vn 0.356396 0.934335 0.000000
vn 0.264063 0.964505 0.000000
vn 0.310593 0.950543 0.000000
vn 0.216906 0.976193 0.000000
vn 0.264063 0.964505 0.000000
vn 0.169236 0.985576 0.000000
vn 0.216906 0.976193 0.000000
vn 0.121172 0.992632 0.000000
vn 0.169236 0.985576 0.000000
vn 0.121172 0.992632 0.000000
vn 0.072817 0.997345 0.000000
vn 0.072817 0.997345 0.000000
vn 0.024290 0.999705 0.000000
vn 0.024290 0.999705 0.000000
vn -0.024290 0.999705 0.000000
vn -0.072817 0.997345 0.000000
vn -0.024290 0.999705 0.000000
vn -0.121172 0.992632 0.000000
vn -0.072817 0.997345 0.000000
vn -0.169236 0.985576 0.000000
vn -0.121172 0.992632 0.000000
vn -0.216906 0.976193 0.000000
vn -0.169236 0.985576 0.000000
vn -0.264063 0.964505 0.000000
vn -0.216906 0.976193 0.000000
vn -0.310593 0.950543 0.000000
vn -0.264063 0.964505 0.000000
vn -0.356396 0.934335 0.000000
vn -0.310593 0.950543 0.000000
vn -0.401353 0.915924 0.000000
vn -0.356396 0.934335 0.000000
vn -0.445364 0.895350 0.000000
vn -0.401353 0.915924 0.000000
vn -0.488324 0.872662 0.000000
vn -0.445364 0.895350 0.000000
vn -0.530131 0.847916 0.000000
vn -0.488324 0.872662 0.000000
vn -0.570688 0.821167 0.000000
vn -0.530131 0.847916 0.000000
vn -0.570688 0.821167 0.000000
vn 0.000000 0.000000 -1.000000
vn 0.000000 0.000000 -1.000000
vn 0.000000 0.000000 -1.000000
vn 0.000000 0.000000 -1.000000
vn 0.000000 0.000000 -1.000000
vn 0.000000 0.000000 -1.000000
vn 0.000000 0.000000 -1.000000
vn 0.000000 0.000000 -1.000000
vn 0.000000 0.000000 -1.000000
vn 0.000000 0.000000 -1.000000
vn 0.000000 0.000000 -1.000000
vn 0.000000 0.000000 -1.000000
vn 0.000000 0.000000 -1.000000
vn 0.000000 0.000000 -1.000000
vn 0.000000 0.000000 -1.000000
vn -0.000000 0.000000 -1.000000
vn 0.000000 0.000000 -1.000000
vn 0.000000 0.000000 -1.000000
vn 0.000000 0.000000 -1.000000
vn -0.000000 0.000000 -1.000000
vn 0.000000 0.000000 -1.000000
vn 0.000000 0.000000 -1.000000
vn 0.000000 0.000000 -1.000000
vn -0.000000 0.000000 -1.000000
vn 0.000000 0.000000 -1.000000
vn 0.000000 0.000000 -1.000000
vn 0.000000 0.000000 -1.000000
vn -0.000000 0.000000 -1.000000
vn 0.000000 0.000000 -1.000000
vn 0.000000 0.000000 -1.000000
vn 0.000000 0.000000 -1.000000
vn -0.000000 0.000000 -1.000000
vn 0.000000 0.000000 -1.000000
vn 0.000000 0.000000 -1.000000
vn 0.000000 0.000000 -1.000000
vn -0.000000 0.000000 -1.000000
vn 0.000000 0.000000 -1.000000
vn 0.000000 0.000000 -1.000000
vn -0.000000 0.000000 -1.000000
vn -0.000000 0.000000 -1.000000
vn -0.000000 0.000000 -1.000000
vn -0.000000 0.000000 -1.000000
vn 0.000000 0.000000 -1.000000
vn -0.000000 0.000000 -1.000000
vn 0.000000 0.000000 -1.000000
vn -0.000000 0.000000 -1.000000
vn 0.000000 0.000000 -1.000000
vn -0.000000 0.000000 -1.000000
vn 0.000000 0.000000 -1.000000
vn 0.000000 0.000000 -1.000000
vn -0.821167 0.570688 0.000000
vn -0.847916 0.530131 0.000000
vn -0.821167 0.570688 0.000000
vn -0.872662 0.488324 0.000000
vn -0.847916 0.530131 0.000000
vn -0.895350 0.445364 0.000000
vn -0.872662 0.488324 0.000000
vn -0.915924 0.401353 0.000000
vn -0.895350 0.445364 0.000000
vn -0.934335 0.356396 0.000000
vn -0.915924 0.401353 0.000000
vn -0.950543 0.310593 0.000000
vn -0.934335 0.356396 0.000000
vn -0.964505 0.264063 0.000000
vn -0.950543 0.310593 0.000000
vn -0.976193 0.216906 0.000000
vn -0.964505 0.264063 0.000000
vn -0.985576 0.169236 0.000000
vn -0.976193 0.216906 0.000000
vn -0.992632 0.121172 0.000000
vn -0.985576 0.169236 0.000000
vn -0.992632 0.121172 0.000000
vn -0.997345 0.072817 0.000000
vn -0.997345 0.072817 0.000000
vn -0.999705 0.024290 0.000000
vn -0.999705 0.024290 0.000000
vn -0.999705 -0.024290 0.000000
vn -0.997345 -0.072817 -0.000000
vn -0.999705 -0.024290 0.000000
vn -0.992632 -0.121172 -0.000000
vn -0.997345 -0.072817 0.000000
vn -0.985576 -0.169236 -0.000000
vn -0.992632 -0.121172 0.000000
vn -0.976193 -0.216906 -0.000000
vn -0.985576 -0.169236 0.000000
vn -0.964505 -0.264063 -0.000000
vn -0.976193 -0.216906 0.000000
vn -0.950543 -0.310593 -0.000000
vn -0.964505 -0.264063 0.000000
vn -0.934335 -0.356396 -0.000000
vn -0.950543 -0.310593 0.000000
vn -0.915924 -0.401353 -0.000000
vn -0.934335 -0.356396 0.000000
vn -0.895350 -0.445364 -0.000000
vn -0.915924 -0.401353 0.000000
vn -0.872662 -0.488324 -0.000000
vn -0.895350 -0.445364 0.000000
vn -0.847916 -0.530131 -0.000000
vn -0.872662 -0.488324 0.000000
vn -0.821167 -0.570688 -0.000000
vn -0.847916 -0.530131 0.000000
vn -0.821167 -0.570688 0.000000
vn 0.000000 0.000000 1.000000
vn 0.000000 0.000000 1.000000
vn -0.000000 0.000000 1.000000
vn 0.000000 0.000000 1.000000
vn 0.000000 0.000000 1.000000
vn -0.000000 0.000000 1.000000
vn 0.000000 0.000000 1.000000
vn -0.000000 0.000000 1.000000
vn 0.000000 0.000000 1.000000
vn -0.000000 0.000000 1.000000
vn 0.000000 0.000000 1.000000
vn -0.000000 0.000000 1.000000
vn 0.000000 0.000000 1.000000
vn -0.000000 0.000000 1.000000
vn 0.000000 0.000000 1.000000
vn -0.000000 0.000000 1.000000
vn 0.000000 0.000000 1.000000
vn -0.000000 0.000000 1.000000
vn 0.000000 0.000000 1.000000
vn -0.000000 0.000000 1.000000
vn 0.000000 0.000000 1.000000
vn -0.000000 0.000000 1.000000
vn 0.000000 0.000000 1.000000
vn -0.000000 0.000000 1.000000
vn -0.000000 0.000000 1.000000
vn 0.000000 0.000000 1.000000
vn -0.000000 0.000000 1.000000
vn 0.000000 0.000000 1.000000
vn 0.000000 0.000000 1.000000
vn 0.000000 0.000000 1.000000
vn 0.000000 0.000000 1.000000
vn 0.000000 0.000000 1.000000
vn 0.000000 0.000000 1.000000
vn 0.000000 0.000000 1.000000
vn 0.000000 0.000000 1.000000
vn 0.000000 0.000000 1.000000
vn 0.000000 0.000000 1.000000
vn 0.000000 0.000000 1.000000
vn 0.000000 0.000000 1.000000
vn 0.000000 0.000000 1.000000
vn 0.000000 0.000000 1.000000
vn 0.000000 0.000000 1.000000
vn 0.000000 0.000000 1.000000
vn 0.000000 0.000000 1.000000
vn 0.000000 0.000000 1.000000
vn 0.000000 0.000000 1.000000
vn 0.000000 0.000000 1.000000
vn 0.000000 0.000000 1.000000
vn 0.000000 0.000000 1.000000
vn 0.000000 0.000000 1.000000
vn 0.000000 0.000000 1.000000
vn 0.000000 0.000000 1.000000
vn -0.000000 0.000000 1.000000
vn 0.000000 0.000000 1.000000
vn 0.000000 0.000000 1.000000
vn -0.000000 0.000000 1.000000
vn 0.000000 0.000000 1.000000
vn 0.000000 0.000000 1.000000
vn 0.000000 0.000000 1.000000
vn 0.000000 0.000000 1.000000
vn 0.000000 0.000000 1.000000
vn 0.000000 0.000000 1.000000
vn 0.000000 0.000000 1.000000
vn 0.000000 0.000000 1.000000
vn 0.000000 0.000000 1.000000
vn 0.000000 0.000000 1.000000
vn 0.000000 0.000000 1.000000
vn 0.000000 0.000000 1.000000
vn 0.000000 0.000000 1.000000
vn 0.000000 0.000000 1.000000
vn 0.000000 0.000000 1.000000
vn 0.000000 0.000000 1.000000
vn 0.000000 0.000000 1.000000
vn 0.000000 0.000000 1.000000
vn 0.000000 0.000000 1.000000
vn 0.000000 0.000000 1.000000
vn 0.000000 0.000000 1.000000
vn 0.000000 0.000000 1.000000
vn 0.000000 0.000000 1.000000
vn 0.000000 0.000000 1.000000
vn 0.000000 0.000000 1.000000
vn 0.000000 0.000000 1.000000
vn 0.000000 0.000000 1.000000
vn 0.000000 0.000000 1.000000
vn 0.000000 0.000000 1.000000
vn 0.000000 0.000000 1.000000
vn 0.000000 0.000000 1.000000
vn 0.000000 0.000000 1.000000
vn 0.000000 0.000000 1.000000
vn 0.000000 0.000000 1.000000
vn 0.000000 0.000000 1.000000
vn 0.000000 0.000000 1.000000
vn 0.000000 0.000000 1.000000
vn 0.000000 0.000000 1.000000
vn 0.000000 0.000000 1.000000
vn 0.000000 0.000000 1.000000
vn 0.000000 0.000000 1.000000
vn 0.000000 0.000000 1.000000
vn 0.000000 0.000000 1.000000
vn 0.000000 0.000000 1.000000
vn 0.000000 0.000000 1.000000
vn 0.000000 0.000000 1.000000
vn 0.000000 0.000000 1.000000
vn 0.000000 0.000000 1.000000
vn 0.000000 0.000000 1.000000
vn 0.000000 0.000000 1.000000
vn 0.000000 0.000000 1.000000
vn 0.000000 0.000000 1.000000
vn 0.000000 0.000000 1.000000
vn 0.000000 0.000000 1.000000
vn 0.000000 0.000000 1.000000
vn 0.000000 0.000000 1.000000
vn -0.000000 0.000000 1.000000
vn 0.000000 0.000000 1.000000
vn 0.000000 0.000000 1.000000
vn 0.000000 0.000000 1.000000
vn 0.000000 0.000000 1.000000
vn 0.000000 0.000000 1.000000
vn 0.000000 0.000000 1.000000
vn 0.000000 0.000000 1.000000
vn 0.000000 0.000000 1.000000
vn 0.000000 0.000000 1.000000
vn 0.000000 0.000000 1.000000
vn 0.000000 0.000000 1.000000
vn 0.000000 0.000000 1.000000
vn 0.000000 0.000000 1.000000
vn 0.000000 0.000000 1.000000
vn 0.000000 0.000000 1.000000
vn 0.000000 0.000000 1.000000
vn 0.000000 0.000000 1.000000
vn 0.000000 0.000000 1.000000
vn 0.000000 0.000000 1.000000
vn 0.000000 0.000000 1.000000
vn 0.000000 0.000000 1.000000
vn 0.000000 0.000000 1.000000
vn 0.000000 0.000000 1.000000
vn 0.000000 0.000000 1.000000
vn 0.000000 0.000000 1.000000
vn 0.000000 0.000000 1.000000
vn 0.000000 0.000000 1.000000
vn 0.000000 0.000000 1.000000
vn -0.000000 0.000000 1.000000
vn -0.000000 0.000000 1.000000
vn 0.000000 0.000000 1.000000
vn -0.000000 0.000000 1.000000
vn 0.000000 0.000000 1.000000
vn -0.000000 0.000000 1.000000
vn 0.000000 0.000000 1.000000
vn -0.000000 0.000000 1.000000
vn 0.000000 0.000000 1.000000
vn -0.000000 0.000000 1.000000
vn 0.000000 0.000000 1.000000
vn -0.000000 0.000000 1.000000
vn 0.000000 0.000000 1.000000
vn 0.000000 0.000000 1.000000
vn -0.000000 0.000000 1.000000
vn 0.000000 0.000000 1.000000
vn -0.000000 0.000000 1.000000
vn -0.000000 0.000000 1.000000
vn 0.000000 0.000000 1.000000
vn 0.000000 0.000000 1.000000
vn -0.000000 0.000000 1.000000
vn 0.000000 0.000000 1.000000
vn 0.000000 0.000000 1.000000
vn -0.000000 0.000000 1.000000
vn 0.000000 0.000000 1.000000
vn -0.000000 0.000000 1.000000
vn 0.000000 0.000000 1.000000
vn 0.000000 0.000000 1.000000
vn 0.000000 0.000000 1.000000
vn 0.000000 0.000000 1.000000
vn 0.000000 0.000000 1.000000
vn 0.000000 0.000000 1.000000
vn 0.000000 0.000000 1.000000
vn 0.000000 0.000000 1.000000
vn 0.000000 0.000000 1.000000
vn 0.000000 0.000000 1.000000
vn 0.000000 0.000000 1.000000
vn 0.000000 0.000000 1.000000
vn 0.000000 0.000000 1.000000
vn 0.000000 0.000000 1.000000
vn 0.000000 0.000000 1.000000
vn 0.000000 0.000000 1.000000
vn 0.000000 0.000000 1.000000
vn 0.000000 0.000000 1.000000
vn 0.000000 0.000000 1.000000
vn 0.000000 0.000000 1.000000
vn 0.000000 0.000000 1.000000
vn 0.000000 0.000000 1.000000
vn 0.000000 0.000000 1.000000
vn 0.000000 0.000000 1.000000
vn 0.000000 0.000000 1.000000
vn 0.000000 0.000000 1.000000
vn 0.000000 0.000000 1.000000
vn 0.000000 0.000000 1.000000
vn 0.000000 0.000000 1.000000
vn 0.000000 0.000000 1.000000
vn 0.000000 0.000000 1.000000
vn 0.000000 0.000000 1.000000
vn 0.000000 0.000000 1.000000
vn 0.000000 0.000000 1.000000
vn 0.000000 0.000000 1.000000
vn 0.000000 0.000000 1.000000
vn 0.000000 0.000000 1.000000
vn 0.000000 0.000000 1.000000
vn 0.000000 0.000000 1.000000
vn 0.000000 0.000000 1.000000
vn 0.000000 0.000000 1.000000
vn 0.000000 0.000000 1.000000
vn 0.000000 0.000000 1.000000
vn 0.000000 0.000000 1.000000
vn 0.000000 0.000000 1.000000
vn 0.000000 0.000000 1.000000
vn 0.000000 0.000000 1.000000
vn 0.000000 0.000000 1.000000
vn 0.000000 0.000000 1.000000
vn 0.000000 0.000000 1.000000
vn 0.000000 0.000000 1.000000
vn 0.000000 0.000000 1.000000
vn 0.000000 0.000000 1.000000
vn 0.000000 0.000000 1.000000
vn 0.000000 0.000000 1.000000
vn 0.000000 0.000000 1.000000
vn 0.000000 0.000000 1.000000
vn 0.999770 0.021444 -0.000000
vn 0.999699 0.024542 0.000500
vn 0.997290 0.073564 0.000855
vn 0.997931 0.064295 -0.000427
vn 0.992479 0.122411 0.001066
vn 0.994256 0.107025 -0.000710
vn 0.985277 0.170962 0.001132
vn 0.988752 0.149561 -0.000849
vn 0.975702 0.219101 0.001055
vn 0.981430 0.191820 -0.000843
vn 0.963776 0.266713 0.000534
vn 0.972351 0.233523 -0.000669
vn 0.971507 0.237009 -0.000000
vn 0.958548 0.284930 -0.000550
vn 0.949528 0.313680 0.000540
vn 0.943227 0.332148 -0.000555
vn 0.932992 0.359897 0.000545
vn 0.914210 0.405241 0.000550
vn 0.925582 0.378546 -0.000560
vn 0.893224 0.449611 0.000554
vn 0.905656 0.424013 -0.000565
vn 0.870087 0.492897 0.000557
vn 0.883497 0.468435 -0.000568
vn 0.844853 0.534999 0.000560
vn 0.859163 0.511702 -0.000572
vn 0.817585 0.575807 0.000562
vn 0.832710 0.553709 -0.000574
vn 0.788346 0.615232 0.000564
vn 0.804206 0.594351 -0.000576
vn 0.757208 0.653173 0.000565
vn 0.773719 0.633529 -0.000578
vn 0.724247 0.689541 0.000566
vn 0.741326 0.671145 -0.000579
vn 0.689541 0.724247 0.000566
vn 0.707107 0.707107 -0.000579
vn 0.653173 0.757208 0.000565
vn 0.671145 0.741326 -0.000579
vn 0.615232 0.788346 0.000564
vn 0.633529 0.773719 -0.000578
vn 0.575807 0.817585 0.000562
vn 0.594351 0.804206 -0.000576
vn 0.534999 0.844853 0.000560
vn 0.553709 0.832710 -0.000574
vn 0.492897 0.870087 0.000557
vn 0.511702 0.859163 -0.000572
vn 0.449611 0.893224 0.000554
vn 0.468435 0.883497 -0.000568
vn 0.405241 0.914210 0.000550
vn 0.424013 0.905656 -0.000565
vn 0.359897 0.932992 0.000545
vn 0.378546 0.925582 -0.000560
vn 0.313680 0.949528 0.000540
vn 0.332148 0.943227 -0.000555
vn 0.219101 0.975702 0.001055
vn 0.266713 0.963776 0.000534
vn 0.284930 0.958548 -0.000550
vn 0.233523 0.972351 -0.000669
vn 0.170962 0.985277 0.001132
vn 0.191820 0.981430 -0.000843
vn 0.237009 0.971507 0.000000
vn 0.122411 0.992479 0.001066
vn 0.149561 0.988752 -0.000849
vn 0.073564 0.997290 0.000855
vn 0.107025 0.994256 -0.000710
vn 0.024542 0.999699 0.000500
vn 0.064295 0.997931 -0.000427
vn 0.021444 0.999770 0.000000
vn -0.021444 0.999770 0.000000
vn -0.024542 0.999699 0.000500
vn -0.064295 0.997931 -0.000427
vn -0.073564 0.997290 0.000855
vn -0.107025 0.994256 -0.000710
vn -0.122411 0.992479 0.001066
vn -0.149561 0.988752 -0.000849
vn -0.170962 0.985277 0.001132
vn -0.191820 0.981430 -0.000843
vn -0.219101 0.975702 0.001055
vn -0.233523 0.972351 -0.000669
vn -0.266713 0.963776 0.000534
vn -0.237009 0.971507 0.000000
vn -0.284930 0.958548 -0.000550
vn -0.313680 0.949528 0.000540
vn -0.359897 0.932992 0.000545
vn -0.332148 0.943227 -0.000555
vn -0.405241 0.914210 0.000550
vn -0.378546 0.925582 -0.000560
vn -0.449611 0.893224 0.000554
vn -0.424013 0.905656 -0.000565
vn -0.468435 0.883497 -0.000568
vn -0.492897 0.870087 0.000557
vn -0.534999 0.844853 0.000560
vn -0.511702 0.859163 -0.000572
vn -0.575807 0.817585 0.000562
vn -0.553709 0.832710 -0.000574
vn -0.615232 0.788346 0.000564
vn -0.594351 0.804206 -0.000576
vn -0.653173 0.757208 0.000565
vn -0.633529 0.773719 -0.000578
vn -0.689541 0.724247 0.000566
vn -0.671145 0.741326 -0.000579
vn -0.724247 0.689541 0.000566
vn -0.707107 0.707107 -0.000579
vn -0.757208 0.653173 0.000565
vn -0.741326 0.671145 -0.000579
vn -0.788346 0.615232 0.000564
vn -0.773719 0.633529 -0.000578
vn -0.817585 0.575807 0.000562
vn -0.804206 0.594351 -0.000576
vn -0.844853 0.534999 0.000560
vn -0.832710 0.553709 -0.000574
vn -0.870087 0.492897 0.000557
vn -0.859163 0.511702 -0.000572
vn -0.893224 0.449611 0.000554
vn -0.883497 0.468435 -0.000568
vn -0.905656 0.424013 -0.000565
vn -0.914210 0.405241 0.000550
vn -0.925582 0.378546 -0.000560
vn -0.932992 0.359897 0.000545
vn -0.943227 0.332148 -0.000555
vn -0.949528 0.313680 0.000540
vn -0.975702 0.219101 0.001055
vn -0.958548 0.284930 -0.000550
vn -0.972351 0.233523 -0.000669
vn -0.963776 0.266713 0.000534
vn -0.981430 0.191820 -0.000843
vn -0.985277 0.170962 0.001132
vn -0.971507 0.237009 0.000000
vn -0.988752 0.149561 -0.000849
vn -0.992479 0.122411 0.001066
vn -0.994256 0.107025 -0.000710
vn -0.997290 0.073564 0.000855
vn -0.997931 0.064295 -0.000427
vn -0.999699 0.024542 0.000500
vn -0.999770 0.021444 0.000000
vn -0.999770 -0.021444 0.000000
vn -0.999699 -0.024542 0.000500
vn -0.997931 -0.064295 -0.000427
vn -0.997290 -0.073564 0.000855
vn -0.994256 -0.107025 -0.000710
vn -0.992479 -0.122411 0.001066
vn -0.988752 -0.149561 -0.000849
vn -0.985277 -0.170962 0.001132
vn -0.981430 -0.191820 -0.000843
vn -0.975702 -0.219101 0.001055
vn -0.971507 -0.237009 0.000000
vn -0.972351 -0.233523 -0.000669
vn -0.963776 -0.266713 0.000534
vn -0.958548 -0.284930 -0.000550
vn -0.949528 -0.313680 0.000540
vn -0.932992 -0.359897 0.000545
vn -0.943227 -0.332148 -0.000555
vn -0.914210 -0.405241 0.000550
vn -0.925582 -0.378546 -0.000560
vn -0.893224 -0.449611 0.000554
vn -0.905656 -0.424013 -0.000565
vn -0.870087 -0.492897 0.000557
vn -0.883497 -0.468435 -0.000568
vn -0.844853 -0.534999 0.000560
vn -0.859163 -0.511702 -0.000572
vn -0.817585 -0.575807 0.000562
vn -0.832710 -0.553709 -0.000574
vn -0.788346 -0.615232 0.000564
vn -0.804206 -0.594351 -0.000576
vn -0.757208 -0.653173 0.000565
vn -0.773719 -0.633529 -0.000578
vn -0.741326 -0.671145 -0.000579
vn -0.724247 -0.689541 0.000566
vn -0.707107 -0.707107 -0.000579
vn -0.689541 -0.724247 0.000566
vn -0.671145 -0.741326 -0.000579
vn -0.653173 -0.757208 0.000565
vn -0.633529 -0.773719 -0.000578
vn -0.615232 -0.788346 0.000564
vn -0.594351 -0.804206 -0.000576
vn -0.575807 -0.817585 0.000562
vn -0.553709 -0.832710 -0.000574
vn -0.534999 -0.844853 0.000560
vn -0.511702 -0.859163 -0.000572
vn -0.492897 -0.870087 0.000557
vn -0.468435 -0.883497 -0.000568
vn -0.449611 -0.893224 0.000554
vn -0.424013 -0.905656 -0.000565
vn -0.405241 -0.914210 0.000550
vn -0.378546 -0.925582 -0.000560
vn -0.359897 -0.932992 0.000545
vn -0.332148 -0.943227 -0.000555
vn -0.313680 -0.949528 0.000540
vn -0.219101 -0.975702 0.001055
vn -0.284930 -0.958548 -0.000550
vn -0.233523 -0.972351 -0.000669
vn -0.266713 -0.963776 0.000534
vn -0.191820 -0.981430 -0.000843
vn -0.170962 -0.985277 0.001132
vn -0.237009 -0.971507 0.000000
vn -0.149561 -0.988752 -0.000849
vn -0.122411 -0.992479 0.001066
vn -0.107025 -0.994256 -0.000710
vn -0.073564 -0.997290 0.000855
vn -0.064295 -0.997931 -0.000427
vn -0.024542 -0.999699 0.000500
vn -0.021444 -0.999770 0.000000
vn 0.021444 -0.999770 0.000000
vn 0.024542 -0.999699 0.000500
vn 0.064295 -0.997931 -0.000427
vn 0.073564 -0.997290 0.000855
vn 0.107025 -0.994256 -0.000710
vn 0.122411 -0.992479 0.001066
vn 0.149561 -0.988752 -0.000849
vn 0.170962 -0.985277 0.001132
vn 0.219101 -0.975702 0.001055
vn 0.191820 -0.981430 -0.000843
vn 0.266713 -0.963776 0.000534
vn 0.237009 -0.971507 0.000000
vn 0.233523 -0.972351 -0.000669
vn 0.313680 -0.949528 0.000540
vn 0.284930 -0.958548 -0.000550
vn 0.359897 -0.932992 0.000545
vn 0.332148 -0.943227 -0.000555
vn 0.405241 -0.914210 0.000550
vn 0.378546 -0.925582 -0.000560
vn 0.449611 -0.893224 0.000554
vn 0.424013 -0.905656 -0.000565
vn 0.492897 -0.870087 0.000557
vn 0.468435 -0.883497 -0.000568
vn 0.534999 -0.844853 0.000560
vn 0.511702 -0.859163 -0.000572
vn 0.575807 -0.817585 0.000562
vn 0.553709 -0.832710 -0.000574
vn 0.615232 -0.788346 0.000564
vn 0.594351 -0.804206 -0.000576
vn 0.653173 -0.757208 0.000565
vn 0.633529 -0.773719 -0.000578
vn 0.689541 -0.724247 0.000566
vn 0.671145 -0.741326 -0.000579
vn 0.724247 -0.689541 0.000566
vn 0.707107 -0.707107 -0.000579
vn 0.757208 -0.653173 0.000565
vn 0.741326 -0.671145 -0.000579
vn 0.788346 -0.615232 0.000564
vn 0.773719 -0.633529 -0.000578
vn 0.817585 -0.575807 0.000562
vn 0.804206 -0.594351 -0.000576
vn 0.844853 -0.534999 0.000560
vn 0.832710 -0.553709 -0.000574
vn 0.870087 -0.492897 0.000557
vn 0.859163 -0.511702 -0.000572
vn 0.893224 -0.449611 0.000554
vn 0.883497 -0.468435 -0.000568
vn 0.914210 -0.405241 0.000550
vn 0.905656 -0.424013 -0.000565
vn 0.932992 -0.359897 0.000545
vn 0.925582 -0.378546 -0.000560
vn 0.949528 -0.313680 0.000540
vn 0.943227 -0.332148 -0.000555
vn 0.975702 -0.219101 0.001055
vn 0.963776 -0.266713 0.000534
vn 0.958548 -0.284930 -0.000550
vn 0.972351 -0.233523 -0.000669
vn 0.981430 -0.191820 -0.000843
vn 0.985277 -0.170962 0.001132
vn 0.971507 -0.237009 0.000000
vn 0.992479 -0.122411 0.001066
vn 0.988752 -0.149561 -0.000849
vn 0.997290 -0.073564 0.000855
vn 0.994256 -0.107025 -0.000710
vn 0.999699 -0.024542 0.000500
vn 0.997931 -0.064295 -0.000427
vn 0.999770 -0.021444 0.000000
vn 0.000000 0.000000 1.000000
vn 0.000000 0.000000 1.000000
vn 0.000000 0.000000 1.000000
vn 0.000000 0.000000 1.000000
vn 0.000000 0.000000 1.000000
vn 0.000000 0.000000 1.000000
vn 0.000000 0.000000 1.000000
vn 0.000000 0.000000 1.000000
vn 0.000000 0.000000 1.000000
vn 0.000000 0.000000 1.000000
vn 0.000000 0.000000 1.000000
vn 0.000000 0.000000 1.000000
vn 0.000000 0.000000 1.000000
vn 0.000000 0.000000 1.000000
vn 0.000000 0.000000 1.000000
vn 0.000000 0.000000 1.000000
vn 0.000000 0.000000 1.000000
vn 0.000000 0.000000 1.000000
vn 0.000000 0.000000 1.000000
vn 0.000000 0.000000 1.000000
vn 0.000000 0.000000 1.000000
vn 0.000000 0.000000 1.000000
vn 0.000000 0.000000 1.000000
vn 0.000000 0.000000 1.000000
vn 0.000000 0.000000 1.000000
vn 0.000000 0.000000 1.000000
vn 0.000000 0.000000 1.000000
vn 0.000000 0.000000 1.000000
vn 0.000000 0.000000 1.000000
vn 0.000000 0.000000 1.000000
vn 0.000000 0.000000 1.000000
vn 0.000000 0.000000 1.000000
vn 0.000000 0.000000 1.000000
vn 0.000000 0.000000 1.000000
vn 0.000000 0.000000 1.000000
vn 0.000000 0.000000 1.000000
vn 0.000000 0.000000 1.000000
vn 0.000000 0.000000 1.000000
vn 0.000000 0.000000 1.000000
vn 0.000000 0.000000 1.000000
vn 0.000000 0.000000 1.000000
vn 0.000000 0.000000 1.000000
vn 0.000000 0.000000 1.000000
vn 0.000000 0.000000 1.000000
vn 0.000000 0.000000 1.000000
vn 0.000000 0.000000 1.000000
vn 0.000000 0.000000 1.000000
vn 0.000000 0.000000 1.000000
vn 0.000000 0.000000 1.000000
vn 0.000000 0.000000 1.000000
vn 0.000000 0.000000 1.000000
vn 0.000000 0.000000 1.000000
vn 0.000000 0.000000 1.000000
vn 0.000000 0.000000 1.000000
vn 0.000000 0.000000 1.000000
vn 0.000000 0.000000 1.000000
vn 0.000000 0.000000 1.000000
vn 0.000000 0.000000 1.000000
vn 0.000000 0.000000 1.000000
vn 0.000000 0.000000 1.000000
vn 0.000000 0.000000 1.000000
vn 0.000000 0.000000 1.000000
vn 0.000000 0.000000 1.000000
vn 0.000000 0.000000 1.000000
vn 0.000000 0.000000 1.000000
vn 0.000000 0.000000 1.000000
vn 0.000000 0.000000 1.000000
vn 0.000000 0.000000 1.000000
vn 0.000000 0.000000 1.000000
vn 0.000000 0.000000 1.000000
vn 0.000000 0.000000 1.000000
vn 0.000000 0.000000 1.000000
vn 0.000000 0.000000 1.000000
vn 0.000000 0.000000 1.000000
vn 0.000000 0.000000 1.000000
vn 0.000000 0.000000 1.000000
vn 0.000000 0.000000 1.000000
vn 0.000000 0.000000 1.000000
vn 0.000000 0.000000 1.000000
vn 0.000000 0.000000 1.000000
vn 0.000000 0.000000 1.000000
vn 0.000000 0.000000 1.000000
vn 0.000000 0.000000 1.000000
vn 0.000000 0.000000 1.000000
vn 0.000000 0.000000 1.000000
vn 0.000000 0.000000 1.000000
vn 0.000000 0.000000 1.000000
vn 0.000000 0.000000 1.000000
vn 0.000000 0.000000 1.000000
vn 0.000000 0.000000 1.000000
vn 0.000000 0.000000 1.000000
vn 0.000000 0.000000 1.000000
vn 0.000000 0.000000 1.000000
vn 0.000000 0.000000 1.000000
vn 0.000000 0.000000 1.000000
vn 0.000000 0.000000 1.000000
vn 0.000000 0.000000 1.000000
vn 0.000000 0.000000 1.000000
vn 0.000000 0.000000 1.000000
vn 0.000000 0.000000 1.000000
vn 0.000000 0.000000 1.000000
vn 0.000000 0.000000 1.000000
vn 0.000000 0.000000 1.000000
vn 0.000000 0.000000 1.000000
vn 0.000000 0.000000 1.000000
vn 0.000000 0.000000 1.000000
vn 0.000000 0.000000 1.000000
vn 0.000000 0.000000 1.000000
vn 0.000000 0.000000 1.000000
vn 0.000000 0.000000 1.000000
vn 0.000000 0.000000 1.000000
vn 0.000000 0.000000 1.000000
vn 0.000000 0.000000 1.000000
vn 0.000000 0.000000 1.000000
vn 0.000000 0.000000 1.000000
vn 0.000000 0.000000 1.000000
vn 0.000000 0.000000 1.000000
vn 0.000000 0.000000 1.000000
vn 0.000000 0.000000 1.000000
vn 0.000000 0.000000 1.000000
vn 0.000000 0.000000 1.000000
vn 0.000000 0.000000 1.000000
vn 0.000000 0.000000 1.000000
vn 0.000000 0.000000 1.000000
vn 0.000000 0.000000 1.000000
vn 0.000000 0.000000 1.000000
vn 0.000000 0.000000 1.000000
vn 0.000000 0.000000 1.000000
vn 0.000000 0.000000 1.000000
vn 0.000000 0.000000 1.000000
vn 0.000000 0.000000 1.000000
vn 0.000000 0.000000 1.000000
vn 0.000000 0.000000 1.000000
vn 0.000000 0.000000 1.000000
vn 0.000000 0.000000 1.000000
vn 0.000000 0.000000 1.000000
vn 0.000000 0.000000 1.000000
vn 0.000000 0.000000 1.000000
vn 0.000000 0.000000 1.000000
vn 0.000000 0.000000 1.000000
vn 0.000000 0.000000 1.000000
vn 0.000000 0.000000 1.000000
vn 0.000000 0.000000 1.000000
vn 0.000000 0.000000 1.000000
vn 0.000000 0.000000 1.000000
vn 0.000000 0.000000 1.000000
vn 0.000000 0.000000 1.000000
vn 0.000000 0.000000 1.000000
vn 0.000000 0.000000 1.000000
vn 0.000000 0.000000 1.000000
vn 0.000000 0.000000 1.000000
vn 0.000000 0.000000 1.000000
vn 0.000000 0.000000 1.000000
vn 0.000000 0.000000 1.000000
vn 0.000000 0.000000 1.000000
vn 0.000000 0.000000 1.000000
vn 0.000000 0.000000 1.000000
vn 0.000000 0.000000 1.000000
vn 0.000000 0.000000 1.000000
vn 0.000000 0.000000 1.000000
vn 0.000000 0.000000 1.000000
vn 0.000000 0.000000 1.000000
vn 0.000000 0.000000 1.000000
vn 0.000000 0.000000 1.000000
vn 0.000000 0.000000 1.000000
vn 0.000000 0.000000 1.000000
vn 0.000000 0.000000 1.000000
vn 0.000000 0.000000 1.000000
vn 0.000000 0.000000 1.000000
vn 0.000000 0.000000 1.000000
vn 0.000000 0.000000 1.000000
vn 0.000000 0.000000 1.000000
vn 0.000000 0.000000 1.000000
vn 0.000000 0.000000 1.000000
vn 0.000000 0.000000 1.000000
vn 0.000000 0.000000 1.000000
vn 0.000000 0.000000 1.000000
vn 0.000000 0.000000 1.000000
vn 0.000000 0.000000 1.000000
vn 0.000000 0.000000 1.000000
vn 0.000000 0.000000 1.000000
vn 0.000000 0.000000 1.000000
vn 0.000000 0.000000 1.000000
vn 0.000000 0.000000 1.000000
vn 0.000000 0.000000 1.000000
vn 0.000000 0.000000 1.000000
vn 0.000000 0.000000 1.000000
vn 0.000000 0.000000 1.000000
vn 0.000000 0.000000 1.000000
vn 0.000000 0.000000 1.000000
vn 0.000000 0.000000 1.000000
vn 0.000000 0.000000 1.000000
vn 0.000000 0.000000 1.000000
vn 0.000000 0.000000 1.000000
vn 0.000000 0.000000 1.000000
vn 0.000000 0.000000 1.000000
vn 0.000000 0.000000 1.000000
vn 0.000000 0.000000 1.000000
vn 0.000000 0.000000 1.000000
vn 0.000000 0.000000 1.000000
vn 0.000000 0.000000 1.000000
vn 0.000000 0.000000 1.000000
vn 0.000000 0.000000 1.000000
vn 0.000000 0.000000 1.000000
vn 0.000000 0.000000 1.000000
vn 0.000000 0.000000 1.000000
vn 0.000000 0.000000 1.000000
vn 0.000000 0.000000 1.000000
vn 0.000000 0.000000 1.000000
vn 0.000000 0.000000 1.000000
vn 0.000000 0.000000 1.000000
vn 0.000000 0.000000 1.000000
vn 0.000000 0.000000 1.000000
vn 0.000000 0.000000 1.000000
vn 0.000000 0.000000 1.000000
vn 0.000000 0.000000 1.000000
vn 0.000000 0.000000 1.000000
vn 0.000000 0.000000 1.000000
vn 0.000000 0.000000 1.000000
vn 0.000000 0.000000 1.000000
vn 0.000000 0.000000 1.000000
vn 0.000000 0.000000 1.000000
vn 0.000000 0.000000 1.000000
vn 0.000000 0.000000 1.000000
vn 0.000000 0.000000 1.000000
vn 0.000000 0.000000 1.000000
vn 0.000000 0.000000 1.000000
vn 0.000000 0.000000 1.000000
vn 0.000000 0.000000 1.000000
vn 0.000000 0.000000 1.000000
vn 0.000000 0.000000 1.000000
vn 0.000000 0.000000 1.000000
vn 0.000000 0.000000 1.000000
vn 0.000000 0.000000 1.000000
vn 0.000000 0.000000 1.000000
vn 0.000000 0.000000 1.000000
vn 0.000000 0.000000 1.000000
vn 0.000000 0.000000 1.000000
vn 0.000000 0.000000 1.000000
vn 0.000000 0.000000 1.000000
vn 0.000000 0.000000 1.000000
vn 0.000000 0.000000 1.000000
vn 0.000000 0.000000 1.000000
vn 0.000000 0.000000 1.000000
vn 0.000000 0.000000 1.000000
vn 0.000000 0.000000 1.000000
vn 0.000000 0.000000 1.000000
vn 0.000000 0.000000 1.000000
vn 0.000000 0.000000 1.000000
vn 0.000000 0.000000 1.000000
vn 0.000000 0.000000 1.000000
vn 0.000000 0.000000 1.000000
vn 0.000000 0.000000 1.000000
vn 0.000000 0.000000 1.000000
vn 0.000000 0.000000 1.000000
vn 0.000000 0.000000 1.000000
vn -0.999699 -0.024541 0.000000
vn -0.999699 -0.024541 0.000000
vn -0.997290 -0.073565 0.000000
vn -0.992480 -0.122411 0.000000
vn -0.997290 -0.073565 0.000000
vn -0.992480 -0.122411 0.000000
vn -0.985278 -0.170961 0.000000
vn -0.975702 -0.219101 0.000000
vn -0.985278 -0.170961 0.000000
vn -0.963776 -0.266713 0.000000
vn -0.975702 -0.219101 0.000000
vn -0.949528 -0.313682 0.000000
vn -0.963776 -0.266713 0.000000
vn -0.949528 -0.313682 0.000000
vn -0.932993 -0.359896 0.000000
vn -0.914210 -0.405241 0.000000
vn -0.932993 -0.359896 0.000000
vn -0.914210 -0.405241 0.000000
vn -0.893224 -0.449612 0.000000
vn -0.893224 -0.449612 0.000000
vn -0.870087 -0.492898 0.000000
vn -0.870087 -0.492898 0.000000
vn -0.844854 -0.534998 0.000000
vn -0.844854 -0.534998 0.000000
vn -0.817585 -0.575808 0.000000
vn -0.817585 -0.575808 0.000000
vn -0.788347 -0.615231 0.000000
vn -0.788347 -0.615231 0.000000
vn -0.757209 -0.653173 0.000000
vn -0.757209 -0.653173 0.000000
vn -0.724247 -0.689541 0.000000
vn -0.724247 -0.689541 0.000000
vn -0.689541 -0.724247 0.000000
vn -0.689541 -0.724247 0.000000
vn -0.653173 -0.757209 0.000000
vn -0.653173 -0.757209 0.000000
vn -0.615231 -0.788347 0.000000
vn -0.615231 -0.788347 0.000000
vn -0.575808 -0.817585 0.000000
vn -0.575808 -0.817585 0.000000
vn -0.534998 -0.844854 0.000000
vn -0.534998 -0.844854 0.000000
vn -0.492898 -0.870087 0.000000
vn -0.492898 -0.870087 0.000000
vn -0.449612 -0.893224 0.000000
vn -0.449612 -0.893224 0.000000
vn -0.405241 -0.914210 0.000000
vn -0.405241 -0.914210 0.000000
vn -0.359896 -0.932993 0.000000
vn -0.359896 -0.932993 0.000000
vn -0.313682 -0.949528 0.000000
vn -0.313682 -0.949528 0.000000
vn -0.266713 -0.963776 0.000000
vn -0.266713 -0.963776 0.000000
vn -0.219101 -0.975702 0.000000
vn -0.219101 -0.975702 0.000000
vn -0.170961 -0.985278 0.000000
vn -0.170961 -0.985278 0.000000
vn -0.122411 -0.992480 0.000000
vn -0.122411 -0.992480 0.000000
vn -0.073565 -0.997290 0.000000
vn -0.073565 -0.997290 0.000000
vn -0.024541 -0.999699 0.000000
vn -0.024541 -0.999699 0.000000
vn 0.024541 -0.999699 -0.000000
vn 0.073565 -0.997290 0.000000
vn 0.024541 -0.999699 0.000000
vn 0.073565 -0.997290 0.000000
vn 0.122411 -0.992480 0.000000
vn 0.122411 -0.992480 0.000000
vn 0.170961 -0.985278 0.000000
vn 0.170961 -0.985278 0.000000
vn 0.219101 -0.975702 0.000000
vn 0.219101 -0.975702 0.000000
vn 0.266713 -0.963776 0.000000
vn 0.266713 -0.963776 0.000000
vn 0.359896 -0.932993 0.000000
vn 0.313682 -0.949528 0.000000
vn 0.313682 -0.949528 0.000000
vn 0.359896 -0.932993 0.000000
vn 0.405241 -0.914210 0.000000
vn 0.405241 -0.914210 0.000000
vn 0.449612 -0.893224 0.000000
vn 0.449612 -0.893224 0.000000
vn 0.492898 -0.870087 0.000000
vn 0.492898 -0.870087 0.000000
vn 0.534998 -0.844854 0.000000
vn 0.575808 -0.817585 0.000000
vn 0.534998 -0.844854 0.000000
vn 0.575808 -0.817585 0.000000
vn 0.615231 -0.788347 0.000000
vn 0.615231 -0.788347 0.000000
vn 0.653173 -0.757209 0.000000
vn 0.653173 -0.757209 0.000000
vn 0.689541 -0.724247 0.000000
vn 0.724247 -0.689541 0.000000
vn 0.689541 -0.724247 0.000000
vn 0.724247 -0.689541 0.000000
vn 0.757209 -0.653173 0.000000
vn 0.788347 -0.615231 0.000000
vn 0.757209 -0.653173 0.000000
vn 0.788347 -0.615231 0.000000
vn 0.817585 -0.575808 0.000000
vn 0.817585 -0.575808 0.000000
vn 0.844854 -0.534998 0.000000
vn 0.870087 -0.492898 0.000000
vn 0.844854 -0.534998 0.000000
vn 0.870087 -0.492898 0.000000
vn 0.893224 -0.449612 0.000000
vn 0.893224 -0.449612 0.000000
vn 0.914210 -0.405241 0.000000
vn 0.932993 -0.359896 0.000000
vn 0.914210 -0.405241 0.000000
vn 0.932993 -0.359896 0.000000
vn 0.949528 -0.313682 0.000000
vn 0.963776 -0.266713 0.000000
vn 0.949528 -0.313682 0.000000
vn 0.963776 -0.266713 0.000000
vn 0.975702 -0.219101 0.000000
vn 0.975702 -0.219101 0.000000
vn 0.985278 -0.170961 0.000000
vn 0.985278 -0.170961 0.000000
vn 0.992480 -0.122411 0.000000
vn 0.992480 -0.122411 0.000000
vn 0.997290 -0.073565 0.000000
vn 0.997290 -0.073565 0.000000
vn 0.999699 -0.024541 0.000000
vn 0.999699 -0.024541 0.000000
vn 0.999699 0.024541 0.000000
vn 0.999699 0.024541 -0.000000
vn 0.997290 0.073565 0.000000
vn 0.997290 0.073565 -0.000000
vn 0.992480 0.122411 -0.000000
vn 0.992480 0.122411 -0.000000
vn 0.985278 0.170961 0.000000
vn 0.985278 0.170961 -0.000000
vn 0.975702 0.219101 -0.000000
vn 0.963776 0.266713 -0.000000
vn 0.975702 0.219101 -0.000000
vn 0.963776 0.266713 -0.000000
vn 0.949528 0.313682 -0.000000
vn 0.932993 0.359896 -0.000000
vn 0.949528 0.313682 0.000000
vn 0.914210 0.405241 -0.000000
vn 0.932993 0.359896 -0.000000
vn 0.914210 0.405241 -0.000000
vn 0.893224 0.449612 -0.000000
vn 0.893224 0.449612 0.000000
vn 0.870087 0.492898 -0.000000
vn 0.870087 0.492898 0.000000
vn 0.844854 0.534998 -0.000000
vn 0.844854 0.534998 0.000000
vn 0.817585 0.575808 -0.000000
vn 0.788347 0.615231 -0.000000
vn 0.817585 0.575808 0.000000
vn 0.788347 0.615231 -0.000000
vn 0.757209 0.653173 -0.000000
vn 0.757209 0.653173 0.000000
vn 0.724247 0.689541 -0.000000
vn 0.689541 0.724247 -0.000000
vn 0.724247 0.689541 0.000000
vn 0.653173 0.757209 -0.000000
vn 0.689541 0.724247 -0.000000
vn 0.653173 0.757209 -0.000000
vn 0.615231 0.788347 -0.000000
vn 0.575808 0.817585 -0.000000
vn 0.615231 0.788347 0.000000
vn 0.575808 0.817585 -0.000000
vn 0.534998 0.844854 -0.000000
vn 0.492898 0.870087 -0.000000
vn 0.534998 0.844854 0.000000
vn 0.492898 0.870087 -0.000000
vn 0.449612 0.893224 -0.000000
vn 0.449612 0.893224 -0.000000
vn 0.405241 0.914210 0.000000
vn 0.405241 0.914210 -0.000000
vn 0.359896 0.932993 -0.000000
vn 0.359896 0.932993 -0.000000
vn 0.313682 0.949528 -0.000000
vn 0.313682 0.949528 -0.000000
vn 0.266713 0.963776 0.000000
vn 0.266713 0.963776 -0.000000
vn 0.219101 0.975702 0.000000
vn 0.219101 0.975702 -0.000000
vn 0.170961 0.985278 0.000000
vn 0.170961 0.985278 -0.000000
vn 0.122411 0.992480 0.000000
vn 0.122411 0.992480 -0.000000
vn 0.073565 0.997290 0.000000
vn 0.073565 0.997290 -0.000000
vn 0.024541 0.999699 0.000000
vn 0.024541 0.999699 -0.000000
vn -0.024541 0.999699 0.000000
vn -0.073565 0.997290 0.000000
vn -0.024541 0.999699 0.000000
vn -0.122411 0.992480 0.000000
vn -0.073565 0.997290 0.000000
vn -0.122411 0.992480 0.000000
vn -0.170961 0.985278 0.000000
vn -0.170961 0.985278 0.000000
vn -0.219101 0.975702 0.000000
vn -0.219101 0.975702 0.000000
vn -0.266713 0.963776 0.000000
vn -0.266713 0.963776 0.000000
vn -0.313682 0.949528 0.000000
vn -0.313682 0.949528 0.000000
vn -0.359896 0.932993 0.000000
vn -0.359896 0.932993 0.000000
vn -0.405241 0.914210 0.000000
vn -0.405241 0.914210 0.000000
vn -0.449612 0.893224 0.000000
vn -0.449612 0.893224 0.000000
vn -0.492898 0.870087 0.000000
vn -0.534998 0.844854 0.000000
vn -0.492898 0.870087 0.000000
vn -0.534998 0.844854 0.000000
vn -0.575808 0.817585 0.000000
vn -0.615231 0.788347 0.000000
vn -0.575808 0.817585 0.000000
vn -0.653173 0.757209 0.000000
vn -0.615231 0.788347 0.000000
vn -0.653173 0.757209 0.000000
vn -0.689541 0.724247 0.000000
vn -0.689541 0.724247 0.000000
vn -0.724247 0.689541 0.000000
vn -0.724247 0.689541 0.000000
vn -0.757209 0.653173 0.000000
vn -0.757209 0.653173 0.000000
vn -0.788347 0.615231 0.000000
vn -0.788347 0.615231 0.000000
vn -0.817585 0.575808 0.000000
vn -0.817585 0.575808 0.000000
vn -0.844854 0.534998 0.000000
vn -0.844854 0.534998 0.000000
vn -0.870087 0.492898 0.000000
vn -0.870087 0.492898 0.000000
vn -0.893224 0.449612 0.000000
vn -0.893224 0.449612 0.000000
vn -0.914210 0.405241 0.000000
vn -0.914210 0.405241 0.000000
vn -0.932993 0.359896 0.000000
vn -0.949528 0.313682 0.000000
vn -0.932993 0.359896 0.000000
vn -0.949528 0.313682 0.000000
vn -0.963776 0.266713 0.000000
vn -0.963776 0.266713 0.000000
vn -0.975702 0.219101 0.000000
vn -0.975702 0.219101 0.000000
vn -0.985278 0.170961 0.000000
vn -0.985278 0.170961 0.000000
vn -0.992480 0.122411 0.000000
vn -0.992480 0.122411 0.000000
vn -0.997290 0.073565 0.000000
vn -0.997290 0.073565 0.000000
vn -0.999699 0.024541 0.000000
vn -0.999699 0.024541 0.000000
f 1//1 2//1 3//1
f 3//2 2//2 4//2
f 4//3 5//3 6//3
f 2//4 5//4 4//4
f 6//5 7//5 8//5
f 5//6 7//6 6//6
f 8//7 9//7 10//7
f 7//8 9//8 8//8
f 10//9 11//9 12//9
f 9//10 11//10 10//10
f 12//11 13//11 14//11
f 11//12 13//12 12//12
f 14//13 15//13 16//13
f 13//14 15//14 14//14
f 16//15 17//15 18//15
f 15//16 17//16 16//16
f 18//17 19//17 20//17
f 17//18 19//18 18//18
f 20//19 21//19 22//19
f 19//20 21//20 20//20
f 22//21 23//21 24//21
f 21//22 23//22 22//22
f 23//23 25//23 24//23
f 24//24 25//24 26//24
f 25//25 27//25 26//25
f 26//26 27//26 28//26
f 27//27 29//27 28//27
f 28//28 29//28 30//28
f 30//29 31//29 32//29
f 29//30 31//30 30//30
f 32//31 33//31 34//31
f 31//32 33//32 32//32
f 34//33 35//33 36//33
f 33//34 35//34 34//34
f 36//35 37//35 38//35
f 35//36 37//36 36//36
f 37//37 39//37 38//37
f 38//38 39//38 40//38
f 40//39 41//39 42//39
f 39//40 41//40 40//40
f 42//41 43//41 44//41
f 41//42 43//42 42//42
f 44//43 45//43 46//43
f 43//44 45//44 44//44
f 46//45 47//45 48//45
f 45//46 47//46 46//46
f 48//47 49//47 50//47
f 47//48 49//48 48//48
f 3//49 51//49 1//49
f 52//50 53//50 3//50
f 53//51 51//51 3//51
f 53//52 54//52 55//52
f 53//53 55//53 56//53
f 53//54 56//54 51//54
f 57//55 54//55 53//55
f 55//56 58//56 59//56
f 55//57 59//57 56//57
f 60//58 61//58 59//58
f 62//59 52//59 3//59
f 62//60 3//60 60//60
f 58//61 62//61 60//61
f 59//62 58//62 60//62
f 61//63 60//63 63//63
f 63//64 64//64 65//64
f 60//65 64//65 63//65
f 65//66 66//66 67//66
f 64//67 66//67 65//67
f 67//68 68//68 69//68
f 66//69 68//69 67//69
f 69//70 70//70 71//70
f 68//71 70//71 69//71
f 71//72 72//72 73//72
f 70//73 72//73 71//73
f 73//74 74//74 75//74
f 72//75 74//75 73//75
f 75//76 76//76 77//76
f 74//77 76//77 75//77
f 77//78 78//78 79//78
f 76//79 78//79 77//79
f 79//80 80//80 81//80
f 78//81 80//81 79//81
f 81//82 82//82 83//82
f 80//83 82//83 81//83
f 82//84 84//84 83//84
f 83//85 84//85 85//85
f 84//86 86//86 85//86
f 85//87 86//87 87//87
f 86//88 88//88 87//88
f 87//89 88//89 89//89
f 89//90 90//90 91//90
f 88//91 90//91 89//91
f 91//92 92//92 93//92
f 90//93 92//93 91//93
f 93//94 94//94 95//94
f 92//95 94//95 93//95
f 95//96 96//96 97//96
f 94//97 96//97 95//97
f 97//98 98//98 99//98
f 96//99 98//99 97//99
f 99//100 100//100 101//100
f 98//101 100//101 99//101
f 101//102 102//102 103//102
f 100//103 102//103 101//103
f 103//104 104//104 105//104
f 102//105 104//105 103//105
f 105//106 106//106 107//106
f 104//107 106//107 105//107
f 107//108 108//108 109//108
f 106//109 108//109 107//109
f 109//110 110//110 111//110
f 108//111 110//111 109//111
f 111//112 112//112 113//112
f 110//113 112//113 111//113
f 112//114 114//114 113//114
f 3//115 64//115 60//115
f 4//116 64//116 3//116
f 6//117 66//117 4//117
f 4//118 66//118 64//118
f 8//119 68//119 6//119
f 6//120 68//120 66//120
f 10//121 70//121 8//121
f 8//122 70//122 68//122
f 12//123 72//123 10//123
f 10//124 72//124 70//124
f 14//125 74//125 12//125
f 12//126 74//126 72//126
f 14//127 76//127 74//127
f 16//128 76//128 14//128
f 114//129 112//129 50//129
f 50//130 112//130 48//130
f 18//131 78//131 16//131
f 16//132 78//132 76//132
f 112//133 110//133 48//133
f 48//134 110//134 46//134
f 18//135 80//135 78//135
f 20//136 80//136 18//136
f 110//137 108//137 46//137
f 46//138 108//138 44//138
f 20//139 82//139 80//139
f 22//140 82//140 20//140
f 108//141 106//141 44//141
f 44//142 106//142 42//142
f 22//143 84//143 82//143
f 24//144 84//144 22//144
f 106//145 104//145 42//145
f 42//146 104//146 40//146
f 26//147 86//147 24//147
f 24//148 86//148 84//148
f 104//149 102//149 40//149
f 40//150 102//150 38//150
f 26//151 88//151 86//151
f 102//152 100//152 38//152
f 38//153 100//153 36//153
f 28//154 90//154 26//154
f 26//155 90//155 88//155
f 36//156 98//156 34//156
f 100//157 98//157 36//157
f 30//158 92//158 28//158
f 28//159 92//159 90//159
f 34//160 96//160 32//160
f 98//161 96//161 34//161
f 32//162 94//162 30//162
f 30//163 94//163 92//163
f 96//164 94//164 32//164
f 114//165 115//165 113//165
f 116//166 114//166 50//166
f 116//167 117//167 114//167
f 118//168 116//168 50//168
f 117//169 115//169 114//169
f 50//170 49//170 119//170
f 120//171 118//171 50//171
f 119//172 120//172 50//172
f 121//173 122//173 123//173
f 120//174 122//174 121//174
f 119//175 124//175 122//175
f 119//176 122//176 120//176
f 122//177 124//177 115//177
f 117//178 122//178 115//178
f 53//179 52//179 125//179
f 125//180 52//180 126//180
f 123//181 122//181 127//181
f 128//182 127//182 129//182
f 128//183 123//183 127//183
f 130//184 129//184 116//184
f 130//185 128//185 129//185
f 131//186 116//186 132//186
f 131//187 130//187 116//187
f 133//188 132//188 134//188
f 133//189 131//189 132//189
f 135//190 134//190 136//190
f 135//191 133//191 134//191
f 137//192 136//192 138//192
f 137//193 135//193 136//193
f 139//194 138//194 140//194
f 139//195 137//195 138//195
f 141//196 139//196 140//196
f 141//197 140//197 142//197
f 143//198 141//198 142//198
f 143//199 142//199 144//199
f 145//200 143//200 144//200
f 145//201 144//201 146//201
f 147//202 145//202 146//202
f 147//203 146//203 148//203
f 149//204 147//204 148//204
f 149//205 148//205 150//205
f 151//206 149//206 150//206
f 151//207 150//207 152//207
f 153//208 151//208 152//208
f 153//209 152//209 154//209
f 155//210 154//210 156//210
f 155//211 153//211 154//211
f 155//212 156//212 157//212
f 158//213 157//213 159//213
f 158//214 155//214 157//214
f 160//215 158//215 159//215
f 160//216 159//216 161//216
f 162//217 161//217 163//217
f 162//218 160//218 161//218
f 164//219 163//219 165//219
f 164//220 162//220 163//220
f 166//221 165//221 167//221
f 166//222 164//222 165//222
f 168//223 167//223 169//223
f 168//224 166//224 167//224
f 170//225 169//225 171//225
f 170//226 168//226 169//226
f 172//227 171//227 173//227
f 172//228 170//228 171//228
f 174//229 173//229 175//229
f 174//230 172//230 173//230
f 176//231 175//231 177//231
f 176//232 174//232 175//232
f 178//233 177//233 179//233
f 178//234 176//234 177//234
f 180//235 179//235 62//235
f 180//236 178//236 179//236
f 181//237 62//237 182//237
f 181//238 180//238 62//238
f 183//239 182//239 184//239
f 183//240 181//240 182//240
f 54//241 184//241 55//241
f 54//242 183//242 184//242
f 121//243 123//243 128//243
f 185//244 186//244 187//244
f 188//245 128//245 130//245
f 188//246 121//246 128//246
f 189//247 186//247 185//247
f 189//248 190//248 186//248
f 191//249 130//249 131//249
f 191//250 188//250 130//250
f 192//251 190//251 189//251
f 192//252 193//252 190//252
f 194//253 131//253 133//253
f 194//254 191//254 131//254
f 195//255 193//255 192//255
f 195//256 196//256 193//256
f 197//257 133//257 135//257
f 197//258 194//258 133//258
f 198//259 196//259 195//259
f 198//260 199//260 196//260
f 200//261 197//261 135//261
f 200//262 135//262 137//262
f 201//263 199//263 198//263
f 201//264 202//264 199//264
f 203//265 200//265 137//265
f 203//266 137//266 139//266
f 204//267 202//267 201//267
f 204//268 205//268 202//268
f 206//269 203//269 139//269
f 206//270 139//270 141//270
f 207//271 205//271 204//271
f 207//272 208//272 205//272
f 209//273 141//273 143//273
f 209//274 206//274 141//274
f 210//275 208//275 207//275
f 210//276 211//276 208//276
f 212//277 143//277 145//277
f 212//278 209//278 143//278
f 213//279 211//279 210//279
f 213//280 214//280 211//280
f 215//281 145//281 147//281
f 215//282 212//282 145//282
f 216//283 214//283 213//283
f 216//284 217//284 214//284
f 218//285 147//285 149//285
f 218//286 215//286 147//286
f 219//287 217//287 216//287
f 219//288 220//288 217//288
f 221//289 220//289 219//289
f 221//290 222//290 223//290
f 221//291 223//291 224//291
f 221//292 224//292 220//292
f 225//293 149//293 151//293
f 225//294 151//294 153//294
f 225//295 153//295 155//295
f 225//296 218//296 149//296
f 226//297 155//297 158//297
f 226//298 158//298 160//298
f 226//299 160//299 162//299
f 226//300 225//300 155//300
f 227//301 228//301 229//301
f 227//302 229//302 230//302
f 227//303 230//303 222//303
f 227//304 222//304 221//304
f 231//305 226//305 162//305
f 231//306 162//306 164//306
f 232//307 228//307 227//307
f 232//308 233//308 228//308
f 234//309 235//309 236//309
f 237//310 235//310 234//310
f 237//311 238//311 235//311
f 239//312 236//312 240//312
f 239//313 234//313 236//313
f 241//314 242//314 238//314
f 241//315 238//315 237//315
f 243//316 240//316 244//316
f 243//317 239//317 240//317
f 245//318 246//318 242//318
f 245//319 242//319 241//319
f 247//320 243//320 244//320
f 247//321 244//321 248//321
f 249//322 250//322 246//322
f 249//323 246//323 245//323
f 251//324 248//324 252//324
f 251//325 247//325 248//325
f 253//326 250//326 249//326
f 253//327 254//327 250//327
f 255//328 252//328 256//328
f 255//329 251//329 252//329
f 257//330 258//330 254//330
f 257//331 254//331 253//331
f 259//332 256//332 260//332
f 259//333 255//333 256//333
f 261//334 262//334 258//334
f 261//335 258//335 257//335
f 263//336 260//336 264//336
f 263//337 259//337 260//337
f 265//338 231//338 164//338
f 265//339 164//339 166//339
f 266//340 233//340 232//340
f 266//341 267//341 233//341
f 268//342 269//342 262//342
f 268//343 262//343 261//343
f 270//344 264//344 271//344
f 270//345 263//345 264//345
f 272//346 273//346 269//346
f 272//347 269//347 268//347
f 274//348 271//348 275//348
f 274//349 270//349 271//349
f 276//350 277//350 273//350
f 276//351 273//351 272//351
f 278//352 275//352 279//352
f 278//353 274//353 275//353
f 280//354 281//354 277//354
f 280//355 277//355 276//355
f 282//356 279//356 283//356
f 282//357 278//357 279//357
f 284//358 166//358 168//358
f 284//359 265//359 166//359
f 285//360 286//360 267//360
f 285//361 267//361 266//361
f 287//362 281//362 280//362
f 288//363 282//363 283//363
f 289//364 281//364 287//364
f 290//365 288//365 283//365
f 291//366 281//366 289//366
f 292//367 290//367 283//367
f 293//368 168//368 170//368
f 293//369 284//369 168//369
f 294//370 286//370 285//370
f 294//371 295//371 286//371
f 296//372 281//372 291//372
f 297//373 292//373 283//373
f 298//374 281//374 296//374
f 299//375 297//375 283//375
f 300//376 293//376 170//376
f 300//377 170//377 172//377
f 301//378 295//378 294//378
f 301//379 302//379 295//379
f 303//380 298//380 304//380
f 303//381 221//381 281//381
f 303//382 227//382 221//382
f 303//383 281//383 298//383
f 305//384 299//384 283//384
f 305//385 283//385 225//385
f 305//386 306//386 299//386
f 305//387 225//387 226//387
f 307//388 303//388 304//388
f 308//389 306//389 305//389
f 309//390 300//390 172//390
f 309//391 172//391 174//391
f 310//392 302//392 301//392
f 310//393 311//393 302//393
f 312//394 303//394 307//394
f 313//395 308//395 305//395
f 314//396 303//396 312//396
f 315//397 313//397 305//397
f 316//398 309//398 174//398
f 316//399 174//399 176//399
f 317//400 311//400 310//400
f 317//401 318//401 311//401
f 319//402 320//402 303//402
f 319//403 303//403 314//403
f 321//404 315//404 305//404
f 321//405 305//405 322//405
f 323//406 320//406 319//406
f 323//407 324//407 320//407
f 325//408 321//408 322//408
f 325//409 322//409 326//409
f 327//410 176//410 178//410
f 327//411 316//411 176//411
f 328//412 329//412 318//412
f 328//413 318//413 317//413
f 330//414 331//414 324//414
f 330//415 324//415 323//415
f 332//416 325//416 326//416
f 332//417 326//417 333//417
f 334//418 335//418 331//418
f 334//419 331//419 330//419
f 336//420 332//420 333//420
f 336//421 333//421 337//421
f 338//422 178//422 180//422
f 338//423 327//423 178//423
f 339//424 329//424 328//424
f 339//425 340//425 329//425
f 341//426 335//426 334//426
f 341//427 342//427 335//427
f 343//428 336//428 337//428
f 343//429 337//429 344//429
f 345//430 346//430 342//430
f 345//431 342//431 341//431
f 347//432 343//432 344//432
f 347//433 344//433 348//433
f 349//434 338//434 180//434
f 349//435 180//435 181//435
f 350//436 340//436 339//436
f 350//437 351//437 340//437
f 352//438 346//438 345//438
f 352//439 353//439 346//439
f 354//440 347//440 348//440
f 354//441 348//441 355//441
f 356//442 353//442 352//442
f 356//443 357//443 353//443
f 358//444 355//444 359//444
f 358//445 354//445 355//445
f 360//446 349//446 181//446
f 360//447 181//447 183//447
f 361//448 351//448 350//448
f 361//449 362//449 351//449
f 363//450 364//450 357//450
f 363//451 357//451 356//451
f 365//452 358//452 359//452
f 365//453 359//453 366//453
f 367//454 364//454 363//454
f 368//455 365//455 366//455
f 369//456 364//456 367//456
f 370//457 368//457 366//457
f 57//458 360//458 183//458
f 54//459 57//459 183//459
f 371//460 362//460 361//460
f 372//461 362//461 371//461
f 373//462 369//462 367//462
f 374//463 368//463 370//463
f 375//464 369//464 373//464
f 376//465 374//465 370//465
f 377//466 375//466 373//466
f 378//467 374//467 376//467
f 379//468 375//468 377//468
f 380//469 378//469 376//469
f 381//470 379//470 377//470
f 382//471 378//471 380//471
f 383//472 379//472 381//472
f 384//473 382//473 380//473
f 385//474 383//474 381//474
f 386//475 382//475 384//475
f 387//476 385//476 388//476
f 387//477 383//477 385//477
f 389//478 386//478 384//478
f 389//479 390//479 386//479
f 391//480 392//480 393//480
f 391//481 394//481 392//481
f 395//482 396//482 397//482
f 395//483 397//483 398//483
f 399//484 388//484 400//484
f 399//485 387//485 388//485
f 401//486 390//486 389//486
f 401//487 402//487 390//487
f 403//488 400//488 404//488
f 403//489 399//489 400//489
f 405//490 402//490 401//490
f 405//491 406//491 402//491
f 407//492 394//492 391//492
f 407//493 408//493 394//493
f 409//494 398//494 410//494
f 409//495 395//495 398//495
f 411//496 404//496 412//496
f 411//497 403//497 404//497
f 413//498 406//498 405//498
f 413//499 414//499 406//499
f 415//500 412//500 416//500
f 415//501 411//501 412//501
f 417//502 418//502 414//502
f 417//503 414//503 413//503
f 419//504 408//504 407//504
f 419//505 420//505 408//505
f 421//506 410//506 422//506
f 421//507 409//507 410//507
f 423//508 416//508 424//508
f 423//509 415//509 416//509
f 425//510 426//510 418//510
f 425//511 418//511 417//511
f 427//512 424//512 428//512
f 427//513 423//513 424//513
f 429//514 430//514 426//514
f 429//515 426//515 425//515
f 431//516 420//516 419//516
f 431//517 432//517 420//517
f 433//518 422//518 434//518
f 433//519 421//519 422//519
f 435//520 427//520 428//520
f 435//521 428//521 436//521
f 437//522 430//522 429//522
f 437//523 438//523 430//523
f 439//524 436//524 440//524
f 439//525 435//525 436//525
f 441//526 438//526 437//526
f 441//527 442//527 438//527
f 443//528 444//528 432//528
f 443//529 432//529 431//529
f 445//530 433//530 434//530
f 445//531 434//531 446//531
f 447//532 442//532 441//532
f 447//533 448//533 449//533
f 447//534 449//534 450//534
f 447//535 450//535 442//535
f 451//536 440//536 452//536
f 451//537 452//537 453//537
f 451//538 453//538 454//538
f 451//539 439//539 440//539
f 455//540 448//540 447//540
f 456//541 451//541 454//541
f 457//542 458//542 444//542
f 457//543 444//543 443//543
f 459//544 446//544 460//544
f 459//545 445//545 446//545
f 461//546 455//546 447//546
f 462//547 451//547 456//547
f 463//548 464//548 458//548
f 463//549 458//549 457//549
f 465//550 460//550 466//550
f 465//551 459//551 460//551
f 467//552 468//552 464//552
f 467//553 464//553 463//553
f 469//554 466//554 470//554
f 469//555 465//555 466//555
f 471//556 472//556 468//556
f 471//557 468//557 467//557
f 473//558 469//558 470//558
f 473//559 470//559 474//559
f 475//560 462//560 476//560
f 475//561 476//561 477//561
f 475//562 477//562 478//562
f 475//563 478//563 479//563
f 475//564 479//564 480//564
f 475//565 451//565 462//565
f 481//566 461//566 447//566
f 481//567 482//567 483//567
f 481//568 483//568 484//568
f 481//569 484//569 485//569
f 481//570 485//570 486//570
f 481//571 486//571 461//571
f 487//572 480//572 488//572
f 487//573 475//573 480//573
f 489//574 490//574 482//574
f 489//575 482//575 481//575
f 491//576 488//576 492//576
f 491//577 487//577 488//577
f 493//578 494//578 490//578
f 493//579 490//579 489//579
f 495//580 496//580 472//580
f 495//581 472//581 471//581
f 497//582 474//582 498//582
f 497//583 473//583 474//583
f 499//584 500//584 494//584
f 499//585 494//585 493//585
f 501//586 492//586 502//586
f 501//587 491//587 492//587
f 503//588 502//588 504//588
f 503//589 501//589 502//589
f 505//590 500//590 499//590
f 505//591 506//591 500//591
f 507//592 504//592 508//592
f 507//593 503//593 504//593
f 509//594 506//594 505//594
f 509//595 510//595 506//595
f 511//596 508//596 512//596
f 511//597 507//597 508//597
f 513//598 514//598 510//598
f 513//599 510//599 509//599
f 515//600 514//600 513//600
f 515//601 516//601 514//601
f 517//602 512//602 518//602
f 517//603 511//603 512//603
f 519//604 520//604 496//604
f 519//605 496//605 495//605
f 521//606 498//606 522//606
f 521//607 497//607 498//607
f 523//608 518//608 524//608
f 523//609 517//609 518//609
f 525//610 516//610 515//610
f 525//611 526//611 516//611
f 527//612 524//612 528//612
f 527//613 523//613 524//613
f 529//614 526//614 525//614
f 529//615 530//615 526//615
f 531//616 527//616 528//616
f 531//617 528//617 532//617
f 533//618 530//618 529//618
f 533//619 534//619 530//619
f 535//620 531//620 532//620
f 535//621 532//621 536//621
f 537//622 534//622 533//622
f 537//623 535//623 536//623
f 537//624 536//624 534//624
f 538//625 539//625 520//625
f 538//626 520//626 519//626
f 540//627 522//627 541//627
f 540//628 521//628 522//628
f 542//629 539//629 538//629
f 543//630 540//630 541//630
f 544//631 539//631 542//631
f 545//632 543//632 541//632
f 546//633 541//633 451//633
f 546//634 451//634 475//634
f 547//635 481//635 447//635
f 547//636 447//636 539//636
f 548//637 545//637 541//637
f 548//638 541//638 546//638
f 549//639 539//639 544//639
f 549//640 547//640 539//640
f 550//641 547//641 549//641
f 551//642 548//642 546//642
f 552//643 547//643 550//643
f 553//644 551//644 546//644
f 554//645 547//645 552//645
f 554//646 555//646 547//646
f 556//647 553//647 546//647
f 556//648 546//648 557//648
f 558//649 559//649 555//649
f 558//650 555//650 554//650
f 560//651 556//651 557//651
f 560//652 557//652 561//652
f 562//653 563//653 559//653
f 562//654 559//654 558//654
f 564//655 561//655 565//655
f 564//656 560//656 561//656
f 566//657 567//657 563//657
f 566//658 563//658 562//658
f 568//659 564//659 565//659
f 568//660 565//660 569//660
f 570//661 571//661 567//661
f 570//662 567//662 566//662
f 572//663 568//663 569//663
f 572//664 569//664 573//664
f 574//665 575//665 571//665
f 574//666 571//666 570//666
f 576//667 572//667 573//667
f 576//668 573//668 577//668
f 578//669 575//669 574//669
f 578//670 579//670 575//670
f 580//671 576//671 577//671
f 580//672 577//672 581//672
f 582//673 579//673 578//673
f 582//674 583//674 579//674
f 584//675 580//675 581//675
f 584//676 581//676 585//676
f 586//677 583//677 582//677
f 586//678 587//678 583//678
f 588//679 584//679 585//679
f 588//680 585//680 589//680
f 590//681 591//681 587//681
f 590//682 587//682 586//682
f 592//683 588//683 589//683
f 592//684 589//684 593//684
f 594//685 591//685 590//685
f 594//686 595//686 591//686
f 596//687 592//687 593//687
f 596//688 593//688 597//688
f 598//689 595//689 594//689
f 598//690 599//690 595//690
f 600//691 596//691 597//691
f 600//692 597//692 601//692
f 602//693 599//693 598//693
f 603//694 600//694 601//694
f 604//695 226//695 605//695
f 605//696 231//696 606//696
f 226//697 231//697 605//697
f 606//698 265//698 607//698
f 231//699 265//699 606//699
f 607//700 284//700 608//700
f 265//701 284//701 607//701
f 608//702 293//702 609//702
f 284//703 293//703 608//703
f 609//704 300//704 610//704
f 293//705 300//705 609//705
f 610//706 309//706 611//706
f 300//707 309//707 610//707
f 611//708 316//708 612//708
f 309//709 316//709 611//709
f 612//710 327//710 613//710
f 316//711 327//711 612//711
f 613//712 338//712 52//712
f 327//713 338//713 613//713
f 52//714 349//714 126//714
f 338//715 349//715 52//715
f 126//716 360//716 125//716
f 349//717 360//717 126//717
f 125//718 57//718 53//718
f 360//719 57//719 125//719
f 182//720 58//720 184//720
f 184//721 58//721 55//721
f 182//722 62//722 58//722
f 52//723 62//723 179//723
f 613//724 179//724 177//724
f 613//725 52//725 179//725
f 612//726 177//726 175//726
f 612//727 613//727 177//727
f 611//728 175//728 173//728
f 611//729 612//729 175//729
f 610//730 173//730 171//730
f 610//731 611//731 173//731
f 609//732 171//732 169//732
f 609//733 610//733 171//733
f 608//734 169//734 167//734
f 608//735 609//735 169//735
f 607//736 167//736 165//736
f 607//737 608//737 167//737
f 606//738 607//738 165//738
f 606//739 165//739 163//739
f 605//740 606//740 163//740
f 605//741 163//741 161//741
f 604//742 605//742 161//742
f 604//743 157//743 156//743
f 604//744 159//744 157//744
f 604//745 161//745 159//745
f 614//746 152//746 150//746
f 614//747 154//747 152//747
f 614//748 156//748 154//748
f 614//749 604//749 156//749
f 615//750 614//750 150//750
f 615//751 150//751 148//751
f 616//752 617//752 604//752
f 618//753 615//753 148//753
f 618//754 148//754 146//754
f 619//755 616//755 604//755
f 620//756 619//756 604//756
f 621//757 618//757 146//757
f 621//758 146//758 144//758
f 622//759 604//759 614//759
f 622//760 620//760 604//760
f 623//761 622//761 614//761
f 624//762 621//762 144//762
f 624//763 144//763 142//763
f 625//764 623//764 614//764
f 626//765 625//765 614//765
f 627//766 142//766 140//766
f 627//767 624//767 142//767
f 628//768 626//768 614//768
f 629//769 140//769 138//769
f 629//770 627//770 140//770
f 630//771 138//771 136//771
f 630//772 629//772 138//772
f 631//773 136//773 134//773
f 631//774 630//774 136//774
f 632//775 134//775 132//775
f 632//776 631//776 134//776
f 118//777 132//777 116//777
f 118//778 632//778 132//778
f 614//779 633//779 628//779
f 634//780 604//780 617//780
f 122//781 117//781 127//781
f 127//782 117//782 129//782
f 129//783 117//783 116//783
f 120//784 121//784 635//784
f 635//785 188//785 636//785
f 121//786 188//786 635//786
f 636//787 191//787 118//787
f 188//788 191//788 636//788
f 118//789 194//789 632//789
f 191//790 194//790 118//790
f 632//791 197//791 631//791
f 194//792 197//792 632//792
f 631//793 200//793 630//793
f 197//794 200//794 631//794
f 630//795 203//795 629//795
f 200//796 203//796 630//796
f 629//797 206//797 627//797
f 203//798 206//798 629//798
f 627//799 209//799 624//799
f 206//800 209//800 627//800
f 624//801 212//801 621//801
f 209//802 212//802 624//802
f 621//803 215//803 618//803
f 212//804 215//804 621//804
f 618//805 218//805 615//805
f 215//806 218//806 618//806
f 615//807 225//807 614//807
f 218//808 225//808 615//808
f 118//809 120//809 635//809
f 118//810 635//810 636//810
f 225//811 283//811 633//811
f 225//812 633//812 614//812
f 281//813 221//813 637//813
f 281//814 637//814 638//814
f 637//815 221//815 639//815
f 639//816 219//816 640//816
f 221//817 219//817 639//817
f 640//818 216//818 641//818
f 219//819 216//819 640//819
f 641//820 213//820 642//820
f 216//821 213//821 641//821
f 642//822 210//822 643//822
f 213//823 210//823 642//823
f 643//824 207//824 644//824
f 210//825 207//825 643//825
f 644//826 204//826 645//826
f 207//827 204//827 644//827
f 645//828 201//828 646//828
f 204//829 201//829 645//829
f 646//830 198//830 647//830
f 201//831 198//831 646//831
f 647//832 195//832 648//832
f 198//833 195//833 647//833
f 648//834 192//834 649//834
f 195//835 192//835 648//835
f 649//836 189//836 650//836
f 192//837 189//837 649//837
f 650//838 185//838 651//838
f 189//839 185//839 650//839
f 187//840 651//840 185//840
f 652//841 651//841 187//841
f 653//842 654//842 651//842
f 653//843 651//843 652//843
f 372//844 655//844 656//844
f 362//845 656//845 657//845
f 362//846 372//846 656//846
f 351//847 657//847 658//847
f 351//848 362//848 657//848
f 340//849 658//849 659//849
f 340//850 351//850 658//850
f 329//851 659//851 660//851
f 329//852 340//852 659//852
f 318//853 660//853 661//853
f 318//854 329//854 660//854
f 311//855 661//855 662//855
f 311//856 318//856 661//856
f 302//857 662//857 663//857
f 302//858 311//858 662//858
f 295//859 302//859 663//859
f 295//860 663//860 664//860
f 286//861 295//861 664//861
f 286//862 664//862 665//862
f 267//863 286//863 665//863
f 267//864 665//864 666//864
f 233//865 267//865 666//865
f 233//866 666//866 667//866
f 228//867 233//867 667//867
f 228//868 667//868 668//868
f 229//869 228//869 668//869
f 229//870 668//870 669//870
f 230//871 229//871 669//871
f 230//872 669//872 670//872
f 222//873 670//873 671//873
f 222//874 230//874 670//874
f 222//875 671//875 672//875
f 223//876 672//876 673//876
f 223//877 222//877 672//877
f 224//878 223//878 673//878
f 224//879 673//879 674//879
f 220//880 674//880 675//880
f 220//881 224//881 674//881
f 217//882 675//882 676//882
f 217//883 220//883 675//883
f 214//884 676//884 677//884
f 214//885 217//885 676//885
f 211//886 677//886 678//886
f 211//887 214//887 677//887
f 208//888 678//888 679//888
f 208//889 211//889 678//889
f 205//890 679//890 680//890
f 205//891 208//891 679//891
f 202//892 680//892 681//892
f 202//893 205//893 680//893
f 199//894 681//894 682//894
f 199//895 202//895 681//895
f 196//896 682//896 683//896
f 196//897 199//897 682//897
f 193//898 683//898 684//898
f 193//899 196//899 683//899
f 190//900 684//900 685//900
f 190//901 193//901 684//901
f 186//902 685//902 686//902
f 186//903 190//903 685//903
f 187//904 686//904 652//904
f 187//905 186//905 686//905
f 655//906 371//906 687//906
f 655//907 687//907 688//907
f 655//908 688//908 689//908
f 372//909 371//909 655//909
f 687//910 371//910 690//910
f 690//911 361//911 691//911
f 371//912 361//912 690//912
f 691//913 350//913 692//913
f 361//914 350//914 691//914
f 692//915 339//915 693//915
f 350//916 339//916 692//916
f 693//917 328//917 694//917
f 339//918 328//918 693//918
f 694//919 317//919 695//919
f 328//920 317//920 694//920
f 695//921 310//921 696//921
f 317//922 310//922 695//922
f 696//923 301//923 697//923
f 310//924 301//924 696//924
f 697//925 294//925 698//925
f 301//926 294//926 697//926
f 698//927 285//927 699//927
f 294//928 285//928 698//928
f 699//929 266//929 700//929
f 285//930 266//930 699//930
f 700//931 232//931 701//931
f 266//932 232//932 700//932
f 701//933 227//933 702//933
f 232//934 227//934 701//934
f 227//935 303//935 703//935
f 227//936 703//936 702//936
f 704//937 541//937 705//937
f 451//938 541//938 704//938
f 705//939 541//939 706//939
f 706//940 522//940 707//940
f 541//941 522//941 706//941
f 707//942 498//942 708//942
f 522//943 498//943 707//943
f 708//944 474//944 709//944
f 498//945 474//945 708//945
f 709//946 470//946 710//946
f 474//947 470//947 709//947
f 710//948 466//948 711//948
f 470//949 466//949 710//949
f 711//950 460//950 712//950
f 466//951 460//951 711//951
f 712//952 446//952 713//952
f 460//953 446//953 712//953
f 713//954 434//954 714//954
f 446//955 434//955 713//955
f 714//956 422//956 715//956
f 434//957 422//957 714//957
f 715//958 410//958 716//958
f 422//959 410//959 715//959
f 716//960 398//960 717//960
f 410//961 398//961 716//961
f 717//962 397//962 718//962
f 398//963 397//963 717//963
f 718//964 719//964 720//964
f 718//965 720//965 721//965
f 397//966 396//966 719//966
f 397//967 719//967 718//967
f 603//968 722//968 723//968
f 600//969 723//969 724//969
f 600//970 603//970 723//970
f 596//971 724//971 725//971
f 596//972 600//972 724//972
f 592//973 725//973 726//973
f 592//974 596//974 725//974
f 588//975 726//975 727//975
f 588//976 592//976 726//976
f 584//977 727//977 728//977
f 584//978 588//978 727//978
f 580//979 728//979 729//979
f 580//980 584//980 728//980
f 576//981 729//981 730//981
f 576//982 580//982 729//982
f 572//983 576//983 730//983
f 572//984 730//984 731//984
f 568//985 572//985 731//985
f 568//986 731//986 732//986
f 564//987 568//987 732//987
f 564//988 732//988 733//988
f 560//989 564//989 733//989
f 560//990 733//990 734//990
f 556//991 560//991 734//991
f 556//992 734//992 735//992
f 553//993 556//993 735//993
f 553//994 735//994 736//994
f 551//995 553//995 736//995
f 551//996 736//996 737//996
f 548//997 737//997 738//997
f 548//998 551//998 737//998
f 548//999 738//999 739//999
f 545//1000 739//1000 740//1000
f 545//1001 548//1001 739//1001
f 543//1002 545//1002 740//1002
f 543//1003 740//1003 741//1003
f 540//1004 741//1004 742//1004
f 540//1005 543//1005 741//1005
f 521//1006 742//1006 743//1006
f 521//1007 540//1007 742//1007
f 497//1008 743//1008 744//1008
f 497//1009 521//1009 743//1009
f 473//1010 744//1010 745//1010
f 473//1011 497//1011 744//1011
f 469//1012 745//1012 746//1012
f 469//1013 473//1013 745//1013
f 465//1014 746//1014 747//1014
f 465//1015 469//1015 746//1015
f 459//1016 747//1016 748//1016
f 459//1017 465//1017 747//1017
f 445//1018 748//1018 749//1018
f 445//1019 459//1019 748//1019
f 433//1020 749//1020 750//1020
f 433//1021 445//1021 749//1021
f 421//1022 750//1022 751//1022
f 421//1023 433//1023 750//1023
f 409//1024 751//1024 752//1024
f 409//1025 421//1025 751//1025
f 395//1026 752//1026 753//1026
f 395//1027 409//1027 752//1027
f 396//1028 753//1028 719//1028
f 396//1029 395//1029 753//1029
f 601//1030 722//1030 603//1030
f 754//1031 722//1031 601//1031
f 755//1032 756//1032 722//1032
f 755//1033 722//1033 754//1033
f 754//1034 601//1034 757//1034
f 757//1035 597//1035 758//1035
f 601//1036 597//1036 757//1036
f 758//1037 593//1037 759//1037
f 597//1038 593//1038 758//1038
f 759//1039 589//1039 760//1039
f 593//1040 589//1040 759//1040
f 760//1041 585//1041 761//1041
f 589//1042 585//1042 760//1042
f 761//1043 581//1043 762//1043
f 585//1044 581//1044 761//1044
f 762//1045 577//1045 763//1045
f 581//1046 577//1046 762//1046
f 763//1047 573//1047 764//1047
f 577//1048 573//1048 763//1048
f 764//1049 569//1049 765//1049
f 573//1050 569//1050 764//1050
f 765//1051 565//1051 766//1051
f 569//1052 565//1052 765//1052
f 766//1053 561//1053 767//1053
f 565//1054 561//1054 766//1054
f 767//1055 557//1055 768//1055
f 561//1056 557//1056 767//1056
f 768//1057 546//1057 769//1057
f 557//1058 546//1058 768//1058
f 546//1059 475//1059 770//1059
f 546//1060 770//1060 769//1060
f 481//1061 547//1061 771//1061
f 481//1062 771//1062 772//1062
f 771//1063 547//1063 773//1063
f 773//1064 555//1064 774//1064
f 547//1065 555//1065 773//1065
f 774//1066 559//1066 775//1066
f 555//1067 559//1067 774//1067
f 775//1068 563//1068 776//1068
f 559//1069 563//1069 775//1069
f 776//1070 567//1070 777//1070
f 563//1071 567//1071 776//1071
f 777//1072 571//1072 778//1072
f 567//1073 571//1073 777//1073
f 778//1074 575//1074 779//1074
f 571//1075 575//1075 778//1075
f 779//1076 579//1076 780//1076
f 575//1077 579//1077 779//1077
f 780//1078 583//1078 781//1078
f 579//1079 583//1079 780//1079
f 781//1080 587//1080 782//1080
f 583//1081 587//1081 781//1081
f 782//1082 591//1082 783//1082
f 587//1083 591//1083 782//1083
f 783//1084 595//1084 784//1084
f 591//1085 595//1085 783//1085
f 784//1086 599//1086 785//1086
f 595//1087 599//1087 784//1087
f 602//1088 785//1088 599//1088
f 786//1089 785//1089 602//1089
f 787//1090 788//1090 785//1090
f 787//1091 785//1091 786//1091
f 393//1092 789//1092 790//1092
f 391//1093 790//1093 791//1093
f 391//1094 393//1094 790//1094
f 407//1095 791//1095 792//1095
f 407//1096 391//1096 791//1096
f 419//1097 792//1097 793//1097
f 419//1098 407//1098 792//1098
f 431//1099 793//1099 794//1099
f 431//1100 419//1100 793//1100
f 443//1101 794//1101 795//1101
f 443//1102 431//1102 794//1102
f 457//1103 795//1103 796//1103
f 457//1104 443//1104 795//1104
f 463//1105 796//1105 797//1105
f 463//1106 457//1106 796//1106
f 467//1107 463//1107 797//1107
f 467//1108 797//1108 798//1108
f 471//1109 467//1109 798//1109
f 471//1110 798//1110 799//1110
f 495//1111 471//1111 799//1111
f 495//1112 799//1112 800//1112
f 519//1113 495//1113 800//1113
f 519//1114 800//1114 801//1114
f 538//1115 519//1115 801//1115
f 538//1116 801//1116 802//1116
f 542//1117 538//1117 802//1117
f 542//1118 802//1118 803//1118
f 544//1119 542//1119 803//1119
f 544//1120 803//1120 804//1120
f 549//1121 804//1121 805//1121
f 549//1122 544//1122 804//1122
f 549//1123 805//1123 806//1123
f 550//1124 806//1124 807//1124
f 550//1125 549//1125 806//1125
f 552//1126 550//1126 807//1126
f 552//1127 807//1127 808//1127
f 554//1128 808//1128 809//1128
f 554//1129 552//1129 808//1129
f 558//1130 809//1130 810//1130
f 558//1131 554//1131 809//1131
f 562//1132 810//1132 811//1132
f 562//1133 558//1133 810//1133
f 566//1134 811//1134 812//1134
f 566//1135 562//1135 811//1135
f 570//1136 812//1136 813//1136
f 570//1137 566//1137 812//1137
f 574//1138 813//1138 814//1138
f 574//1139 570//1139 813//1139
f 578//1140 814//1140 815//1140
f 578//1141 574//1141 814//1141
f 582//1142 815//1142 816//1142
f 582//1143 578//1143 815//1143
f 586//1144 816//1144 817//1144
f 586//1145 582//1145 816//1145
f 590//1146 817//1146 818//1146
f 590//1147 586//1147 817//1147
f 594//1148 818//1148 819//1148
f 594//1149 590//1149 818//1149
f 598//1150 819//1150 820//1150
f 598//1151 594//1151 819//1151
f 602//1152 820//1152 786//1152
f 602//1153 598//1153 820//1153
f 789//1154 392//1154 821//1154
f 789//1155 821//1155 822//1155
f 789//1156 822//1156 823//1156
f 393//1157 392//1157 789//1157
f 821//1158 392//1158 824//1158
f 824//1159 394//1159 825//1159
f 392//1160 394//1160 824//1160
f 825//1161 408//1161 826//1161
f 394//1162 408//1162 825//1162
f 826//1163 420//1163 827//1163
f 408//1164 420//1164 826//1164
f 827//1165 432//1165 828//1165
f 420//1166 432//1166 827//1166
f 828//1167 444//1167 829//1167
f 432//1168 444//1168 828//1168
f 829//1169 458//1169 830//1169
f 444//1170 458//1170 829//1170
f 830//1171 464//1171 831//1171
f 458//1172 464//1172 830//1172
f 831//1173 468//1173 832//1173
f 464//1174 468//1174 831//1174
f 832//1175 472//1175 833//1175
f 468//1176 472//1176 832//1176
f 833//1177 496//1177 834//1177
f 472//1178 496//1178 833//1178
f 834//1179 520//1179 835//1179
f 496//1180 520//1180 834//1180
f 835//1181 539//1181 836//1181
f 520//1182 539//1182 835//1182
f 539//1183 447//1183 837//1183
f 539//1184 837//1184 836//1184
f 634//1185 226//1185 604//1185
f 305//1186 226//1186 634//1186
f 683//1187 647//1187 648//1187
f 683//1188 648//1188 684//1188
f 682//1189 646//1189 647//1189
f 682//1190 647//1190 683//1190
f 681//1191 645//1191 646//1191
f 681//1192 646//1192 682//1192
f 680//1193 644//1193 645//1193
f 680//1194 645//1194 681//1194
f 679//1195 643//1195 644//1195
f 679//1196 644//1196 680//1196
f 678//1197 642//1197 643//1197
f 678//1198 643//1198 679//1198
f 677//1199 641//1199 642//1199
f 677//1200 642//1200 678//1200
f 637//1201 838//1201 839//1201
f 637//1202 839//1202 840//1202
f 637//1203 840//1203 841//1203
f 637//1204 841//1204 842//1204
f 676//1205 641//1205 677//1205
f 676//1206 640//1206 641//1206
f 675//1207 640//1207 676//1207
f 675//1208 639//1208 640//1208
f 674//1209 639//1209 675//1209
f 674//1210 637//1210 639//1210
f 673//1211 637//1211 674//1211
f 672//1212 637//1212 673//1212
f 702//1213 838//1213 637//1213
f 702//1214 843//1214 844//1214
f 702//1215 844//1215 845//1215
f 702//1216 845//1216 846//1216
f 702//1217 846//1217 838//1217
f 671//1218 637//1218 672//1218
f 671//1219 702//1219 637//1219
f 670//1220 702//1220 671//1220
f 669//1221 702//1221 670//1221
f 668//1222 701//1222 702//1222
f 668//1223 702//1223 669//1223
f 667//1224 700//1224 701//1224
f 667//1225 701//1225 668//1225
f 666//1226 699//1226 700//1226
f 666//1227 700//1227 667//1227
f 665//1228 698//1228 699//1228
f 665//1229 699//1229 666//1229
f 664//1230 697//1230 698//1230
f 664//1231 698//1231 665//1231
f 663//1232 696//1232 697//1232
f 663//1233 697//1233 664//1233
f 662//1234 695//1234 696//1234
f 662//1235 696//1235 663//1235
f 661//1236 694//1236 695//1236
f 661//1237 695//1237 662//1237
f 660//1238 693//1238 694//1238
f 660//1239 694//1239 661//1239
f 659//1240 692//1240 693//1240
f 659//1241 693//1241 660//1241
f 658//1242 692//1242 659//1242
f 702//1243 703//1243 843//1243
f 638//1244 637//1244 842//1244
f 651//1245 648//1245 650//1245
f 650//1246 648//1246 649//1246
f 652//1247 847//1247 848//1247
f 652//1248 848//1248 653//1248
f 849//1249 654//1249 850//1249
f 648//1250 651//1250 849//1250
f 651//1251 654//1251 849//1251
f 685//1252 847//1252 686//1252
f 686//1253 847//1253 652//1253
f 685//1254 684//1254 847//1254
f 655//1255 851//1255 656//1255
f 656//1256 851//1256 657//1256
f 657//1257 851//1257 658//1257
f 655//1258 689//1258 852//1258
f 851//1259 655//1259 852//1259
f 853//1260 854//1260 688//1260
f 687//1261 692//1261 853//1261
f 688//1262 687//1262 853//1262
f 692//1263 687//1263 690//1263
f 692//1264 690//1264 691//1264
f 726//1265 725//1265 759//1265
f 726//1266 759//1266 760//1266
f 727//1267 760//1267 761//1267
f 727//1268 726//1268 760//1268
f 728//1269 761//1269 762//1269
f 728//1270 727//1270 761//1270
f 729//1271 762//1271 763//1271
f 729//1272 728//1272 762//1272
f 730//1273 763//1273 764//1273
f 730//1274 729//1274 763//1274
f 731//1275 764//1275 765//1275
f 731//1276 730//1276 764//1276
f 732//1277 731//1277 765//1277
f 732//1278 765//1278 766//1278
f 769//1279 855//1279 856//1279
f 769//1280 856//1280 857//1280
f 769//1281 857//1281 858//1281
f 769//1282 858//1282 859//1282
f 733//1283 732//1283 766//1283
f 733//1284 766//1284 767//1284
f 734//1285 733//1285 767//1285
f 734//1286 767//1286 768//1286
f 735//1287 734//1287 768//1287
f 735//1288 768//1288 769//1288
f 736//1289 735//1289 769//1289
f 737//1290 736//1290 769//1290
f 705//1291 859//1291 860//1291
f 705//1292 860//1292 861//1292
f 705//1293 861//1293 862//1293
f 705//1294 862//1294 863//1294
f 705//1295 769//1295 859//1295
f 738//1296 737//1296 769//1296
f 738//1297 769//1297 705//1297
f 739//1298 738//1298 705//1298
f 740//1299 739//1299 705//1299
f 741//1300 705//1300 706//1300
f 741//1301 740//1301 705//1301
f 742//1302 706//1302 707//1302
f 742//1303 741//1303 706//1303
f 743//1304 707//1304 708//1304
f 743//1305 742//1305 707//1305
f 744//1306 708//1306 709//1306
f 744//1307 743//1307 708//1307
f 745//1308 709//1308 710//1308
f 745//1309 744//1309 709//1309
f 746//1310 710//1310 711//1310
f 746//1311 745//1311 710//1311
f 747//1312 711//1312 712//1312
f 747//1313 746//1313 711//1313
f 748//1314 712//1314 713//1314
f 748//1315 747//1315 712//1315
f 749//1316 713//1316 714//1316
f 749//1317 748//1317 713//1317
f 750//1318 749//1318 714//1318
f 750//1319 714//1319 715//1319
f 751//1320 750//1320 715//1320
f 769//1321 770//1321 855//1321
f 704//1322 705//1322 863//1322
f 718//1323 715//1323 717//1323
f 717//1324 715//1324 716//1324
f 719//1325 864//1325 865//1325
f 719//1326 865//1326 720//1326
f 866//1327 721//1327 867//1327
f 715//1328 718//1328 866//1328
f 718//1329 721//1329 866//1329
f 722//1330 868//1330 723//1330
f 723//1331 868//1331 724//1331
f 724//1332 868//1332 725//1332
f 752//1333 864//1333 753//1333
f 753//1334 864//1334 719//1334
f 752//1335 751//1335 864//1335
f 722//1336 756//1336 869//1336
f 868//1337 722//1337 869//1337
f 870//1338 871//1338 755//1338
f 754//1339 759//1339 870//1339
f 755//1340 754//1340 870//1340
f 759//1341 754//1341 758//1341
f 758//1342 754//1342 757//1342
f 826//1343 793//1343 792//1343
f 827//1344 794//1344 793//1344
f 827//1345 793//1345 826//1345
f 828//1346 795//1346 794//1346
f 828//1347 794//1347 827//1347
f 829//1348 796//1348 795//1348
f 829//1349 795//1349 828//1349
f 830//1350 797//1350 796//1350
f 830//1351 796//1351 829//1351
f 831//1352 798//1352 797//1352
f 831//1353 797//1353 830//1353
f 832//1354 799//1354 798//1354
f 832//1355 798//1355 831//1355
f 833//1356 800//1356 799//1356
f 833//1357 799//1357 832//1357
f 834//1358 800//1358 833//1358
f 834//1359 801//1359 800//1359
f 835//1360 802//1360 801//1360
f 835//1361 801//1361 834//1361
f 836//1362 802//1362 835//1362
f 836//1363 803//1363 802//1363
f 836//1364 804//1364 803//1364
f 836//1365 805//1365 804//1365
f 771//1366 805//1366 836//1366
f 771//1367 806//1367 805//1367
f 771//1368 807//1368 806//1368
f 771//1369 808//1369 807//1369
f 773//1370 808//1370 771//1370
f 773//1371 809//1371 808//1371
f 872//1372 836//1372 873//1372
f 774//1373 810//1373 809//1373
f 774//1374 809//1374 773//1374
f 874//1375 836//1375 872//1375
f 875//1376 836//1376 874//1376
f 775//1377 811//1377 810//1377
f 775//1378 810//1378 774//1378
f 876//1379 771//1379 836//1379
f 876//1380 836//1380 875//1380
f 877//1381 771//1381 876//1381
f 776//1382 812//1382 811//1382
f 776//1383 811//1383 775//1383
f 878//1384 771//1384 877//1384
f 879//1385 771//1385 878//1385
f 777//1386 813//1386 812//1386
f 777//1387 812//1387 776//1387
f 880//1388 771//1388 879//1388
f 778//1389 814//1389 813//1389
f 778//1390 813//1390 777//1390
f 779//1391 815//1391 814//1391
f 779//1392 814//1392 778//1392
f 780//1393 816//1393 815//1393
f 780//1394 815//1394 779//1394
f 781//1395 817//1395 816//1395
f 781//1396 816//1396 780//1396
f 782//1397 817//1397 781//1397
f 818//1398 817//1398 782//1398
f 836//1399 837//1399 873//1399
f 772//1400 771//1400 880//1400
f 785//1401 782//1401 784//1401
f 784//1402 782//1402 783//1402
f 786//1403 881//1403 882//1403
f 786//1404 882//1404 787//1404
f 883//1405 788//1405 884//1405
f 782//1406 785//1406 883//1406
f 785//1407 788//1407 883//1407
f 789//1408 885//1408 790//1408
f 790//1409 885//1409 791//1409
f 791//1410 885//1410 792//1410
f 819//1411 881//1411 820//1411
f 820//1412 881//1412 786//1412
f 819//1413 818//1413 881//1413
f 789//1414 823//1414 886//1414
f 885//1415 789//1415 886//1415
f 887//1416 888//1416 822//1416
f 821//1417 826//1417 887//1417
f 822//1418 821//1418 887//1418
f 826//1419 821//1419 824//1419
f 826//1420 824//1420 825//1420
f 889//1421 890//1421 848//1421
f 684//1422 648//1422 849//1422
f 684//1423 849//1423 889//1423
f 847//1424 684//1424 889//1424
f 848//1425 847//1425 889//1425
f 891//1426 852//1426 892//1426
f 658//1427 891//1427 853//1427
f 658//1428 851//1428 891//1428
f 692//1429 658//1429 853//1429
f 851//1430 852//1430 891//1430
f 850//1431 893//1431 849//1431
f 849//1432 893//1432 894//1432
f 894//1433 895//1433 896//1433
f 893//1434 895//1434 894//1434
f 896//1435 897//1435 898//1435
f 895//1436 897//1436 896//1436
f 898//1437 899//1437 900//1437
f 897//1438 899//1438 898//1438
f 900//1439 901//1439 902//1439
f 899//1440 901//1440 900//1440
f 902//1441 903//1441 904//1441
f 901//1442 903//1442 902//1442
f 904//1443 905//1443 906//1443
f 903//1444 905//1444 904//1444
f 906//1445 907//1445 908//1445
f 905//1446 907//1446 906//1446
f 908//1447 909//1447 910//1447
f 907//1448 909//1448 908//1448
f 910//1449 911//1449 912//1449
f 909//1450 911//1450 910//1450
f 912//1451 913//1451 914//1451
f 911//1452 913//1452 912//1452
f 913//1453 915//1453 914//1453
f 914//1454 915//1454 916//1454
f 915//1455 917//1455 916//1455
f 916//1456 917//1456 918//1456
f 917//1457 919//1457 918//1457
f 918//1458 919//1458 920//1458
f 920//1459 921//1459 922//1459
f 919//1460 921//1460 920//1460
f 922//1461 923//1461 924//1461
f 921//1462 923//1462 922//1462
f 924//1463 925//1463 926//1463
f 923//1464 925//1464 924//1464
f 926//1465 927//1465 928//1465
f 925//1466 927//1466 926//1466
f 927//1467 929//1467 928//1467
f 928//1468 929//1468 930//1468
f 930//1469 931//1469 932//1469
f 929//1470 931//1470 930//1470
f 932//1471 933//1471 934//1471
f 931//1472 933//1472 932//1472
f 934//1473 935//1473 936//1473
f 933//1474 935//1474 934//1474
f 936//1475 937//1475 938//1475
f 935//1476 937//1476 936//1476
f 938//1477 854//1477 853//1477
f 937//1478 854//1478 938//1478
f 939//1479 869//1479 940//1479
f 725//1480 939//1480 870//1480
f 725//1481 868//1481 939//1481
f 759//1482 725//1482 870//1482
f 868//1483 869//1483 939//1483
f 941//1484 942//1484 865//1484
f 751//1485 715//1485 866//1485
f 751//1486 866//1486 941//1486
f 864//1487 751//1487 941//1487
f 865//1488 864//1488 941//1488
f 867//1489 943//1489 866//1489
f 866//1490 943//1490 944//1490
f 944//1491 945//1491 946//1491
f 943//1492 945//1492 944//1492
f 946//1493 947//1493 948//1493
f 945//1494 947//1494 946//1494
f 948//1495 949//1495 950//1495
f 947//1496 949//1496 948//1496
f 950//1497 951//1497 952//1497
f 949//1498 951//1498 950//1498
f 952//1499 953//1499 954//1499
f 951//1500 953//1500 952//1500
f 954//1501 955//1501 956//1501
f 953//1502 955//1502 954//1502
f 956//1503 957//1503 958//1503
f 955//1504 957//1504 956//1504
f 958//1505 959//1505 960//1505
f 957//1506 959//1506 958//1506
f 960//1507 961//1507 962//1507
f 959//1508 961//1508 960//1508
f 962//1509 963//1509 964//1509
f 961//1510 963//1510 962//1510
f 963//1511 965//1511 964//1511
f 964//1512 965//1512 966//1512
f 965//1513 967//1513 966//1513
f 966//1514 967//1514 968//1514
f 967//1515 969//1515 968//1515
f 968//1516 969//1516 970//1516
f 970//1517 971//1517 972//1517
f 969//1518 971//1518 970//1518
f 972//1519 973//1519 974//1519
f 971//1520 973//1520 972//1520
f 974//1521 975//1521 976//1521
f 973//1522 975//1522 974//1522
f 976//1523 977//1523 978//1523
f 975//1524 977//1524 976//1524
f 977//1525 979//1525 978//1525
f 978//1526 979//1526 980//1526
f 980//1527 981//1527 982//1527
f 979//1528 981//1528 980//1528
f 982//1529 983//1529 984//1529
f 981//1530 983//1530 982//1530
f 984//1531 985//1531 986//1531
f 983//1532 985//1532 984//1532
f 986//1533 987//1533 988//1533
f 985//1534 987//1534 986//1534
f 988//1535 871//1535 870//1535
f 987//1536 871//1536 988//1536
f 989//1537 886//1537 990//1537
f 792//1538 989//1538 887//1538
f 792//1539 885//1539 989//1539
f 826//1540 792//1540 887//1540
f 885//1541 886//1541 989//1541
f 991//1542 992//1542 882//1542
f 818//1543 782//1543 883//1543
f 818//1544 883//1544 991//1544
f 881//1545 818//1545 991//1545
f 882//1546 881//1546 991//1546
f 884//1547 993//1547 883//1547
f 883//1548 993//1548 994//1548
f 994//1549 995//1549 996//1549
f 993//1550 995//1550 994//1550
f 996//1551 997//1551 998//1551
f 995//1552 997//1552 996//1552
f 998//1553 999//1553 1000//1553
f 997//1554 999//1554 998//1554
f 1000//1555 1001//1555 1002//1555
f 999//1556 1001//1556 1000//1556
f 1002//1557 1003//1557 1004//1557
f 1001//1558 1003//1558 1002//1558
f 1004//1559 1005//1559 1006//1559
f 1003//1560 1005//1560 1004//1560
f 1006//1561 1007//1561 1008//1561
f 1005//1562 1007//1562 1006//1562
f 1008//1563 1009//1563 1010//1563
f 1007//1564 1009//1564 1008//1564
f 1010//1565 1011//1565 1012//1565
f 1009//1566 1011//1566 1010//1566
f 1012//1567 1013//1567 1014//1567
f 1011//1568 1013//1568 1012//1568
f 1013//1569 1015//1569 1014//1569
f 1014//1570 1015//1570 1016//1570
f 1015//1571 1017//1571 1016//1571
f 1016//1572 1017//1572 1018//1572
f 1017//1573 1019//1573 1018//1573
f 1018//1574 1019//1574 1020//1574
f 1020//1575 1021//1575 1022//1575
f 1019//1576 1021//1576 1020//1576
f 1022//1577 1023//1577 1024//1577
f 1021//1578 1023//1578 1022//1578
f 1024//1579 1025//1579 1026//1579
f 1023//1580 1025//1580 1024//1580
f 1026//1581 1027//1581 1028//1581
f 1025//1582 1027//1582 1026//1582
f 1027//1583 1029//1583 1028//1583
f 1028//1584 1029//1584 1030//1584
f 1030//1585 1031//1585 1032//1585
f 1029//1586 1031//1586 1030//1586
f 1032//1587 1033//1587 1034//1587
f 1031//1588 1033//1588 1032//1588
f 1034//1589 1035//1589 1036//1589
f 1033//1590 1035//1590 1034//1590
f 1036//1591 1037//1591 1038//1591
f 1035//1592 1037//1592 1036//1592
f 1038//1593 888//1593 887//1593
f 1037//1594 888//1594 1038//1594
f 890//1595 889//1595 1039//1595
f 1039//1596 1040//1596 1041//1596
f 889//1597 1040//1597 1039//1597
f 1041//1598 1042//1598 1043//1598
f 1040//1599 1042//1599 1041//1599
f 1043//1600 1044//1600 1045//1600
f 1042//1601 1044//1601 1043//1601
f 1045//1602 1046//1602 1047//1602
f 1044//1603 1046//1603 1045//1603
f 1047//1604 1048//1604 1049//1604
f 1046//1605 1048//1605 1047//1605
f 1049//1606 1050//1606 1051//1606
f 1048//1607 1050//1607 1049//1607
f 1051//1608 1052//1608 1053//1608
f 1050//1609 1052//1609 1051//1609
f 1053//1610 1054//1610 1055//1610
f 1052//1611 1054//1611 1053//1611
f 1055//1612 1056//1612 1057//1612
f 1054//1613 1056//1613 1055//1613
f 1057//1614 1058//1614 1059//1614
f 1056//1615 1058//1615 1057//1615
f 1058//1616 1060//1616 1059//1616
f 1059//1617 1060//1617 1061//1617
f 1060//1618 1062//1618 1061//1618
f 1061//1619 1062//1619 1063//1619
f 1062//1620 1064//1620 1063//1620
f 1063//1621 1064//1621 1065//1621
f 1065//1622 1066//1622 1067//1622
f 1064//1623 1066//1623 1065//1623
f 1067//1624 1068//1624 1069//1624
f 1066//1625 1068//1625 1067//1625
f 1069//1626 1070//1626 1071//1626
f 1068//1627 1070//1627 1069//1627
f 1071//1628 1072//1628 1073//1628
f 1070//1629 1072//1629 1071//1629
f 1073//1630 1074//1630 1075//1630
f 1072//1631 1074//1631 1073//1631
f 1075//1632 1076//1632 1077//1632
f 1074//1633 1076//1633 1075//1633
f 1077//1634 1078//1634 1079//1634
f 1076//1635 1078//1635 1077//1635
f 1079//1636 1080//1636 1081//1636
f 1078//1637 1080//1637 1079//1637
f 1081//1638 1082//1638 1083//1638
f 1080//1639 1082//1639 1081//1639
f 1083//1640 1084//1640 1085//1640
f 1082//1641 1084//1641 1083//1641
f 1085//1642 1086//1642 1087//1642
f 1084//1643 1086//1643 1085//1643
f 1087//1644 1088//1644 892//1644
f 1086//1645 1088//1645 1087//1645
f 1088//1646 891//1646 892//1646
f 849//1647 1040//1647 889//1647
f 894//1648 1040//1648 849//1648
f 896//1649 1042//1649 894//1649
f 894//1650 1042//1650 1040//1650
f 898//1651 1044//1651 896//1651
f 896//1652 1044//1652 1042//1652
f 900//1653 1046//1653 898//1653
f 898//1654 1046//1654 1044//1654
f 902//1655 1048//1655 900//1655
f 900//1656 1048//1656 1046//1656
f 904//1657 1050//1657 902//1657
f 902//1658 1050//1658 1048//1658
f 904//1659 1052//1659 1050//1659
f 906//1660 1052//1660 904//1660
f 891//1661 1088//1661 853//1661
f 853//1662 1088//1662 938//1662
f 908//1663 1054//1663 906//1663
f 906//1664 1054//1664 1052//1664
f 1088//1665 1086//1665 938//1665
f 938//1666 1086//1666 936//1666
f 908//1667 1056//1667 1054//1667
f 910//1668 1056//1668 908//1668
f 1086//1669 1084//1669 936//1669
f 936//1670 1084//1670 934//1670
f 910//1671 1058//1671 1056//1671
f 912//1672 1058//1672 910//1672
f 1084//1673 1082//1673 934//1673
f 934//1674 1082//1674 932//1674
f 912//1675 1060//1675 1058//1675
f 914//1676 1060//1676 912//1676
f 1082//1677 1080//1677 932//1677
f 932//1678 1080//1678 930//1678
f 916//1679 1062//1679 914//1679
f 914//1680 1062//1680 1060//1680
f 1080//1681 1078//1681 930//1681
f 930//1682 1078//1682 928//1682
f 916//1683 1064//1683 1062//1683
f 1078//1684 1076//1684 928//1684
f 928//1685 1076//1685 926//1685
f 918//1686 1066//1686 916//1686
f 916//1687 1066//1687 1064//1687
f 926//1688 1074//1688 924//1688
f 1076//1689 1074//1689 926//1689
f 920//1690 1068//1690 918//1690
f 918//1691 1068//1691 1066//1691
f 924//1692 1072//1692 922//1692
f 1074//1693 1072//1693 924//1693
f 922//1694 1070//1694 920//1694
f 920//1695 1070//1695 1068//1695
f 1072//1696 1070//1696 922//1696
f 866//1697 1089//1697 941//1697
f 944//1698 1089//1698 866//1698
f 946//1699 1090//1699 944//1699
f 944//1700 1090//1700 1089//1700
f 948//1701 1091//1701 946//1701
f 946//1702 1091//1702 1090//1702
f 950//1703 1092//1703 948//1703
f 948//1704 1092//1704 1091//1704
f 952//1705 1093//1705 950//1705
f 950//1706 1093//1706 1092//1706
f 954//1707 1094//1707 952//1707
f 952//1708 1094//1708 1093//1708
f 954//1709 1095//1709 1094//1709
f 956//1710 1095//1710 954//1710
f 939//1711 1096//1711 870//1711
f 870//1712 1096//1712 988//1712
f 958//1713 1097//1713 956//1713
f 956//1714 1097//1714 1095//1714
f 1096//1715 1098//1715 988//1715
f 988//1716 1098//1716 986//1716
f 958//1717 1099//1717 1097//1717
f 960//1718 1099//1718 958//1718
f 1098//1719 1100//1719 986//1719
f 986//1720 1100//1720 984//1720
f 960//1721 1101//1721 1099//1721
f 962//1722 1101//1722 960//1722
f 1100//1723 1102//1723 984//1723
f 984//1724 1102//1724 982//1724
f 962//1725 1103//1725 1101//1725
f 964//1726 1103//1726 962//1726
f 1102//1727 1104//1727 982//1727
f 982//1728 1104//1728 980//1728
f 966//1729 1105//1729 964//1729
f 964//1730 1105//1730 1103//1730
f 1104//1731 1106//1731 980//1731
f 980//1732 1106//1732 978//1732
f 966//1733 1107//1733 1105//1733
f 1106//1734 1108//1734 978//1734
f 978//1735 1108//1735 976//1735
f 968//1736 1109//1736 966//1736
f 966//1737 1109//1737 1107//1737
f 976//1738 1110//1738 974//1738
f 1108//1739 1110//1739 976//1739
f 970//1740 1111//1740 968//1740
f 968//1741 1111//1741 1109//1741
f 974//1742 1112//1742 972//1742
f 1110//1743 1112//1743 974//1743
f 972//1744 1113//1744 970//1744
f 970//1745 1113//1745 1111//1745
f 1112//1746 1113//1746 972//1746
f 942//1747 941//1747 1114//1747
f 1114//1748 1089//1748 1115//1748
f 941//1749 1089//1749 1114//1749
f 1115//1750 1090//1750 1116//1750
f 1089//1751 1090//1751 1115//1751
f 1116//1752 1091//1752 1117//1752
f 1090//1753 1091//1753 1116//1753
f 1117//1754 1092//1754 1118//1754
f 1091//1755 1092//1755 1117//1755
f 1118//1756 1093//1756 1119//1756
f 1092//1757 1093//1757 1118//1757
f 1119//1758 1094//1758 1120//1758
f 1093//1759 1094//1759 1119//1759
f 1120//1760 1095//1760 1121//1760
f 1094//1761 1095//1761 1120//1761
f 1121//1762 1097//1762 1122//1762
f 1095//1763 1097//1763 1121//1763
f 1122//1764 1099//1764 1123//1764
f 1097//1765 1099//1765 1122//1765
f 1123//1766 1101//1766 1124//1766
f 1099//1767 1101//1767 1123//1767
f 1101//1768 1103//1768 1124//1768
f 1124//1769 1103//1769 1125//1769
f 1103//1770 1105//1770 1125//1770
f 1125//1771 1105//1771 1126//1771
f 1105//1772 1107//1772 1126//1772
f 1126//1773 1107//1773 1127//1773
f 1127//1774 1109//1774 1128//1774
f 1107//1775 1109//1775 1127//1775
f 1128//1776 1111//1776 1129//1776
f 1109//1777 1111//1777 1128//1777
f 1129//1778 1113//1778 1130//1778
f 1111//1779 1113//1779 1129//1779
f 1130//1780 1112//1780 1131//1780
f 1113//1781 1112//1781 1130//1781
f 1131//1782 1110//1782 1132//1782
f 1112//1783 1110//1783 1131//1783
f 1132//1784 1108//1784 1133//1784
f 1110//1785 1108//1785 1132//1785
f 1133//1786 1106//1786 1134//1786
f 1108//1787 1106//1787 1133//1787
f 1134//1788 1104//1788 1135//1788
f 1106//1789 1104//1789 1134//1789
f 1135//1790 1102//1790 1136//1790
f 1104//1791 1102//1791 1135//1791
f 1136//1792 1100//1792 1137//1792
f 1102//1793 1100//1793 1136//1793
f 1137//1794 1098//1794 1138//1794
f 1100//1795 1098//1795 1137//1795
f 1138//1796 1096//1796 940//1796
f 1098//1797 1096//1797 1138//1797
f 1096//1798 939//1798 940//1798
f 883//1799 1139//1799 991//1799
f 994//1800 1139//1800 883//1800
f 996//1801 1140//1801 994//1801
f 994//1802 1140//1802 1139//1802
f 998//1803 1141//1803 996//1803
f 996//1804 1141//1804 1140//1804
f 1000//1805 1142//1805 998//1805
f 998//1806 1142//1806 1141//1806
f 1002//1807 1143//1807 1000//1807
f 1000//1808 1143//1808 1142//1808
f 1004//1809 1144//1809 1002//1809
f 1002//1810 1144//1810 1143//1810
f 1004//1811 1145//1811 1144//1811
f 1006//1812 1145//1812 1004//1812
f 989//1813 1146//1813 887//1813
f 887//1814 1146//1814 1038//1814
f 1008//1815 1147//1815 1006//1815
f 1006//1816 1147//1816 1145//1816
f 1146//1817 1148//1817 1038//1817
f 1038//1818 1148//1818 1036//1818
f 1008//1819 1149//1819 1147//1819
f 1010//1820 1149//1820 1008//1820
f 1148//1821 1150//1821 1036//1821
f 1036//1822 1150//1822 1034//1822
f 1010//1823 1151//1823 1149//1823
f 1012//1824 1151//1824 1010//1824
f 1150//1825 1152//1825 1034//1825
f 1034//1826 1152//1826 1032//1826
f 1014//1827 1153//1827 1012//1827
f 1012//1828 1153//1828 1151//1828
f 1152//1829 1154//1829 1032//1829
f 1032//1830 1154//1830 1030//1830
f 1014//1831 1155//1831 1153//1831
f 1016//1832 1155//1832 1014//1832
f 1154//1833 1156//1833 1030//1833
f 1030//1834 1156//1834 1028//1834
f 1016//1835 1157//1835 1155//1835
f 1156//1836 1158//1836 1028//1836
f 1028//1837 1158//1837 1026//1837
f 1018//1838 1159//1838 1016//1838
f 1016//1839 1159//1839 1157//1839
f 1026//1840 1160//1840 1024//1840
f 1158//1841 1160//1841 1026//1841
f 1020//1842 1161//1842 1018//1842
f 1018//1843 1161//1843 1159//1843
f 1024//1844 1162//1844 1022//1844
f 1160//1845 1162//1845 1024//1845
f 1022//1846 1163//1846 1020//1846
f 1020//1847 1163//1847 1161//1847
f 1162//1848 1163//1848 1022//1848
f 992//1849 991//1849 1164//1849
f 1164//1850 1139//1850 1165//1850
f 991//1851 1139//1851 1164//1851
f 1165//1852 1140//1852 1166//1852
f 1139//1853 1140//1853 1165//1853
f 1166//1854 1141//1854 1167//1854
f 1140//1855 1141//1855 1166//1855
f 1167//1856 1142//1856 1168//1856
f 1141//1857 1142//1857 1167//1857
f 1168//1858 1143//1858 1169//1858
f 1142//1859 1143//1859 1168//1859
f 1169//1860 1144//1860 1170//1860
f 1143//1861 1144//1861 1169//1861
f 1170//1862 1145//1862 1171//1862
f 1144//1863 1145//1863 1170//1863
f 1171//1864 1147//1864 1172//1864
f 1145//1865 1147//1865 1171//1865
f 1172//1866 1149//1866 1173//1866
f 1147//1867 1149//1867 1172//1867
f 1173//1868 1151//1868 1174//1868
f 1149//1869 1151//1869 1173//1869
f 1151//1870 1153//1870 1174//1870
f 1174//1871 1153//1871 1175//1871
f 1153//1872 1155//1872 1175//1872
f 1175//1873 1155//1873 1176//1873
f 1155//1874 1157//1874 1176//1874
f 1176//1875 1157//1875 1177//1875
f 1177//1876 1159//1876 1178//1876
f 1157//1877 1159//1877 1177//1877
f 1178//1878 1161//1878 1179//1878
f 1159//1879 1161//1879 1178//1879
f 1179//1880 1163//1880 1180//1880
f 1161//1881 1163//1881 1179//1881
f 1180//1882 1162//1882 1181//1882
f 1163//1883 1162//1883 1180//1883
f 1181//1884 1160//1884 1182//1884
f 1162//1885 1160//1885 1181//1885
f 1182//1886 1158//1886 1183//1886
f 1160//1887 1158//1887 1182//1887
f 1183//1888 1156//1888 1184//1888
f 1158//1889 1156//1889 1183//1889
f 1184//1890 1154//1890 1185//1890
f 1156//1891 1154//1891 1184//1891
f 1185//1892 1152//1892 1186//1892
f 1154//1893 1152//1893 1185//1893
f 1186//1894 1150//1894 1187//1894
f 1152//1895 1150//1895 1186//1895
f 1187//1896 1148//1896 1188//1896
f 1150//1897 1148//1897 1187//1897
f 1188//1898 1146//1898 990//1898
f 1148//1899 1146//1899 1188//1899
f 1146//1900 989//1900 990//1900
f 124//1901 113//1901 115//1901
f 49//1902 111//1902 113//1902
f 49//1903 124//1903 119//1903
f 49//1904 113//1904 124//1904
f 47//1905 109//1905 111//1905
f 47//1906 111//1906 49//1906
f 45//1907 107//1907 109//1907
f 45//1908 109//1908 47//1908
f 43//1909 105//1909 107//1909
f 43//1910 107//1910 45//1910
f 41//1911 103//1911 105//1911
f 41//1912 105//1912 43//1912
f 39//1913 101//1913 103//1913
f 39//1914 103//1914 41//1914
f 37//1915 99//1915 101//1915
f 37//1916 101//1916 39//1916
f 35//1917 97//1917 99//1917
f 35//1918 99//1918 37//1918
f 33//1919 95//1919 97//1919
f 33//1920 97//1920 35//1920
f 31//1921 93//1921 95//1921
f 31//1922 95//1922 33//1922
f 29//1923 91//1923 93//1923
f 29//1924 93//1924 31//1924
f 27//1925 91//1925 29//1925
f 27//1926 89//1926 91//1926
f 25//1927 89//1927 27//1927
f 25//1928 85//1928 87//1928
f 25//1929 87//1929 89//1929
f 23//1930 83//1930 85//1930
f 23//1931 85//1931 25//1931
f 21//1932 81//1932 83//1932
f 21//1933 83//1933 23//1933
f 19//1934 79//1934 81//1934
f 19//1935 81//1935 21//1935
f 17//1936 77//1936 79//1936
f 17//1937 79//1937 19//1937
f 15//1938 75//1938 77//1938
f 15//1939 77//1939 17//1939
f 13//1940 73//1940 75//1940
f 13//1941 75//1941 15//1941
f 11//1942 71//1942 73//1942
f 11//1943 73//1943 13//1943
f 9//1944 69//1944 71//1944
f 9//1945 71//1945 11//1945
f 7//1946 67//1946 69//1946
f 7//1947 69//1947 9//1947
f 5//1948 65//1948 67//1948
f 5//1949 67//1949 7//1949
f 2//1950 63//1950 65//1950
f 2//1951 65//1951 5//1951
f 1//1952 63//1952 2//1952
f 61//1953 63//1953 1//1953
f 56//1954 1//1954 51//1954
f 56//1955 59//1955 61//1955
f 56//1956 61//1956 1//1956
f 890//1957 653//1957 848//1957
f 850//1958 654//1958 653//1958
f 850//1959 653//1959 890//1959
f 1039//1960 893//1960 850//1960
f 1039//1961 850//1961 890//1961
f 1041//1962 895//1962 893//1962
f 1041//1963 893//1963 1039//1963
f 1043//1964 897//1964 895//1964
f 1043//1965 895//1965 1041//1965
f 1045//1966 899//1966 897//1966
f 1045//1967 897//1967 1043//1967
f 1047//1968 901//1968 899//1968
f 1047//1969 899//1969 1045//1969
f 1049//1970 903//1970 901//1970
f 1049//1971 901//1971 1047//1971
f 1051//1972 905//1972 903//1972
f 1051//1973 903//1973 1049//1973
f 1053//1974 907//1974 905//1974
f 1053//1975 905//1975 1051//1975
f 1055//1976 909//1976 907//1976
f 1055//1977 907//1977 1053//1977
f 1057//1978 909//1978 1055//1978
f 1057//1979 911//1979 909//1979
f 1059//1980 913//1980 911//1980
f 1059//1981 911//1981 1057//1981
f 1061//1982 913//1982 1059//1982
f 1061//1983 915//1983 913//1983
f 1063//1984 915//1984 1061//1984
f 1065//1985 915//1985 1063//1985
f 1065//1986 917//1986 915//1986
f 1067//1987 917//1987 1065//1987
f 1067//1988 919//1988 917//1988
f 1069//1989 919//1989 1067//1989
f 1069//1990 921//1990 919//1990
f 1071//1991 921//1991 1069//1991
f 1071//1992 923//1992 921//1992
f 1073//1993 923//1993 1071//1993
f 1073//1994 925//1994 923//1994
f 1075//1995 925//1995 1073//1995
f 1075//1996 927//1996 925//1996
f 1077//1997 929//1997 927//1997
f 1077//1998 927//1998 1075//1998
f 1079//1999 931//1999 929//1999
f 1079//2000 929//2000 1077//2000
f 1081//2001 933//2001 931//2001
f 1081//2002 931//2002 1079//2002
f 1083//2003 933//2003 1081//2003
f 1083//2004 935//2004 933//2004
f 1085//2005 937//2005 935//2005
f 1085//2006 935//2006 1083//2006
f 689//2007 688//2007 854//2007
f 1087//2008 854//2008 937//2008
f 1087//2009 937//2009 1085//2009
f 892//2010 689//2010 854//2010
f 892//2011 854//2011 1087//2011
f 852//2012 689//2012 892//2012
f 867//2013 721//2013 720//2013
f 867//2014 720//2014 942//2014
f 865//2015 942//2015 720//2015
f 1114//2016 943//2016 867//2016
f 1114//2017 867//2017 942//2017
f 1115//2018 945//2018 943//2018
f 1115//2019 943//2019 1114//2019
f 1116//2020 947//2020 945//2020
f 1116//2021 945//2021 1115//2021
f 1117//2022 949//2022 947//2022
f 1117//2023 947//2023 1116//2023
f 1118//2024 951//2024 949//2024
f 1118//2025 949//2025 1117//2025
f 1119//2026 953//2026 951//2026
f 1119//2027 951//2027 1118//2027
f 1120//2028 955//2028 953//2028
f 1120//2029 953//2029 1119//2029
f 1121//2030 957//2030 955//2030
f 1121//2031 955//2031 1120//2031
f 1122//2032 957//2032 1121//2032
f 1122//2033 959//2033 957//2033
f 1123//2034 959//2034 1122//2034
f 1123//2035 961//2035 959//2035
f 1124//2036 961//2036 1123//2036
f 1124//2037 963//2037 961//2037
f 1125//2038 965//2038 963//2038
f 1125//2039 963//2039 1124//2039
f 1126//2040 965//2040 1125//2040
f 1127//2041 967//2041 965//2041
f 1127//2042 965//2042 1126//2042
f 1128//2043 967//2043 1127//2043
f 1128//2044 969//2044 967//2044
f 1129//2045 969//2045 1128//2045
f 1129//2046 971//2046 969//2046
f 1130//2047 971//2047 1129//2047
f 1130//2048 973//2048 971//2048
f 1131//2049 973//2049 1130//2049
f 1131//2050 975//2050 973//2050
f 1132//2051 975//2051 1131//2051
f 1132//2052 977//2052 975//2052
f 1133//2053 977//2053 1132//2053
f 1133//2054 979//2054 977//2054
f 1134//2055 981//2055 979//2055
f 1134//2056 979//2056 1133//2056
f 1135//2057 983//2057 981//2057
f 1135//2058 981//2058 1134//2058
f 1136//2059 983//2059 1135//2059
f 1136//2060 985//2060 983//2060
f 1137//2061 987//2061 985//2061
f 1137//2062 985//2062 1136//2062
f 756//2063 755//2063 871//2063
f 1138//2064 871//2064 987//2064
f 1138//2065 987//2065 1137//2065
f 940//2066 756//2066 871//2066
f 940//2067 871//2067 1138//2067
f 869//2068 756//2068 940//2068
f 823//2069 990//2069 886//2069
f 888//2070 1188//2070 990//2070
f 888//2071 823//2071 822//2071
f 888//2072 990//2072 823//2072
f 1037//2073 1187//2073 1188//2073
f 1037//2074 1188//2074 888//2074
f 1035//2075 1186//2075 1187//2075
f 1035//2076 1187//2076 1037//2076
f 1033//2077 1185//2077 1186//2077
f 1033//2078 1186//2078 1035//2078
f 1031//2079 1184//2079 1185//2079
f 1031//2080 1185//2080 1033//2080
f 1029//2081 1183//2081 1184//2081
f 1029//2082 1184//2082 1031//2082
f 1027//2083 1182//2083 1183//2083
f 1027//2084 1183//2084 1029//2084
f 1025//2085 1181//2085 1182//2085
f 1025//2086 1182//2086 1027//2086
f 1023//2087 1180//2087 1181//2087
f 1023//2088 1181//2088 1025//2088
f 1021//2089 1179//2089 1180//2089
f 1021//2090 1180//2090 1023//2090
f 1019//2091 1178//2091 1179//2091
f 1019//2092 1179//2092 1021//2092
f 1017//2093 1178//2093 1019//2093
f 1017//2094 1177//2094 1178//2094
f 1015//2095 1177//2095 1017//2095
f 1015//2096 1175//2096 1176//2096
f 1015//2097 1176//2097 1177//2097
f 1013//2098 1174//2098 1175//2098
f 1013//2099 1175//2099 1015//2099
f 1011//2100 1173//2100 1174//2100
f 1011//2101 1174//2101 1013//2101
f 1009//2102 1172//2102 1173//2102
f 1009//2103 1173//2103 1011//2103
f 1007//2104 1171//2104 1172//2104
f 1007//2105 1172//2105 1009//2105
f 1005//2106 1170//2106 1171//2106
f 1005//2107 1171//2107 1007//2107
f 1003//2108 1169//2108 1170//2108
f 1003//2109 1170//2109 1005//2109
f 1001//2110 1168//2110 1169//2110
f 1001//2111 1169//2111 1003//2111
f 999//2112 1167//2112 1168//2112
f 999//2113 1168//2113 1001//2113
f 997//2114 1166//2114 1167//2114
f 997//2115 1167//2115 999//2115
f 995//2116 1165//2116 1166//2116
f 995//2117 1166//2117 997//2117
f 993//2118 1164//2118 1165//2118
f 993//2119 1165//2119 995//2119
f 884//2120 1164//2120 993//2120
f 992//2121 1164//2121 884//2121
f 787//2122 884//2122 788//2122
f 787//2123 882//2123 992//2123
f 787//2124 992//2124 884//2124
f 838//2125 846//2125 1189//2125
f 1189//2126 846//2126 1190//2126
f 1190//2127 845//2127 1191//2127
f 846//2128 845//2128 1190//2128
f 1191//2129 844//2129 1192//2129
f 845//2130 844//2130 1191//2130
f 1192//2131 843//2131 1193//2131
f 844//2132 843//2132 1192//2132
f 1193//2133 703//2133 1194//2133
f 843//2134 703//2134 1193//2134
f 1194//2135 320//2135 1195//2135
f 703//2136 320//2136 1194//2136
f 303//2137 320//2137 703//2137
f 320//2138 324//2138 1195//2138
f 1195//2139 324//2139 1196//2139
f 324//2140 331//2140 1196//2140
f 1196//2141 331//2141 1197//2141
f 1197//2142 335//2142 1198//2142
f 331//2143 335//2143 1197//2143
f 1198//2144 342//2144 1199//2144
f 335//2145 342//2145 1198//2145
f 1199//2146 346//2146 1200//2146
f 342//2147 346//2147 1199//2147
f 1200//2148 353//2148 1201//2148
f 346//2149 353//2149 1200//2149
f 1201//2150 357//2150 1202//2150
f 353//2151 357//2151 1201//2151
f 1202//2152 364//2152 1203//2152
f 357//2153 364//2153 1202//2153
f 1203//2154 369//2154 1204//2154
f 364//2155 369//2155 1203//2155
f 1204//2156 375//2156 1205//2156
f 369//2157 375//2157 1204//2157
f 1205//2158 379//2158 1206//2158
f 375//2159 379//2159 1205//2159
f 1206//2160 383//2160 1207//2160
f 379//2161 383//2161 1206//2161
f 1207//2162 387//2162 1208//2162
f 383//2163 387//2163 1207//2163
f 1208//2164 399//2164 1209//2164
f 387//2165 399//2165 1208//2165
f 1209//2166 403//2166 1210//2166
f 399//2167 403//2167 1209//2167
f 1210//2168 411//2168 1211//2168
f 403//2169 411//2169 1210//2169
f 1211//2170 415//2170 1212//2170
f 411//2171 415//2171 1211//2171
f 1212//2172 423//2172 1213//2172
f 415//2173 423//2173 1212//2173
f 1213//2174 427//2174 1214//2174
f 423//2175 427//2175 1213//2175
f 1214//2176 435//2176 1215//2176
f 427//2177 435//2177 1214//2177
f 1216//2178 704//2178 1217//2178
f 1215//2179 439//2179 1216//2179
f 435//2180 439//2180 1215//2180
f 1216//2181 439//2181 704//2181
f 1217//2182 863//2182 1218//2182
f 704//2183 863//2183 1217//2183
f 439//2184 451//2184 704//2184
f 1218//2185 862//2185 1219//2185
f 863//2186 862//2186 1218//2186
f 1219//2187 861//2187 1220//2187
f 862//2188 861//2188 1219//2188
f 1220//2189 860//2189 1221//2189
f 861//2190 860//2190 1220//2190
f 860//2191 859//2191 1221//2191
f 859//2192 858//2192 1221//2192
f 1221//2193 858//2193 1222//2193
f 858//2194 857//2194 1222//2194
f 1222//2195 857//2195 1223//2195
f 857//2196 856//2196 1223//2196
f 1223//2197 856//2197 1224//2197
f 856//2198 855//2198 1224//2198
f 1224//2199 855//2199 1225//2199
f 855//2200 770//2200 1225//2200
f 1225//2201 770//2201 1226//2201
f 770//2202 487//2202 1226//2202
f 1226//2203 487//2203 1227//2203
f 475//2204 487//2204 770//2204
f 487//2205 491//2205 1227//2205
f 1227//2206 491//2206 1228//2206
f 1228//2207 501//2207 1229//2207
f 491//2208 501//2208 1228//2208
f 1229//2209 503//2209 1230//2209
f 501//2210 503//2210 1229//2210
f 1230//2211 507//2211 1231//2211
f 503//2212 507//2212 1230//2212
f 507//2213 511//2213 1231//2213
f 1231//2214 511//2214 1232//2214
f 1232//2215 517//2215 1233//2215
f 511//2216 517//2216 1232//2216
f 1233//2217 523//2217 1234//2217
f 517//2218 523//2218 1233//2218
f 1234//2219 527//2219 1235//2219
f 523//2220 527//2220 1234//2220
f 1235//2221 531//2221 1236//2221
f 527//2222 531//2222 1235//2222
f 1236//2223 535//2223 1237//2223
f 531//2224 535//2224 1236//2224
f 1237//2225 537//2225 1238//2225
f 535//2226 537//2226 1237//2226
f 1238//2227 533//2227 1239//2227
f 537//2228 533//2228 1238//2228
f 1239//2229 529//2229 1240//2229
f 533//2230 529//2230 1239//2230
f 1240//2231 525//2231 1241//2231
f 529//2232 525//2232 1240//2232
f 1241//2233 515//2233 1242//2233
f 525//2234 515//2234 1241//2234
f 1242//2235 513//2235 1243//2235
f 515//2236 513//2236 1242//2236
f 1243//2237 509//2237 1244//2237
f 513//2238 509//2238 1243//2238
f 509//2239 505//2239 1244//2239
f 1244//2240 505//2240 1245//2240
f 505//2241 499//2241 1245//2241
f 1245//2242 499//2242 1246//2242
f 499//2243 493//2243 1246//2243
f 1246//2244 493//2244 1247//2244
f 1248//2245 772//2245 1249//2245
f 493//2246 489//2246 1247//2246
f 1248//2247 489//2247 772//2247
f 1247//2248 489//2248 1248//2248
f 772//2249 880//2249 1249//2249
f 1249//2250 880//2250 1250//2250
f 489//2251 481//2251 772//2251
f 880//2252 879//2252 1250//2252
f 1250//2253 879//2253 1251//2253
f 879//2254 878//2254 1251//2254
f 1251//2255 878//2255 1252//2255
f 878//2256 877//2256 1252//2256
f 1252//2257 877//2257 1253//2257
f 877//2258 876//2258 1253//2258
f 876//2259 875//2259 1253//2259
f 1253//2260 875//2260 1254//2260
f 875//2261 874//2261 1254//2261
f 1254//2262 874//2262 1255//2262
f 874//2263 872//2263 1255//2263
f 1255//2264 872//2264 1256//2264
f 872//2265 873//2265 1256//2265
f 1256//2266 873//2266 1257//2266
f 873//2267 837//2267 1257//2267
f 1257//2268 837//2268 1258//2268
f 447//2269 441//2269 837//2269
f 837//2270 441//2270 1258//2270
f 1258//2271 441//2271 1259//2271
f 441//2272 437//2272 1259//2272
f 1259//2273 437//2273 1260//2273
f 1260//2274 429//2274 1261//2274
f 437//2275 429//2275 1260//2275
f 1261//2276 425//2276 1262//2276
f 429//2277 425//2277 1261//2277
f 1262//2278 417//2278 1263//2278
f 425//2279 417//2279 1262//2279
f 1263//2280 413//2280 1264//2280
f 417//2281 413//2281 1263//2281
f 1264//2282 405//2282 1265//2282
f 413//2283 405//2283 1264//2283
f 1265//2284 401//2284 1266//2284
f 405//2285 401//2285 1265//2285
f 1266//2286 389//2286 1267//2286
f 401//2287 389//2287 1266//2287
f 1267//2288 384//2288 1268//2288
f 389//2289 384//2289 1267//2289
f 384//2290 380//2290 1268//2290
f 1268//2291 380//2291 1269//2291
f 380//2292 376//2292 1269//2292
f 1269//2293 376//2293 1270//2293
f 376//2294 370//2294 1270//2294
f 1270//2295 370//2295 1271//2295
f 370//2296 366//2296 1271//2296
f 1271//2297 366//2297 1272//2297
f 366//2298 359//2298 1272//2298
f 1272//2299 359//2299 1273//2299
f 359//2300 355//2300 1273//2300
f 1273//2301 355//2301 1274//2301
f 355//2302 348//2302 1274//2302
f 1274//2303 348//2303 1275//2303
f 348//2304 344//2304 1275//2304
f 1275//2305 344//2305 1276//2305
f 344//2306 337//2306 1276//2306
f 1276//2307 337//2307 1277//2307
f 337//2308 333//2308 1277//2308
f 1277//2309 333//2309 1278//2309
f 333//2310 326//2310 1278//2310
f 1278//2311 326//2311 1279//2311
f 1280//2312 634//2312 1281//2312
f 326//2313 322//2313 1279//2313
f 1280//2314 322//2314 634//2314
f 1279//2315 322//2315 1280//2315
f 634//2316 617//2316 1281//2316
f 1281//2317 617//2317 1282//2317
f 322//2318 305//2318 634//2318
f 617//2319 616//2319 1282//2319
f 1282//2320 616//2320 1283//2320
f 616//2321 619//2321 1283//2321
f 1283//2322 619//2322 1284//2322
f 619//2323 620//2323 1284//2323
f 1284//2324 620//2324 1285//2324
f 620//2325 622//2325 1285//2325
f 622//2326 623//2326 1285//2326
f 1285//2327 623//2327 1286//2327
f 623//2328 625//2328 1286//2328
f 1286//2329 625//2329 1287//2329
f 625//2330 626//2330 1287//2330
f 1287//2331 626//2331 1288//2331
f 626//2332 628//2332 1288//2332
f 1288//2333 628//2333 1289//2333
f 1289//2334 633//2334 1290//2334
f 628//2335 633//2335 1289//2335
f 1290//2336 279//2336 1291//2336
f 283//2337 279//2337 633//2337
f 633//2338 279//2338 1290//2338
f 1291//2339 275//2339 1292//2339
f 279//2340 275//2340 1291//2340
f 1292//2341 271//2341 1293//2341
f 275//2342 271//2342 1292//2342
f 1293//2343 264//2343 1294//2343
f 271//2344 264//2344 1293//2344
f 1294//2345 260//2345 1295//2345
f 264//2346 260//2346 1294//2346
f 1295//2347 256//2347 1296//2347
f 260//2348 256//2348 1295//2348
f 1296//2349 252//2349 1297//2349
f 256//2350 252//2350 1296//2350
f 1297//2351 248//2351 1298//2351
f 252//2352 248//2352 1297//2352
f 1298//2353 244//2353 1299//2353
f 248//2354 244//2354 1298//2354
f 1299//2355 240//2355 1300//2355
f 244//2356 240//2356 1299//2356
f 1300//2357 236//2357 1301//2357
f 240//2358 236//2358 1300//2358
f 1301//2359 235//2359 1302//2359
f 236//2360 235//2360 1301//2360
f 1302//2361 238//2361 1303//2361
f 235//2362 238//2362 1302//2362
f 1303//2363 242//2363 1304//2363
f 238//2364 242//2364 1303//2364
f 1304//2365 246//2365 1305//2365
f 242//2366 246//2366 1304//2366
f 1305//2367 250//2367 1306//2367
f 246//2368 250//2368 1305//2368
f 1306//2369 254//2369 1307//2369
f 250//2370 254//2370 1306//2370
f 1307//2371 258//2371 1308//2371
f 254//2372 258//2372 1307//2372
f 1308//2373 262//2373 1309//2373
f 258//2374 262//2374 1308//2374
f 1309//2375 269//2375 1310//2375
f 262//2376 269//2376 1309//2376
f 1310//2377 273//2377 1311//2377
f 269//2378 273//2378 1310//2378
f 1312//2379 638//2379 1313//2379
f 1311//2380 277//2380 1312//2380
f 273//2381 277//2381 1311//2381
f 1312//2382 277//2382 638//2382
f 638//2383 842//2383 1313//2383
f 1313//2384 842//2384 1314//2384
f 277//2385 281//2385 638//2385
f 1314//2386 841//2386 1315//2386
f 842//2387 841//2387 1314//2387
f 1315//2388 840//2388 1316//2388
f 841//2389 840//2389 1315//2389
f 1316//2390 839//2390 1189//2390
f 840//2391 839//2391 1316//2391
f 839//2392 838//2392 1189//2392
f 1317//2393 1318//2393 1269//2393
f 1317//2394 1269//2394 1270//2394
f 1319//2395 1269//2395 1318//2395
f 1319//2396 1268//2396 1269//2396
f 1320//2397 1317//2397 1270//2397
f 1320//2398 1270//2398 1271//2398
f 1321//2399 1268//2399 1319//2399
f 1321//2400 1267//2400 1268//2400
f 1322//2401 1320//2401 1271//2401
f 1322//2402 1271//2402 1272//2402
f 1323//2403 1267//2403 1321//2403
f 1323//2404 1266//2404 1267//2404
f 1324//2405 1322//2405 1272//2405
f 1324//2406 1272//2406 1273//2406
f 1325//2407 1266//2407 1323//2407
f 1325//2408 1265//2408 1266//2408
f 1326//2409 1324//2409 1273//2409
f 1326//2410 1273//2410 1274//2410
f 1327//2411 1265//2411 1325//2411
f 1327//2412 1263//2412 1264//2412
f 1327//2413 1264//2413 1265//2413
f 1328//2414 1326//2414 1274//2414
f 1328//2415 1274//2415 1275//2415
f 1328//2416 1275//2416 1276//2416
f 1329//2417 1263//2417 1327//2417
f 1330//2418 1328//2418 1276//2418
f 1331//2419 1263//2419 1329//2419
f 1331//2420 1262//2420 1263//2420
f 1332//2421 1330//2421 1276//2421
f 1332//2422 1276//2422 1277//2422
f 1333//2423 1262//2423 1331//2423
f 1333//2424 1261//2424 1262//2424
f 1334//2425 1332//2425 1277//2425
f 1334//2426 1277//2426 1278//2426
f 1335//2427 1261//2427 1333//2427
f 1335//2428 1259//2428 1260//2428
f 1335//2429 1260//2429 1261//2429
f 1336//2430 1334//2430 1278//2430
f 1336//2431 1278//2431 1279//2431
f 1336//2432 1279//2432 1280//2432
f 1337//2433 1259//2433 1335//2433
f 1338//2434 1280//2434 1281//2434
f 1338//2435 1336//2435 1280//2435
f 1339//2436 1259//2436 1337//2436
f 1339//2437 1258//2437 1259//2437
f 1340//2438 1338//2438 1281//2438
f 1341//2439 1258//2439 1339//2439
f 1341//2440 1257//2440 1258//2440
f 1342//2441 1340//2441 1281//2441
f 1342//2442 1281//2442 1282//2442
f 1343//2443 1255//2443 1256//2443
f 1343//2444 1256//2444 1257//2444
f 1343//2445 1257//2445 1341//2445
f 1344//2446 1342//2446 1282//2446
f 1344//2447 1282//2447 1283//2447
f 1345//2448 1255//2448 1343//2448
f 1346//2449 1344//2449 1283//2449
f 1346//2450 1283//2450 1284//2450
f 1346//2451 1284//2451 1285//2451
f 1347//2452 1253//2452 1254//2452
f 1347//2453 1254//2453 1255//2453
f 1347//2454 1255//2454 1345//2454
f 1348//2455 1346//2455 1285//2455
f 1349//2456 1253//2456 1347//2456
f 1350//2457 1348//2457 1285//2457
f 1350//2458 1285//2458 1286//2458
f 1350//2459 1286//2459 1287//2459
f 1351//2460 1252//2460 1253//2460
f 1351//2461 1253//2461 1349//2461
f 1352//2462 1350//2462 1287//2462
f 1353//2463 1251//2463 1252//2463
f 1353//2464 1252//2464 1351//2464
f 1354//2465 1352//2465 1287//2465
f 1354//2466 1287//2466 1288//2466
f 1355//2467 1251//2467 1353//2467
f 1355//2468 1249//2468 1250//2468
f 1355//2469 1250//2469 1251//2469
f 1356//2470 1354//2470 1288//2470
f 1356//2471 1288//2471 1289//2471
f 1357//2472 1249//2472 1355//2472
f 1358//2473 1289//2473 1290//2473
f 1358//2474 1356//2474 1289//2474
f 1359//2475 1247//2475 1248//2475
f 1359//2476 1248//2476 1249//2476
f 1359//2477 1249//2477 1357//2477
f 1360//2478 1290//2478 1291//2478
f 1360//2479 1358//2479 1290//2479
f 1361//2480 1247//2480 1359//2480
f 1362//2481 1291//2481 1292//2481
f 1362//2482 1360//2482 1291//2482
f 1363//2483 1247//2483 1361//2483
f 1363//2484 1245//2484 1246//2484
f 1363//2485 1246//2485 1247//2485
f 1364//2486 1292//2486 1293//2486
f 1364//2487 1362//2487 1292//2487
f 1365//2488 1245//2488 1363//2488
f 1366//2489 1293//2489 1294//2489
f 1366//2490 1364//2490 1293//2490
f 1367//2491 1245//2491 1365//2491
f 1367//2492 1244//2492 1245//2492
f 1368//2493 1294//2493 1295//2493
f 1368//2494 1366//2494 1294//2494
f 1369//2495 1243//2495 1244//2495
f 1369//2496 1244//2496 1367//2496
f 1242//2497 1243//2497 1369//2497
f 1370//2498 1295//2498 1296//2498
f 1370//2499 1368//2499 1295//2499
f 1371//2500 1242//2500 1369//2500
f 1372//2501 1296//2501 1297//2501
f 1372//2502 1370//2502 1296//2502
f 1373//2503 1241//2503 1242//2503
f 1373//2504 1242//2504 1371//2504
f 1374//2505 1297//2505 1298//2505
f 1374//2506 1372//2506 1297//2506
f 1375//2507 1240//2507 1241//2507
f 1375//2508 1241//2508 1373//2508
f 1299//2509 1374//2509 1298//2509
f 1239//2510 1240//2510 1375//2510
f 1376//2511 1374//2511 1299//2511
f 1377//2512 1239//2512 1375//2512
f 1238//2513 1239//2513 1377//2513
f 1378//2514 1299//2514 1300//2514
f 1378//2515 1376//2515 1299//2515
f 1379//2516 1238//2516 1377//2516
f 1380//2517 1378//2517 1300//2517
f 1380//2518 1300//2518 1301//2518
f 1237//2519 1379//2519 1381//2519
f 1237//2520 1238//2520 1379//2520
f 1382//2521 1380//2521 1301//2521
f 1302//2522 1382//2522 1301//2522
f 1236//2523 1381//2523 1383//2523
f 1236//2524 1237//2524 1381//2524
f 1303//2525 1382//2525 1302//2525
f 1303//2526 1384//2526 1382//2526
f 1235//2527 1383//2527 1385//2527
f 1235//2528 1236//2528 1383//2528
f 1304//2529 1384//2529 1303//2529
f 1304//2530 1386//2530 1384//2530
f 1234//2531 1385//2531 1387//2531
f 1234//2532 1235//2532 1385//2532
f 1388//2533 1386//2533 1304//2533
f 1305//2534 1388//2534 1304//2534
f 1233//2535 1387//2535 1389//2535
f 1233//2536 1234//2536 1387//2536
f 1390//2537 1388//2537 1305//2537
f 1391//2538 1233//2538 1389//2538
f 1306//2539 1390//2539 1305//2539
f 1232//2540 1233//2540 1391//2540
f 1307//2541 1392//2541 1390//2541
f 1307//2542 1390//2542 1306//2542
f 1231//2543 1391//2543 1393//2543
f 1231//2544 1232//2544 1391//2544
f 1308//2545 1394//2545 1392//2545
f 1308//2546 1395//2546 1394//2546
f 1308//2547 1392//2547 1307//2547
f 1230//2548 1393//2548 1396//2548
f 1230//2549 1231//2549 1393//2549
f 1309//2550 1395//2550 1308//2550
f 1229//2551 1230//2551 1396//2551
f 1229//2552 1397//2552 1398//2552
f 1229//2553 1396//2553 1397//2553
f 1310//2554 1399//2554 1395//2554
f 1310//2555 1395//2555 1309//2555
f 1228//2556 1229//2556 1398//2556
f 1311//2557 1400//2557 1399//2557
f 1311//2558 1399//2558 1310//2558
f 1227//2559 1228//2559 1398//2559
f 1227//2560 1401//2560 1402//2560
f 1227//2561 1398//2561 1401//2561
f 1312//2562 1403//2562 1400//2562
f 1312//2563 1400//2563 1311//2563
f 1226//2564 1227//2564 1402//2564
f 1313//2565 1404//2565 1403//2565
f 1313//2566 1403//2566 1312//2566
f 1225//2567 1226//2567 1402//2567
f 1225//2568 1405//2568 1406//2568
f 1225//2569 1402//2569 1405//2569
f 1314//2570 1407//2570 1404//2570
f 1314//2571 1404//2571 1313//2571
f 1224//2572 1225//2572 1406//2572
f 1315//2573 1407//2573 1314//2573
f 1315//2574 1408//2574 1407//2574
f 1223//2575 1406//2575 1409//2575
f 1223//2576 1224//2576 1406//2576
f 1316//2577 1408//2577 1315//2577
f 1316//2578 1410//2578 1408//2578
f 1222//2579 1223//2579 1409//2579
f 1222//2580 1409//2580 1411//2580
f 1189//2581 1412//2581 1413//2581
f 1189//2582 1410//2582 1316//2582
f 1189//2583 1413//2583 1410//2583
f 1221//2584 1222//2584 1411//2584
f 1221//2585 1414//2585 1415//2585
f 1221//2586 1411//2586 1414//2586
f 1220//2587 1221//2587 1415//2587
f 1190//2588 1412//2588 1189//2588
f 1191//2589 1416//2589 1412//2589
f 1191//2590 1417//2590 1416//2590
f 1191//2591 1412//2591 1190//2591
f 1219//2592 1418//2592 1419//2592
f 1219//2593 1415//2593 1418//2593
f 1219//2594 1220//2594 1415//2594
f 1192//2595 1417//2595 1191//2595
f 1218//2596 1219//2596 1419//2596
f 1193//2597 1420//2597 1417//2597
f 1193//2598 1421//2598 1420//2598
f 1193//2599 1417//2599 1192//2599
f 1217//2600 1422//2600 1423//2600
f 1217//2601 1419//2601 1422//2601
f 1217//2602 1218//2602 1419//2602
f 1194//2603 1421//2603 1193//2603
f 1216//2604 1423//2604 1424//2604
f 1216//2605 1217//2605 1423//2605
f 1195//2606 1425//2606 1421//2606
f 1195//2607 1421//2607 1194//2607
f 1215//2608 1216//2608 1424//2608
f 1196//2609 1425//2609 1195//2609
f 1196//2610 1426//2610 1425//2610
f 1196//2611 1427//2611 1426//2611
f 1214//2612 1424//2612 1428//2612
f 1214//2613 1215//2613 1424//2613
f 1197//2614 1427//2614 1196//2614
f 1213//2615 1214//2615 1428//2615
f 1213//2616 1429//2616 1430//2616
f 1213//2617 1428//2617 1429//2617
f 1198//2618 1427//2618 1197//2618
f 1198//2619 1431//2619 1427//2619
f 1198//2620 1432//2620 1431//2620
f 1212//2621 1213//2621 1430//2621
f 1212//2622 1430//2622 1433//2622
f 1199//2623 1432//2623 1198//2623
f 1211//2624 1212//2624 1433//2624
f 1200//2625 1434//2625 1432//2625
f 1200//2626 1435//2626 1434//2626
f 1200//2627 1432//2627 1199//2627
f 1210//2628 1433//2628 1436//2628
f 1210//2629 1211//2629 1433//2629
f 1201//2630 1435//2630 1200//2630
f 1209//2631 1437//2631 1438//2631
f 1209//2632 1436//2632 1437//2632
f 1209//2633 1210//2633 1436//2633
f 1202//2634 1439//2634 1435//2634
f 1202//2635 1435//2635 1201//2635
f 1208//2636 1209//2636 1438//2636
f 1208//2637 1438//2637 1440//2637
f 1207//2638 1208//2638 1440//2638
f 1203//2639 1441//2639 1439//2639
f 1203//2640 1442//2640 1441//2640
f 1203//2641 1439//2641 1202//2641
f 1206//2642 1443//2642 1444//2642
f 1206//2643 1440//2643 1443//2643
f 1206//2644 1207//2644 1440//2644
f 1204//2645 1444//2645 1442//2645
f 1204//2646 1442//2646 1203//2646
f 1205//2647 1206//2647 1444//2647
f 1205//2648 1444//2648 1204//2648
f 304//2649 298//2649 1413//2649
f 304//2650 1413//2650 1412//2650
f 307//2651 1412//2651 1416//2651
f 307//2652 1416//2652 1417//2652
f 307//2653 304//2653 1412//2653
f 312//2654 307//2654 1417//2654
f 314//2655 1417//2655 1420//2655
f 314//2656 1420//2656 1421//2656
f 314//2657 312//2657 1417//2657
f 319//2658 1421//2658 1425//2658
f 319//2659 314//2659 1421//2659
f 323//2660 1425//2660 1426//2660
f 323//2661 319//2661 1425//2661
f 330//2662 323//2662 1426//2662
f 334//2663 1426//2663 1427//2663
f 334//2664 1427//2664 1431//2664
f 334//2665 330//2665 1426//2665
f 341//2666 334//2666 1431//2666
f 345//2667 341//2667 1431//2667
f 345//2668 1431//2668 1432//2668
f 352//2669 345//2669 1432//2669
f 352//2670 1432//2670 1434//2670
f 352//2671 1434//2671 1435//2671
f 356//2672 352//2672 1435//2672
f 363//2673 356//2673 1435//2673
f 363//2674 1435//2674 1439//2674
f 367//2675 363//2675 1439//2675
f 367//2676 1439//2676 1441//2676
f 367//2677 1441//2677 1442//2677
f 373//2678 367//2678 1442//2678
f 373//2679 1442//2679 1444//2679
f 377//2680 373//2680 1444//2680
f 377//2681 1444//2681 1443//2681
f 381//2682 377//2682 1443//2682
f 381//2683 1443//2683 1440//2683
f 385//2684 381//2684 1440//2684
f 388//2685 385//2685 1440//2685
f 388//2686 1440//2686 1438//2686
f 400//2687 388//2687 1438//2687
f 400//2688 1438//2688 1437//2688
f 400//2689 1437//2689 1436//2689
f 404//2690 400//2690 1436//2690
f 412//2691 404//2691 1436//2691
f 412//2692 1436//2692 1433//2692
f 416//2693 412//2693 1433//2693
f 416//2694 1433//2694 1430//2694
f 424//2695 416//2695 1430//2695
f 424//2696 1430//2696 1429//2696
f 428//2697 424//2697 1429//2697
f 428//2698 1429//2698 1428//2698
f 436//2699 428//2699 1428//2699
f 436//2700 1428//2700 1424//2700
f 436//2701 1424//2701 1423//2701
f 440//2702 436//2702 1423//2702
f 440//2703 1423//2703 1422//2703
f 452//2704 440//2704 1422//2704
f 453//2705 452//2705 1422//2705
f 453//2706 1422//2706 1419//2706
f 453//2707 1419//2707 1418//2707
f 454//2708 453//2708 1418//2708
f 456//2709 454//2709 1418//2709
f 456//2710 1418//2710 1415//2710
f 462//2711 456//2711 1415//2711
f 462//2712 1415//2712 1414//2712
f 462//2713 1414//2713 1411//2713
f 476//2714 1411//2714 1409//2714
f 476//2715 462//2715 1411//2715
f 477//2716 476//2716 1409//2716
f 478//2717 477//2717 1409//2717
f 478//2718 1409//2718 1406//2718
f 479//2719 478//2719 1406//2719
f 479//2720 1406//2720 1405//2720
f 480//2721 479//2721 1405//2721
f 480//2722 1405//2722 1402//2722
f 480//2723 1402//2723 1401//2723
f 488//2724 480//2724 1401//2724
f 492//2725 1398//2725 1397//2725
f 492//2726 488//2726 1401//2726
f 492//2727 1401//2727 1398//2727
f 502//2728 492//2728 1397//2728
f 504//2729 1397//2729 1396//2729
f 504//2730 502//2730 1397//2730
f 508//2731 1396//2731 1393//2731
f 508//2732 504//2732 1396//2732
f 512//2733 1393//2733 1391//2733
f 512//2734 508//2734 1393//2734
f 518//2735 1391//2735 1389//2735
f 518//2736 1389//2736 1387//2736
f 518//2737 512//2737 1391//2737
f 524//2738 518//2738 1387//2738
f 528//2739 1387//2739 1385//2739
f 528//2740 524//2740 1387//2740
f 532//2741 1385//2741 1383//2741
f 532//2742 528//2742 1385//2742
f 536//2743 1383//2743 1381//2743
f 536//2744 1381//2744 1379//2744
f 536//2745 532//2745 1383//2745
f 534//2746 536//2746 1379//2746
f 530//2747 1379//2747 1377//2747
f 530//2748 1377//2748 1375//2748
f 530//2749 534//2749 1379//2749
f 526//2750 530//2750 1375//2750
f 516//2751 1375//2751 1373//2751
f 516//2752 526//2752 1375//2752
f 514//2753 1373//2753 1371//2753
f 514//2754 1371//2754 1369//2754
f 514//2755 516//2755 1373//2755
f 510//2756 514//2756 1369//2756
f 506//2757 1369//2757 1367//2757
f 506//2758 510//2758 1369//2758
f 500//2759 1367//2759 1365//2759
f 500//2760 1365//2760 1363//2760
f 500//2761 506//2761 1367//2761
f 494//2762 500//2762 1363//2762
f 490//2763 1363//2763 1361//2763
f 490//2764 1361//2764 1359//2764
f 490//2765 494//2765 1363//2765
f 482//2766 490//2766 1359//2766
f 483//2767 1359//2767 1357//2767
f 483//2768 482//2768 1359//2768
f 484//2769 1357//2769 1355//2769
f 484//2770 483//2770 1357//2770
f 485//2771 484//2771 1355//2771
f 485//2772 1355//2772 1353//2772
f 486//2773 485//2773 1353//2773
f 486//2774 1353//2774 1351//2774
f 486//2775 1351//2775 1349//2775
f 461//2776 486//2776 1349//2776
f 455//2777 461//2777 1349//2777
f 455//2778 1349//2778 1347//2778
f 448//2779 455//2779 1347//2779
f 448//2780 1347//2780 1345//2780
f 448//2781 1345//2781 1343//2781
f 449//2782 448//2782 1343//2782
f 450//2783 449//2783 1343//2783
f 450//2784 1343//2784 1341//2784
f 450//2785 1341//2785 1339//2785
f 442//2786 1339//2786 1337//2786
f 442//2787 450//2787 1339//2787
f 438//2788 442//2788 1337//2788
f 430//2789 1337//2789 1335//2789
f 430//2790 1335//2790 1333//2790
f 430//2791 438//2791 1337//2791
f 426//2792 1333//2792 1331//2792
f 426//2793 430//2793 1333//2793
f 418//2794 426//2794 1331//2794
f 414//2795 1331//2795 1329//2795
f 414//2796 418//2796 1331//2796
f 406//2797 1329//2797 1327//2797
f 406//2798 414//2798 1329//2798
f 402//2799 1327//2799 1325//2799
f 402//2800 406//2800 1327//2800
f 390//2801 1325//2801 1323//2801
f 390//2802 1323//2802 1321//2802
f 390//2803 402//2803 1325//2803
f 386//2804 390//2804 1321//2804
f 382//2805 1321//2805 1319//2805
f 382//2806 386//2806 1321//2806
f 378//2807 1319//2807 1318//2807
f 378//2808 1318//2808 1317//2808
f 378//2809 382//2809 1319//2809
f 374//2810 1317//2810 1320//2810
f 374//2811 378//2811 1317//2811
f 368//2812 374//2812 1320//2812
f 365//2813 1320//2813 1322//2813
f 365//2814 1322//2814 1324//2814
f 365//2815 368//2815 1320//2815
f 358//2816 365//2816 1324//2816
f 354//2817 1324//2817 1326//2817
f 354//2818 1326//2818 1328//2818
f 354//2819 358//2819 1324//2819
f 347//2820 354//2820 1328//2820
f 347//2821 1328//2821 1330//2821
f 343//2822 347//2822 1330//2822
f 336//2823 343//2823 1330//2823
f 336//2824 1330//2824 1332//2824
f 336//2825 1332//2825 1334//2825
f 332//2826 336//2826 1334//2826
f 332//2827 1334//2827 1336//2827
f 325//2828 332//2828 1336//2828
f 321//2829 325//2829 1336//2829
f 321//2830 1336//2830 1338//2830
f 315//2831 321//2831 1338//2831
f 315//2832 1338//2832 1340//2832
f 313//2833 315//2833 1340//2833
f 313//2834 1340//2834 1342//2834
f 308//2835 313//2835 1342//2835
f 308//2836 1342//2836 1344//2836
f 306//2837 308//2837 1344//2837
f 306//2838 1344//2838 1346//2838
f 299//2839 306//2839 1346//2839
f 299//2840 1346//2840 1348//2840
f 297//2841 1348//2841 1350//2841
f 297//2842 1350//2842 1352//2842
f 297//2843 299//2843 1348//2843
f 292//2844 1352//2844 1354//2844
f 292//2845 297//2845 1352//2845
f 290//2846 292//2846 1354//2846
f 288//2847 1354//2847 1356//2847
f 288//2848 290//2848 1354//2848
f 282//2849 1356//2849 1358//2849
f 282//2850 288//2850 1356//2850
f 278//2851 1358//2851 1360//2851
f 278//2852 282//2852 1358//2852
f 274//2853 1360//2853 1362//2853
f 274//2854 278//2854 1360//2854
f 270//2855 1362//2855 1364//2855
f 270//2856 274//2856 1362//2856
f 263//2857 1364//2857 1366//2857
f 263//2858 270//2858 1364//2858
f 259//2859 1366//2859 1368//2859
f 259//2860 263//2860 1366//2860
f 255//2861 1368//2861 1370//2861
f 255//2862 1370//2862 1372//2862
f 255//2863 259//2863 1368//2863
f 251//2864 255//2864 1372//2864
f 247//2865 1372//2865 1374//2865
f 247//2866 1374//2866 1376//2866
f 247//2867 251//2867 1372//2867
f 243//2868 1376//2868 1378//2868
f 243//2869 247//2869 1376//2869
f 239//2870 243//2870 1378//2870
f 234//2871 239//2871 1378//2871
f 234//2872 1378//2872 1380//2872
f 234//2873 1380//2873 1382//2873
f 237//2874 234//2874 1382//2874
f 237//2875 1382//2875 1384//2875
f 241//2876 237//2876 1384//2876
f 245//2877 241//2877 1384//2877
f 245//2878 1384//2878 1386//2878
f 249//2879 1386//2879 1388//2879
f 249//2880 245//2880 1386//2880
f 253//2881 1388//2881 1390//2881
f 253//2882 249//2882 1388//2882
f 253//2883 1390//2883 1392//2883
f 257//2884 253//2884 1392//2884
f 261//2885 1392//2885 1394//2885
f 261//2886 257//2886 1392//2886
f 268//2887 1394//2887 1395//2887
f 268//2888 261//2888 1394//2888
f 272//2889 1395//2889 1399//2889
f 272//2890 1399//2890 1400//2890
f 272//2891 268//2891 1395//2891
f 276//2892 272//2892 1400//2892
f 276//2893 1400//2893 1403//2893
f 280//2894 276//2894 1403//2894
f 287//2895 1403//2895 1404//2895
f 287//2896 280//2896 1403//2896
f 289//2897 1404//2897 1407//2897
f 289//2898 287//2898 1404//2898
f 291//2899 1407//2899 1408//2899
f 291//2900 289//2900 1407//2900
f 296//2901 1408//2901 1410//2901
f 296//2902 291//2902 1408//2902
f 298//2903 1410//2903 1413//2903
f 298//2904 296//2904 1410//2904
