# Created by FreeCAD <https://www.freecad.org>
v 7.071068 0.000000 0.000000
v 141.828934 0.000000 0.000000
v 7.071068 0.000000 2.000000
v 141.828934 0.000000 2.000000
v 142.175888 0.008517 0.000000
v 142.175888 0.008517 2.000000
v 142.522018 0.034049 0.000000
v 142.522018 0.034049 2.000000
v 142.866470 0.076534 0.000000
v 142.866470 0.076534 2.000000
v 143.208435 0.135869 0.000000
v 143.208435 0.135869 2.000000
v 143.547058 0.211911 0.000000
v 143.547058 0.211911 2.000000
v 143.881561 0.304478 0.000000
v 143.881561 0.304478 2.000000
v 144.211105 0.413346 0.000000
v 144.211105 0.413346 2.000000
v 144.534912 0.538253 0.000000
v 144.534912 0.538253 2.000000
v 144.852203 0.678898 0.000000
v 144.852203 0.678898 2.000000
v 145.162216 0.834943 0.000000
v 145.162216 0.834943 2.000000
v 145.464188 1.006011 0.000000
v 145.464188 1.006011 2.000000
v 145.757401 1.191690 0.000000
v 145.757401 1.191690 2.000000
v 146.041168 1.391533 0.000000
v 146.041168 1.391533 2.000000
v 146.314774 1.605058 0.000000
v 146.314774 1.605058 2.000000
v 146.577576 1.831752 0.000000
v 146.577576 1.831752 2.000000
v 146.828934 2.071068 0.000000
v 146.828934 2.071068 2.000000
v 147.068253 2.322429 0.000000
v 147.068253 2.322429 2.000000
v 147.294937 2.585230 0.000000
v 147.294937 2.585230 2.000000
v 147.508469 2.858838 0.000000
v 147.508469 2.858838 2.000000
v 147.708313 3.142593 0.000000
v 147.708313 3.142593 2.000000
v 147.893982 3.435812 2.000000
v 147.893982 3.435812 0.000000
v 148.065063 3.737790 0.000000
v 148.065063 3.737790 2.000000
v 148.221100 4.047797 0.000000
v 148.221100 4.047797 2.000000
v 148.361740 4.365088 2.000000
v 148.361740 4.365088 0.000000
v 148.486649 4.688897 0.000000
v 148.486649 4.688897 2.000000
v 148.595520 5.018445 0.000000
v 148.595520 5.018445 2.000000
v 148.688095 5.352939 2.000000
v 148.688095 5.352939 0.000000
v 148.764130 5.691571 0.000000
v 148.764130 5.691571 2.000000
v 148.823471 6.033527 0.000000
v 148.823471 6.033527 2.000000
v 148.865952 6.377982 2.000000
v 148.865952 6.377982 0.000000
v 148.891479 6.724107 0.000000
v 148.891479 6.724107 2.000000
v 148.899994 7.071068 0.000000
v 148.899994 7.071068 2.000000
v 148.899994 106.488350 0.000000
v 148.899994 106.488350 2.000000
v 148.891479 106.835312 0.000000
v 148.891479 106.835312 2.000000
v 148.865952 107.181435 0.000000
v 148.865952 107.181435 2.000000
v 148.823471 107.525887 0.000000
v 148.823471 107.525887 2.000000
v 148.764130 107.867844 0.000000
v 148.764130 107.867844 2.000000
v 148.688095 108.206474 0.000000
v 148.688095 108.206474 2.000000
v 148.595520 108.540970 0.000000
v 148.595520 108.540970 2.000000
v 148.486649 108.870522 0.000000
v 148.486649 108.870522 2.000000
v 148.361740 109.194328 0.000000
v 148.361740 109.194328 2.000000
v 148.221100 109.511620 0.000000
v 148.221100 109.511620 2.000000
v 148.065063 109.821625 0.000000
v 148.065063 109.821625 2.000000
v 147.893982 110.123604 0.000000
v 147.893982 110.123604 2.000000
v 147.708313 110.416824 0.000000
v 147.708313 110.416824 2.000000
v 147.508469 110.700577 0.000000
v 147.508469 110.700577 2.000000
v 147.294937 110.974182 0.000000
v 147.294937 110.974182 2.000000
v 147.068253 111.236984 0.000000
v 147.068253 111.236984 2.000000
v 146.828934 111.488350 0.000000
v 146.828934 111.488350 2.000000
v 146.577576 111.727661 0.000000
v 146.577576 111.727661 2.000000
v 146.314774 111.954353 0.000000
v 146.314774 111.954353 2.000000
v 146.041168 112.167885 0.000000
v 146.041168 112.167885 2.000000
v 145.757401 112.367729 0.000000
v 145.757401 112.367729 2.000000
v 145.464188 112.553406 0.000000
v 145.464188 112.553406 2.000000
v 145.162216 112.724472 0.000000
v 145.162216 112.724472 2.000000
v 144.852203 112.880516 0.000000
v 144.852203 112.880516 2.000000
v 144.534912 113.021164 0.000000
v 144.534912 113.021164 2.000000
v 144.211105 113.146072 0.000000
v 144.211105 113.146072 2.000000
v 143.881561 113.254936 0.000000
v 143.881561 113.254936 2.000000
v 143.547058 113.347504 0.000000
v 143.547058 113.347504 2.000000
v 143.208435 113.423546 2.000000
v 143.208435 113.423546 0.000000
v 142.866470 113.482880 0.000000
v 142.866470 113.482880 2.000000
v 142.522018 113.525368 0.000000
v 142.522018 113.525368 2.000000
v 142.175888 113.550896 2.000000
v 142.175888 113.550896 0.000000
v 141.828934 113.559418 0.000000
v 141.828934 113.559418 2.000000
v 7.071068 113.559418 0.000000
v 7.071068 113.559418 2.000000
v 6.724107 113.550896 0.000000
v 6.724107 113.550896 2.000000
v 6.377982 113.525368 0.000000
v 6.377982 113.525368 2.000000
v 6.033527 113.482880 0.000000
v 6.033527 113.482880 2.000000
v 5.691571 113.423546 0.000000
v 5.691571 113.423546 2.000000
v 5.352939 113.347504 0.000000
v 5.352939 113.347504 2.000000
v 5.018445 113.254936 0.000000
v 5.018445 113.254936 2.000000
v 4.688897 113.146072 0.000000
v 4.688897 113.146072 2.000000
v 4.365088 113.021164 0.000000
v 4.365088 113.021164 2.000000
v 4.047797 112.880516 0.000000
v 4.047797 112.880516 2.000000
v 3.737790 112.724472 0.000000
v 3.737790 112.724472 2.000000
v 3.435812 112.553406 0.000000
v 3.435812 112.553406 2.000000
v 3.142593 112.367729 0.000000
v 3.142593 112.367729 2.000000
v 2.858838 112.167885 2.000000
v 2.858838 112.167885 0.000000
v 2.585230 111.954353 0.000000
v 2.585230 111.954353 2.000000
v 2.322429 111.727661 0.000000
v 2.322429 111.727661 2.000000
v 2.071068 111.488350 0.000000
v 2.071068 111.488350 2.000000
v 1.831752 111.236984 0.000000
v 1.831752 111.236984 2.000000
v 1.605058 110.974182 0.000000
v 1.605058 110.974182 2.000000
v 1.391533 110.700577 0.000000
v 1.391533 110.700577 2.000000
v 1.191690 110.416824 0.000000
v 1.191690 110.416824 2.000000
v 1.006011 110.123604 0.000000
v 1.006011 110.123604 2.000000
v 0.834943 109.821625 2.000000
v 0.834943 109.821625 0.000000
v 0.678898 109.511620 0.000000
v 0.678898 109.511620 2.000000
v 0.538253 109.194328 2.000000
v 0.538253 109.194328 0.000000
v 0.413346 108.870522 0.000000
v 0.413346 108.870522 2.000000
v 0.304478 108.540970 2.000000
v 0.304478 108.540970 0.000000
v 0.211911 108.206474 0.000000
v 0.211911 108.206474 2.000000
v 0.135869 107.867844 0.000000
v 0.135869 107.867844 2.000000
v 0.076534 107.525887 0.000000
v 0.076534 107.525887 2.000000
v 0.034049 107.181435 0.000000
v 0.034049 107.181435 2.000000
v 0.008517 106.835312 0.000000
v 0.008517 106.835312 2.000000
v 0.000000 106.488350 0.000000
v 0.000000 106.488350 2.000000
v 0.000000 7.071068 0.000000
v 0.000000 7.071068 2.000000
v 0.008517 6.724107 0.000000
v 0.008517 6.724107 2.000000
v 0.034049 6.377982 0.000000
v 0.034049 6.377982 2.000000
v 0.076534 6.033527 0.000000
v 0.076534 6.033527 2.000000
v 0.135869 5.691571 0.000000
v 0.135869 5.691571 2.000000
v 0.211911 5.352939 0.000000
v 0.211911 5.352939 2.000000
v 0.304478 5.018445 0.000000
v 0.304478 5.018445 2.000000
v 0.413346 4.688897 0.000000
v 0.413346 4.688897 2.000000
v 0.538253 4.365088 0.000000
v 0.538253 4.365088 2.000000
v 0.678898 4.047797 0.000000
v 0.678898 4.047797 2.000000
v 0.834943 3.737790 0.000000
v 0.834943 3.737790 2.000000
v 1.006011 3.435812 0.000000
v 1.006011 3.435812 2.000000
v 1.191690 3.142593 0.000000
v 1.191690 3.142593 2.000000
v 1.391533 2.858838 0.000000
v 1.391533 2.858838 2.000000
v 1.605058 2.585230 0.000000
v 1.605058 2.585230 2.000000
v 1.831752 2.322429 0.000000
v 1.831752 2.322429 2.000000
v 2.071068 2.071068 0.000000
v 2.071068 2.071068 2.000000
v 2.322429 1.831752 0.000000
v 2.322429 1.831752 2.000000
v 2.585230 1.605058 0.000000
v 2.585230 1.605058 2.000000
v 2.858838 1.391533 0.000000
v 2.858838 1.391533 2.000000
v 3.142593 1.191690 0.000000
v 3.142593 1.191690 2.000000
v 3.435812 1.006011 2.000000
v 3.435812 1.006011 0.000000
v 3.737790 0.834943 0.000000
v 3.737790 0.834943 2.000000
v 4.047797 0.678898 0.000000
v 4.047797 0.678898 2.000000
v 4.365088 0.538253 2.000000
v 4.365088 0.538253 0.000000
v 4.688897 0.413346 0.000000
v 4.688897 0.413346 2.000000
v 5.018445 0.304478 0.000000
v 5.018445 0.304478 2.000000
v 5.352939 0.211911 2.000000
v 5.352939 0.211911 0.000000
v 5.691571 0.135869 0.000000
v 5.691571 0.135869 2.000000
v 6.033527 0.076534 0.000000
v 6.033527 0.076534 2.000000
v 6.377982 0.034049 2.000000
v 6.377982 0.034049 0.000000
v 6.724107 0.008517 0.000000
v 6.724107 0.008517 2.000000
v 128.886139 31.705782 0.000000
v 128.899994 31.150000 0.000000
v 128.899994 31.150000 2.000000
v 128.886139 31.705782 2.000000
v 128.844589 32.260181 0.000000
v 128.844589 32.260181 2.000000
v 128.775467 32.811821 0.000000
v 128.775467 32.811821 2.000000
v 128.678925 33.359329 0.000000
v 128.678925 33.359329 2.000000
v 128.555206 33.901344 0.000000
v 128.555206 33.901344 2.000000
v 128.404633 34.436520 0.000000
v 128.404633 34.436520 2.000000
v 128.227570 34.963524 2.000000
v 128.227570 34.963524 0.000000
v 128.024460 35.481049 0.000000
v 128.024460 35.481049 2.000000
v 127.795799 35.987804 0.000000
v 127.795799 35.987804 2.000000
v 127.542168 36.482533 0.000000
v 127.542168 36.482533 2.000000
v 127.264191 36.964001 2.000000
v 127.264191 36.964001 0.000000
v 126.962563 37.431019 0.000000
v 126.962563 37.431019 2.000000
v 126.638031 37.882420 0.000000
v 126.638031 37.882420 2.000000
v 126.291397 38.317081 0.000000
v 126.291397 38.317081 2.000000
v 125.923531 38.733925 0.000000
v 125.923531 38.733925 2.000000
v 125.535339 39.131916 0.000000
v 125.535339 39.131916 2.000000
v 125.127800 39.510059 0.000000
v 125.127800 39.510059 2.000000
v 124.701912 39.867420 2.000000
v 124.701912 39.867420 0.000000
v 124.258743 40.203110 0.000000
v 124.258743 40.203110 2.000000
v 123.799393 40.516289 0.000000
v 123.799393 40.516289 2.000000
v 123.324997 40.806183 2.000000
v 123.324997 40.806183 0.000000
v 122.836746 41.072071 2.000000
v 122.836746 41.072071 0.000000
v 122.335854 41.313290 0.000000
v 122.335854 41.313290 2.000000
v 121.823555 41.529243 0.000000
v 121.823555 41.529243 2.000000
v 121.301125 41.719391 0.000000
v 121.301125 41.719391 2.000000
v 120.769875 41.883259 0.000000
v 120.769875 41.883259 2.000000
v 120.231110 42.020447 0.000000
v 120.231110 42.020447 2.000000
v 119.686180 42.130608 0.000000
v 119.686180 42.130608 2.000000
v 119.136429 42.213467 0.000000
v 119.136429 42.213467 2.000000
v 118.583244 42.268822 0.000000
v 118.583244 42.268822 2.000000
v 118.027977 42.296535 0.000000
v 118.027977 42.296535 2.000000
v 117.472023 42.296535 0.000000
v 117.472023 42.296535 2.000000
v 116.916756 42.268822 2.000000
v 116.916756 42.268822 0.000000
v 116.363571 42.213467 0.000000
v 116.363571 42.213467 2.000000
v 115.813820 42.130608 0.000000
v 115.813820 42.130608 2.000000
v 115.268890 42.020447 0.000000
v 115.268890 42.020447 2.000000
v 114.730125 41.883259 0.000000
v 114.730125 41.883259 2.000000
v 114.198875 41.719391 0.000000
v 114.198875 41.719391 2.000000
v 113.676445 41.529243 0.000000
v 113.676445 41.529243 2.000000
v 113.164146 41.313290 0.000000
v 113.164146 41.313290 2.000000
v 112.663254 41.072071 0.000000
v 112.663254 41.072071 2.000000
v 112.175003 40.806183 0.000000
v 112.175003 40.806183 2.000000
v 111.700607 40.516289 0.000000
v 111.700607 40.516289 2.000000
v 111.241257 40.203110 0.000000
v 111.241257 40.203110 2.000000
v 110.798088 39.867420 0.000000
v 110.798088 39.867420 2.000000
v 110.372200 39.510059 0.000000
v 110.372200 39.510059 2.000000
v 109.964661 39.131916 0.000000
v 109.964661 39.131916 2.000000
v 109.576469 38.733925 0.000000
v 109.576469 38.733925 2.000000
v 109.208603 38.317081 0.000000
v 109.208603 38.317081 2.000000
v 108.861969 37.882420 0.000000
v 108.861969 37.882420 2.000000
v 108.537437 37.431019 0.000000
v 108.537437 37.431019 2.000000
v 108.235809 36.964001 0.000000
v 108.235809 36.964001 2.000000
v 107.957832 36.482533 2.000000
v 107.957832 36.482533 0.000000
v 107.704201 35.987804 0.000000
v 107.704201 35.987804 2.000000
v 107.475540 35.481049 0.000000
v 107.475540 35.481049 2.000000
v 107.272430 34.963524 0.000000
v 107.272430 34.963524 2.000000
v 107.095360 34.436520 0.000000
v 107.095360 34.436520 2.000000
v 106.944786 33.901344 0.000000
v 106.944786 33.901344 2.000000
v 106.821075 33.359329 0.000000
v 106.821075 33.359329 2.000000
v 106.724533 32.811821 0.000000
v 106.724533 32.811821 2.000000
v 106.655403 32.260181 0.000000
v 106.655403 32.260181 2.000000
v 106.613861 31.705782 0.000000
v 106.613861 31.705782 2.000000
v 106.599998 31.150000 0.000000
v 106.599998 31.150000 2.000000
v 106.613861 30.594219 0.000000
v 106.613861 30.594219 2.000000
v 106.655403 30.039818 0.000000
v 106.655403 30.039818 2.000000
v 106.724533 29.488178 0.000000
v 106.724533 29.488178 2.000000
v 106.821075 28.940670 0.000000
v 106.821075 28.940670 2.000000
v 106.944786 28.398655 0.000000
v 106.944786 28.398655 2.000000
v 107.095360 27.863480 0.000000
v 107.095360 27.863480 2.000000
v 107.272430 27.336475 0.000000
v 107.272430 27.336475 2.000000
v 107.475540 26.818953 0.000000
v 107.475540 26.818953 2.000000
v 107.704201 26.312197 0.000000
v 107.704201 26.312197 2.000000
v 107.957832 25.817469 0.000000
v 107.957832 25.817469 2.000000
v 108.235809 25.335997 0.000000
v 108.235809 25.335997 2.000000
v 108.537437 24.868980 0.000000
v 108.537437 24.868980 2.000000
v 108.861969 24.417582 0.000000
v 108.861969 24.417582 2.000000
v 109.208603 23.982918 0.000000
v 109.208603 23.982918 2.000000
v 109.576469 23.566074 0.000000
v 109.576469 23.566074 2.000000
v 109.964661 23.168085 0.000000
v 109.964661 23.168085 2.000000
v 110.372200 22.789940 0.000000
v 110.372200 22.789940 2.000000
v 110.798088 22.432579 0.000000
v 110.798088 22.432579 2.000000
v 111.241257 22.096891 0.000000
v 111.241257 22.096891 2.000000
v 111.700607 21.783710 0.000000
v 111.700607 21.783710 2.000000
v 112.175003 21.493816 0.000000
v 112.175003 21.493816 2.000000
v 112.663254 21.227930 0.000000
v 112.663254 21.227930 2.000000
v 113.164146 20.986710 0.000000
v 113.164146 20.986710 2.000000
v 113.676445 20.770758 0.000000
v 113.676445 20.770758 2.000000
v 114.198875 20.580610 0.000000
v 114.198875 20.580610 2.000000
v 114.730125 20.416740 0.000000
v 114.730125 20.416740 2.000000
v 115.268890 20.279554 0.000000
v 115.268890 20.279554 2.000000
v 115.813820 20.169394 0.000000
v 115.813820 20.169394 2.000000
v 116.363571 20.086533 0.000000
v 116.363571 20.086533 2.000000
v 116.916756 20.031178 0.000000
v 116.916756 20.031178 2.000000
v 117.472023 20.003466 0.000000
v 117.472023 20.003466 2.000000
v 118.027977 20.003466 0.000000
v 118.027977 20.003466 2.000000
v 118.583244 20.031178 0.000000
v 118.583244 20.031178 2.000000
v 119.136429 20.086533 0.000000
v 119.136429 20.086533 2.000000
v 119.686180 20.169394 0.000000
v 119.686180 20.169394 2.000000
v 120.231110 20.279554 0.000000
v 120.231110 20.279554 2.000000
v 120.769875 20.416740 0.000000
v 120.769875 20.416740 2.000000
v 121.301125 20.580610 0.000000
v 121.301125 20.580610 2.000000
v 121.823555 20.770758 0.000000
v 121.823555 20.770758 2.000000
v 122.335854 20.986710 0.000000
v 122.335854 20.986710 2.000000
v 122.836746 21.227930 0.000000
v 122.836746 21.227930 2.000000
v 123.324997 21.493816 0.000000
v 123.324997 21.493816 2.000000
v 123.799393 21.783710 0.000000
v 123.799393 21.783710 2.000000
v 124.258743 22.096891 0.000000
v 124.258743 22.096891 2.000000
v 124.701912 22.432579 0.000000
v 124.701912 22.432579 2.000000
v 125.127800 22.789940 0.000000
v 125.127800 22.789940 2.000000
v 125.535339 23.168085 0.000000
v 125.535339 23.168085 2.000000
v 125.923531 23.566074 0.000000
v 125.923531 23.566074 2.000000
v 126.291397 23.982918 0.000000
v 126.291397 23.982918 2.000000
v 126.638031 24.417582 0.000000
v 126.638031 24.417582 2.000000
v 126.962563 24.868980 0.000000
v 126.962563 24.868980 2.000000
v 127.264191 25.335997 0.000000
v 127.264191 25.335997 2.000000
v 127.542168 25.817469 0.000000
v 127.542168 25.817469 2.000000
v 127.795799 26.312197 0.000000
v 127.795799 26.312197 2.000000
v 128.024460 26.818953 0.000000
v 128.024460 26.818953 2.000000
v 128.227570 27.336475 0.000000
v 128.227570 27.336475 2.000000
v 128.404633 27.863480 0.000000
v 128.404633 27.863480 2.000000
v 128.555206 28.398655 0.000000
v 128.555206 28.398655 2.000000
v 128.678925 28.940670 0.000000
v 128.678925 28.940670 2.000000
v 128.775467 29.488178 0.000000
v 128.775467 29.488178 2.000000
v 128.844589 30.039818 0.000000
v 128.844589 30.039818 2.000000
v 128.886139 30.594219 0.000000
v 128.886139 30.594219 2.000000
v 128.889862 80.815659 0.000000
v 128.899994 80.409416 0.000000
v 128.899994 80.409416 2.000000
v 128.889862 80.815659 2.000000
v 128.859497 81.220894 0.000000
v 128.859497 81.220894 2.000000
v 128.808975 81.624107 0.000000
v 128.808975 81.624107 2.000000
v 128.738403 82.024307 0.000000
v 128.738403 82.024307 2.000000
v 128.647980 82.420486 0.000000
v 128.647980 82.420486 2.000000
v 128.537918 82.811668 0.000000
v 128.537918 82.811668 2.000000
v 128.408493 83.196877 2.000000
v 128.408493 83.196877 0.000000
v 128.260025 83.575157 0.000000
v 128.260025 83.575157 2.000000
v 128.092896 83.945564 0.000000
v 128.092896 83.945564 2.000000
v 127.907509 84.307182 0.000000
v 127.907509 84.307182 2.000000
v 127.704323 84.659111 2.000000
v 127.704323 84.659111 0.000000
v 127.483849 85.000473 0.000000
v 127.483849 85.000473 2.000000
v 127.246628 85.330421 0.000000
v 127.246628 85.330421 2.000000
v 126.993263 85.648132 0.000000
v 126.993263 85.648132 2.000000
v 126.724373 85.952820 0.000000
v 126.724373 85.952820 2.000000
v 126.440628 86.243729 0.000000
v 126.440628 86.243729 2.000000
v 126.142738 86.520134 0.000000
v 126.142738 86.520134 2.000000
v 125.831444 86.781342 2.000000
v 125.831444 86.781342 0.000000
v 125.507507 87.026711 0.000000
v 125.507507 87.026711 2.000000
v 125.171753 87.255623 0.000000
v 125.171753 87.255623 2.000000
v 124.824997 87.467522 2.000000
v 124.824997 87.467522 0.000000
v 124.468117 87.661873 2.000000
v 124.468117 87.661873 0.000000
v 124.101990 87.838188 0.000000
v 124.101990 87.838188 2.000000
v 123.727531 87.996033 0.000000
v 123.727531 87.996033 2.000000
v 123.345665 88.135025 0.000000
v 123.345665 88.135025 2.000000
v 122.957352 88.254807 0.000000
v 122.957352 88.254807 2.000000
v 122.563545 88.355080 0.000000
v 122.563545 88.355080 2.000000
v 122.165230 88.435600 0.000000
v 122.165230 88.435600 2.000000
v 121.763405 88.496162 0.000000
v 121.763405 88.496162 2.000000
v 121.359047 88.536629 0.000000
v 121.359047 88.536629 2.000000
v 120.953186 88.556885 0.000000
v 120.953186 88.556885 2.000000
v 120.546814 88.556885 0.000000
v 120.546814 88.556885 2.000000
v 120.140953 88.536629 2.000000
v 120.140953 88.536629 0.000000
v 119.736595 88.496162 0.000000
v 119.736595 88.496162 2.000000
v 119.334770 88.435600 0.000000
v 119.334770 88.435600 2.000000
v 118.936455 88.355080 0.000000
v 118.936455 88.355080 2.000000
v 118.542648 88.254807 0.000000
v 118.542648 88.254807 2.000000
v 118.154335 88.135025 0.000000
v 118.154335 88.135025 2.000000
v 117.772469 87.996033 0.000000
v 117.772469 87.996033 2.000000
v 117.398010 87.838188 0.000000
v 117.398010 87.838188 2.000000
v 117.031883 87.661873 0.000000
v 117.031883 87.661873 2.000000
v 116.675003 87.467522 0.000000
v 116.675003 87.467522 2.000000
v 116.328247 87.255623 0.000000
v 116.328247 87.255623 2.000000
v 115.992493 87.026711 0.000000
v 115.992493 87.026711 2.000000
v 115.668556 86.781342 0.000000
v 115.668556 86.781342 2.000000
v 115.357262 86.520134 0.000000
v 115.357262 86.520134 2.000000
v 115.059372 86.243729 0.000000
v 115.059372 86.243729 2.000000
v 114.775627 85.952820 0.000000
v 114.775627 85.952820 2.000000
v 114.506737 85.648132 0.000000
v 114.506737 85.648132 2.000000
v 114.253372 85.330421 0.000000
v 114.253372 85.330421 2.000000
v 114.016151 85.000473 0.000000
v 114.016151 85.000473 2.000000
v 113.795677 84.659111 0.000000
v 113.795677 84.659111 2.000000
v 113.592491 84.307182 2.000000
v 113.592491 84.307182 0.000000
v 113.407104 83.945564 0.000000
v 113.407104 83.945564 2.000000
v 113.239967 83.575157 0.000000
v 113.239967 83.575157 2.000000
v 113.091507 83.196877 0.000000
v 113.091507 83.196877 2.000000
v 112.962082 82.811668 0.000000
v 112.962082 82.811668 2.000000
v 112.852020 82.420486 0.000000
v 112.852020 82.420486 2.000000
v 112.761597 82.024307 0.000000
v 112.761597 82.024307 2.000000
v 112.691032 81.624107 0.000000
v 112.691032 81.624107 2.000000
v 112.640503 81.220894 0.000000
v 112.640503 81.220894 2.000000
v 112.610130 80.815659 0.000000
v 112.610130 80.815659 2.000000
v 112.599998 80.409416 0.000000
v 112.599998 80.409416 2.000000
v 112.610130 80.003174 0.000000
v 112.610130 80.003174 2.000000
v 112.640503 79.597939 0.000000
v 112.640503 79.597939 2.000000
v 112.691032 79.194717 0.000000
v 112.691032 79.194717 2.000000
v 112.761597 78.794525 0.000000
v 112.761597 78.794525 2.000000
v 112.852020 78.398346 0.000000
v 112.852020 78.398346 2.000000
v 112.962082 78.007164 0.000000
v 112.962082 78.007164 2.000000
v 113.091507 77.621948 0.000000
v 113.091507 77.621948 2.000000
v 113.239967 77.243675 0.000000
v 113.239967 77.243675 2.000000
v 113.407104 76.873260 0.000000
v 113.407104 76.873260 2.000000
v 113.592491 76.511642 0.000000
v 113.592491 76.511642 2.000000
v 113.795677 76.159721 0.000000
v 113.795677 76.159721 2.000000
v 114.016151 75.818359 0.000000
v 114.016151 75.818359 2.000000
v 114.253372 75.488411 0.000000
v 114.253372 75.488411 2.000000
v 114.506737 75.170700 0.000000
v 114.506737 75.170700 2.000000
v 114.775627 74.866005 0.000000
v 114.775627 74.866005 2.000000
v 115.059372 74.575104 0.000000
v 115.059372 74.575104 2.000000
v 115.357262 74.298698 0.000000
v 115.357262 74.298698 2.000000
v 115.668556 74.037491 0.000000
v 115.668556 74.037491 2.000000
v 115.992493 73.792122 0.000000
v 115.992493 73.792122 2.000000
v 116.328247 73.563202 0.000000
v 116.328247 73.563202 2.000000
v 116.675003 73.351311 0.000000
v 116.675003 73.351311 2.000000
v 117.031883 73.156960 0.000000
v 117.031883 73.156960 2.000000
v 117.398010 72.980644 0.000000
v 117.398010 72.980644 2.000000
v 117.772469 72.822792 0.000000
v 117.772469 72.822792 2.000000
v 118.154335 72.683807 0.000000
v 118.154335 72.683807 2.000000
v 118.542648 72.564026 0.000000
v 118.542648 72.564026 2.000000
v 118.936455 72.463753 0.000000
v 118.936455 72.463753 2.000000
v 119.334770 72.383232 0.000000
v 119.334770 72.383232 2.000000
v 119.736595 72.322662 0.000000
v 119.736595 72.322662 2.000000
v 120.140953 72.282204 0.000000
v 120.140953 72.282204 2.000000
v 120.546814 72.261948 0.000000
v 120.546814 72.261948 2.000000
v 120.953186 72.261948 0.000000
v 120.953186 72.261948 2.000000
v 121.359047 72.282204 0.000000
v 121.359047 72.282204 2.000000
v 121.763405 72.322662 0.000000
v 121.763405 72.322662 2.000000
v 122.165230 72.383232 0.000000
v 122.165230 72.383232 2.000000
v 122.563545 72.463753 0.000000
v 122.563545 72.463753 2.000000
v 122.957352 72.564026 0.000000
v 122.957352 72.564026 2.000000
v 123.345665 72.683807 0.000000
v 123.345665 72.683807 2.000000
v 123.727531 72.822792 0.000000
v 123.727531 72.822792 2.000000
v 124.101990 72.980644 0.000000
v 124.101990 72.980644 2.000000
v 124.468117 73.156960 0.000000
v 124.468117 73.156960 2.000000
v 124.824997 73.351311 0.000000
v 124.824997 73.351311 2.000000
v 125.171753 73.563202 0.000000
v 125.171753 73.563202 2.000000
v 125.507507 73.792122 0.000000
v 125.507507 73.792122 2.000000
v 125.831444 74.037491 0.000000
v 125.831444 74.037491 2.000000
v 126.142738 74.298698 0.000000
v 126.142738 74.298698 2.000000
v 126.440628 74.575104 0.000000
v 126.440628 74.575104 2.000000
v 126.724373 74.866005 0.000000
v 126.724373 74.866005 2.000000
v 126.993263 75.170700 0.000000
v 126.993263 75.170700 2.000000
v 127.246628 75.488411 0.000000
v 127.246628 75.488411 2.000000
v 127.483849 75.818359 0.000000
v 127.483849 75.818359 2.000000
v 127.704323 76.159721 0.000000
v 127.704323 76.159721 2.000000
v 127.907509 76.511642 0.000000
v 127.907509 76.511642 2.000000
v 128.092896 76.873260 0.000000
v 128.092896 76.873260 2.000000
v 128.260025 77.243675 0.000000
v 128.260025 77.243675 2.000000
v 128.408493 77.621948 0.000000
v 128.408493 77.621948 2.000000
v 128.537918 78.007164 0.000000
v 128.537918 78.007164 2.000000
v 128.647980 78.398346 0.000000
v 128.647980 78.398346 2.000000
v 128.738403 78.794525 0.000000
v 128.738403 78.794525 2.000000
v 128.808975 79.194717 0.000000
v 128.808975 79.194717 2.000000
v 128.859497 79.597939 0.000000
v 128.859497 79.597939 2.000000
v 128.889862 80.003174 0.000000
v 128.889862 80.003174 2.000000
v 82.589867 80.815659 0.000000
v 82.599998 80.409416 0.000000
v 82.599998 80.409416 2.000000
v 82.589867 80.815659 2.000000
v 82.559502 81.220894 0.000000
v 82.559502 81.220894 2.000000
v 82.508972 81.624107 0.000000
v 82.508972 81.624107 2.000000
v 82.438408 82.024307 0.000000
v 82.438408 82.024307 2.000000
v 82.347977 82.420486 0.000000
v 82.347977 82.420486 2.000000
v 82.237915 82.811668 0.000000
v 82.237915 82.811668 2.000000
v 82.108498 83.196877 2.000000
v 82.108498 83.196877 0.000000
v 81.960030 83.575157 0.000000
v 81.960030 83.575157 2.000000
v 81.792900 83.945564 0.000000
v 81.792900 83.945564 2.000000
v 81.607506 84.307182 0.000000
v 81.607506 84.307182 2.000000
v 81.404320 84.659111 2.000000
v 81.404320 84.659111 0.000000
v 81.183846 85.000473 0.000000
v 81.183846 85.000473 2.000000
v 80.946632 85.330421 0.000000
v 80.946632 85.330421 2.000000
v 80.693260 85.648132 0.000000
v 80.693260 85.648132 2.000000
v 80.424370 85.952820 0.000000
v 80.424370 85.952820 2.000000
v 80.140633 86.243729 0.000000
v 80.140633 86.243729 2.000000
v 79.842743 86.520134 0.000000
v 79.842743 86.520134 2.000000
v 79.531441 86.781342 2.000000
v 79.531441 86.781342 0.000000
v 79.207512 87.026711 0.000000
v 79.207512 87.026711 2.000000
v 78.871750 87.255623 0.000000
v 78.871750 87.255623 2.000000
v 78.525002 87.467522 2.000000
v 78.525002 87.467522 0.000000
v 78.168114 87.661873 2.000000
v 78.168114 87.661873 0.000000
v 77.801987 87.838188 0.000000
v 77.801987 87.838188 2.000000
v 77.427528 87.996033 0.000000
v 77.427528 87.996033 2.000000
v 77.045670 88.135025 0.000000
v 77.045670 88.135025 2.000000
v 76.657349 88.254807 0.000000
v 76.657349 88.254807 2.000000
v 76.263542 88.355080 0.000000
v 76.263542 88.355080 2.000000
v 75.865234 88.435600 0.000000
v 75.865234 88.435600 2.000000
v 75.463402 88.496162 0.000000
v 75.463402 88.496162 2.000000
v 75.059052 88.536629 0.000000
v 75.059052 88.536629 2.000000
v 74.653183 88.556885 0.000000
v 74.653183 88.556885 2.000000
v 74.246819 88.556885 0.000000
v 74.246819 88.556885 2.000000
v 73.840950 88.536629 2.000000
v 73.840950 88.536629 0.000000
v 73.436600 88.496162 0.000000
v 73.436600 88.496162 2.000000
v 73.034767 88.435600 0.000000
v 73.034767 88.435600 2.000000
v 72.636452 88.355080 0.000000
v 72.636452 88.355080 2.000000
v 72.242653 88.254807 0.000000
v 72.242653 88.254807 2.000000
v 71.854332 88.135025 0.000000
v 71.854332 88.135025 2.000000
v 71.472473 87.996033 0.000000
v 71.472473 87.996033 2.000000
v 71.098007 87.838188 0.000000
v 71.098007 87.838188 2.000000
v 70.731880 87.661873 0.000000
v 70.731880 87.661873 2.000000
v 70.375000 87.467522 0.000000
v 70.375000 87.467522 2.000000
v 70.028252 87.255623 0.000000
v 70.028252 87.255623 2.000000
v 69.692490 87.026711 0.000000
v 69.692490 87.026711 2.000000
v 69.368561 86.781342 0.000000
v 69.368561 86.781342 2.000000
v 69.057259 86.520134 0.000000
v 69.057259 86.520134 2.000000
v 68.759369 86.243729 0.000000
v 68.759369 86.243729 2.000000
v 68.475624 85.952820 0.000000
v 68.475624 85.952820 2.000000
v 68.206741 85.648132 0.000000
v 68.206741 85.648132 2.000000
v 67.953369 85.330421 0.000000
v 67.953369 85.330421 2.000000
v 67.716156 85.000473 0.000000
v 67.716156 85.000473 2.000000
v 67.495682 84.659111 0.000000
v 67.495682 84.659111 2.000000
v 67.292496 84.307182 2.000000
v 67.292496 84.307182 0.000000
v 67.107101 83.945564 0.000000
v 67.107101 83.945564 2.000000
v 66.939972 83.575157 0.000000
v 66.939972 83.575157 2.000000
v 66.791504 83.196877 0.000000
v 66.791504 83.196877 2.000000
v 66.662079 82.811668 0.000000
v 66.662079 82.811668 2.000000
v 66.552017 82.420486 0.000000
v 66.552017 82.420486 2.000000
v 66.461594 82.024307 0.000000
v 66.461594 82.024307 2.000000
v 66.391029 81.624107 0.000000
v 66.391029 81.624107 2.000000
v 66.340500 81.220894 0.000000
v 66.340500 81.220894 2.000000
v 66.310135 80.815659 0.000000
v 66.310135 80.815659 2.000000
v 66.300003 80.409416 0.000000
v 66.300003 80.409416 2.000000
v 66.310135 80.003174 0.000000
v 66.310135 80.003174 2.000000
v 66.340500 79.597939 0.000000
v 66.340500 79.597939 2.000000
v 66.391029 79.194717 0.000000
v 66.391029 79.194717 2.000000
v 66.461594 78.794525 0.000000
v 66.461594 78.794525 2.000000
v 66.552017 78.398346 0.000000
v 66.552017 78.398346 2.000000
v 66.662079 78.007164 0.000000
v 66.662079 78.007164 2.000000
v 66.791504 77.621948 0.000000
v 66.791504 77.621948 2.000000
v 66.939972 77.243675 0.000000
v 66.939972 77.243675 2.000000
v 67.107101 76.873260 0.000000
v 67.107101 76.873260 2.000000
v 67.292496 76.511642 0.000000
v 67.292496 76.511642 2.000000
v 67.495682 76.159721 0.000000
v 67.495682 76.159721 2.000000
v 67.716156 75.818359 0.000000
v 67.716156 75.818359 2.000000
v 67.953369 75.488411 0.000000
v 67.953369 75.488411 2.000000
v 68.206741 75.170700 0.000000
v 68.206741 75.170700 2.000000
v 68.475624 74.866005 0.000000
v 68.475624 74.866005 2.000000
v 68.759369 74.575104 0.000000
v 68.759369 74.575104 2.000000
v 69.057259 74.298698 0.000000
v 69.057259 74.298698 2.000000
v 69.368561 74.037491 0.000000
v 69.368561 74.037491 2.000000
v 69.692490 73.792122 0.000000
v 69.692490 73.792122 2.000000
v 70.028252 73.563202 0.000000
v 70.028252 73.563202 2.000000
v 70.375000 73.351311 0.000000
v 70.375000 73.351311 2.000000
v 70.731880 73.156960 0.000000
v 70.731880 73.156960 2.000000
v 71.098007 72.980644 0.000000
v 71.098007 72.980644 2.000000
v 71.472473 72.822792 0.000000
v 71.472473 72.822792 2.000000
v 71.854332 72.683807 0.000000
v 71.854332 72.683807 2.000000
v 72.242653 72.564026 0.000000
v 72.242653 72.564026 2.000000
v 72.636452 72.463753 0.000000
v 72.636452 72.463753 2.000000
v 73.034767 72.383232 0.000000
v 73.034767 72.383232 2.000000
v 73.436600 72.322662 0.000000
v 73.436600 72.322662 2.000000
v 73.840950 72.282204 0.000000
v 73.840950 72.282204 2.000000
v 74.246819 72.261948 0.000000
v 74.246819 72.261948 2.000000
v 74.653183 72.261948 0.000000
v 74.653183 72.261948 2.000000
v 75.059052 72.282204 0.000000
v 75.059052 72.282204 2.000000
v 75.463402 72.322662 0.000000
v 75.463402 72.322662 2.000000
v 75.865234 72.383232 0.000000
v 75.865234 72.383232 2.000000
v 76.263542 72.463753 0.000000
v 76.263542 72.463753 2.000000
v 76.657349 72.564026 0.000000
v 76.657349 72.564026 2.000000
v 77.045670 72.683807 0.000000
v 77.045670 72.683807 2.000000
v 77.427528 72.822792 0.000000
v 77.427528 72.822792 2.000000
v 77.801987 72.980644 0.000000
v 77.801987 72.980644 2.000000
v 78.168114 73.156960 0.000000
v 78.168114 73.156960 2.000000
v 78.525002 73.351311 0.000000
v 78.525002 73.351311 2.000000
v 78.871750 73.563202 0.000000
v 78.871750 73.563202 2.000000
v 79.207512 73.792122 0.000000
v 79.207512 73.792122 2.000000
v 79.531441 74.037491 0.000000
v 79.531441 74.037491 2.000000
v 79.842743 74.298698 0.000000
v 79.842743 74.298698 2.000000
v 80.140633 74.575104 0.000000
v 80.140633 74.575104 2.000000
v 80.424370 74.866005 0.000000
v 80.424370 74.866005 2.000000
v 80.693260 75.170700 0.000000
v 80.693260 75.170700 2.000000
v 80.946632 75.488411 0.000000
v 80.946632 75.488411 2.000000
v 81.183846 75.818359 0.000000
v 81.183846 75.818359 2.000000
v 81.404320 76.159721 0.000000
v 81.404320 76.159721 2.000000
v 81.607506 76.511642 0.000000
v 81.607506 76.511642 2.000000
v 81.792900 76.873260 0.000000
v 81.792900 76.873260 2.000000
v 81.960030 77.243675 0.000000
v 81.960030 77.243675 2.000000
v 82.108498 77.621948 0.000000
v 82.108498 77.621948 2.000000
v 82.237915 78.007164 0.000000
v 82.237915 78.007164 2.000000
v 82.347977 78.398346 0.000000
v 82.347977 78.398346 2.000000
v 82.438408 78.794525 0.000000
v 82.438408 78.794525 2.000000
v 82.508972 79.194717 0.000000
v 82.508972 79.194717 2.000000
v 82.559502 79.597939 0.000000
v 82.559502 79.597939 2.000000
v 82.589867 80.003174 0.000000
v 82.589867 80.003174 2.000000
v 36.289867 80.815659 0.000000
v 36.299999 80.409416 0.000000
v 36.299999 80.409416 2.000000
v 36.289867 80.815659 2.000000
v 36.259502 81.220894 0.000000
v 36.259502 81.220894 2.000000
v 36.208973 81.624107 0.000000
v 36.208973 81.624107 2.000000
v 36.138405 82.024307 0.000000
v 36.138405 82.024307 2.000000
v 36.047981 82.420486 0.000000
v 36.047981 82.420486 2.000000
v 35.937920 82.811668 0.000000
v 35.937920 82.811668 2.000000
v 35.808495 83.196877 2.000000
v 35.808495 83.196877 0.000000
v 35.660030 83.575157 0.000000
v 35.660030 83.575157 2.000000
v 35.492897 83.945564 0.000000
v 35.492897 83.945564 2.000000
v 35.307507 84.307182 0.000000
v 35.307507 84.307182 2.000000
v 35.104321 84.659111 2.000000
v 35.104321 84.659111 0.000000
v 34.883846 85.000473 0.000000
v 34.883846 85.000473 2.000000
v 34.646629 85.330421 0.000000
v 34.646629 85.330421 2.000000
v 34.393261 85.648132 0.000000
v 34.393261 85.648132 2.000000
v 34.124374 85.952820 0.000000
v 34.124374 85.952820 2.000000
v 33.840630 86.243729 0.000000
v 33.840630 86.243729 2.000000
v 33.542740 86.520134 0.000000
v 33.542740 86.520134 2.000000
v 33.231441 86.781342 2.000000
v 33.231441 86.781342 0.000000
v 32.907513 87.026711 0.000000
v 32.907513 87.026711 2.000000
v 32.571751 87.255623 0.000000
v 32.571751 87.255623 2.000000
v 32.224998 87.467522 2.000000
v 32.224998 87.467522 0.000000
v 31.868116 87.661873 2.000000
v 31.868116 87.661873 0.000000
v 31.501989 87.838188 0.000000
v 31.501989 87.838188 2.000000
v 31.127529 87.996033 0.000000
v 31.127529 87.996033 2.000000
v 30.745667 88.135025 0.000000
v 30.745667 88.135025 2.000000
v 30.357349 88.254807 0.000000
v 30.357349 88.254807 2.000000
v 29.963545 88.355080 0.000000
v 29.963545 88.355080 2.000000
v 29.565233 88.435600 0.000000
v 29.565233 88.435600 2.000000
v 29.163401 88.496162 0.000000
v 29.163401 88.496162 2.000000
v 28.759050 88.536629 0.000000
v 28.759050 88.536629 2.000000
v 28.353186 88.556885 0.000000
v 28.353186 88.556885 2.000000
v 27.946815 88.556885 0.000000
v 27.946815 88.556885 2.000000
v 27.540949 88.536629 2.000000
v 27.540949 88.536629 0.000000
v 27.136599 88.496162 0.000000
v 27.136599 88.496162 2.000000
v 26.734768 88.435600 0.000000
v 26.734768 88.435600 2.000000
v 26.336454 88.355080 0.000000
v 26.336454 88.355080 2.000000
v 25.942650 88.254807 0.000000
v 25.942650 88.254807 2.000000
v 25.554335 88.135025 0.000000
v 25.554335 88.135025 2.000000
v 25.172470 87.996033 0.000000
v 25.172470 87.996033 2.000000
v 24.798010 87.838188 0.000000
v 24.798010 87.838188 2.000000
v 24.431883 87.661873 0.000000
v 24.431883 87.661873 2.000000
v 24.075001 87.467522 0.000000
v 24.075001 87.467522 2.000000
v 23.728249 87.255623 0.000000
v 23.728249 87.255623 2.000000
v 23.392488 87.026711 0.000000
v 23.392488 87.026711 2.000000
v 23.068558 86.781342 0.000000
v 23.068558 86.781342 2.000000
v 22.757261 86.520134 0.000000
v 22.757261 86.520134 2.000000
v 22.459370 86.243729 0.000000
v 22.459370 86.243729 2.000000
v 22.175627 85.952820 0.000000
v 22.175627 85.952820 2.000000
v 21.906738 85.648132 0.000000
v 21.906738 85.648132 2.000000
v 21.653370 85.330421 0.000000
v 21.653370 85.330421 2.000000
v 21.416155 85.000473 0.000000
v 21.416155 85.000473 2.000000
v 21.195679 84.659111 0.000000
v 21.195679 84.659111 2.000000
v 20.992495 84.307182 2.000000
v 20.992495 84.307182 0.000000
v 20.807104 83.945564 0.000000
v 20.807104 83.945564 2.000000
v 20.639969 83.575157 0.000000
v 20.639969 83.575157 2.000000
v 20.491505 83.196877 0.000000
v 20.491505 83.196877 2.000000
v 20.362082 82.811668 0.000000
v 20.362082 82.811668 2.000000
v 20.252020 82.420486 0.000000
v 20.252020 82.420486 2.000000
v 20.161594 82.024307 0.000000
v 20.161594 82.024307 2.000000
v 20.091028 81.624107 0.000000
v 20.091028 81.624107 2.000000
v 20.040499 81.220894 0.000000
v 20.040499 81.220894 2.000000
v 20.010132 80.815659 0.000000
v 20.010132 80.815659 2.000000
v 20.000000 80.409416 0.000000
v 20.000000 80.409416 2.000000
v 20.010132 80.003174 0.000000
v 20.010132 80.003174 2.000000
v 20.040499 79.597939 0.000000
v 20.040499 79.597939 2.000000
v 20.091028 79.194717 0.000000
v 20.091028 79.194717 2.000000
v 20.161594 78.794525 0.000000
v 20.161594 78.794525 2.000000
v 20.252020 78.398346 0.000000
v 20.252020 78.398346 2.000000
v 20.362082 78.007164 0.000000
v 20.362082 78.007164 2.000000
v 20.491505 77.621948 0.000000
v 20.491505 77.621948 2.000000
v 20.639969 77.243675 0.000000
v 20.639969 77.243675 2.000000
v 20.807104 76.873260 0.000000
v 20.807104 76.873260 2.000000
v 20.992495 76.511642 0.000000
v 20.992495 76.511642 2.000000
v 21.195679 76.159721 0.000000
v 21.195679 76.159721 2.000000
v 21.416155 75.818359 0.000000
v 21.416155 75.818359 2.000000
v 21.653370 75.488411 0.000000
v 21.653370 75.488411 2.000000
v 21.906738 75.170700 0.000000
v 21.906738 75.170700 2.000000
v 22.175627 74.866005 0.000000
v 22.175627 74.866005 2.000000
v 22.459370 74.575104 0.000000
v 22.459370 74.575104 2.000000
v 22.757261 74.298698 0.000000
v 22.757261 74.298698 2.000000
v 23.068558 74.037491 0.000000
v 23.068558 74.037491 2.000000
v 23.392488 73.792122 0.000000
v 23.392488 73.792122 2.000000
v 23.728249 73.563202 0.000000
v 23.728249 73.563202 2.000000
v 24.075001 73.351311 0.000000
v 24.075001 73.351311 2.000000
v 24.431883 73.156960 0.000000
v 24.431883 73.156960 2.000000
v 24.798010 72.980644 0.000000
v 24.798010 72.980644 2.000000
v 25.172470 72.822792 0.000000
v 25.172470 72.822792 2.000000
v 25.554335 72.683807 0.000000
v 25.554335 72.683807 2.000000
v 25.942650 72.564026 0.000000
v 25.942650 72.564026 2.000000
v 26.336454 72.463753 0.000000
v 26.336454 72.463753 2.000000
v 26.734768 72.383232 0.000000
v 26.734768 72.383232 2.000000
v 27.136599 72.322662 0.000000
v 27.136599 72.322662 2.000000
v 27.540949 72.282204 0.000000
v 27.540949 72.282204 2.000000
v 27.946815 72.261948 0.000000
v 27.946815 72.261948 2.000000
v 28.353186 72.261948 0.000000
v 28.353186 72.261948 2.000000
v 28.759050 72.282204 0.000000
v 28.759050 72.282204 2.000000
v 29.163401 72.322662 0.000000
v 29.163401 72.322662 2.000000
v 29.565233 72.383232 0.000000
v 29.565233 72.383232 2.000000
v 29.963545 72.463753 0.000000
v 29.963545 72.463753 2.000000
v 30.357349 72.564026 0.000000
v 30.357349 72.564026 2.000000
v 30.745667 72.683807 0.000000
v 30.745667 72.683807 2.000000
v 31.127529 72.822792 0.000000
v 31.127529 72.822792 2.000000
v 31.501989 72.980644 0.000000
v 31.501989 72.980644 2.000000
v 31.868116 73.156960 0.000000
v 31.868116 73.156960 2.000000
v 32.224998 73.351311 0.000000
v 32.224998 73.351311 2.000000
v 32.571751 73.563202 0.000000
v 32.571751 73.563202 2.000000
v 32.907513 73.792122 0.000000
v 32.907513 73.792122 2.000000
v 33.231441 74.037491 0.000000
v 33.231441 74.037491 2.000000
v 33.542740 74.298698 0.000000
v 33.542740 74.298698 2.000000
v 33.840630 74.575104 0.000000
v 33.840630 74.575104 2.000000
v 34.124374 74.866005 0.000000
v 34.124374 74.866005 2.000000
v 34.393261 75.170700 0.000000
v 34.393261 75.170700 2.000000
v 34.646629 75.488411 0.000000
v 34.646629 75.488411 2.000000
v 34.883846 75.818359 0.000000
v 34.883846 75.818359 2.000000
v 35.104321 76.159721 0.000000
v 35.104321 76.159721 2.000000
v 35.307507 76.511642 0.000000
v 35.307507 76.511642 2.000000
v 35.492897 76.873260 0.000000
v 35.492897 76.873260 2.000000
v 35.660030 77.243675 0.000000
v 35.660030 77.243675 2.000000
v 35.808495 77.621948 0.000000
v 35.808495 77.621948 2.000000
v 35.937920 78.007164 0.000000
v 35.937920 78.007164 2.000000
v 36.047981 78.398346 0.000000
v 36.047981 78.398346 2.000000
v 36.138405 78.794525 0.000000
v 36.138405 78.794525 2.000000
v 36.208973 79.194717 0.000000
v 36.208973 79.194717 2.000000
v 36.259502 79.597939 0.000000
v 36.259502 79.597939 2.000000
v 36.289867 80.003174 0.000000
v 36.289867 80.003174 2.000000
v 32.292355 31.456553 0.000000
v 32.299999 31.150000 0.000000
v 32.299999 31.150000 2.000000
v 32.292355 31.456553 2.000000
v 32.269440 31.762342 0.000000
v 32.269440 31.762342 2.000000
v 32.231308 32.066608 0.000000
v 32.231308 32.066608 2.000000
v 32.178062 32.368599 0.000000
v 32.178062 32.368599 2.000000
v 32.109825 32.667557 0.000000
v 32.109825 32.667557 2.000000
v 32.026772 32.962746 0.000000
v 32.026772 32.962746 2.000000
v 31.929110 33.253426 2.000000
v 31.929110 33.253426 0.000000
v 31.817080 33.538876 0.000000
v 31.817080 33.538876 2.000000
v 31.690958 33.818386 0.000000
v 31.690958 33.818386 2.000000
v 31.551064 34.091263 0.000000
v 31.551064 34.091263 2.000000
v 31.397739 34.356827 2.000000
v 31.397739 34.356827 0.000000
v 31.231369 34.614418 0.000000
v 31.231369 34.614418 2.000000
v 31.052364 34.863396 0.000000
v 31.052364 34.863396 2.000000
v 30.861174 35.103146 0.000000
v 30.861174 35.103146 2.000000
v 30.658270 35.333061 0.000000
v 30.658270 35.333061 2.000000
v 30.444157 35.552582 0.000000
v 30.444157 35.552582 2.000000
v 30.219368 35.761154 0.000000
v 30.219368 35.761154 2.000000
v 29.984463 35.958263 2.000000
v 29.984463 35.958263 0.000000
v 29.740023 36.143417 0.000000
v 29.740023 36.143417 2.000000
v 29.486660 36.316158 0.000000
v 29.486660 36.316158 2.000000
v 29.225000 36.476055 2.000000
v 29.225000 36.476055 0.000000
v 28.955696 36.622711 2.000000
v 28.955696 36.622711 0.000000
v 28.679415 36.755760 0.000000
v 28.679415 36.755760 2.000000
v 28.396847 36.874874 0.000000
v 28.396847 36.874874 2.000000
v 28.108692 36.979752 0.000000
v 28.108692 36.979752 2.000000
v 27.815668 37.070141 0.000000
v 27.815668 37.070141 2.000000
v 27.518503 37.145805 0.000000
v 27.518503 37.145805 2.000000
v 27.217936 37.206566 0.000000
v 27.217936 37.206566 2.000000
v 26.914713 37.252270 0.000000
v 26.914713 37.252270 2.000000
v 26.609591 37.282803 0.000000
v 26.609591 37.282803 2.000000
v 26.303324 37.298088 0.000000
v 26.303324 37.298088 2.000000
v 25.996675 37.298088 0.000000
v 25.996675 37.298088 2.000000
v 25.690411 37.282803 2.000000
v 25.690411 37.282803 0.000000
v 25.385286 37.252270 0.000000
v 25.385286 37.252270 2.000000
v 25.082064 37.206566 0.000000
v 25.082064 37.206566 2.000000
v 24.781496 37.145805 0.000000
v 24.781496 37.145805 2.000000
v 24.484331 37.070141 0.000000
v 24.484331 37.070141 2.000000
v 24.191307 36.979752 0.000000
v 24.191307 36.979752 2.000000
v 23.903152 36.874874 0.000000
v 23.903152 36.874874 2.000000
v 23.620584 36.755760 0.000000
v 23.620584 36.755760 2.000000
v 23.344305 36.622711 0.000000
v 23.344305 36.622711 2.000000
v 23.075001 36.476055 0.000000
v 23.075001 36.476055 2.000000
v 22.813341 36.316158 0.000000
v 22.813341 36.316158 2.000000
v 22.559977 36.143417 0.000000
v 22.559977 36.143417 2.000000
v 22.315538 35.958263 0.000000
v 22.315538 35.958263 2.000000
v 22.080631 35.761154 0.000000
v 22.080631 35.761154 2.000000
v 21.855844 35.552582 0.000000
v 21.855844 35.552582 2.000000
v 21.641731 35.333061 0.000000
v 21.641731 35.333061 2.000000
v 21.438828 35.103146 0.000000
v 21.438828 35.103146 2.000000
v 21.247635 34.863396 0.000000
v 21.247635 34.863396 2.000000
v 21.068632 34.614418 0.000000
v 21.068632 34.614418 2.000000
v 20.902262 34.356827 0.000000
v 20.902262 34.356827 2.000000
v 20.748938 34.091263 2.000000
v 20.748938 34.091263 0.000000
v 20.609041 33.818386 0.000000
v 20.609041 33.818386 2.000000
v 20.482922 33.538876 0.000000
v 20.482922 33.538876 2.000000
v 20.370890 33.253426 0.000000
v 20.370890 33.253426 2.000000
v 20.273228 32.962746 0.000000
v 20.273228 32.962746 2.000000
v 20.190174 32.667557 0.000000
v 20.190174 32.667557 2.000000
v 20.121939 32.368599 0.000000
v 20.121939 32.368599 2.000000
v 20.068691 32.066608 0.000000
v 20.068691 32.066608 2.000000
v 20.030561 31.762342 0.000000
v 20.030561 31.762342 2.000000
v 20.007645 31.456553 0.000000
v 20.007645 31.456553 2.000000
v 20.000000 31.150000 0.000000
v 20.000000 31.150000 2.000000
v 20.007645 30.843449 0.000000
v 20.007645 30.843449 2.000000
v 20.030561 30.537659 0.000000
v 20.030561 30.537659 2.000000
v 20.068691 30.233391 0.000000
v 20.068691 30.233391 2.000000
v 20.121939 29.931400 0.000000
v 20.121939 29.931400 2.000000
v 20.190174 29.632442 0.000000
v 20.190174 29.632442 2.000000
v 20.273228 29.337255 0.000000
v 20.273228 29.337255 2.000000
v 20.370890 29.046576 0.000000
v 20.370890 29.046576 2.000000
v 20.482922 28.761126 0.000000
v 20.482922 28.761126 2.000000
v 20.609041 28.481615 0.000000
v 20.609041 28.481615 2.000000
v 20.748938 28.208738 0.000000
v 20.748938 28.208738 2.000000
v 20.902262 27.943174 0.000000
v 20.902262 27.943174 2.000000
v 21.068632 27.685581 0.000000
v 21.068632 27.685581 2.000000
v 21.247635 27.436604 0.000000
v 21.247635 27.436604 2.000000
v 21.438828 27.196856 0.000000
v 21.438828 27.196856 2.000000
v 21.641731 26.966938 0.000000
v 21.641731 26.966938 2.000000
v 21.855844 26.747419 0.000000
v 21.855844 26.747419 2.000000
v 22.080631 26.538845 0.000000
v 22.080631 26.538845 2.000000
v 22.315538 26.341736 0.000000
v 22.315538 26.341736 2.000000
v 22.559977 26.156582 0.000000
v 22.559977 26.156582 2.000000
v 22.813341 25.983841 0.000000
v 22.813341 25.983841 2.000000
v 23.075001 25.823944 0.000000
v 23.075001 25.823944 2.000000
v 23.344305 25.677288 0.000000
v 23.344305 25.677288 2.000000
v 23.620584 25.544239 0.000000
v 23.620584 25.544239 2.000000
v 23.903152 25.425127 0.000000
v 23.903152 25.425127 2.000000
v 24.191307 25.320248 0.000000
v 24.191307 25.320248 2.000000
v 24.484331 25.229860 0.000000
v 24.484331 25.229860 2.000000
v 24.781496 25.154194 0.000000
v 24.781496 25.154194 2.000000
v 25.082064 25.093431 0.000000
v 25.082064 25.093431 2.000000
v 25.385286 25.047729 0.000000
v 25.385286 25.047729 2.000000
v 25.690411 25.017197 0.000000
v 25.690411 25.017197 2.000000
v 25.996675 25.001911 0.000000
v 25.996675 25.001911 2.000000
v 26.303324 25.001911 0.000000
v 26.303324 25.001911 2.000000
v 26.609591 25.017197 0.000000
v 26.609591 25.017197 2.000000
v 26.914713 25.047729 0.000000
v 26.914713 25.047729 2.000000
v 27.217936 25.093431 0.000000
v 27.217936 25.093431 2.000000
v 27.518503 25.154194 0.000000
v 27.518503 25.154194 2.000000
v 27.815668 25.229860 0.000000
v 27.815668 25.229860 2.000000
v 28.108692 25.320248 0.000000
v 28.108692 25.320248 2.000000
v 28.396847 25.425127 0.000000
v 28.396847 25.425127 2.000000
v 28.679415 25.544239 0.000000
v 28.679415 25.544239 2.000000
v 28.955696 25.677288 0.000000
v 28.955696 25.677288 2.000000
v 29.225000 25.823944 0.000000
v 29.225000 25.823944 2.000000
v 29.486660 25.983841 0.000000
v 29.486660 25.983841 2.000000
v 29.740023 26.156582 0.000000
v 29.740023 26.156582 2.000000
v 29.984463 26.341736 0.000000
v 29.984463 26.341736 2.000000
v 30.219368 26.538845 0.000000
v 30.219368 26.538845 2.000000
v 30.444157 26.747419 0.000000
v 30.444157 26.747419 2.000000
v 30.658270 26.966938 0.000000
v 30.658270 26.966938 2.000000
v 30.861174 27.196856 0.000000
v 30.861174 27.196856 2.000000
v 31.052364 27.436604 0.000000
v 31.052364 27.436604 2.000000
v 31.231369 27.685581 0.000000
v 31.231369 27.685581 2.000000
v 31.397739 27.943174 0.000000
v 31.397739 27.943174 2.000000
v 31.551064 28.208738 0.000000
v 31.551064 28.208738 2.000000
v 31.690958 28.481615 0.000000
v 31.690958 28.481615 2.000000
v 31.817080 28.761126 0.000000
v 31.817080 28.761126 2.000000
v 31.929110 29.046576 0.000000
v 31.929110 29.046576 2.000000
v 32.026772 29.337255 0.000000
v 32.026772 29.337255 2.000000
v 32.109825 29.632442 0.000000
v 32.109825 29.632442 2.000000
v 32.178062 29.931400 0.000000
v 32.178062 29.931400 2.000000
v 32.231308 30.233391 0.000000
v 32.231308 30.233391 2.000000
v 32.269440 30.537659 0.000000
v 32.269440 30.537659 2.000000
v 32.292355 30.843449 0.000000
v 32.292355 30.843449 2.000000
v 72.292358 31.456553 0.000000
v 72.300003 31.150000 0.000000
v 72.300003 31.150000 2.000000
v 72.292358 31.456553 2.000000
v 72.269440 31.762342 0.000000
v 72.269440 31.762342 2.000000
v 72.231308 32.066608 0.000000
v 72.231308 32.066608 2.000000
v 72.178062 32.368599 0.000000
v 72.178062 32.368599 2.000000
v 72.109825 32.667557 0.000000
v 72.109825 32.667557 2.000000
v 72.026772 32.962746 0.000000
v 72.026772 32.962746 2.000000
v 71.929108 33.253426 2.000000
v 71.929108 33.253426 0.000000
v 71.817078 33.538876 0.000000
v 71.817078 33.538876 2.000000
v 71.690956 33.818386 0.000000
v 71.690956 33.818386 2.000000
v 71.551064 34.091263 0.000000
v 71.551064 34.091263 2.000000
v 71.397736 34.356827 2.000000
v 71.397736 34.356827 0.000000
v 71.231369 34.614418 0.000000
v 71.231369 34.614418 2.000000
v 71.052368 34.863396 0.000000
v 71.052368 34.863396 2.000000
v 70.861176 35.103146 0.000000
v 70.861176 35.103146 2.000000
v 70.658272 35.333061 0.000000
v 70.658272 35.333061 2.000000
v 70.444153 35.552582 0.000000
v 70.444153 35.552582 2.000000
v 70.219368 35.761154 0.000000
v 70.219368 35.761154 2.000000
v 69.984459 35.958263 2.000000
v 69.984459 35.958263 0.000000
v 69.740021 36.143417 0.000000
v 69.740021 36.143417 2.000000
v 69.486656 36.316158 0.000000
v 69.486656 36.316158 2.000000
v 69.224998 36.476055 2.000000
v 69.224998 36.476055 0.000000
v 68.955696 36.622711 2.000000
v 68.955696 36.622711 0.000000
v 68.679413 36.755760 0.000000
v 68.679413 36.755760 2.000000
v 68.396851 36.874874 0.000000
v 68.396851 36.874874 2.000000
v 68.108696 36.979752 0.000000
v 68.108696 36.979752 2.000000
v 67.815666 37.070141 0.000000
v 67.815666 37.070141 2.000000
v 67.518501 37.145805 0.000000
v 67.518501 37.145805 2.000000
v 67.217934 37.206566 0.000000
v 67.217934 37.206566 2.000000
v 66.914711 37.252270 0.000000
v 66.914711 37.252270 2.000000
v 66.609589 37.282803 0.000000
v 66.609589 37.282803 2.000000
v 66.303322 37.298088 0.000000
v 66.303322 37.298088 2.000000
v 65.996674 37.298088 0.000000
v 65.996674 37.298088 2.000000
v 65.690407 37.282803 2.000000
v 65.690407 37.282803 0.000000
v 65.385284 37.252270 0.000000
v 65.385284 37.252270 2.000000
v 65.082062 37.206566 0.000000
v 65.082062 37.206566 2.000000
v 64.781494 37.145805 0.000000
v 64.781494 37.145805 2.000000
v 64.484329 37.070141 0.000000
v 64.484329 37.070141 2.000000
v 64.191307 36.979752 0.000000
v 64.191307 36.979752 2.000000
v 63.903152 36.874874 0.000000
v 63.903152 36.874874 2.000000
v 63.620583 36.755760 0.000000
v 63.620583 36.755760 2.000000
v 63.344303 36.622711 0.000000
v 63.344303 36.622711 2.000000
v 63.075001 36.476055 0.000000
v 63.075001 36.476055 2.000000
v 62.813339 36.316158 0.000000
v 62.813339 36.316158 2.000000
v 62.559975 36.143417 0.000000
v 62.559975 36.143417 2.000000
v 62.315536 35.958263 0.000000
v 62.315536 35.958263 2.000000
v 62.080631 35.761154 0.000000
v 62.080631 35.761154 2.000000
v 61.855843 35.552582 0.000000
v 61.855843 35.552582 2.000000
v 61.641731 35.333061 0.000000
v 61.641731 35.333061 2.000000
v 61.438828 35.103146 0.000000
v 61.438828 35.103146 2.000000
v 61.247635 34.863396 0.000000
v 61.247635 34.863396 2.000000
v 61.068630 34.614418 0.000000
v 61.068630 34.614418 2.000000
v 60.902260 34.356827 0.000000
v 60.902260 34.356827 2.000000
v 60.748936 34.091263 2.000000
v 60.748936 34.091263 0.000000
v 60.609043 33.818386 0.000000
v 60.609043 33.818386 2.000000
v 60.482922 33.538876 0.000000
v 60.482922 33.538876 2.000000
v 60.370892 33.253426 0.000000
v 60.370892 33.253426 2.000000
v 60.273228 32.962746 0.000000
v 60.273228 32.962746 2.000000
v 60.190174 32.667557 0.000000
v 60.190174 32.667557 2.000000
v 60.121941 32.368599 0.000000
v 60.121941 32.368599 2.000000
v 60.068691 32.066608 0.000000
v 60.068691 32.066608 2.000000
v 60.030560 31.762342 0.000000
v 60.030560 31.762342 2.000000
v 60.007645 31.456553 0.000000
v 60.007645 31.456553 2.000000
v 60.000000 31.150000 0.000000
v 60.000000 31.150000 2.000000
v 60.007645 30.843449 0.000000
v 60.007645 30.843449 2.000000
v 60.030560 30.537659 0.000000
v 60.030560 30.537659 2.000000
v 60.068691 30.233391 0.000000
v 60.068691 30.233391 2.000000
v 60.121941 29.931400 0.000000
v 60.121941 29.931400 2.000000
v 60.190174 29.632442 0.000000
v 60.190174 29.632442 2.000000
v 60.273228 29.337255 0.000000
v 60.273228 29.337255 2.000000
v 60.370892 29.046576 0.000000
v 60.370892 29.046576 2.000000
v 60.482922 28.761126 0.000000
v 60.482922 28.761126 2.000000
v 60.609043 28.481615 0.000000
v 60.609043 28.481615 2.000000
v 60.748936 28.208738 0.000000
v 60.748936 28.208738 2.000000
v 60.902260 27.943174 0.000000
v 60.902260 27.943174 2.000000
v 61.068630 27.685581 0.000000
v 61.068630 27.685581 2.000000
v 61.247635 27.436604 0.000000
v 61.247635 27.436604 2.000000
v 61.438828 27.196856 0.000000
v 61.438828 27.196856 2.000000
v 61.641731 26.966938 0.000000
v 61.641731 26.966938 2.000000
v 61.855843 26.747419 0.000000
v 61.855843 26.747419 2.000000
v 62.080631 26.538845 0.000000
v 62.080631 26.538845 2.000000
v 62.315536 26.341736 0.000000
v 62.315536 26.341736 2.000000
v 62.559975 26.156582 0.000000
v 62.559975 26.156582 2.000000
v 62.813339 25.983841 0.000000
v 62.813339 25.983841 2.000000
v 63.075001 25.823944 0.000000
v 63.075001 25.823944 2.000000
v 63.344303 25.677288 0.000000
v 63.344303 25.677288 2.000000
v 63.620583 25.544239 0.000000
v 63.620583 25.544239 2.000000
v 63.903152 25.425127 0.000000
v 63.903152 25.425127 2.000000
v 64.191307 25.320248 0.000000
v 64.191307 25.320248 2.000000
v 64.484329 25.229860 0.000000
v 64.484329 25.229860 2.000000
v 64.781494 25.154194 0.000000
v 64.781494 25.154194 2.000000
v 65.082062 25.093431 0.000000
v 65.082062 25.093431 2.000000
v 65.385284 25.047729 0.000000
v 65.385284 25.047729 2.000000
v 65.690407 25.017197 0.000000
v 65.690407 25.017197 2.000000
v 65.996674 25.001911 0.000000
v 65.996674 25.001911 2.000000
v 66.303322 25.001911 0.000000
v 66.303322 25.001911 2.000000
v 66.609589 25.017197 0.000000
v 66.609589 25.017197 2.000000
v 66.914711 25.047729 0.000000
v 66.914711 25.047729 2.000000
v 67.217934 25.093431 0.000000
v 67.217934 25.093431 2.000000
v 67.518501 25.154194 0.000000
v 67.518501 25.154194 2.000000
v 67.815666 25.229860 0.000000
v 67.815666 25.229860 2.000000
v 68.108696 25.320248 0.000000
v 68.108696 25.320248 2.000000
v 68.396851 25.425127 0.000000
v 68.396851 25.425127 2.000000
v 68.679413 25.544239 0.000000
v 68.679413 25.544239 2.000000
v 68.955696 25.677288 0.000000
v 68.955696 25.677288 2.000000
v 69.224998 25.823944 0.000000
v 69.224998 25.823944 2.000000
v 69.486656 25.983841 0.000000
v 69.486656 25.983841 2.000000
v 69.740021 26.156582 0.000000
v 69.740021 26.156582 2.000000
v 69.984459 26.341736 0.000000
v 69.984459 26.341736 2.000000
v 70.219368 26.538845 0.000000
v 70.219368 26.538845 2.000000
v 70.444153 26.747419 0.000000
v 70.444153 26.747419 2.000000
v 70.658272 26.966938 0.000000
v 70.658272 26.966938 2.000000
v 70.861176 27.196856 0.000000
v 70.861176 27.196856 2.000000
v 71.052368 27.436604 0.000000
v 71.052368 27.436604 2.000000
v 71.231369 27.685581 0.000000
v 71.231369 27.685581 2.000000
v 71.397736 27.943174 0.000000
v 71.397736 27.943174 2.000000
v 71.551064 28.208738 0.000000
v 71.551064 28.208738 2.000000
v 71.690956 28.481615 0.000000
v 71.690956 28.481615 2.000000
v 71.817078 28.761126 0.000000
v 71.817078 28.761126 2.000000
v 71.929108 29.046576 0.000000
v 71.929108 29.046576 2.000000
v 72.026772 29.337255 0.000000
v 72.026772 29.337255 2.000000
v 72.109825 29.632442 0.000000
v 72.109825 29.632442 2.000000
v 72.178062 29.931400 0.000000
v 72.178062 29.931400 2.000000
v 72.231308 30.233391 0.000000
v 72.231308 30.233391 2.000000
v 72.269440 30.537659 0.000000
v 72.269440 30.537659 2.000000
v 72.292358 30.843449 0.000000
v 72.292358 30.843449 2.000000
vn 0.000000 -1.000000 0.000000
vn 0.000000 -1.000000 0.000000
vn 0.024542 -0.999699 0.000000
vn 0.024542 -0.999699 0.000000
vn 0.073563 -0.997291 0.000000
vn 0.073563 -0.997291 0.000000
vn 0.122412 -0.992479 0.000000
vn 0.122412 -0.992479 0.000000
vn 0.170958 -0.985278 0.000000
vn 0.170958 -0.985278 0.000000
vn 0.219107 -0.975701 0.000000
vn 0.219107 -0.975701 0.000000
vn 0.266705 -0.963778 0.000000
vn 0.266705 -0.963778 0.000000
vn 0.313685 -0.949527 0.000000
vn 0.313685 -0.949527 0.000000
vn 0.359898 -0.932992 0.000000
vn 0.359898 -0.932992 0.000000
vn 0.405241 -0.914210 0.000000
vn 0.405241 -0.914210 0.000000
vn 0.449605 -0.893228 0.000000
vn 0.449605 -0.893228 0.000000
vn 0.492905 -0.870083 0.000000
vn 0.492905 -0.870083 0.000000
vn 0.535006 -0.844848 0.000000
vn 0.535006 -0.844848 0.000000
vn 0.575791 -0.817597 0.000000
vn 0.575791 -0.817597 0.000000
vn 0.615235 -0.788344 0.000000
vn 0.615235 -0.788344 0.000000
vn 0.653171 -0.757210 0.000000
vn 0.653171 -0.757210 0.000000
vn 0.689545 -0.724243 0.000000
vn 0.689545 -0.724243 0.000000
vn 0.724243 -0.689545 0.000000
vn 0.724243 -0.689545 0.000000
vn 0.757222 -0.653158 0.000000
vn 0.757222 -0.653158 0.000000
vn 0.788338 -0.615242 0.000000
vn 0.788338 -0.615242 0.000000
vn 0.817583 -0.575811 0.000000
vn 0.844867 -0.534976 0.000000
vn 0.817583 -0.575811 0.000000
vn 0.844867 -0.534976 0.000000
vn 0.870070 -0.492928 0.000000
vn 0.870070 -0.492928 0.000000
vn 0.893234 -0.449593 0.000000
vn 0.914215 -0.405229 0.000000
vn 0.893234 -0.449593 0.000000
vn 0.914215 -0.405229 0.000000
vn 0.932991 -0.359899 0.000000
vn 0.932991 -0.359899 0.000000
vn 0.949525 -0.313691 0.000000
vn 0.963770 -0.266735 0.000000
vn 0.949525 -0.313691 0.000000
vn 0.963770 -0.266735 0.000000
vn 0.975707 -0.219080 0.000000
vn 0.975707 -0.219080 0.000000
vn 0.985275 -0.170980 0.000000
vn 0.992481 -0.122399 0.000000
vn 0.985275 -0.170980 0.000000
vn 0.992481 -0.122399 0.000000
vn 0.997291 -0.073554 0.000000
vn 0.997291 -0.073554 0.000000
vn 0.999699 -0.024533 0.000000
vn 0.999699 -0.024533 0.000000
vn 1.000000 0.000000 0.000000
vn 1.000000 -0.000000 0.000000
vn 0.999699 0.024532 -0.000000
vn 0.999699 0.024532 0.000000
vn 0.997291 0.073554 0.000000
vn 0.997291 0.073554 -0.000000
vn 0.992481 0.122400 0.000000
vn 0.992481 0.122400 -0.000000
vn 0.985275 0.170979 0.000000
vn 0.985275 0.170979 -0.000000
vn 0.975707 0.219081 0.000000
vn 0.975707 0.219081 -0.000000
vn 0.963770 0.266733 0.000000
vn 0.963770 0.266733 -0.000000
vn 0.949526 0.313688 0.000000
vn 0.949526 0.313688 -0.000000
vn 0.932990 0.359901 0.000000
vn 0.932990 0.359901 -0.000000
vn 0.914215 0.405229 -0.000000
vn 0.914215 0.405229 0.000000
vn 0.893233 0.449595 0.000000
vn 0.893233 0.449595 -0.000000
vn 0.870071 0.492925 0.000000
vn 0.870071 0.492925 -0.000000
vn 0.844868 0.534975 0.000000
vn 0.844868 0.534975 -0.000000
vn 0.817580 0.575815 0.000000
vn 0.817580 0.575815 -0.000000
vn 0.788336 0.615246 0.000000
vn 0.788336 0.615246 -0.000000
vn 0.757223 0.653156 0.000000
vn 0.757223 0.653156 -0.000000
vn 0.724249 0.689539 0.000000
vn 0.724249 0.689539 -0.000000
vn 0.689538 0.724249 0.000000
vn 0.689538 0.724249 -0.000000
vn 0.653169 0.757212 0.000000
vn 0.653169 0.757212 -0.000000
vn 0.615246 0.788336 0.000000
vn 0.615246 0.788336 -0.000000
vn 0.575794 0.817595 0.000000
vn 0.575794 0.817595 -0.000000
vn 0.535001 0.844852 0.000000
vn 0.535001 0.844852 -0.000000
vn 0.492902 0.870085 0.000000
vn 0.492902 0.870085 -0.000000
vn 0.449604 0.893228 0.000000
vn 0.449604 0.893228 -0.000000
vn 0.405247 0.914207 0.000000
vn 0.405247 0.914207 -0.000000
vn 0.359901 0.932990 0.000000
vn 0.359901 0.932990 -0.000000
vn 0.313674 0.949531 0.000000
vn 0.313674 0.949531 -0.000000
vn 0.266707 0.963778 0.000000
vn 0.219106 0.975701 0.000000
vn 0.266707 0.963778 -0.000000
vn 0.219106 0.975701 0.000000
vn 0.170954 0.985279 0.000000
vn 0.170954 0.985279 -0.000000
vn 0.122422 0.992478 0.000000
vn 0.073553 0.997291 0.000000
vn 0.122422 0.992478 -0.000000
vn 0.073553 0.997291 0.000000
vn 0.024555 0.999699 0.000000
vn 0.024555 0.999699 -0.000000
vn 0.000000 1.000000 -0.000000
vn 0.000000 1.000000 0.000000
vn -0.024555 0.999699 0.000000
vn -0.024555 0.999699 0.000000
vn -0.073554 0.997291 0.000000
vn -0.073554 0.997291 0.000000
vn -0.122421 0.992478 0.000000
vn -0.122421 0.992478 0.000000
vn -0.170958 0.985278 0.000000
vn -0.170958 0.985278 0.000000
vn -0.219101 0.975702 0.000000
vn -0.219101 0.975702 0.000000
vn -0.266714 0.963776 0.000000
vn -0.266714 0.963776 0.000000
vn -0.313671 0.949532 0.000000
vn -0.313671 0.949532 0.000000
vn -0.359899 0.932991 0.000000
vn -0.359899 0.932991 0.000000
vn -0.405247 0.914207 0.000000
vn -0.405247 0.914207 0.000000
vn -0.449610 0.893225 0.000000
vn -0.449610 0.893225 0.000000
vn -0.492895 0.870089 0.000000
vn -0.492895 0.870089 0.000000
vn -0.534992 0.844857 0.000000
vn -0.575811 0.817583 0.000000
vn -0.534992 0.844857 0.000000
vn -0.575811 0.817583 0.000000
vn -0.615242 0.788338 0.000000
vn -0.615242 0.788338 0.000000
vn -0.653170 0.757211 0.000000
vn -0.653170 0.757211 0.000000
vn -0.689534 0.724253 0.000000
vn -0.689534 0.724253 0.000000
vn -0.724253 0.689534 0.000000
vn -0.724253 0.689534 0.000000
vn -0.757210 0.653171 0.000000
vn -0.757210 0.653171 0.000000
vn -0.788344 0.615235 0.000000
vn -0.788344 0.615235 0.000000
vn -0.817582 0.575812 0.000000
vn -0.817582 0.575812 0.000000
vn -0.844854 0.534996 0.000000
vn -0.870088 0.492896 0.000000
vn -0.844854 0.534996 0.000000
vn -0.870088 0.492896 0.000000
vn -0.893223 0.449614 0.000000
vn -0.914210 0.405241 0.000000
vn -0.893223 0.449614 0.000000
vn -0.914210 0.405241 0.000000
vn -0.932992 0.359898 0.000000
vn -0.949529 0.313679 0.000000
vn -0.932992 0.359898 0.000000
vn -0.949529 0.313679 0.000000
vn -0.963777 0.266711 0.000000
vn -0.963777 0.266711 0.000000
vn -0.975702 0.219102 0.000000
vn -0.975702 0.219102 0.000000
vn -0.985278 0.170961 0.000000
vn -0.985278 0.170961 0.000000
vn -0.992479 0.122412 0.000000
vn -0.992479 0.122412 0.000000
vn -0.997290 0.073565 0.000000
vn -0.997290 0.073565 0.000000
vn -0.999699 0.024541 0.000000
vn -0.999699 0.024541 0.000000
vn -1.000000 0.000000 0.000000
vn -1.000000 -0.000000 0.000000
vn -0.999699 -0.024541 0.000000
vn -0.999699 -0.024541 0.000000
vn -0.997290 -0.073565 0.000000
vn -0.997290 -0.073565 0.000000
vn -0.992480 -0.122411 0.000000
vn -0.992480 -0.122411 0.000000
vn -0.985278 -0.170962 0.000000
vn -0.985278 -0.170962 0.000000
vn -0.975702 -0.219101 0.000000
vn -0.975702 -0.219101 0.000000
vn -0.963776 -0.266713 0.000000
vn -0.963776 -0.266713 0.000000
vn -0.949528 -0.313682 0.000000
vn -0.949528 -0.313682 0.000000
vn -0.932993 -0.359895 0.000000
vn -0.932993 -0.359895 0.000000
vn -0.914210 -0.405241 0.000000
vn -0.914210 -0.405241 0.000000
vn -0.893224 -0.449612 0.000000
vn -0.893224 -0.449612 0.000000
vn -0.870087 -0.492898 0.000000
vn -0.870087 -0.492898 0.000000
vn -0.844854 -0.534998 0.000000
vn -0.844854 -0.534998 0.000000
vn -0.817585 -0.575808 0.000000
vn -0.817585 -0.575808 0.000000
vn -0.788346 -0.615232 0.000000
vn -0.788346 -0.615232 0.000000
vn -0.757209 -0.653173 0.000000
vn -0.757209 -0.653173 0.000000
vn -0.724247 -0.689540 0.000000
vn -0.724247 -0.689540 0.000000
vn -0.689540 -0.724247 0.000000
vn -0.689540 -0.724247 0.000000
vn -0.653173 -0.757209 0.000000
vn -0.653173 -0.757209 0.000000
vn -0.615232 -0.788346 0.000000
vn -0.615232 -0.788346 0.000000
vn -0.575808 -0.817585 0.000000
vn -0.534998 -0.844854 -0.000000
vn -0.575808 -0.817585 0.000000
vn -0.534998 -0.844854 0.000000
vn -0.492898 -0.870087 0.000000
vn -0.492898 -0.870087 0.000000
vn -0.449612 -0.893224 0.000000
vn -0.405241 -0.914210 -0.000000
vn -0.449612 -0.893224 0.000000
vn -0.405241 -0.914210 0.000000
vn -0.359895 -0.932993 0.000000
vn -0.359895 -0.932993 0.000000
vn -0.313682 -0.949528 0.000000
vn -0.266713 -0.963776 -0.000000
vn -0.313682 -0.949528 0.000000
vn -0.266713 -0.963776 0.000000
vn -0.219101 -0.975702 0.000000
vn -0.219101 -0.975702 0.000000
vn -0.170962 -0.985278 0.000000
vn -0.122411 -0.992480 -0.000000
vn -0.170962 -0.985278 0.000000
vn -0.122411 -0.992480 0.000000
vn -0.073565 -0.997290 0.000000
vn -0.073565 -0.997290 0.000000
vn -0.024541 -0.999699 0.000000
vn -0.024541 -0.999699 0.000000
vn -0.999689 -0.024921 0.000000
vn -0.999689 -0.024921 0.000000
vn -0.997203 -0.074736 0.000000
vn -0.997203 -0.074736 0.000000
vn -0.992241 -0.124331 0.000000
vn -0.992241 -0.124331 0.000000
vn -0.984807 -0.173651 0.000000
vn -0.984807 -0.173651 0.000000
vn -0.974925 -0.222533 0.000000
vn -0.974925 -0.222533 0.000000
vn -0.962625 -0.270838 0.000000
vn -0.947928 -0.318485 0.000000
vn -0.962625 -0.270838 0.000000
vn -0.947928 -0.318485 0.000000
vn -0.930876 -0.365335 0.000000
vn -0.930876 -0.365335 0.000000
vn -0.911503 -0.411293 0.000000
vn -0.911503 -0.411293 0.000000
vn -0.889872 -0.456210 0.000000
vn -0.866024 -0.500002 0.000000
vn -0.889872 -0.456210 0.000000
vn -0.866024 -0.500002 0.000000
vn -0.840029 -0.542541 0.000000
vn -0.840029 -0.542541 0.000000
vn -0.811941 -0.583740 0.000000
vn -0.811941 -0.583740 0.000000
vn -0.781829 -0.623493 0.000000
vn -0.781829 -0.623493 0.000000
vn -0.749781 -0.661686 0.000000
vn -0.749781 -0.661686 0.000000
vn -0.715865 -0.698238 0.000000
vn -0.715865 -0.698238 0.000000
vn -0.680175 -0.733050 0.000000
vn -0.642786 -0.766046 0.000000
vn -0.680175 -0.733050 0.000000
vn -0.642786 -0.766046 0.000000
vn -0.603807 -0.797131 0.000000
vn -0.603807 -0.797131 0.000000
vn -0.563319 -0.826240 0.000000
vn -0.521431 -0.853293 0.000000
vn -0.563319 -0.826240 0.000000
vn -0.478255 -0.878221 0.000000
vn -0.521431 -0.853293 0.000000
vn -0.478255 -0.878221 0.000000
vn -0.433886 -0.900968 0.000000
vn -0.433886 -0.900968 0.000000
vn -0.388438 -0.921475 0.000000
vn -0.388438 -0.921475 0.000000
vn -0.342017 -0.939694 0.000000
vn -0.342017 -0.939694 0.000000
vn -0.294754 -0.955573 0.000000
vn -0.294754 -0.955573 0.000000
vn -0.246760 -0.969077 0.000000
vn -0.246760 -0.969077 0.000000
vn -0.198148 -0.980172 0.000000
vn -0.198148 -0.980172 0.000000
vn -0.149038 -0.988831 0.000000
vn -0.149038 -0.988831 0.000000
vn -0.099569 -0.995031 0.000000
vn -0.099569 -0.995031 0.000000
vn -0.049849 -0.998757 0.000000
vn -0.049849 -0.998757 0.000000
vn 0.000000 -1.000000 0.000000
vn 0.049849 -0.998757 0.000000
vn 0.000000 -1.000000 0.000000
vn 0.049849 -0.998757 0.000000
vn 0.099569 -0.995031 0.000000
vn 0.099569 -0.995031 0.000000
vn 0.149038 -0.988831 0.000000
vn 0.149038 -0.988831 0.000000
vn 0.198148 -0.980172 0.000000
vn 0.198148 -0.980172 0.000000
vn 0.246760 -0.969077 0.000000
vn 0.246760 -0.969077 0.000000
vn 0.294754 -0.955573 0.000000
vn 0.294754 -0.955573 0.000000
vn 0.342017 -0.939694 0.000000
vn 0.342017 -0.939694 0.000000
vn 0.388438 -0.921475 0.000000
vn 0.388438 -0.921475 0.000000
vn 0.433886 -0.900968 0.000000
vn 0.433886 -0.900968 0.000000
vn 0.478255 -0.878221 0.000000
vn 0.478255 -0.878221 0.000000
vn 0.521431 -0.853293 0.000000
vn 0.521431 -0.853293 0.000000
vn 0.563319 -0.826240 0.000000
vn 0.563319 -0.826240 0.000000
vn 0.603807 -0.797131 0.000000
vn 0.603807 -0.797131 0.000000
vn 0.642786 -0.766046 0.000000
vn 0.642786 -0.766046 0.000000
vn 0.680175 -0.733050 0.000000
vn 0.680175 -0.733050 0.000000
vn 0.715865 -0.698238 0.000000
vn 0.715865 -0.698238 0.000000
vn 0.749781 -0.661686 0.000000
vn 0.749781 -0.661686 0.000000
vn 0.781829 -0.623493 0.000000
vn 0.781829 -0.623493 0.000000
vn 0.811941 -0.583740 0.000000
vn 0.811941 -0.583740 0.000000
vn 0.840029 -0.542541 0.000000
vn 0.866024 -0.500002 0.000000
vn 0.840029 -0.542541 0.000000
vn 0.866024 -0.500002 0.000000
vn 0.889872 -0.456210 0.000000
vn 0.889872 -0.456210 0.000000
vn 0.911503 -0.411293 0.000000
vn 0.911503 -0.411293 0.000000
vn 0.930876 -0.365335 0.000000
vn 0.930876 -0.365335 0.000000
vn 0.947924 -0.318497 0.000000
vn 0.947924 -0.318497 0.000000
vn 0.962625 -0.270838 0.000000
vn 0.962625 -0.270838 0.000000
vn 0.974928 -0.222520 0.000000
vn 0.974928 -0.222520 0.000000
vn 0.984807 -0.173651 0.000000
vn 0.984807 -0.173651 0.000000
vn 0.992239 -0.124345 0.000000
vn 0.992239 -0.124345 0.000000
vn 0.997204 -0.074722 0.000000
vn 0.997204 -0.074722 0.000000
vn 0.999689 -0.024935 0.000000
vn 0.999689 -0.024935 0.000000
vn 0.999689 0.024935 0.000000
vn 0.999689 0.024935 -0.000000
vn 0.997204 0.074722 0.000000
vn 0.997204 0.074722 -0.000000
vn 0.992239 0.124345 0.000000
vn 0.992239 0.124345 -0.000000
vn 0.984807 0.173651 0.000000
vn 0.984807 0.173651 -0.000000
vn 0.974928 0.222520 0.000000
vn 0.974928 0.222520 -0.000000
vn 0.962625 0.270838 0.000000
vn 0.962625 0.270838 -0.000000
vn 0.947924 0.318497 0.000000
vn 0.947924 0.318497 -0.000000
vn 0.930876 0.365336 0.000000
vn 0.930876 0.365336 -0.000000
vn 0.911503 0.411293 0.000000
vn 0.911503 0.411293 -0.000000
vn 0.889872 0.456210 0.000000
vn 0.889872 0.456210 -0.000000
vn 0.866026 0.499999 0.000000
vn 0.866026 0.499999 -0.000000
vn 0.840028 0.542543 0.000000
vn 0.840028 0.542543 -0.000000
vn 0.811940 0.583741 0.000000
vn 0.811940 0.583741 -0.000000
vn 0.781830 0.623491 0.000000
vn 0.781830 0.623491 -0.000000
vn 0.749781 0.661686 0.000000
vn 0.749781 0.661686 -0.000000
vn 0.715864 0.698240 0.000000
vn 0.715864 0.698240 -0.000000
vn 0.680176 0.733048 0.000000
vn 0.680176 0.733048 -0.000000
vn 0.642786 0.766046 0.000000
vn 0.642786 0.766046 -0.000000
vn 0.603805 0.797132 0.000000
vn 0.603805 0.797132 -0.000000
vn 0.563321 0.826238 -0.000000
vn 0.563321 0.826238 0.000000
vn 0.521431 0.853293 -0.000000
vn 0.521431 0.853293 0.000000
vn 0.478253 0.878222 -0.000000
vn 0.478253 0.878222 0.000000
vn 0.433889 0.900967 -0.000000
vn 0.433889 0.900967 0.000000
vn 0.388435 0.921476 -0.000000
vn 0.388435 0.921476 0.000000
vn 0.342017 0.939694 0.000000
vn 0.342017 0.939694 -0.000000
vn 0.294757 0.955572 0.000000
vn 0.294757 0.955572 -0.000000
vn 0.246757 0.969077 0.000000
vn 0.246757 0.969077 -0.000000
vn 0.198148 0.980172 0.000000
vn 0.198148 0.980172 -0.000000
vn 0.149041 0.988831 0.000000
vn 0.149041 0.988831 -0.000000
vn 0.099569 0.995031 0.000000
vn 0.099569 0.995031 -0.000000
vn 0.049845 0.998757 0.000000
vn 0.049845 0.998757 -0.000000
vn 0.000000 1.000000 0.000000
vn 0.000000 1.000000 -0.000000
vn -0.049845 0.998757 0.000000
vn -0.049845 0.998757 0.000000
vn -0.099569 0.995031 0.000000
vn -0.099569 0.995031 0.000000
vn -0.149041 0.988831 0.000000
vn -0.149041 0.988831 0.000000
vn -0.198148 0.980172 0.000000
vn -0.198148 0.980172 0.000000
vn -0.246757 0.969077 0.000000
vn -0.246757 0.969077 0.000000
vn -0.294757 0.955572 0.000000
vn -0.294757 0.955572 0.000000
vn -0.342017 0.939694 0.000000
vn -0.342017 0.939694 0.000000
vn -0.388435 0.921476 0.000000
vn -0.388435 0.921476 0.000000
vn -0.433889 0.900967 0.000000
vn -0.433889 0.900967 0.000000
vn -0.478253 0.878222 0.000000
vn -0.478253 0.878222 0.000000
vn -0.521431 0.853293 0.000000
vn -0.521431 0.853293 0.000000
vn -0.563321 0.826238 0.000000
vn -0.563321 0.826238 0.000000
vn -0.603805 0.797132 0.000000
vn -0.603805 0.797132 0.000000
vn -0.642786 0.766046 0.000000
vn -0.642786 0.766046 0.000000
vn -0.680176 0.733048 0.000000
vn -0.680176 0.733048 0.000000
vn -0.715864 0.698240 0.000000
vn -0.715864 0.698240 0.000000
vn -0.749781 0.661686 0.000000
vn -0.749781 0.661686 0.000000
vn -0.781830 0.623491 0.000000
vn -0.781830 0.623491 0.000000
vn -0.811940 0.583741 0.000000
vn -0.811940 0.583741 0.000000
vn -0.840028 0.542543 0.000000
vn -0.840028 0.542543 0.000000
vn -0.866026 0.499999 0.000000
vn -0.866026 0.499999 0.000000
vn -0.889872 0.456210 0.000000
vn -0.889872 0.456210 0.000000
vn -0.911503 0.411293 0.000000
vn -0.911503 0.411293 0.000000
vn -0.930876 0.365336 0.000000
vn -0.930876 0.365336 0.000000
vn -0.947928 0.318485 0.000000
vn -0.947928 0.318485 0.000000
vn -0.962625 0.270838 0.000000
vn -0.962625 0.270838 0.000000
vn -0.974925 0.222533 0.000000
vn -0.974925 0.222533 0.000000
vn -0.984807 0.173651 0.000000
vn -0.984807 0.173651 0.000000
vn -0.992241 0.124331 0.000000
vn -0.992241 0.124331 0.000000
vn -0.997203 0.074736 0.000000
vn -0.997203 0.074736 0.000000
vn -0.999689 0.024921 0.000000
vn -0.999689 0.024921 0.000000
vn -0.999689 -0.024933 0.000000
vn -0.999689 -0.024933 0.000000
vn -0.997204 -0.074722 0.000000
vn -0.997204 -0.074722 0.000000
vn -0.992241 -0.124326 0.000000
vn -0.992241 -0.124326 0.000000
vn -0.984805 -0.173662 0.000000
vn -0.984805 -0.173662 0.000000
vn -0.974929 -0.222517 0.000000
vn -0.974929 -0.222517 0.000000
vn -0.962624 -0.270841 0.000000
vn -0.947926 -0.318491 0.000000
vn -0.962624 -0.270841 0.000000
vn -0.947926 -0.318491 0.000000
vn -0.930871 -0.365349 0.000000
vn -0.930871 -0.365349 0.000000
vn -0.911510 -0.411278 0.000000
vn -0.911510 -0.411278 0.000000
vn -0.889876 -0.456203 0.000000
vn -0.866026 -0.500000 0.000000
vn -0.889876 -0.456203 0.000000
vn -0.866026 -0.500000 0.000000
vn -0.840027 -0.542545 0.000000
vn -0.840027 -0.542545 0.000000
vn -0.811933 -0.583750 0.000000
vn -0.811933 -0.583750 0.000000
vn -0.781833 -0.623488 0.000000
vn -0.781833 -0.623488 0.000000
vn -0.749779 -0.661689 0.000000
vn -0.749779 -0.661689 0.000000
vn -0.715866 -0.698237 0.000000
vn -0.715866 -0.698237 0.000000
vn -0.680178 -0.733047 0.000000
vn -0.642788 -0.766044 0.000000
vn -0.680178 -0.733047 0.000000
vn -0.642788 -0.766044 0.000000
vn -0.603799 -0.797136 0.000000
vn -0.603799 -0.797136 0.000000
vn -0.563318 -0.826240 0.000000
vn -0.521436 -0.853290 0.000000
vn -0.563318 -0.826240 0.000000
vn -0.478263 -0.878217 0.000000
vn -0.521436 -0.853290 0.000000
vn -0.478263 -0.878217 0.000000
vn -0.433879 -0.900971 0.000000
vn -0.433879 -0.900971 0.000000
vn -0.388429 -0.921479 0.000000
vn -0.388429 -0.921479 0.000000
vn -0.342029 -0.939689 0.000000
vn -0.342029 -0.939689 0.000000
vn -0.294761 -0.955571 0.000000
vn -0.294761 -0.955571 0.000000
vn -0.246752 -0.969079 0.000000
vn -0.246752 -0.969079 0.000000
vn -0.198145 -0.980173 0.000000
vn -0.198145 -0.980173 0.000000
vn -0.149034 -0.988832 0.000000
vn -0.149034 -0.988832 0.000000
vn -0.099578 -0.995030 0.000000
vn -0.099578 -0.995030 0.000000
vn -0.049847 -0.998757 0.000000
vn -0.049847 -0.998757 0.000000
vn 0.000000 -1.000000 0.000000
vn 0.049847 -0.998757 0.000000
vn 0.000000 -1.000000 0.000000
vn 0.049847 -0.998757 0.000000
vn 0.099578 -0.995030 0.000000
vn 0.099578 -0.995030 0.000000
vn 0.149034 -0.988832 0.000000
vn 0.149034 -0.988832 0.000000
vn 0.198145 -0.980173 0.000000
vn 0.198145 -0.980173 0.000000
vn 0.246752 -0.969079 0.000000
vn 0.246752 -0.969079 0.000000
vn 0.294761 -0.955571 0.000000
vn 0.294761 -0.955571 0.000000
vn 0.342029 -0.939689 0.000000
vn 0.342029 -0.939689 0.000000
vn 0.388429 -0.921479 0.000000
vn 0.388429 -0.921479 0.000000
vn 0.433879 -0.900971 0.000000
vn 0.433879 -0.900971 0.000000
vn 0.478263 -0.878217 0.000000
vn 0.478263 -0.878217 0.000000
vn 0.521436 -0.853290 0.000000
vn 0.521436 -0.853290 0.000000
vn 0.563318 -0.826240 0.000000
vn 0.563318 -0.826240 0.000000
vn 0.603799 -0.797136 0.000000
vn 0.603799 -0.797136 0.000000
vn 0.642788 -0.766044 0.000000
vn 0.642788 -0.766044 0.000000
vn 0.680178 -0.733047 0.000000
vn 0.680178 -0.733047 0.000000
vn 0.715866 -0.698237 0.000000
vn 0.715866 -0.698237 0.000000
vn 0.749779 -0.661689 0.000000
vn 0.749779 -0.661689 0.000000
vn 0.781833 -0.623488 0.000000
vn 0.781833 -0.623488 0.000000
vn 0.811933 -0.583750 0.000000
vn 0.811933 -0.583750 0.000000
vn 0.840027 -0.542545 0.000000
vn 0.866026 -0.500000 0.000000
vn 0.840027 -0.542545 0.000000
vn 0.866026 -0.500000 0.000000
vn 0.889876 -0.456203 0.000000
vn 0.889876 -0.456203 0.000000
vn 0.911503 -0.411293 0.000000
vn 0.911503 -0.411293 0.000000
vn 0.930877 -0.365333 0.000000
vn 0.930877 -0.365333 0.000000
vn 0.947926 -0.318491 0.000000
vn 0.947926 -0.318491 0.000000
vn 0.962624 -0.270841 0.000000
vn 0.962624 -0.270841 0.000000
vn 0.974929 -0.222517 0.000000
vn 0.974929 -0.222517 0.000000
vn 0.984809 -0.173644 0.000000
vn 0.984809 -0.173644 0.000000
vn 0.992239 -0.124344 0.000000
vn 0.992239 -0.124344 0.000000
vn 0.997203 -0.074741 0.000000
vn 0.997203 -0.074741 0.000000
vn 0.999689 -0.024933 0.000000
vn 0.999689 -0.024933 0.000000
vn 0.999689 0.024933 0.000000
vn 0.999689 0.024933 -0.000000
vn 0.997203 0.074741 0.000000
vn 0.997203 0.074741 -0.000000
vn 0.992239 0.124342 0.000000
vn 0.992239 0.124342 -0.000000
vn 0.984808 0.173647 0.000000
vn 0.984808 0.173647 -0.000000
vn 0.974929 0.222517 0.000000
vn 0.974929 0.222517 -0.000000
vn 0.962624 0.270841 0.000000
vn 0.962624 0.270841 -0.000000
vn 0.947928 0.318485 0.000000
vn 0.947928 0.318485 -0.000000
vn 0.930874 0.365339 0.000000
vn 0.930874 0.365339 -0.000000
vn 0.911506 0.411286 0.000000
vn 0.911506 0.411286 -0.000000
vn 0.889876 0.456203 0.000000
vn 0.889876 0.456203 -0.000000
vn 0.866021 0.500008 0.000000
vn 0.866021 0.500008 -0.000000
vn 0.840027 0.542545 0.000000
vn 0.840027 0.542545 -0.000000
vn 0.811933 0.583750 0.000000
vn 0.811933 0.583750 -0.000000
vn 0.781833 0.623488 0.000000
vn 0.781833 0.623488 -0.000000
vn 0.749787 0.661679 0.000000
vn 0.749787 0.661679 -0.000000
vn 0.715857 0.698247 0.000000
vn 0.715857 0.698247 -0.000000
vn 0.680178 0.733047 0.000000
vn 0.680178 0.733047 -0.000000
vn 0.642788 0.766044 0.000000
vn 0.642788 0.766044 -0.000000
vn 0.603799 0.797136 0.000000
vn 0.603799 0.797136 -0.000000
vn 0.563331 0.826231 -0.000000
vn 0.563331 0.826231 0.000000
vn 0.521423 0.853299 -0.000000
vn 0.521423 0.853299 0.000000
vn 0.478263 0.878217 -0.000000
vn 0.478263 0.878217 0.000000
vn 0.433879 0.900971 -0.000000
vn 0.433879 0.900971 0.000000
vn 0.388445 0.921472 -0.000000
vn 0.388445 0.921472 0.000000
vn 0.342013 0.939695 0.000000
vn 0.342013 0.939695 -0.000000
vn 0.294761 0.955571 0.000000
vn 0.294761 0.955571 -0.000000
vn 0.246752 0.969079 0.000000
vn 0.246752 0.969079 -0.000000
vn 0.198145 0.980173 0.000000
vn 0.198145 0.980173 -0.000000
vn 0.149053 0.988829 0.000000
vn 0.149053 0.988829 -0.000000
vn 0.099559 0.995032 0.000000
vn 0.099559 0.995032 -0.000000
vn 0.049847 0.998757 0.000000
vn 0.049847 0.998757 -0.000000
vn 0.000000 1.000000 0.000000
vn 0.000000 1.000000 -0.000000
vn -0.049847 0.998757 0.000000
vn -0.049847 0.998757 0.000000
vn -0.099559 0.995032 0.000000
vn -0.099559 0.995032 0.000000
vn -0.149053 0.988829 0.000000
vn -0.149053 0.988829 0.000000
vn -0.198145 0.980173 0.000000
vn -0.198145 0.980173 0.000000
vn -0.246752 0.969079 0.000000
vn -0.246752 0.969079 0.000000
vn -0.294761 0.955571 0.000000
vn -0.294761 0.955571 0.000000
vn -0.342013 0.939695 0.000000
vn -0.342013 0.939695 0.000000
vn -0.388445 0.921472 0.000000
vn -0.388445 0.921472 0.000000
vn -0.433879 0.900971 0.000000
vn -0.433879 0.900971 0.000000
vn -0.478263 0.878217 0.000000
vn -0.478263 0.878217 0.000000
vn -0.521423 0.853299 0.000000
vn -0.521423 0.853299 0.000000
vn -0.563331 0.826231 0.000000
vn -0.563331 0.826231 0.000000
vn -0.603799 0.797136 0.000000
vn -0.603799 0.797136 0.000000
vn -0.642788 0.766044 0.000000
vn -0.642788 0.766044 0.000000
vn -0.680178 0.733047 0.000000
vn -0.680178 0.733047 0.000000
vn -0.715857 0.698247 0.000000
vn -0.715857 0.698247 0.000000
vn -0.749787 0.661679 0.000000
vn -0.749787 0.661679 0.000000
vn -0.781833 0.623488 0.000000
vn -0.781833 0.623488 0.000000
vn -0.811933 0.583750 0.000000
vn -0.811933 0.583750 0.000000
vn -0.840027 0.542545 0.000000
vn -0.840027 0.542545 0.000000
vn -0.866021 0.500008 0.000000
vn -0.866021 0.500008 0.000000
vn -0.889876 0.456203 0.000000
vn -0.889876 0.456203 0.000000
vn -0.911513 0.411271 0.000000
vn -0.911513 0.411271 0.000000
vn -0.930868 0.365356 0.000000
vn -0.930868 0.365356 0.000000
vn -0.947928 0.318485 0.000000
vn -0.947928 0.318485 0.000000
vn -0.962624 0.270841 0.000000
vn -0.962624 0.270841 0.000000
vn -0.974929 0.222517 0.000000
vn -0.974929 0.222517 0.000000
vn -0.984805 0.173665 0.000000
vn -0.984805 0.173665 0.000000
vn -0.992242 0.124324 0.000000
vn -0.992242 0.124324 0.000000
vn -0.997204 0.074722 0.000000
vn -0.997204 0.074722 0.000000
vn -0.999689 0.024933 0.000000
vn -0.999689 0.024933 0.000000
vn -0.999689 -0.024933 0.000000
vn -0.999689 -0.024933 0.000000
vn -0.997204 -0.074722 0.000000
vn -0.997204 -0.074722 0.000000
vn -0.992239 -0.124344 0.000000
vn -0.992239 -0.124344 0.000000
vn -0.984809 -0.173644 0.000000
vn -0.984809 -0.173644 0.000000
vn -0.974925 -0.222535 0.000000
vn -0.974925 -0.222535 0.000000
vn -0.962624 -0.270841 0.000000
vn -0.947932 -0.318474 0.000000
vn -0.962624 -0.270841 0.000000
vn -0.947932 -0.318474 0.000000
vn -0.930871 -0.365349 0.000000
vn -0.930871 -0.365349 0.000000
vn -0.911510 -0.411278 0.000000
vn -0.911510 -0.411278 0.000000
vn -0.889868 -0.456218 0.000000
vn -0.866026 -0.500000 0.000000
vn -0.889868 -0.456218 0.000000
vn -0.866026 -0.500000 0.000000
vn -0.840027 -0.542545 0.000000
vn -0.840027 -0.542545 0.000000
vn -0.811942 -0.583738 0.000000
vn -0.811942 -0.583738 0.000000
vn -0.781824 -0.623499 0.000000
vn -0.781824 -0.623499 0.000000
vn -0.749779 -0.661689 0.000000
vn -0.749779 -0.661689 0.000000
vn -0.715876 -0.698228 0.000000
vn -0.715876 -0.698228 0.000000
vn -0.680178 -0.733047 0.000000
vn -0.642779 -0.766052 0.000000
vn -0.680178 -0.733047 0.000000
vn -0.642779 -0.766052 0.000000
vn -0.603808 -0.797130 0.000000
vn -0.603808 -0.797130 0.000000
vn -0.563309 -0.826246 0.000000
vn -0.521445 -0.853285 0.000000
vn -0.563309 -0.826246 0.000000
vn -0.478255 -0.878221 0.000000
vn -0.521445 -0.853285 0.000000
vn -0.478255 -0.878221 0.000000
vn -0.433879 -0.900971 0.000000
vn -0.433879 -0.900971 0.000000
vn -0.388429 -0.921479 0.000000
vn -0.388429 -0.921479 0.000000
vn -0.342035 -0.939687 0.000000
vn -0.342035 -0.939687 0.000000
vn -0.294756 -0.955573 0.000000
vn -0.294756 -0.955573 0.000000
vn -0.246752 -0.969079 0.000000
vn -0.246752 -0.969079 0.000000
vn -0.198148 -0.980172 0.000000
vn -0.198148 -0.980172 0.000000
vn -0.149032 -0.988832 0.000000
vn -0.149032 -0.988832 0.000000
vn -0.099580 -0.995030 0.000000
vn -0.099580 -0.995030 0.000000
vn -0.049846 -0.998757 0.000000
vn -0.049846 -0.998757 0.000000
vn 0.000000 -1.000000 0.000000
vn 0.049846 -0.998757 0.000000
vn 0.000000 -1.000000 0.000000
vn 0.049846 -0.998757 0.000000
vn 0.099580 -0.995030 0.000000
vn 0.099580 -0.995030 0.000000
vn 0.149032 -0.988832 0.000000
vn 0.149032 -0.988832 0.000000
vn 0.198145 -0.980173 0.000000
vn 0.198145 -0.980173 0.000000
vn 0.246757 -0.969077 0.000000
vn 0.246757 -0.969077 0.000000
vn 0.294756 -0.955573 0.000000
vn 0.294756 -0.955573 0.000000
vn 0.342035 -0.939687 0.000000
vn 0.342035 -0.939687 0.000000
vn 0.388422 -0.921482 0.000000
vn 0.388422 -0.921482 0.000000
vn 0.433879 -0.900971 0.000000
vn 0.433879 -0.900971 0.000000
vn 0.478263 -0.878217 0.000000
vn 0.478263 -0.878217 0.000000
vn 0.521445 -0.853285 0.000000
vn 0.521445 -0.853285 0.000000
vn 0.563309 -0.826246 0.000000
vn 0.563309 -0.826246 0.000000
vn 0.603808 -0.797130 0.000000
vn 0.603808 -0.797130 0.000000
vn 0.642779 -0.766052 0.000000
vn 0.642779 -0.766052 0.000000
vn 0.680178 -0.733047 0.000000
vn 0.680178 -0.733047 0.000000
vn 0.715866 -0.698237 0.000000
vn 0.715866 -0.698237 0.000000
vn 0.749788 -0.661678 0.000000
vn 0.749788 -0.661678 0.000000
vn 0.781824 -0.623499 0.000000
vn 0.781824 -0.623499 0.000000
vn 0.811942 -0.583738 0.000000
vn 0.811942 -0.583738 0.000000
vn 0.840027 -0.542545 0.000000
vn 0.866026 -0.500000 0.000000
vn 0.840027 -0.542545 0.000000
vn 0.866026 -0.500000 0.000000
vn 0.889868 -0.456218 0.000000
vn 0.889868 -0.456218 0.000000
vn 0.911510 -0.411278 0.000000
vn 0.911510 -0.411278 0.000000
vn 0.930871 -0.365349 0.000000
vn 0.930871 -0.365349 0.000000
vn 0.947926 -0.318491 0.000000
vn 0.947926 -0.318491 0.000000
vn 0.962624 -0.270841 0.000000
vn 0.962624 -0.270841 0.000000
vn 0.974929 -0.222517 0.000000
vn 0.974929 -0.222517 0.000000
vn 0.984809 -0.173644 0.000000
vn 0.984809 -0.173644 0.000000
vn 0.992239 -0.124344 0.000000
vn 0.992239 -0.124344 0.000000
vn 0.997204 -0.074722 0.000000
vn 0.997204 -0.074722 0.000000
vn 0.999689 -0.024933 0.000000
vn 0.999689 -0.024933 0.000000
vn 0.999689 0.024933 0.000000
vn 0.999689 0.024933 -0.000000
vn 0.997204 0.074722 0.000000
vn 0.997204 0.074722 -0.000000
vn 0.992239 0.124342 0.000000
vn 0.992239 0.124342 -0.000000
vn 0.984808 0.173647 0.000000
vn 0.984808 0.173647 -0.000000
vn 0.974929 0.222517 0.000000
vn 0.974929 0.222517 -0.000000
vn 0.962624 0.270841 0.000000
vn 0.962624 0.270841 -0.000000
vn 0.947928 0.318485 0.000000
vn 0.947928 0.318485 -0.000000
vn 0.930868 0.365356 0.000000
vn 0.930868 0.365356 -0.000000
vn 0.911513 0.411271 0.000000
vn 0.911513 0.411271 -0.000000
vn 0.889868 0.456218 0.000000
vn 0.889868 0.456218 -0.000000
vn 0.866021 0.500008 0.000000
vn 0.866021 0.500008 -0.000000
vn 0.840027 0.542545 0.000000
vn 0.840027 0.542545 -0.000000
vn 0.811942 0.583738 0.000000
vn 0.811942 0.583738 -0.000000
vn 0.781824 0.623499 0.000000
vn 0.781824 0.623499 -0.000000
vn 0.749796 0.661669 0.000000
vn 0.749796 0.661669 -0.000000
vn 0.715857 0.698247 0.000000
vn 0.715857 0.698247 -0.000000
vn 0.680178 0.733047 0.000000
vn 0.680178 0.733047 -0.000000
vn 0.642779 0.766052 0.000000
vn 0.642779 0.766052 -0.000000
vn 0.603808 0.797130 0.000000
vn 0.603808 0.797130 -0.000000
vn 0.563322 0.826237 -0.000000
vn 0.563322 0.826237 0.000000
vn 0.521431 0.853293 -0.000000
vn 0.521431 0.853293 0.000000
vn 0.478263 0.878217 -0.000000
vn 0.478263 0.878217 0.000000
vn 0.433879 0.900971 -0.000000
vn 0.433879 0.900971 0.000000
vn 0.388438 0.921475 -0.000000
vn 0.388438 0.921475 0.000000
vn 0.342019 0.939693 0.000000
vn 0.342019 0.939693 -0.000000
vn 0.294756 0.955573 0.000000
vn 0.294756 0.955573 -0.000000
vn 0.246757 0.969077 0.000000
vn 0.246757 0.969077 -0.000000
vn 0.198145 0.980173 0.000000
vn 0.198145 0.980173 -0.000000
vn 0.149050 0.988830 0.000000
vn 0.149050 0.988830 -0.000000
vn 0.099561 0.995031 0.000000
vn 0.099561 0.995031 -0.000000
vn 0.049846 0.998757 0.000000
vn 0.049846 0.998757 -0.000000
vn 0.000000 1.000000 0.000000
vn 0.000000 1.000000 -0.000000
vn -0.049846 0.998757 0.000000
vn -0.049846 0.998757 0.000000
vn -0.099561 0.995031 0.000000
vn -0.099561 0.995031 0.000000
vn -0.149050 0.988830 0.000000
vn -0.149050 0.988830 0.000000
vn -0.198148 0.980172 0.000000
vn -0.198148 0.980172 0.000000
vn -0.246752 0.969079 0.000000
vn -0.246752 0.969079 0.000000
vn -0.294756 0.955573 0.000000
vn -0.294756 0.955573 0.000000
vn -0.342019 0.939693 0.000000
vn -0.342019 0.939693 0.000000
vn -0.388445 0.921472 0.000000
vn -0.388445 0.921472 0.000000
vn -0.433879 0.900971 0.000000
vn -0.433879 0.900971 0.000000
vn -0.478255 0.878221 0.000000
vn -0.478255 0.878221 0.000000
vn -0.521431 0.853293 0.000000
vn -0.521431 0.853293 0.000000
vn -0.563322 0.826237 0.000000
vn -0.563322 0.826237 0.000000
vn -0.603808 0.797130 0.000000
vn -0.603808 0.797130 0.000000
vn -0.642779 0.766052 0.000000
vn -0.642779 0.766052 0.000000
vn -0.680178 0.733047 0.000000
vn -0.680178 0.733047 0.000000
vn -0.715867 0.698237 0.000000
vn -0.715867 0.698237 0.000000
vn -0.749787 0.661679 0.000000
vn -0.749787 0.661679 0.000000
vn -0.781824 0.623499 0.000000
vn -0.781824 0.623499 0.000000
vn -0.811942 0.583738 0.000000
vn -0.811942 0.583738 0.000000
vn -0.840027 0.542545 0.000000
vn -0.840027 0.542545 0.000000
vn -0.866021 0.500008 0.000000
vn -0.866021 0.500008 0.000000
vn -0.889868 0.456218 0.000000
vn -0.889868 0.456218 0.000000
vn -0.911513 0.411271 0.000000
vn -0.911513 0.411271 0.000000
vn -0.930868 0.365356 0.000000
vn -0.930868 0.365356 0.000000
vn -0.947933 0.318469 0.000000
vn -0.947933 0.318469 0.000000
vn -0.962624 0.270841 0.000000
vn -0.962624 0.270841 0.000000
vn -0.974925 0.222535 0.000000
vn -0.974925 0.222535 0.000000
vn -0.984808 0.173647 0.000000
vn -0.984808 0.173647 0.000000
vn -0.992239 0.124342 0.000000
vn -0.992239 0.124342 0.000000
vn -0.997204 0.074722 0.000000
vn -0.997204 0.074722 0.000000
vn -0.999689 0.024933 0.000000
vn -0.999689 0.024933 0.000000
vn -0.999689 -0.024933 0.000000
vn -0.999689 -0.024933 0.000000
vn -0.997204 -0.074722 0.000000
vn -0.997204 -0.074722 0.000000
vn -0.992239 -0.124344 0.000000
vn -0.992239 -0.124344 0.000000
vn -0.984807 -0.173653 0.000000
vn -0.984807 -0.173653 0.000000
vn -0.974929 -0.222517 0.000000
vn -0.974929 -0.222517 0.000000
vn -0.962624 -0.270841 0.000000
vn -0.947926 -0.318491 0.000000
vn -0.962624 -0.270841 0.000000
vn -0.947926 -0.318491 0.000000
vn -0.930874 -0.365341 0.000000
vn -0.930874 -0.365341 0.000000
vn -0.911506 -0.411286 0.000000
vn -0.911506 -0.411286 0.000000
vn -0.889872 -0.456210 0.000000
vn -0.866026 -0.500000 0.000000
vn -0.889872 -0.456210 0.000000
vn -0.866026 -0.500000 0.000000
vn -0.840027 -0.542545 0.000000
vn -0.840027 -0.542545 0.000000
vn -0.811938 -0.583744 0.000000
vn -0.811938 -0.583744 0.000000
vn -0.781829 -0.623493 0.000000
vn -0.781829 -0.623493 0.000000
vn -0.749783 -0.661683 0.000000
vn -0.749783 -0.661683 0.000000
vn -0.715866 -0.698237 0.000000
vn -0.715866 -0.698237 0.000000
vn -0.680178 -0.733047 0.000000
vn -0.642784 -0.766048 0.000000
vn -0.680178 -0.733047 0.000000
vn -0.642784 -0.766048 0.000000
vn -0.603808 -0.797130 0.000000
vn -0.603808 -0.797130 0.000000
vn -0.563309 -0.826246 0.000000
vn -0.521441 -0.853288 0.000000
vn -0.563309 -0.826246 0.000000
vn -0.478261 -0.878218 0.000000
vn -0.521441 -0.853288 0.000000
vn -0.478261 -0.878218 0.000000
vn -0.433879 -0.900971 0.000000
vn -0.433879 -0.900971 0.000000
vn -0.388427 -0.921479 0.000000
vn -0.388427 -0.921479 0.000000
vn -0.342032 -0.939688 0.000000
vn -0.342032 -0.939688 0.000000
vn -0.294759 -0.955572 0.000000
vn -0.294759 -0.955572 0.000000
vn -0.246753 -0.969078 0.000000
vn -0.246753 -0.969078 0.000000
vn -0.198147 -0.980172 0.000000
vn -0.198147 -0.980172 0.000000
vn -0.149032 -0.988832 0.000000
vn -0.149032 -0.988832 0.000000
vn -0.099580 -0.995030 0.000000
vn -0.099580 -0.995030 0.000000
vn -0.049846 -0.998757 0.000000
vn -0.049846 -0.998757 0.000000
vn 0.000000 -1.000000 0.000000
vn 0.049846 -0.998757 0.000000
vn 0.000000 -1.000000 0.000000
vn 0.049846 -0.998757 0.000000
vn 0.099580 -0.995030 0.000000
vn 0.099580 -0.995030 0.000000
vn 0.149032 -0.988832 0.000000
vn 0.149032 -0.988832 0.000000
vn 0.198146 -0.980173 0.000000
vn 0.198146 -0.980173 0.000000
vn 0.246753 -0.969078 0.000000
vn 0.246753 -0.969078 0.000000
vn 0.294760 -0.955571 0.000000
vn 0.294760 -0.955571 0.000000
vn 0.342031 -0.939689 0.000000
vn 0.342031 -0.939689 0.000000
vn 0.388427 -0.921479 0.000000
vn 0.388427 -0.921479 0.000000
vn 0.433879 -0.900971 0.000000
vn 0.433879 -0.900971 0.000000
vn 0.478261 -0.878218 0.000000
vn 0.478261 -0.878218 0.000000
vn 0.521441 -0.853288 0.000000
vn 0.521441 -0.853288 0.000000
vn 0.563312 -0.826245 0.000000
vn 0.563312 -0.826245 0.000000
vn 0.603806 -0.797131 0.000000
vn 0.603806 -0.797131 0.000000
vn 0.642786 -0.766046 0.000000
vn 0.642786 -0.766046 0.000000
vn 0.680176 -0.733049 0.000000
vn 0.680176 -0.733049 0.000000
vn 0.715869 -0.698235 0.000000
vn 0.715869 -0.698235 0.000000
vn 0.749781 -0.661686 0.000000
vn 0.749781 -0.661686 0.000000
vn 0.781829 -0.623493 0.000000
vn 0.781829 -0.623493 0.000000
vn 0.811940 -0.583741 0.000000
vn 0.811940 -0.583741 0.000000
vn 0.840025 -0.542548 0.000000
vn 0.866028 -0.499996 0.000000
vn 0.840025 -0.542548 0.000000
vn 0.866028 -0.499996 0.000000
vn 0.889872 -0.456210 0.000000
vn 0.889872 -0.456210 0.000000
vn 0.911505 -0.411290 0.000000
vn 0.911505 -0.411290 0.000000
vn 0.930874 -0.365341 0.000000
vn 0.930874 -0.365341 0.000000
vn 0.947927 -0.318487 0.000000
vn 0.947927 -0.318487 0.000000
vn 0.962624 -0.270841 0.000000
vn 0.962624 -0.270841 0.000000
vn 0.974928 -0.222521 0.000000
vn 0.974928 -0.222521 0.000000
vn 0.984808 -0.173649 0.000000
vn 0.984808 -0.173649 0.000000
vn 0.992239 -0.124344 0.000000
vn 0.992239 -0.124344 0.000000
vn 0.997204 -0.074727 0.000000
vn 0.997204 -0.074727 0.000000
vn 0.999689 -0.024933 0.000000
vn 0.999689 -0.024933 0.000000
vn 0.999689 0.024933 0.000000
vn 0.999689 0.024933 -0.000000
vn 0.997204 0.074727 0.000000
vn 0.997204 0.074727 -0.000000
vn 0.992239 0.124342 0.000000
vn 0.992239 0.124342 -0.000000
vn 0.984807 0.173652 0.000000
vn 0.984807 0.173652 -0.000000
vn 0.974928 0.222521 0.000000
vn 0.974928 0.222521 -0.000000
vn 0.962624 0.270841 0.000000
vn 0.962624 0.270841 -0.000000
vn 0.947929 0.318481 0.000000
vn 0.947929 0.318481 -0.000000
vn 0.930871 0.365347 0.000000
vn 0.930871 0.365347 -0.000000
vn 0.911508 0.411282 0.000000
vn 0.911508 0.411282 -0.000000
vn 0.889872 0.456210 0.000000
vn 0.889872 0.456210 -0.000000
vn 0.866023 0.500004 0.000000
vn 0.866023 0.500004 -0.000000
vn 0.840025 0.542548 0.000000
vn 0.840025 0.542548 -0.000000
vn 0.811940 0.583741 0.000000
vn 0.811940 0.583741 -0.000000
vn 0.781829 0.623493 0.000000
vn 0.781829 0.623493 -0.000000
vn 0.749789 0.661677 0.000000
vn 0.749789 0.661677 -0.000000
vn 0.715860 0.698244 0.000000
vn 0.715860 0.698244 -0.000000
vn 0.680176 0.733049 0.000000
vn 0.680176 0.733049 -0.000000
vn 0.642786 0.766046 0.000000
vn 0.642786 0.766046 -0.000000
vn 0.603806 0.797131 0.000000
vn 0.603806 0.797131 -0.000000
vn 0.563324 0.826236 -0.000000
vn 0.563324 0.826236 0.000000
vn 0.521427 0.853296 -0.000000
vn 0.521427 0.853296 0.000000
vn 0.478261 0.878218 -0.000000
vn 0.478261 0.878218 0.000000
vn 0.433879 0.900971 -0.000000
vn 0.433879 0.900971 0.000000
vn 0.388443 0.921473 -0.000000
vn 0.388443 0.921473 0.000000
vn 0.342014 0.939695 0.000000
vn 0.342014 0.939695 -0.000000
vn 0.294760 0.955571 0.000000
vn 0.294760 0.955571 -0.000000
vn 0.246753 0.969078 0.000000
vn 0.246753 0.969078 -0.000000
vn 0.198146 0.980173 0.000000
vn 0.198146 0.980173 -0.000000
vn 0.149051 0.988830 0.000000
vn 0.149051 0.988830 -0.000000
vn 0.099561 0.995031 0.000000
vn 0.099561 0.995031 -0.000000
vn 0.049846 0.998757 0.000000
vn 0.049846 0.998757 -0.000000
vn 0.000000 1.000000 0.000000
vn 0.000000 1.000000 -0.000000
vn -0.049846 0.998757 0.000000
vn -0.049846 0.998757 0.000000
vn -0.099561 0.995031 0.000000
vn -0.099561 0.995031 0.000000
vn -0.149050 0.988830 0.000000
vn -0.149050 0.988830 0.000000
vn -0.198147 0.980172 0.000000
vn -0.198147 0.980172 0.000000
vn -0.246753 0.969078 0.000000
vn -0.246753 0.969078 0.000000
vn -0.294759 0.955572 0.000000
vn -0.294759 0.955572 0.000000
vn -0.342016 0.939694 0.000000
vn -0.342016 0.939694 0.000000
vn -0.388443 0.921473 0.000000
vn -0.388443 0.921473 0.000000
vn -0.433879 0.900971 0.000000
vn -0.433879 0.900971 0.000000
vn -0.478261 0.878218 0.000000
vn -0.478261 0.878218 0.000000
vn -0.521427 0.853296 0.000000
vn -0.521427 0.853296 0.000000
vn -0.563322 0.826237 0.000000
vn -0.563322 0.826237 0.000000
vn -0.603808 0.797130 0.000000
vn -0.603808 0.797130 0.000000
vn -0.642784 0.766048 0.000000
vn -0.642784 0.766048 0.000000
vn -0.680178 0.733047 0.000000
vn -0.680178 0.733047 0.000000
vn -0.715857 0.698247 0.000000
vn -0.715857 0.698247 0.000000
vn -0.749792 0.661674 0.000000
vn -0.749792 0.661674 0.000000
vn -0.781829 0.623493 0.000000
vn -0.781829 0.623493 0.000000
vn -0.811938 0.583744 0.000000
vn -0.811938 0.583744 0.000000
vn -0.840027 0.542545 0.000000
vn -0.840027 0.542545 0.000000
vn -0.866021 0.500008 0.000000
vn -0.866021 0.500008 0.000000
vn -0.889872 0.456210 0.000000
vn -0.889872 0.456210 0.000000
vn -0.911510 0.411279 0.000000
vn -0.911510 0.411279 0.000000
vn -0.930871 0.365347 0.000000
vn -0.930871 0.365347 0.000000
vn -0.947928 0.318485 0.000000
vn -0.947928 0.318485 0.000000
vn -0.962624 0.270841 0.000000
vn -0.962624 0.270841 0.000000
vn -0.974929 0.222517 0.000000
vn -0.974929 0.222517 0.000000
vn -0.984806 0.173656 0.000000
vn -0.984806 0.173656 0.000000
vn -0.992239 0.124342 0.000000
vn -0.992239 0.124342 0.000000
vn -0.997204 0.074722 0.000000
vn -0.997204 0.074722 0.000000
vn -0.999689 0.024933 0.000000
vn -0.999689 0.024933 0.000000
vn -0.999689 -0.024930 0.000000
vn -0.999689 -0.024930 0.000000
vn -0.997204 -0.074727 0.000000
vn -0.997204 -0.074727 0.000000
vn -0.992238 -0.124351 0.000000
vn -0.992238 -0.124351 0.000000
vn -0.984810 -0.173637 0.000000
vn -0.984810 -0.173637 0.000000
vn -0.974926 -0.222528 0.000000
vn -0.974926 -0.222528 0.000000
vn -0.962624 -0.270841 0.000000
vn -0.947929 -0.318483 0.000000
vn -0.962624 -0.270841 0.000000
vn -0.947929 -0.318483 0.000000
vn -0.930875 -0.365339 0.000000
vn -0.930875 -0.365339 0.000000
vn -0.911504 -0.411291 0.000000
vn -0.911504 -0.411291 0.000000
vn -0.889873 -0.456207 0.000000
vn -0.866024 -0.500002 0.000000
vn -0.889873 -0.456207 0.000000
vn -0.866024 -0.500002 0.000000
vn -0.840025 -0.542547 0.000000
vn -0.840025 -0.542547 0.000000
vn -0.811935 -0.583748 0.000000
vn -0.811935 -0.583748 0.000000
vn -0.781837 -0.623483 0.000000
vn -0.781837 -0.623483 0.000000
vn -0.749778 -0.661690 0.000000
vn -0.749778 -0.661690 0.000000
vn -0.715869 -0.698235 0.000000
vn -0.715869 -0.698235 0.000000
vn -0.680171 -0.733054 0.000000
vn -0.642788 -0.766044 0.000000
vn -0.680171 -0.733054 0.000000
vn -0.642788 -0.766044 0.000000
vn -0.603800 -0.797136 0.000000
vn -0.603800 -0.797136 0.000000
vn -0.563323 -0.826237 0.000000
vn -0.521435 -0.853291 0.000000
vn -0.563323 -0.826237 0.000000
vn -0.478256 -0.878221 0.000000
vn -0.521435 -0.853291 0.000000
vn -0.478256 -0.878221 0.000000
vn -0.433881 -0.900970 0.000000
vn -0.433881 -0.900970 0.000000
vn -0.388439 -0.921474 0.000000
vn -0.388439 -0.921474 0.000000
vn -0.342014 -0.939695 0.000000
vn -0.342014 -0.939695 0.000000
vn -0.294765 -0.955570 0.000000
vn -0.294765 -0.955570 0.000000
vn -0.246748 -0.969080 0.000000
vn -0.246748 -0.969080 0.000000
vn -0.198144 -0.980173 0.000000
vn -0.198144 -0.980173 0.000000
vn -0.149044 -0.988831 0.000000
vn -0.149044 -0.988831 0.000000
vn -0.099570 -0.995031 0.000000
vn -0.099570 -0.995031 0.000000
vn -0.049847 -0.998757 0.000000
vn -0.049847 -0.998757 0.000000
vn 0.000000 -1.000000 0.000000
vn 0.049847 -0.998757 0.000000
vn 0.000000 -1.000000 0.000000
vn 0.049847 -0.998757 0.000000
vn 0.099570 -0.995031 0.000000
vn 0.099570 -0.995031 0.000000
vn 0.149044 -0.988831 0.000000
vn 0.149044 -0.988831 0.000000
vn 0.198144 -0.980173 0.000000
vn 0.198144 -0.980173 0.000000
vn 0.246748 -0.969080 0.000000
vn 0.246748 -0.969080 0.000000
vn 0.294765 -0.955570 0.000000
vn 0.294765 -0.955570 0.000000
vn 0.342014 -0.939695 0.000000
vn 0.342014 -0.939695 0.000000
vn 0.388439 -0.921474 0.000000
vn 0.388439 -0.921474 0.000000
vn 0.433883 -0.900969 0.000000
vn 0.433883 -0.900969 0.000000
vn 0.478256 -0.878221 0.000000
vn 0.478256 -0.878221 0.000000
vn 0.521435 -0.853291 0.000000
vn 0.521435 -0.853291 0.000000
vn 0.563320 -0.826239 0.000000
vn 0.563320 -0.826239 0.000000
vn 0.603803 -0.797134 0.000000
vn 0.603803 -0.797134 0.000000
vn 0.642785 -0.766046 0.000000
vn 0.642785 -0.766046 0.000000
vn 0.680174 -0.733051 0.000000
vn 0.680174 -0.733051 0.000000
vn 0.715869 -0.698235 0.000000
vn 0.715869 -0.698235 0.000000
vn 0.749778 -0.661690 0.000000
vn 0.749778 -0.661690 0.000000
vn 0.781834 -0.623487 0.000000
vn 0.781834 -0.623487 0.000000
vn 0.811938 -0.583744 0.000000
vn 0.811938 -0.583744 0.000000
vn 0.840025 -0.542547 0.000000
vn 0.866024 -0.500002 0.000000
vn 0.840025 -0.542547 0.000000
vn 0.866024 -0.500002 0.000000
vn 0.889871 -0.456212 0.000000
vn 0.889871 -0.456212 0.000000
vn 0.911506 -0.411286 0.000000
vn 0.911506 -0.411286 0.000000
vn 0.930872 -0.365344 0.000000
vn 0.930872 -0.365344 0.000000
vn 0.947929 -0.318483 0.000000
vn 0.947929 -0.318483 0.000000
vn 0.962624 -0.270841 0.000000
vn 0.962624 -0.270841 0.000000
vn 0.974928 -0.222522 0.000000
vn 0.974928 -0.222522 0.000000
vn 0.984809 -0.173643 0.000000
vn 0.984809 -0.173643 0.000000
vn 0.992239 -0.124345 0.000000
vn 0.992239 -0.124345 0.000000
vn 0.997204 -0.074733 0.000000
vn 0.997204 -0.074733 0.000000
vn 0.999689 -0.024930 0.000000
vn 0.999689 -0.024930 0.000000
vn 0.999689 0.024930 0.000000
vn 0.999689 0.024930 -0.000000
vn 0.997204 0.074733 0.000000
vn 0.997204 0.074733 -0.000000
vn 0.992239 0.124344 0.000000
vn 0.992239 0.124344 -0.000000
vn 0.984809 0.173643 0.000000
vn 0.984809 0.173643 -0.000000
vn 0.974928 0.222522 0.000000
vn 0.974928 0.222522 -0.000000
vn 0.962624 0.270843 0.000000
vn 0.962624 0.270843 -0.000000
vn 0.947929 0.318483 0.000000
vn 0.947929 0.318483 -0.000000
vn 0.930872 0.365344 0.000000
vn 0.930872 0.365344 -0.000000
vn 0.911506 0.411286 0.000000
vn 0.911506 0.411286 -0.000000
vn 0.889871 0.456212 0.000000
vn 0.889871 0.456212 -0.000000
vn 0.866024 0.500002 0.000000
vn 0.866024 0.500002 -0.000000
vn 0.840027 0.542544 0.000000
vn 0.840027 0.542544 -0.000000
vn 0.811938 0.583744 0.000000
vn 0.811938 0.583744 -0.000000
vn 0.781832 0.623490 0.000000
vn 0.781832 0.623490 -0.000000
vn 0.749781 0.661686 0.000000
vn 0.749781 0.661686 -0.000000
vn 0.715866 0.698238 0.000000
vn 0.715866 0.698238 -0.000000
vn 0.680177 0.733048 0.000000
vn 0.680177 0.733048 -0.000000
vn 0.642785 0.766046 0.000000
vn 0.642785 0.766046 -0.000000
vn 0.603803 0.797134 0.000000
vn 0.603803 0.797134 -0.000000
vn 0.563320 0.826239 -0.000000
vn 0.563320 0.826239 0.000000
vn 0.521435 0.853291 -0.000000
vn 0.521435 0.853291 0.000000
vn 0.478256 0.878221 -0.000000
vn 0.478256 0.878221 0.000000
vn 0.433883 0.900969 -0.000000
vn 0.433883 0.900969 0.000000
vn 0.388434 0.921477 -0.000000
vn 0.388434 0.921477 0.000000
vn 0.342019 0.939693 0.000000
vn 0.342019 0.939693 -0.000000
vn 0.294759 0.955572 0.000000
vn 0.294759 0.955572 -0.000000
vn 0.246754 0.969078 0.000000
vn 0.246754 0.969078 -0.000000
vn 0.198150 0.980172 0.000000
vn 0.198150 0.980172 -0.000000
vn 0.149038 0.988832 0.000000
vn 0.149038 0.988832 -0.000000
vn 0.099570 0.995031 0.000000
vn 0.099570 0.995031 -0.000000
vn 0.049847 0.998757 0.000000
vn 0.049847 0.998757 -0.000000
vn 0.000000 1.000000 0.000000
vn 0.000000 1.000000 -0.000000
vn -0.049847 0.998757 0.000000
vn -0.049847 0.998757 0.000000
vn -0.099570 0.995031 0.000000
vn -0.099570 0.995031 0.000000
vn -0.149038 0.988832 0.000000
vn -0.149038 0.988832 0.000000
vn -0.198150 0.980172 0.000000
vn -0.198150 0.980172 0.000000
vn -0.246754 0.969078 0.000000
vn -0.246754 0.969078 0.000000
vn -0.294759 0.955572 0.000000
vn -0.294759 0.955572 0.000000
vn -0.342019 0.939693 0.000000
vn -0.342019 0.939693 0.000000
vn -0.388434 0.921477 0.000000
vn -0.388434 0.921477 0.000000
vn -0.433881 0.900970 0.000000
vn -0.433881 0.900970 0.000000
vn -0.478256 0.878221 0.000000
vn -0.478256 0.878221 0.000000
vn -0.521435 0.853291 0.000000
vn -0.521435 0.853291 0.000000
vn -0.563323 0.826237 0.000000
vn -0.563323 0.826237 0.000000
vn -0.603800 0.797136 0.000000
vn -0.603800 0.797136 0.000000
vn -0.642788 0.766044 0.000000
vn -0.642788 0.766044 0.000000
vn -0.680174 0.733050 0.000000
vn -0.680174 0.733050 0.000000
vn -0.715866 0.698238 0.000000
vn -0.715866 0.698238 0.000000
vn -0.749781 0.661686 0.000000
vn -0.749781 0.661686 0.000000
vn -0.781835 0.623486 0.000000
vn -0.781835 0.623486 0.000000
vn -0.811935 0.583748 0.000000
vn -0.811935 0.583748 0.000000
vn -0.840027 0.542544 0.000000
vn -0.840027 0.542544 0.000000
vn -0.866024 0.500002 0.000000
vn -0.866024 0.500002 0.000000
vn -0.889873 0.456207 0.000000
vn -0.889873 0.456207 0.000000
vn -0.911504 0.411291 0.000000
vn -0.911504 0.411291 0.000000
vn -0.930875 0.365339 0.000000
vn -0.930875 0.365339 0.000000
vn -0.947929 0.318483 0.000000
vn -0.947929 0.318483 0.000000
vn -0.962624 0.270843 0.000000
vn -0.962624 0.270843 0.000000
vn -0.974926 0.222528 0.000000
vn -0.974926 0.222528 0.000000
vn -0.984810 0.173637 0.000000
vn -0.984810 0.173637 0.000000
vn -0.992238 0.124350 0.000000
vn -0.992238 0.124350 0.000000
vn -0.997204 0.074727 0.000000
vn -0.997204 0.074727 0.000000
vn -0.999689 0.024930 0.000000
vn -0.999689 0.024930 0.000000
vn -0.999689 -0.024930 0.000000
vn -0.999689 -0.024930 0.000000
vn -0.997203 -0.074740 0.000000
vn -0.997203 -0.074740 0.000000
vn -0.992238 -0.124351 0.000000
vn -0.992238 -0.124351 0.000000
vn -0.984810 -0.173637 0.000000
vn -0.984810 -0.173637 0.000000
vn -0.974926 -0.222528 0.000000
vn -0.974926 -0.222528 0.000000
vn -0.962624 -0.270841 0.000000
vn -0.947927 -0.318488 0.000000
vn -0.962624 -0.270841 0.000000
vn -0.947927 -0.318488 0.000000
vn -0.930875 -0.365339 0.000000
vn -0.930875 -0.365339 0.000000
vn -0.911504 -0.411291 0.000000
vn -0.911504 -0.411291 0.000000
vn -0.889876 -0.456202 0.000000
vn -0.866019 -0.500011 0.000000
vn -0.889876 -0.456202 0.000000
vn -0.866019 -0.500011 0.000000
vn -0.840031 -0.542538 0.000000
vn -0.840031 -0.542538 0.000000
vn -0.811941 -0.583740 0.000000
vn -0.811941 -0.583740 0.000000
vn -0.781834 -0.623487 0.000000
vn -0.781834 -0.623487 0.000000
vn -0.749778 -0.661690 0.000000
vn -0.749778 -0.661690 0.000000
vn -0.715859 -0.698245 0.000000
vn -0.715859 -0.698245 0.000000
vn -0.680177 -0.733048 0.000000
vn -0.642782 -0.766049 0.000000
vn -0.680177 -0.733048 0.000000
vn -0.642782 -0.766049 0.000000
vn -0.603803 -0.797134 0.000000
vn -0.603803 -0.797134 0.000000
vn -0.563320 -0.826239 0.000000
vn -0.521438 -0.853289 0.000000
vn -0.563320 -0.826239 0.000000
vn -0.478258 -0.878219 0.000000
vn -0.521438 -0.853289 0.000000
vn -0.478258 -0.878219 0.000000
vn -0.433878 -0.900971 0.000000
vn -0.433878 -0.900971 0.000000
vn -0.388446 -0.921472 0.000000
vn -0.388446 -0.921472 0.000000
vn -0.342014 -0.939695 0.000000
vn -0.342014 -0.939695 0.000000
vn -0.294760 -0.955571 0.000000
vn -0.294760 -0.955571 0.000000
vn -0.246748 -0.969080 0.000000
vn -0.246748 -0.969080 0.000000
vn -0.198144 -0.980173 0.000000
vn -0.198144 -0.980173 0.000000
vn -0.149044 -0.988831 0.000000
vn -0.149044 -0.988831 0.000000
vn -0.099570 -0.995031 0.000000
vn -0.099570 -0.995031 0.000000
vn -0.049847 -0.998757 0.000000
vn -0.049847 -0.998757 0.000000
vn 0.000000 -1.000000 0.000000
vn 0.049847 -0.998757 0.000000
vn 0.000000 -1.000000 0.000000
vn 0.049847 -0.998757 0.000000
vn 0.099570 -0.995031 0.000000
vn 0.099570 -0.995031 0.000000
vn 0.149044 -0.988831 0.000000
vn 0.149044 -0.988831 0.000000
vn 0.198144 -0.980173 0.000000
vn 0.198144 -0.980173 0.000000
vn 0.246748 -0.969080 0.000000
vn 0.246748 -0.969080 0.000000
vn 0.294767 -0.955569 0.000000
vn 0.294767 -0.955569 0.000000
vn 0.342014 -0.939695 0.000000
vn 0.342014 -0.939695 0.000000
vn 0.388437 -0.921475 0.000000
vn 0.388437 -0.921475 0.000000
vn 0.433883 -0.900969 0.000000
vn 0.433883 -0.900969 0.000000
vn 0.478258 -0.878219 0.000000
vn 0.478258 -0.878219 0.000000
vn 0.521432 -0.853293 0.000000
vn 0.521432 -0.853293 0.000000
vn 0.563320 -0.826239 0.000000
vn 0.563320 -0.826239 0.000000
vn 0.603803 -0.797134 0.000000
vn 0.603803 -0.797134 0.000000
vn 0.642788 -0.766044 0.000000
vn 0.642788 -0.766044 0.000000
vn 0.680171 -0.733054 0.000000
vn 0.680171 -0.733054 0.000000
vn 0.715872 -0.698232 0.000000
vn 0.715872 -0.698232 0.000000
vn 0.749778 -0.661690 0.000000
vn 0.749778 -0.661690 0.000000
vn 0.781834 -0.623487 0.000000
vn 0.781834 -0.623487 0.000000
vn 0.811935 -0.583748 0.000000
vn 0.811935 -0.583748 0.000000
vn 0.840025 -0.542547 0.000000
vn 0.866024 -0.500002 0.000000
vn 0.840025 -0.542547 0.000000
vn 0.866024 -0.500002 0.000000
vn 0.889876 -0.456202 0.000000
vn 0.889876 -0.456202 0.000000
vn 0.911504 -0.411291 0.000000
vn 0.911504 -0.411291 0.000000
vn 0.930875 -0.365339 0.000000
vn 0.930875 -0.365339 0.000000
vn 0.947927 -0.318488 0.000000
vn 0.947927 -0.318488 0.000000
vn 0.962624 -0.270841 0.000000
vn 0.962624 -0.270841 0.000000
vn 0.974929 -0.222516 0.000000
vn 0.974929 -0.222516 0.000000
vn 0.984808 -0.173649 0.000000
vn 0.984808 -0.173649 0.000000
vn 0.992238 -0.124351 0.000000
vn 0.992238 -0.124351 0.000000
vn 0.997204 -0.074727 0.000000
vn 0.997204 -0.074727 0.000000
vn 0.999689 -0.024930 0.000000
vn 0.999689 -0.024930 0.000000
vn 0.999689 0.024930 0.000000
vn 0.999689 0.024930 -0.000000
vn 0.997204 0.074727 0.000000
vn 0.997204 0.074727 -0.000000
vn 0.992238 0.124350 0.000000
vn 0.992238 0.124350 -0.000000
vn 0.984808 0.173649 0.000000
vn 0.984808 0.173649 -0.000000
vn 0.974929 0.222516 0.000000
vn 0.974929 0.222516 -0.000000
vn 0.962624 0.270843 0.000000
vn 0.962624 0.270843 -0.000000
vn 0.947927 0.318488 0.000000
vn 0.947927 0.318488 -0.000000
vn 0.930875 0.365339 0.000000
vn 0.930875 0.365339 -0.000000
vn 0.911504 0.411291 0.000000
vn 0.911504 0.411291 -0.000000
vn 0.889876 0.456202 0.000000
vn 0.889876 0.456202 -0.000000
vn 0.866024 0.500002 0.000000
vn 0.866024 0.500002 -0.000000
vn 0.840027 0.542544 0.000000
vn 0.840027 0.542544 -0.000000
vn 0.811935 0.583748 0.000000
vn 0.811935 0.583748 -0.000000
vn 0.781832 0.623490 0.000000
vn 0.781832 0.623490 -0.000000
vn 0.749781 0.661686 0.000000
vn 0.749781 0.661686 -0.000000
vn 0.715869 0.698235 0.000000
vn 0.715869 0.698235 -0.000000
vn 0.680174 0.733050 0.000000
vn 0.680174 0.733050 -0.000000
vn 0.642788 0.766044 0.000000
vn 0.642788 0.766044 -0.000000
vn 0.603803 0.797134 0.000000
vn 0.603803 0.797134 -0.000000
vn 0.563320 0.826239 -0.000000
vn 0.563320 0.826239 0.000000
vn 0.521432 0.853293 -0.000000
vn 0.521432 0.853293 0.000000
vn 0.478258 0.878219 -0.000000
vn 0.478258 0.878219 0.000000
vn 0.433883 0.900969 -0.000000
vn 0.433883 0.900969 0.000000
vn 0.388432 0.921478 -0.000000
vn 0.388432 0.921478 0.000000
vn 0.342019 0.939693 0.000000
vn 0.342019 0.939693 -0.000000
vn 0.294761 0.955571 0.000000
vn 0.294761 0.955571 -0.000000
vn 0.246754 0.969078 0.000000
vn 0.246754 0.969078 -0.000000
vn 0.198150 0.980172 0.000000
vn 0.198150 0.980172 -0.000000
vn 0.149038 0.988832 0.000000
vn 0.149038 0.988832 -0.000000
vn 0.099570 0.995031 0.000000
vn 0.099570 0.995031 -0.000000
vn 0.049847 0.998757 0.000000
vn 0.049847 0.998757 -0.000000
vn 0.000000 1.000000 0.000000
vn 0.000000 1.000000 -0.000000
vn -0.049847 0.998757 0.000000
vn -0.049847 0.998757 0.000000
vn -0.099570 0.995031 0.000000
vn -0.099570 0.995031 0.000000
vn -0.149038 0.988832 0.000000
vn -0.149038 0.988832 0.000000
vn -0.198150 0.980172 0.000000
vn -0.198150 0.980172 0.000000
vn -0.246754 0.969078 0.000000
vn -0.246754 0.969078 0.000000
vn -0.294754 0.955573 0.000000
vn -0.294754 0.955573 0.000000
vn -0.342019 0.939693 0.000000
vn -0.342019 0.939693 0.000000
vn -0.388440 0.921474 0.000000
vn -0.388440 0.921474 0.000000
vn -0.433878 0.900971 0.000000
vn -0.433878 0.900971 0.000000
vn -0.478258 0.878219 0.000000
vn -0.478258 0.878219 0.000000
vn -0.521438 0.853289 0.000000
vn -0.521438 0.853289 0.000000
vn -0.563320 0.826239 0.000000
vn -0.563320 0.826239 0.000000
vn -0.603803 0.797134 0.000000
vn -0.603803 0.797134 0.000000
vn -0.642782 0.766049 0.000000
vn -0.642782 0.766049 0.000000
vn -0.680180 0.733045 0.000000
vn -0.680180 0.733045 0.000000
vn -0.715856 0.698248 0.000000
vn -0.715856 0.698248 0.000000
vn -0.749781 0.661686 0.000000
vn -0.749781 0.661686 0.000000
vn -0.781832 0.623490 0.000000
vn -0.781832 0.623490 0.000000
vn -0.811941 0.583740 0.000000
vn -0.811941 0.583740 0.000000
vn -0.840033 0.542535 0.000000
vn -0.840033 0.542535 0.000000
vn -0.866019 0.500011 0.000000
vn -0.866019 0.500011 0.000000
vn -0.889876 0.456202 0.000000
vn -0.889876 0.456202 0.000000
vn -0.911504 0.411291 0.000000
vn -0.911504 0.411291 0.000000
vn -0.930875 0.365339 0.000000
vn -0.930875 0.365339 0.000000
vn -0.947927 0.318488 0.000000
vn -0.947927 0.318488 0.000000
vn -0.962624 0.270843 0.000000
vn -0.962624 0.270843 0.000000
vn -0.974926 0.222528 0.000000
vn -0.974926 0.222528 0.000000
vn -0.984810 0.173637 0.000000
vn -0.984810 0.173637 0.000000
vn -0.992238 0.124350 0.000000
vn -0.992238 0.124350 0.000000
vn -0.997203 0.074740 0.000000
vn -0.997203 0.074740 0.000000
vn -0.999689 0.024930 0.000000
vn -0.999689 0.024930 0.000000
vn 0.000000 0.000000 -1.000000
vn 0.000000 0.000000 -1.000000
vn 0.000000 0.000000 -1.000000
vn 0.000000 0.000000 -1.000000
vn 0.000000 0.000000 -1.000000
vn 0.000000 0.000000 -1.000000
vn 0.000000 0.000000 -1.000000
vn 0.000000 0.000000 -1.000000
vn 0.000000 0.000000 -1.000000
vn 0.000000 0.000000 -1.000000
vn 0.000000 0.000000 -1.000000
vn 0.000000 0.000000 -1.000000
vn 0.000000 0.000000 -1.000000
vn 0.000000 0.000000 -1.000000
vn 0.000000 0.000000 -1.000000
vn 0.000000 0.000000 -1.000000
vn 0.000000 0.000000 -1.000000
vn 0.000000 0.000000 -1.000000
vn 0.000000 0.000000 -1.000000
vn 0.000000 0.000000 -1.000000
vn 0.000000 0.000000 -1.000000
vn 0.000000 0.000000 -1.000000
vn 0.000000 0.000000 -1.000000
vn 0.000000 0.000000 -1.000000
vn 0.000000 0.000000 -1.000000
vn 0.000000 0.000000 -1.000000
vn 0.000000 0.000000 -1.000000
vn 0.000000 0.000000 -1.000000
vn 0.000000 0.000000 -1.000000
vn 0.000000 0.000000 -1.000000
vn 0.000000 0.000000 -1.000000
vn 0.000000 0.000000 -1.000000
vn 0.000000 -0.000000 -1.000000
vn 0.000000 0.000000 -1.000000
vn 0.000000 -0.000000 -1.000000
vn 0.000000 0.000000 -1.000000
vn 0.000000 0.000000 -1.000000
vn 0.000000 -0.000000 -1.000000
vn 0.000000 0.000000 -1.000000
vn 0.000000 -0.000000 -1.000000
vn 0.000000 0.000000 -1.000000
vn 0.000000 -0.000000 -1.000000
vn 0.000000 0.000000 -1.000000
vn 0.000000 -0.000000 -1.000000
vn 0.000000 0.000000 -1.000000
vn 0.000000 -0.000000 -1.000000
vn 0.000000 0.000000 -1.000000
vn 0.000000 -0.000000 -1.000000
vn 0.000000 0.000000 -1.000000
vn 0.000000 -0.000000 -1.000000
vn 0.000000 0.000000 -1.000000
vn 0.000000 -0.000000 -1.000000
vn 0.000000 0.000000 -1.000000
vn 0.000000 -0.000000 -1.000000
vn 0.000000 0.000000 -1.000000
vn 0.000000 -0.000000 -1.000000
vn 0.000000 0.000000 -1.000000
vn 0.000000 -0.000000 -1.000000
vn 0.000000 0.000000 -1.000000
vn 0.000000 -0.000000 -1.000000
vn 0.000000 0.000000 -1.000000
vn 0.000000 -0.000000 -1.000000
vn 0.000000 0.000000 -1.000000
vn 0.000000 -0.000000 -1.000000
vn 0.000000 0.000000 -1.000000
vn 0.000000 -0.000000 -1.000000
vn 0.000000 0.000000 -1.000000
vn 0.000000 -0.000000 -1.000000
vn 0.000000 0.000000 -1.000000
vn 0.000000 -0.000000 -1.000000
vn 0.000000 0.000000 -1.000000
vn 0.000000 -0.000000 -1.000000
vn 0.000000 0.000000 -1.000000
vn 0.000000 -0.000000 -1.000000
vn 0.000000 0.000000 -1.000000
vn 0.000000 -0.000000 -1.000000
vn 0.000000 0.000000 -1.000000
vn 0.000000 -0.000000 -1.000000
vn 0.000000 0.000000 -1.000000
vn 0.000000 -0.000000 -1.000000
vn 0.000000 -0.000000 -1.000000
vn 0.000000 -0.000000 -1.000000
vn 0.000000 0.000000 -1.000000
vn 0.000000 -0.000000 -1.000000
vn -0.000000 -0.000000 -1.000000
vn 0.000000 0.000000 -1.000000
vn 0.000000 -0.000000 -1.000000
vn -0.000000 -0.000000 -1.000000
vn 0.000000 0.000000 -1.000000
vn 0.000000 -0.000000 -1.000000
vn 0.000000 -0.000000 -1.000000
vn 0.000000 -0.000000 -1.000000
vn -0.000000 -0.000000 -1.000000
vn 0.000000 -0.000000 -1.000000
vn 0.000000 0.000000 -1.000000
vn 0.000000 -0.000000 -1.000000
vn 0.000000 -0.000000 -1.000000
vn 0.000000 0.000000 -1.000000
vn -0.000000 -0.000000 -1.000000
vn 0.000000 -0.000000 -1.000000
vn 0.000000 0.000000 -1.000000
vn 0.000000 -0.000000 -1.000000
vn 0.000000 -0.000000 -1.000000
vn -0.000000 -0.000000 -1.000000
vn 0.000000 -0.000000 -1.000000
vn 0.000000 0.000000 -1.000000
vn -0.000000 -0.000000 -1.000000
vn 0.000000 -0.000000 -1.000000
vn 0.000000 -0.000000 -1.000000
vn 0.000000 0.000000 -1.000000
vn 0.000000 -0.000000 -1.000000
vn 0.000000 -0.000000 -1.000000
vn 0.000000 0.000000 -1.000000
vn 0.000000 -0.000000 -1.000000
vn 0.000000 -0.000000 -1.000000
vn 0.000000 0.000000 -1.000000
vn 0.000000 -0.000000 -1.000000
vn 0.000000 -0.000000 -1.000000
vn 0.000000 0.000000 -1.000000
vn 0.000000 -0.000000 -1.000000
vn 0.000000 -0.000000 -1.000000
vn 0.000000 0.000000 -1.000000
vn 0.000000 -0.000000 -1.000000
vn 0.000000 -0.000000 -1.000000
vn 0.000000 0.000000 -1.000000
vn 0.000000 -0.000000 -1.000000
vn 0.000000 -0.000000 -1.000000
vn 0.000000 0.000000 -1.000000
vn 0.000000 -0.000000 -1.000000
vn 0.000000 -0.000000 -1.000000
vn 0.000000 0.000000 -1.000000
vn 0.000000 -0.000000 -1.000000
vn 0.000000 -0.000000 -1.000000
vn 0.000000 -0.000000 -1.000000
vn 0.000000 0.000000 -1.000000
vn 0.000000 -0.000000 -1.000000
vn 0.000000 0.000000 -1.000000
vn 0.000000 0.000000 -1.000000
vn 0.000000 -0.000000 -1.000000
vn 0.000000 0.000000 -1.000000
vn 0.000000 0.000000 -1.000000
vn 0.000000 0.000000 -1.000000
vn 0.000000 0.000000 -1.000000
vn 0.000000 0.000000 -1.000000
vn 0.000000 0.000000 -1.000000
vn 0.000000 0.000000 -1.000000
vn 0.000000 0.000000 -1.000000
vn 0.000000 0.000000 -1.000000
vn 0.000000 0.000000 -1.000000
vn 0.000000 0.000000 -1.000000
vn 0.000000 0.000000 -1.000000
vn 0.000000 0.000000 -1.000000
vn 0.000000 0.000000 -1.000000
vn 0.000000 0.000000 -1.000000
vn 0.000000 0.000000 -1.000000
vn 0.000000 0.000000 -1.000000
vn 0.000000 0.000000 -1.000000
vn 0.000000 0.000000 -1.000000
vn 0.000000 0.000000 -1.000000
vn 0.000000 0.000000 -1.000000
vn 0.000000 0.000000 -1.000000
vn 0.000000 0.000000 -1.000000
vn 0.000000 0.000000 -1.000000
vn 0.000000 0.000000 -1.000000
vn 0.000000 0.000000 -1.000000
vn 0.000000 0.000000 -1.000000
vn 0.000000 0.000000 -1.000000
vn 0.000000 0.000000 -1.000000
vn 0.000000 0.000000 -1.000000
vn 0.000000 0.000000 -1.000000
vn 0.000000 -0.000000 -1.000000
vn 0.000000 0.000000 -1.000000
vn 0.000000 0.000000 -1.000000
vn 0.000000 0.000000 -1.000000
vn 0.000000 -0.000000 -1.000000
vn 0.000000 0.000000 -1.000000
vn 0.000000 0.000000 -1.000000
vn 0.000000 0.000000 -1.000000
vn 0.000000 -0.000000 -1.000000
vn 0.000000 0.000000 -1.000000
vn 0.000000 0.000000 -1.000000
vn 0.000000 0.000000 -1.000000
vn 0.000000 -0.000000 -1.000000
vn 0.000000 0.000000 -1.000000
vn 0.000000 0.000000 -1.000000
vn 0.000000 0.000000 -1.000000
vn 0.000000 0.000000 -1.000000
vn 0.000000 0.000000 -1.000000
vn 0.000000 -0.000000 -1.000000
vn 0.000000 0.000000 -1.000000
vn 0.000000 0.000000 -1.000000
vn 0.000000 0.000000 -1.000000
vn 0.000000 -0.000000 -1.000000
vn 0.000000 0.000000 -1.000000
vn 0.000000 0.000000 -1.000000
vn 0.000000 0.000000 -1.000000
vn 0.000000 -0.000000 -1.000000
vn 0.000000 0.000000 -1.000000
vn 0.000000 0.000000 -1.000000
vn 0.000000 0.000000 -1.000000
vn 0.000000 0.000000 -1.000000
vn 0.000000 0.000000 -1.000000
vn 0.000000 0.000000 -1.000000
vn 0.000000 -0.000000 -1.000000
vn 0.000000 0.000000 -1.000000
vn 0.000000 0.000000 -1.000000
vn 0.000000 0.000000 -1.000000
vn 0.000000 -0.000000 -1.000000
vn 0.000000 0.000000 -1.000000
vn 0.000000 0.000000 -1.000000
vn 0.000000 -0.000000 -1.000000
vn 0.000000 0.000000 -1.000000
vn 0.000000 -0.000000 -1.000000
vn 0.000000 -0.000000 -1.000000
vn 0.000000 0.000000 -1.000000
vn 0.000000 -0.000000 -1.000000
vn 0.000000 0.000000 -1.000000
vn 0.000000 -0.000000 -1.000000
vn 0.000000 0.000000 -1.000000
vn 0.000000 -0.000000 -1.000000
vn 0.000000 0.000000 -1.000000
vn 0.000000 -0.000000 -1.000000
vn 0.000000 0.000000 -1.000000
vn 0.000000 -0.000000 -1.000000
vn 0.000000 0.000000 -1.000000
vn 0.000000 -0.000000 -1.000000
vn 0.000000 0.000000 -1.000000
vn 0.000000 -0.000000 -1.000000
vn 0.000000 0.000000 -1.000000
vn 0.000000 0.000000 -1.000000
vn 0.000000 -0.000000 -1.000000
vn 0.000000 0.000000 -1.000000
vn 0.000000 -0.000000 -1.000000
vn 0.000000 0.000000 -1.000000
vn 0.000000 0.000000 -1.000000
vn 0.000000 -0.000000 -1.000000
vn 0.000000 -0.000000 -1.000000
vn 0.000000 0.000000 -1.000000
vn 0.000000 0.000000 -1.000000
vn 0.000000 -0.000000 -1.000000
vn 0.000000 -0.000000 -1.000000
vn 0.000000 0.000000 -1.000000
vn 0.000000 -0.000000 -1.000000
vn 0.000000 0.000000 -1.000000
vn 0.000000 0.000000 -1.000000
vn 0.000000 0.000000 -1.000000
vn 0.000000 -0.000000 -1.000000
vn 0.000000 0.000000 -1.000000
vn 0.000000 0.000000 -1.000000
vn 0.000000 0.000000 -1.000000
vn 0.000000 0.000000 -1.000000
vn 0.000000 0.000000 -1.000000
vn 0.000000 0.000000 -1.000000
vn 0.000000 0.000000 -1.000000
vn 0.000000 0.000000 -1.000000
vn 0.000000 0.000000 -1.000000
vn 0.000000 0.000000 -1.000000
vn 0.000000 0.000000 -1.000000
vn 0.000000 0.000000 -1.000000
vn 0.000000 0.000000 -1.000000
vn 0.000000 0.000000 -1.000000
vn 0.000000 0.000000 -1.000000
vn 0.000000 0.000000 -1.000000
vn 0.000000 0.000000 -1.000000
vn 0.000000 0.000000 -1.000000
vn 0.000000 0.000000 -1.000000
vn 0.000000 0.000000 -1.000000
vn 0.000000 0.000000 -1.000000
vn 0.000000 0.000000 -1.000000
vn 0.000000 0.000000 -1.000000
vn 0.000000 -0.000000 -1.000000
vn 0.000000 0.000000 -1.000000
vn 0.000000 0.000000 -1.000000
vn 0.000000 0.000000 -1.000000
vn 0.000000 0.000000 -1.000000
vn 0.000000 0.000000 -1.000000
vn 0.000000 -0.000000 -1.000000
vn 0.000000 0.000000 -1.000000
vn 0.000000 0.000000 -1.000000
vn 0.000000 0.000000 -1.000000
vn 0.000000 0.000000 -1.000000
vn 0.000000 -0.000000 -1.000000
vn 0.000000 -0.000000 -1.000000
vn 0.000000 0.000000 -1.000000
vn 0.000000 -0.000000 -1.000000
vn 0.000000 -0.000000 -1.000000
vn 0.000000 -0.000000 -1.000000
vn 0.000000 0.000000 -1.000000
vn 0.000000 0.000000 -1.000000
vn 0.000000 -0.000000 -1.000000
vn 0.000000 -0.000000 -1.000000
vn 0.000000 -0.000000 -1.000000
vn 0.000000 -0.000000 -1.000000
vn 0.000000 -0.000000 -1.000000
vn 0.000000 -0.000000 -1.000000
vn 0.000000 -0.000000 -1.000000
vn 0.000000 -0.000000 -1.000000
vn 0.000000 -0.000000 -1.000000
vn 0.000000 -0.000000 -1.000000
vn 0.000000 -0.000000 -1.000000
vn 0.000000 -0.000000 -1.000000
vn 0.000000 -0.000000 -1.000000
vn 0.000000 -0.000000 -1.000000
vn 0.000000 -0.000000 -1.000000
vn 0.000000 -0.000000 -1.000000
vn 0.000000 -0.000000 -1.000000
vn 0.000000 -0.000000 -1.000000
vn 0.000000 -0.000000 -1.000000
vn 0.000000 -0.000000 -1.000000
vn 0.000000 -0.000000 -1.000000
vn 0.000000 -0.000000 -1.000000
vn 0.000000 -0.000000 -1.000000
vn 0.000000 0.000000 -1.000000
vn 0.000000 0.000000 -1.000000
vn 0.000000 0.000000 -1.000000
vn 0.000000 0.000000 -1.000000
vn 0.000000 0.000000 -1.000000
vn 0.000000 0.000000 -1.000000
vn 0.000000 0.000000 -1.000000
vn 0.000000 0.000000 -1.000000
vn 0.000000 0.000000 -1.000000
vn 0.000000 0.000000 -1.000000
vn 0.000000 0.000000 -1.000000
vn 0.000000 0.000000 -1.000000
vn 0.000000 0.000000 -1.000000
vn 0.000000 0.000000 -1.000000
vn 0.000000 0.000000 -1.000000
vn 0.000000 0.000000 -1.000000
vn 0.000000 0.000000 -1.000000
vn 0.000000 0.000000 -1.000000
vn 0.000000 0.000000 -1.000000
vn 0.000000 0.000000 -1.000000
vn 0.000000 0.000000 -1.000000
vn 0.000000 0.000000 -1.000000
vn 0.000000 -0.000000 -1.000000
vn 0.000000 -0.000000 -1.000000
vn 0.000000 -0.000000 -1.000000
vn 0.000000 0.000000 -1.000000
vn 0.000000 -0.000000 -1.000000
vn 0.000000 -0.000000 -1.000000
vn -0.000000 -0.000000 -1.000000
vn 0.000000 -0.000000 -1.000000
vn 0.000000 0.000000 -1.000000
vn -0.000000 -0.000000 -1.000000
vn 0.000000 -0.000000 -1.000000
vn 0.000000 0.000000 -1.000000
vn 0.000000 -0.000000 -1.000000
vn 0.000000 -0.000000 -1.000000
vn -0.000000 -0.000000 -1.000000
vn 0.000000 -0.000000 -1.000000
vn 0.000000 0.000000 -1.000000
vn 0.000000 -0.000000 -1.000000
vn -0.000000 -0.000000 -1.000000
vn 0.000000 0.000000 -1.000000
vn 0.000000 -0.000000 -1.000000
vn -0.000000 -0.000000 -1.000000
vn 0.000000 -0.000000 -1.000000
vn 0.000000 0.000000 -1.000000
vn 0.000000 -0.000000 -1.000000
vn 0.000000 -0.000000 -1.000000
vn 0.000000 -0.000000 -1.000000
vn -0.000000 -0.000000 -1.000000
vn 0.000000 -0.000000 -1.000000
vn 0.000000 0.000000 -1.000000
vn 0.000000 -0.000000 -1.000000
vn -0.000000 -0.000000 -1.000000
vn 0.000000 -0.000000 -1.000000
vn 0.000000 0.000000 -1.000000
vn 0.000000 -0.000000 -1.000000
vn 0.000000 0.000000 -1.000000
vn 0.000000 0.000000 -1.000000
vn 0.000000 -0.000000 -1.000000
vn 0.000000 -0.000000 -1.000000
vn 0.000000 -0.000000 -1.000000
vn 0.000000 0.000000 -1.000000
vn 0.000000 -0.000000 -1.000000
vn 0.000000 0.000000 -1.000000
vn 0.000000 0.000000 -1.000000
vn 0.000000 -0.000000 -1.000000
vn 0.000000 0.000000 -1.000000
vn 0.000000 -0.000000 -1.000000
vn 0.000000 0.000000 -1.000000
vn 0.000000 -0.000000 -1.000000
vn 0.000000 0.000000 -1.000000
vn 0.000000 0.000000 -1.000000
vn 0.000000 -0.000000 -1.000000
vn 0.000000 0.000000 -1.000000
vn 0.000000 0.000000 -1.000000
vn 0.000000 0.000000 -1.000000
vn 0.000000 0.000000 -1.000000
vn 0.000000 0.000000 -1.000000
vn 0.000000 0.000000 -1.000000
vn 0.000000 0.000000 -1.000000
vn 0.000000 0.000000 -1.000000
vn 0.000000 0.000000 -1.000000
vn 0.000000 0.000000 -1.000000
vn 0.000000 0.000000 -1.000000
vn 0.000000 0.000000 -1.000000
vn 0.000000 0.000000 -1.000000
vn -0.000000 -0.000000 -1.000000
vn -0.000000 -0.000000 -1.000000
vn -0.000000 -0.000000 -1.000000
vn -0.000000 -0.000000 -1.000000
vn -0.000000 -0.000000 -1.000000
vn -0.000000 -0.000000 -1.000000
vn -0.000000 -0.000000 -1.000000
vn -0.000000 -0.000000 -1.000000
vn -0.000000 -0.000000 -1.000000
vn 0.000000 -0.000000 -1.000000
vn 0.000000 -0.000000 -1.000000
vn 0.000000 -0.000000 -1.000000
vn 0.000000 -0.000000 -1.000000
vn 0.000000 -0.000000 -1.000000
vn 0.000000 -0.000000 -1.000000
vn 0.000000 -0.000000 -1.000000
vn 0.000000 -0.000000 -1.000000
vn 0.000000 -0.000000 -1.000000
vn -0.000000 -0.000000 -1.000000
vn 0.000000 0.000000 -1.000000
vn 0.000000 0.000000 -1.000000
vn 0.000000 0.000000 -1.000000
vn 0.000000 0.000000 -1.000000
vn 0.000000 0.000000 -1.000000
vn 0.000000 0.000000 -1.000000
vn 0.000000 0.000000 -1.000000
vn 0.000000 0.000000 -1.000000
vn 0.000000 0.000000 -1.000000
vn 0.000000 0.000000 -1.000000
vn 0.000000 -0.000000 -1.000000
vn 0.000000 0.000000 -1.000000
vn 0.000000 0.000000 -1.000000
vn 0.000000 -0.000000 -1.000000
vn 0.000000 0.000000 -1.000000
vn 0.000000 -0.000000 -1.000000
vn 0.000000 0.000000 -1.000000
vn 0.000000 -0.000000 -1.000000
vn 0.000000 0.000000 -1.000000
vn 0.000000 -0.000000 -1.000000
vn 0.000000 0.000000 -1.000000
vn 0.000000 -0.000000 -1.000000
vn 0.000000 0.000000 -1.000000
vn 0.000000 -0.000000 -1.000000
vn 0.000000 0.000000 -1.000000
vn 0.000000 -0.000000 -1.000000
vn 0.000000 0.000000 -1.000000
vn 0.000000 0.000000 -1.000000
vn 0.000000 -0.000000 -1.000000
vn 0.000000 0.000000 -1.000000
vn 0.000000 0.000000 -1.000000
vn 0.000000 0.000000 -1.000000
vn 0.000000 -0.000000 -1.000000
vn 0.000000 0.000000 -1.000000
vn 0.000000 0.000000 -1.000000
vn 0.000000 0.000000 -1.000000
vn 0.000000 0.000000 -1.000000
vn 0.000000 -0.000000 -1.000000
vn 0.000000 0.000000 -1.000000
vn 0.000000 -0.000000 -1.000000
vn 0.000000 -0.000000 -1.000000
vn 0.000000 -0.000000 -1.000000
vn 0.000000 0.000000 -1.000000
vn 0.000000 0.000000 -1.000000
vn 0.000000 -0.000000 -1.000000
vn 0.000000 0.000000 -1.000000
vn 0.000000 0.000000 -1.000000
vn 0.000000 0.000000 -1.000000
vn 0.000000 -0.000000 -1.000000
vn 0.000000 0.000000 -1.000000
vn 0.000000 -0.000000 -1.000000
vn 0.000000 0.000000 -1.000000
vn 0.000000 0.000000 -1.000000
vn 0.000000 0.000000 -1.000000
vn 0.000000 0.000000 -1.000000
vn 0.000000 -0.000000 -1.000000
vn 0.000000 0.000000 -1.000000
vn 0.000000 -0.000000 -1.000000
vn 0.000000 -0.000000 -1.000000
vn 0.000000 0.000000 -1.000000
vn 0.000000 -0.000000 -1.000000
vn 0.000000 0.000000 -1.000000
vn 0.000000 0.000000 -1.000000
vn 0.000000 0.000000 -1.000000
vn 0.000000 0.000000 -1.000000
vn 0.000000 0.000000 -1.000000
vn 0.000000 -0.000000 -1.000000
vn 0.000000 0.000000 -1.000000
vn 0.000000 0.000000 -1.000000
vn 0.000000 0.000000 -1.000000
vn 0.000000 -0.000000 -1.000000
vn 0.000000 0.000000 -1.000000
vn 0.000000 -0.000000 -1.000000
vn 0.000000 -0.000000 -1.000000
vn 0.000000 0.000000 -1.000000
vn 0.000000 0.000000 -1.000000
vn 0.000000 0.000000 -1.000000
vn 0.000000 0.000000 -1.000000
vn 0.000000 -0.000000 -1.000000
vn 0.000000 0.000000 -1.000000
vn 0.000000 -0.000000 -1.000000
vn 0.000000 0.000000 -1.000000
vn 0.000000 0.000000 -1.000000
vn 0.000000 0.000000 -1.000000
vn 0.000000 -0.000000 -1.000000
vn 0.000000 0.000000 -1.000000
vn 0.000000 -0.000000 -1.000000
vn 0.000000 -0.000000 -1.000000
vn 0.000000 0.000000 -1.000000
vn 0.000000 0.000000 -1.000000
vn 0.000000 0.000000 -1.000000
vn 0.000000 0.000000 -1.000000
vn 0.000000 -0.000000 -1.000000
vn 0.000000 0.000000 -1.000000
vn 0.000000 0.000000 -1.000000
vn 0.000000 -0.000000 -1.000000
vn 0.000000 0.000000 -1.000000
vn 0.000000 0.000000 -1.000000
vn 0.000000 0.000000 -1.000000
vn 0.000000 0.000000 -1.000000
vn 0.000000 0.000000 -1.000000
vn 0.000000 0.000000 -1.000000
vn 0.000000 -0.000000 -1.000000
vn 0.000000 0.000000 -1.000000
vn 0.000000 0.000000 -1.000000
vn 0.000000 0.000000 -1.000000
vn 0.000000 0.000000 -1.000000
vn 0.000000 -0.000000 -1.000000
vn 0.000000 0.000000 -1.000000
vn 0.000000 0.000000 -1.000000
vn 0.000000 0.000000 -1.000000
vn 0.000000 0.000000 -1.000000
vn 0.000000 0.000000 -1.000000
vn 0.000000 -0.000000 -1.000000
vn 0.000000 0.000000 -1.000000
vn 0.000000 0.000000 -1.000000
vn 0.000000 0.000000 -1.000000
vn 0.000000 0.000000 -1.000000
vn 0.000000 0.000000 -1.000000
vn 0.000000 0.000000 -1.000000
vn 0.000000 0.000000 -1.000000
vn 0.000000 -0.000000 -1.000000
vn 0.000000 0.000000 -1.000000
vn 0.000000 0.000000 -1.000000
vn 0.000000 0.000000 -1.000000
vn 0.000000 -0.000000 -1.000000
vn 0.000000 0.000000 -1.000000
vn 0.000000 0.000000 -1.000000
vn 0.000000 0.000000 -1.000000
vn 0.000000 -0.000000 -1.000000
vn 0.000000 0.000000 -1.000000
vn 0.000000 0.000000 -1.000000
vn 0.000000 0.000000 -1.000000
vn 0.000000 0.000000 -1.000000
vn 0.000000 -0.000000 -1.000000
vn 0.000000 0.000000 -1.000000
vn 0.000000 0.000000 -1.000000
vn 0.000000 0.000000 -1.000000
vn 0.000000 -0.000000 -1.000000
vn 0.000000 0.000000 -1.000000
vn 0.000000 0.000000 -1.000000
vn 0.000000 0.000000 -1.000000
vn 0.000000 0.000000 -1.000000
vn 0.000000 0.000000 -1.000000
vn 0.000000 -0.000000 -1.000000
vn 0.000000 0.000000 -1.000000
vn 0.000000 0.000000 -1.000000
vn 0.000000 0.000000 -1.000000
vn 0.000000 0.000000 -1.000000
vn 0.000000 0.000000 -1.000000
vn 0.000000 0.000000 -1.000000
vn 0.000000 0.000000 -1.000000
vn 0.000000 0.000000 -1.000000
vn 0.000000 0.000000 -1.000000
vn 0.000000 0.000000 -1.000000
vn 0.000000 0.000000 -1.000000
vn 0.000000 0.000000 -1.000000
vn 0.000000 0.000000 -1.000000
vn 0.000000 0.000000 -1.000000
vn 0.000000 0.000000 -1.000000
vn 0.000000 0.000000 -1.000000
vn 0.000000 0.000000 -1.000000
vn 0.000000 0.000000 -1.000000
vn 0.000000 0.000000 -1.000000
vn 0.000000 0.000000 -1.000000
vn 0.000000 0.000000 -1.000000
vn 0.000000 0.000000 -1.000000
vn 0.000000 0.000000 -1.000000
vn 0.000000 0.000000 -1.000000
vn 0.000000 0.000000 -1.000000
vn 0.000000 0.000000 -1.000000
vn 0.000000 0.000000 -1.000000
vn 0.000000 0.000000 -1.000000
vn 0.000000 0.000000 -1.000000
vn 0.000000 0.000000 -1.000000
vn 0.000000 0.000000 -1.000000
vn 0.000000 0.000000 -1.000000
vn 0.000000 0.000000 -1.000000
vn 0.000000 0.000000 -1.000000
vn 0.000000 0.000000 -1.000000
vn 0.000000 0.000000 -1.000000
vn 0.000000 0.000000 -1.000000
vn 0.000000 0.000000 -1.000000
vn 0.000000 0.000000 -1.000000
vn 0.000000 0.000000 -1.000000
vn 0.000000 0.000000 -1.000000
vn 0.000000 0.000000 -1.000000
vn 0.000000 0.000000 -1.000000
vn 0.000000 0.000000 -1.000000
vn 0.000000 -0.000000 -1.000000
vn 0.000000 -0.000000 -1.000000
vn 0.000000 -0.000000 -1.000000
vn 0.000000 -0.000000 -1.000000
vn 0.000000 -0.000000 -1.000000
vn 0.000000 -0.000000 -1.000000
vn 0.000000 -0.000000 -1.000000
vn 0.000000 -0.000000 -1.000000
vn 0.000000 -0.000000 -1.000000
vn 0.000000 0.000000 -1.000000
vn 0.000000 0.000000 -1.000000
vn 0.000000 0.000000 -1.000000
vn 0.000000 0.000000 -1.000000
vn 0.000000 0.000000 -1.000000
vn 0.000000 0.000000 -1.000000
vn 0.000000 0.000000 -1.000000
vn 0.000000 0.000000 -1.000000
vn 0.000000 0.000000 -1.000000
vn 0.000000 0.000000 -1.000000
vn 0.000000 0.000000 -1.000000
vn 0.000000 0.000000 -1.000000
vn 0.000000 0.000000 -1.000000
vn 0.000000 0.000000 -1.000000
vn 0.000000 0.000000 -1.000000
vn 0.000000 0.000000 -1.000000
vn 0.000000 0.000000 -1.000000
vn 0.000000 0.000000 -1.000000
vn 0.000000 0.000000 -1.000000
vn 0.000000 0.000000 -1.000000
vn 0.000000 0.000000 -1.000000
vn 0.000000 0.000000 -1.000000
vn 0.000000 0.000000 -1.000000
vn 0.000000 0.000000 -1.000000
vn 0.000000 0.000000 -1.000000
vn 0.000000 0.000000 -1.000000
vn 0.000000 0.000000 -1.000000
vn 0.000000 0.000000 -1.000000
vn 0.000000 0.000000 -1.000000
vn 0.000000 0.000000 -1.000000
vn 0.000000 0.000000 -1.000000
vn 0.000000 0.000000 -1.000000
vn 0.000000 0.000000 -1.000000
vn 0.000000 0.000000 -1.000000
vn 0.000000 0.000000 -1.000000
vn 0.000000 0.000000 -1.000000
vn 0.000000 0.000000 -1.000000
vn 0.000000 0.000000 -1.000000
vn 0.000000 -0.000000 -1.000000
vn 0.000000 0.000000 -1.000000
vn 0.000000 -0.000000 -1.000000
vn 0.000000 -0.000000 -1.000000
vn 0.000000 0.000000 -1.000000
vn 0.000000 0.000000 -1.000000
vn 0.000000 -0.000000 -1.000000
vn 0.000000 -0.000000 -1.000000
vn 0.000000 -0.000000 -1.000000
vn 0.000000 0.000000 -1.000000
vn 0.000000 0.000000 -1.000000
vn 0.000000 -0.000000 -1.000000
vn 0.000000 0.000000 -1.000000
vn 0.000000 0.000000 -1.000000
vn 0.000000 -0.000000 -1.000000
vn 0.000000 -0.000000 -1.000000
vn 0.000000 0.000000 -1.000000
vn 0.000000 0.000000 -1.000000
vn 0.000000 -0.000000 -1.000000
vn 0.000000 -0.000000 -1.000000
vn 0.000000 0.000000 -1.000000
vn 0.000000 0.000000 -1.000000
vn 0.000000 -0.000000 -1.000000
vn 0.000000 -0.000000 -1.000000
vn 0.000000 -0.000000 -1.000000
vn 0.000000 0.000000 -1.000000
vn 0.000000 0.000000 -1.000000
vn 0.000000 -0.000000 -1.000000
vn 0.000000 -0.000000 -1.000000
vn 0.000000 0.000000 -1.000000
vn 0.000000 0.000000 -1.000000
vn 0.000000 -0.000000 -1.000000
vn 0.000000 0.000000 -1.000000
vn 0.000000 -0.000000 -1.000000
vn 0.000000 -0.000000 -1.000000
vn 0.000000 0.000000 -1.000000
vn 0.000000 -0.000000 -1.000000
vn 0.000000 0.000000 -1.000000
vn 0.000000 0.000000 -1.000000
vn 0.000000 -0.000000 -1.000000
vn 0.000000 -0.000000 -1.000000
vn 0.000000 0.000000 -1.000000
vn 0.000000 0.000000 -1.000000
vn 0.000000 -0.000000 -1.000000
vn 0.000000 -0.000000 -1.000000
vn 0.000000 -0.000000 -1.000000
vn 0.000000 0.000000 -1.000000
vn 0.000000 0.000000 -1.000000
vn 0.000000 -0.000000 -1.000000
vn 0.000000 0.000000 -1.000000
vn 0.000000 0.000000 -1.000000
vn 0.000000 -0.000000 -1.000000
vn 0.000000 -0.000000 -1.000000
vn 0.000000 0.000000 -1.000000
vn 0.000000 0.000000 -1.000000
vn 0.000000 -0.000000 -1.000000
vn 0.000000 -0.000000 -1.000000
vn 0.000000 0.000000 -1.000000
vn 0.000000 0.000000 -1.000000
vn 0.000000 -0.000000 -1.000000
vn 0.000000 0.000000 -1.000000
vn 0.000000 0.000000 -1.000000
vn 0.000000 0.000000 -1.000000
vn 0.000000 -0.000000 -1.000000
vn 0.000000 0.000000 -1.000000
vn 0.000000 0.000000 -1.000000
vn 0.000000 -0.000000 -1.000000
vn 0.000000 0.000000 -1.000000
vn 0.000000 0.000000 -1.000000
vn 0.000000 0.000000 -1.000000
vn 0.000000 -0.000000 -1.000000
vn 0.000000 0.000000 -1.000000
vn 0.000000 0.000000 -1.000000
vn 0.000000 -0.000000 -1.000000
vn 0.000000 0.000000 -1.000000
vn 0.000000 0.000000 -1.000000
vn 0.000000 0.000000 -1.000000
vn 0.000000 -0.000000 -1.000000
vn 0.000000 0.000000 -1.000000
vn 0.000000 0.000000 -1.000000
vn 0.000000 0.000000 -1.000000
vn 0.000000 -0.000000 -1.000000
vn 0.000000 0.000000 -1.000000
vn 0.000000 0.000000 -1.000000
vn 0.000000 0.000000 -1.000000
vn 0.000000 -0.000000 -1.000000
vn 0.000000 0.000000 -1.000000
vn 0.000000 0.000000 -1.000000
vn 0.000000 0.000000 -1.000000
vn 0.000000 -0.000000 -1.000000
vn 0.000000 0.000000 -1.000000
vn 0.000000 0.000000 -1.000000
vn 0.000000 0.000000 -1.000000
vn 0.000000 -0.000000 -1.000000
vn 0.000000 0.000000 -1.000000
vn 0.000000 0.000000 -1.000000
vn 0.000000 0.000000 -1.000000
vn 0.000000 -0.000000 -1.000000
vn 0.000000 0.000000 -1.000000
vn 0.000000 0.000000 -1.000000
vn 0.000000 0.000000 -1.000000
vn 0.000000 -0.000000 -1.000000
vn 0.000000 0.000000 -1.000000
vn 0.000000 0.000000 -1.000000
vn 0.000000 0.000000 -1.000000
vn 0.000000 0.000000 -1.000000
vn 0.000000 -0.000000 -1.000000
vn 0.000000 0.000000 -1.000000
vn 0.000000 -0.000000 -1.000000
vn 0.000000 0.000000 -1.000000
vn 0.000000 0.000000 -1.000000
vn 0.000000 0.000000 -1.000000
vn 0.000000 -0.000000 -1.000000
vn 0.000000 0.000000 -1.000000
vn 0.000000 0.000000 -1.000000
vn 0.000000 0.000000 -1.000000
vn 0.000000 0.000000 -1.000000
vn 0.000000 -0.000000 -1.000000
vn 0.000000 0.000000 -1.000000
vn 0.000000 0.000000 -1.000000
vn 0.000000 0.000000 -1.000000
vn 0.000000 0.000000 -1.000000
vn 0.000000 -0.000000 -1.000000
vn 0.000000 0.000000 -1.000000
vn 0.000000 0.000000 -1.000000
vn 0.000000 0.000000 -1.000000
vn 0.000000 -0.000000 -1.000000
vn 0.000000 0.000000 -1.000000
vn 0.000000 0.000000 -1.000000
vn 0.000000 -0.000000 -1.000000
vn 0.000000 0.000000 -1.000000
vn 0.000000 0.000000 -1.000000
vn 0.000000 0.000000 -1.000000
vn 0.000000 -0.000000 -1.000000
vn 0.000000 0.000000 -1.000000
vn 0.000000 0.000000 -1.000000
vn 0.000000 -0.000000 -1.000000
vn 0.000000 0.000000 -1.000000
vn 0.000000 0.000000 -1.000000
vn 0.000000 0.000000 -1.000000
vn 0.000000 0.000000 -1.000000
vn 0.000000 -0.000000 -1.000000
vn 0.000000 0.000000 -1.000000
vn 0.000000 0.000000 -1.000000
vn 0.000000 0.000000 -1.000000
vn 0.000000 -0.000000 -1.000000
vn 0.000000 0.000000 -1.000000
vn 0.000000 0.000000 -1.000000
vn 0.000000 0.000000 -1.000000
vn 0.000000 -0.000000 -1.000000
vn 0.000000 0.000000 -1.000000
vn 0.000000 -0.000000 -1.000000
vn 0.000000 0.000000 -1.000000
vn 0.000000 0.000000 -1.000000
vn 0.000000 0.000000 -1.000000
vn 0.000000 0.000000 -1.000000
vn 0.000000 0.000000 -1.000000
vn 0.000000 0.000000 -1.000000
vn 0.000000 0.000000 -1.000000
vn 0.000000 0.000000 -1.000000
vn 0.000000 0.000000 -1.000000
vn 0.000000 0.000000 -1.000000
vn 0.000000 0.000000 -1.000000
vn 0.000000 0.000000 -1.000000
vn 0.000000 0.000000 -1.000000
vn 0.000000 0.000000 -1.000000
vn 0.000000 0.000000 -1.000000
vn 0.000000 0.000000 -1.000000
vn 0.000000 0.000000 -1.000000
vn 0.000000 0.000000 -1.000000
vn 0.000000 0.000000 -1.000000
vn 0.000000 0.000000 -1.000000
vn 0.000000 0.000000 -1.000000
vn 0.000000 0.000000 -1.000000
vn 0.000000 0.000000 -1.000000
vn 0.000000 0.000000 -1.000000
vn 0.000000 0.000000 -1.000000
vn 0.000000 0.000000 -1.000000
vn 0.000000 0.000000 -1.000000
vn 0.000000 0.000000 -1.000000
vn 0.000000 0.000000 -1.000000
vn 0.000000 -0.000000 -1.000000
vn 0.000000 0.000000 -1.000000
vn 0.000000 0.000000 -1.000000
vn 0.000000 0.000000 -1.000000
vn 0.000000 0.000000 -1.000000
vn 0.000000 0.000000 -1.000000
vn 0.000000 0.000000 -1.000000
vn 0.000000 0.000000 -1.000000
vn 0.000000 0.000000 -1.000000
vn 0.000000 0.000000 -1.000000
vn 0.000000 0.000000 -1.000000
vn 0.000000 0.000000 -1.000000
vn 0.000000 0.000000 -1.000000
vn 0.000000 0.000000 -1.000000
vn 0.000000 0.000000 -1.000000
vn 0.000000 0.000000 -1.000000
vn 0.000000 0.000000 -1.000000
vn 0.000000 0.000000 -1.000000
vn 0.000000 0.000000 -1.000000
vn 0.000000 -0.000000 -1.000000
vn 0.000000 0.000000 -1.000000
vn 0.000000 -0.000000 -1.000000
vn 0.000000 -0.000000 -1.000000
vn 0.000000 -0.000000 -1.000000
vn 0.000000 -0.000000 -1.000000
vn 0.000000 -0.000000 -1.000000
vn 0.000000 -0.000000 -1.000000
vn 0.000000 0.000000 -1.000000
vn 0.000000 0.000000 -1.000000
vn 0.000000 0.000000 -1.000000
vn 0.000000 0.000000 -1.000000
vn -0.000000 -0.000000 -1.000000
vn 0.000000 0.000000 -1.000000
vn 0.000000 0.000000 -1.000000
vn -0.000000 -0.000000 -1.000000
vn -0.000000 -0.000000 -1.000000
vn -0.000000 -0.000000 -1.000000
vn -0.000000 -0.000000 -1.000000
vn -0.000000 -0.000000 -1.000000
vn -0.000000 -0.000000 -1.000000
vn -0.000000 -0.000000 -1.000000
vn -0.000000 -0.000000 -1.000000
vn 0.000000 0.000000 -1.000000
vn 0.000000 0.000000 -1.000000
vn 0.000000 0.000000 -1.000000
vn 0.000000 0.000000 -1.000000
vn 0.000000 0.000000 -1.000000
vn 0.000000 0.000000 -1.000000
vn -0.000000 -0.000000 -1.000000
vn -0.000000 -0.000000 -1.000000
vn 0.000000 0.000000 -1.000000
vn 0.000000 0.000000 -1.000000
vn 0.000000 0.000000 -1.000000
vn -0.000000 -0.000000 -1.000000
vn 0.000000 0.000000 -1.000000
vn 0.000000 0.000000 -1.000000
vn -0.000000 -0.000000 -1.000000
vn 0.000000 0.000000 -1.000000
vn -0.000000 -0.000000 -1.000000
vn 0.000000 0.000000 -1.000000
vn 0.000000 0.000000 -1.000000
vn 0.000000 0.000000 -1.000000
vn 0.000000 0.000000 -1.000000
vn 0.000000 0.000000 1.000000
vn 0.000000 0.000000 1.000000
vn 0.000000 0.000000 1.000000
vn 0.000000 0.000000 1.000000
vn 0.000000 0.000000 1.000000
vn 0.000000 0.000000 1.000000
vn 0.000000 0.000000 1.000000
vn 0.000000 0.000000 1.000000
vn 0.000000 0.000000 1.000000
vn 0.000000 0.000000 1.000000
vn 0.000000 0.000000 1.000000
vn 0.000000 0.000000 1.000000
vn 0.000000 0.000000 1.000000
vn 0.000000 0.000000 1.000000
vn 0.000000 0.000000 1.000000
vn 0.000000 0.000000 1.000000
vn 0.000000 0.000000 1.000000
vn 0.000000 0.000000 1.000000
vn 0.000000 0.000000 1.000000
vn 0.000000 0.000000 1.000000
vn 0.000000 0.000000 1.000000
vn 0.000000 0.000000 1.000000
vn 0.000000 0.000000 1.000000
vn 0.000000 0.000000 1.000000
vn 0.000000 0.000000 1.000000
vn 0.000000 0.000000 1.000000
vn 0.000000 0.000000 1.000000
vn 0.000000 0.000000 1.000000
vn 0.000000 0.000000 1.000000
vn 0.000000 0.000000 1.000000
vn 0.000000 0.000000 1.000000
vn 0.000000 0.000000 1.000000
vn 0.000000 0.000000 1.000000
vn 0.000000 0.000000 1.000000
vn 0.000000 0.000000 1.000000
vn 0.000000 0.000000 1.000000
vn 0.000000 0.000000 1.000000
vn 0.000000 0.000000 1.000000
vn 0.000000 0.000000 1.000000
vn 0.000000 0.000000 1.000000
vn 0.000000 0.000000 1.000000
vn 0.000000 0.000000 1.000000
vn 0.000000 0.000000 1.000000
vn 0.000000 0.000000 1.000000
vn 0.000000 0.000000 1.000000
vn 0.000000 0.000000 1.000000
vn 0.000000 0.000000 1.000000
vn 0.000000 0.000000 1.000000
vn 0.000000 0.000000 1.000000
vn 0.000000 0.000000 1.000000
vn 0.000000 0.000000 1.000000
vn 0.000000 0.000000 1.000000
vn 0.000000 0.000000 1.000000
vn 0.000000 0.000000 1.000000
vn 0.000000 0.000000 1.000000
vn 0.000000 0.000000 1.000000
vn 0.000000 0.000000 1.000000
vn 0.000000 0.000000 1.000000
vn 0.000000 0.000000 1.000000
vn 0.000000 0.000000 1.000000
vn 0.000000 0.000000 1.000000
vn 0.000000 0.000000 1.000000
vn 0.000000 0.000000 1.000000
vn 0.000000 0.000000 1.000000
vn 0.000000 0.000000 1.000000
vn 0.000000 0.000000 1.000000
vn 0.000000 0.000000 1.000000
vn 0.000000 0.000000 1.000000
vn 0.000000 0.000000 1.000000
vn 0.000000 0.000000 1.000000
vn 0.000000 0.000000 1.000000
vn 0.000000 0.000000 1.000000
vn 0.000000 0.000000 1.000000
vn 0.000000 0.000000 1.000000
vn 0.000000 0.000000 1.000000
vn 0.000000 0.000000 1.000000
vn 0.000000 0.000000 1.000000
vn 0.000000 0.000000 1.000000
vn 0.000000 0.000000 1.000000
vn 0.000000 0.000000 1.000000
vn 0.000000 0.000000 1.000000
vn 0.000000 0.000000 1.000000
vn 0.000000 0.000000 1.000000
vn 0.000000 0.000000 1.000000
vn 0.000000 0.000000 1.000000
vn 0.000000 0.000000 1.000000
vn 0.000000 0.000000 1.000000
vn 0.000000 0.000000 1.000000
vn 0.000000 0.000000 1.000000
vn 0.000000 0.000000 1.000000
vn 0.000000 0.000000 1.000000
vn 0.000000 0.000000 1.000000
vn 0.000000 0.000000 1.000000
vn 0.000000 0.000000 1.000000
vn 0.000000 0.000000 1.000000
vn 0.000000 0.000000 1.000000
vn 0.000000 0.000000 1.000000
vn 0.000000 0.000000 1.000000
vn 0.000000 0.000000 1.000000
vn 0.000000 0.000000 1.000000
vn 0.000000 0.000000 1.000000
vn 0.000000 0.000000 1.000000
vn 0.000000 0.000000 1.000000
vn 0.000000 0.000000 1.000000
vn 0.000000 0.000000 1.000000
vn 0.000000 0.000000 1.000000
vn 0.000000 0.000000 1.000000
vn 0.000000 0.000000 1.000000
vn 0.000000 0.000000 1.000000
vn 0.000000 0.000000 1.000000
vn 0.000000 0.000000 1.000000
vn 0.000000 0.000000 1.000000
vn 0.000000 0.000000 1.000000
vn 0.000000 0.000000 1.000000
vn 0.000000 0.000000 1.000000
vn 0.000000 0.000000 1.000000
vn 0.000000 0.000000 1.000000
vn 0.000000 0.000000 1.000000
vn 0.000000 0.000000 1.000000
vn 0.000000 0.000000 1.000000
vn 0.000000 0.000000 1.000000
vn 0.000000 0.000000 1.000000
vn 0.000000 0.000000 1.000000
vn 0.000000 0.000000 1.000000
vn 0.000000 0.000000 1.000000
vn 0.000000 0.000000 1.000000
vn 0.000000 0.000000 1.000000
vn 0.000000 0.000000 1.000000
vn 0.000000 0.000000 1.000000
vn 0.000000 0.000000 1.000000
vn 0.000000 0.000000 1.000000
vn 0.000000 0.000000 1.000000
vn 0.000000 0.000000 1.000000
vn 0.000000 0.000000 1.000000
vn 0.000000 0.000000 1.000000
vn 0.000000 0.000000 1.000000
vn 0.000000 0.000000 1.000000
vn 0.000000 0.000000 1.000000
vn 0.000000 0.000000 1.000000
vn 0.000000 0.000000 1.000000
vn 0.000000 0.000000 1.000000
vn 0.000000 0.000000 1.000000
vn 0.000000 0.000000 1.000000
vn 0.000000 0.000000 1.000000
vn 0.000000 0.000000 1.000000
vn 0.000000 0.000000 1.000000
vn 0.000000 0.000000 1.000000
vn 0.000000 0.000000 1.000000
vn 0.000000 0.000000 1.000000
vn 0.000000 0.000000 1.000000
vn 0.000000 0.000000 1.000000
vn 0.000000 0.000000 1.000000
vn 0.000000 0.000000 1.000000
vn 0.000000 0.000000 1.000000
vn 0.000000 0.000000 1.000000
vn 0.000000 0.000000 1.000000
vn 0.000000 0.000000 1.000000
vn 0.000000 0.000000 1.000000
vn 0.000000 0.000000 1.000000
vn 0.000000 0.000000 1.000000
vn 0.000000 0.000000 1.000000
vn 0.000000 0.000000 1.000000
vn 0.000000 0.000000 1.000000
vn 0.000000 0.000000 1.000000
vn 0.000000 0.000000 1.000000
vn 0.000000 0.000000 1.000000
vn 0.000000 0.000000 1.000000
vn 0.000000 0.000000 1.000000
vn 0.000000 0.000000 1.000000
vn 0.000000 0.000000 1.000000
vn 0.000000 0.000000 1.000000
vn 0.000000 0.000000 1.000000
vn 0.000000 0.000000 1.000000
vn 0.000000 0.000000 1.000000
vn 0.000000 0.000000 1.000000
vn 0.000000 0.000000 1.000000
vn 0.000000 0.000000 1.000000
vn 0.000000 0.000000 1.000000
vn 0.000000 0.000000 1.000000
vn 0.000000 0.000000 1.000000
vn 0.000000 0.000000 1.000000
vn 0.000000 0.000000 1.000000
vn 0.000000 0.000000 1.000000
vn 0.000000 0.000000 1.000000
vn 0.000000 0.000000 1.000000
vn 0.000000 0.000000 1.000000
vn 0.000000 0.000000 1.000000
vn 0.000000 0.000000 1.000000
vn 0.000000 0.000000 1.000000
vn 0.000000 0.000000 1.000000
vn 0.000000 0.000000 1.000000
vn 0.000000 0.000000 1.000000
vn 0.000000 0.000000 1.000000
vn 0.000000 0.000000 1.000000
vn 0.000000 0.000000 1.000000
vn 0.000000 0.000000 1.000000
vn 0.000000 0.000000 1.000000
vn 0.000000 0.000000 1.000000
vn 0.000000 0.000000 1.000000
vn 0.000000 0.000000 1.000000
vn 0.000000 0.000000 1.000000
vn 0.000000 0.000000 1.000000
vn 0.000000 0.000000 1.000000
vn 0.000000 0.000000 1.000000
vn 0.000000 0.000000 1.000000
vn 0.000000 0.000000 1.000000
vn 0.000000 0.000000 1.000000
vn 0.000000 0.000000 1.000000
vn 0.000000 0.000000 1.000000
vn 0.000000 0.000000 1.000000
vn 0.000000 0.000000 1.000000
vn 0.000000 0.000000 1.000000
vn 0.000000 0.000000 1.000000
vn 0.000000 0.000000 1.000000
vn 0.000000 0.000000 1.000000
vn 0.000000 0.000000 1.000000
vn 0.000000 0.000000 1.000000
vn 0.000000 0.000000 1.000000
vn 0.000000 0.000000 1.000000
vn 0.000000 0.000000 1.000000
vn 0.000000 0.000000 1.000000
vn 0.000000 0.000000 1.000000
vn 0.000000 0.000000 1.000000
vn 0.000000 0.000000 1.000000
vn 0.000000 0.000000 1.000000
vn 0.000000 0.000000 1.000000
vn 0.000000 0.000000 1.000000
vn 0.000000 0.000000 1.000000
vn 0.000000 0.000000 1.000000
vn 0.000000 0.000000 1.000000
vn 0.000000 0.000000 1.000000
vn 0.000000 0.000000 1.000000
vn 0.000000 0.000000 1.000000
vn 0.000000 0.000000 1.000000
vn 0.000000 0.000000 1.000000
vn 0.000000 0.000000 1.000000
vn 0.000000 0.000000 1.000000
vn 0.000000 0.000000 1.000000
vn 0.000000 0.000000 1.000000
vn 0.000000 0.000000 1.000000
vn 0.000000 0.000000 1.000000
vn 0.000000 0.000000 1.000000
vn 0.000000 0.000000 1.000000
vn 0.000000 0.000000 1.000000
vn 0.000000 0.000000 1.000000
vn 0.000000 0.000000 1.000000
vn 0.000000 0.000000 1.000000
vn 0.000000 0.000000 1.000000
vn 0.000000 0.000000 1.000000
vn 0.000000 0.000000 1.000000
vn 0.000000 0.000000 1.000000
vn 0.000000 0.000000 1.000000
vn 0.000000 0.000000 1.000000
vn 0.000000 0.000000 1.000000
vn 0.000000 0.000000 1.000000
vn 0.000000 0.000000 1.000000
vn 0.000000 0.000000 1.000000
vn 0.000000 0.000000 1.000000
vn 0.000000 0.000000 1.000000
vn 0.000000 0.000000 1.000000
vn 0.000000 0.000000 1.000000
vn 0.000000 0.000000 1.000000
vn 0.000000 0.000000 1.000000
vn 0.000000 0.000000 1.000000
vn 0.000000 0.000000 1.000000
vn 0.000000 0.000000 1.000000
vn 0.000000 0.000000 1.000000
vn 0.000000 0.000000 1.000000
vn 0.000000 0.000000 1.000000
vn 0.000000 0.000000 1.000000
vn 0.000000 0.000000 1.000000
vn 0.000000 0.000000 1.000000
vn 0.000000 0.000000 1.000000
vn 0.000000 0.000000 1.000000
vn 0.000000 0.000000 1.000000
vn 0.000000 0.000000 1.000000
vn 0.000000 0.000000 1.000000
vn 0.000000 0.000000 1.000000
vn 0.000000 0.000000 1.000000
vn 0.000000 0.000000 1.000000
vn 0.000000 0.000000 1.000000
vn 0.000000 0.000000 1.000000
vn 0.000000 0.000000 1.000000
vn 0.000000 0.000000 1.000000
vn 0.000000 0.000000 1.000000
vn 0.000000 0.000000 1.000000
vn 0.000000 0.000000 1.000000
vn 0.000000 0.000000 1.000000
vn 0.000000 0.000000 1.000000
vn 0.000000 0.000000 1.000000
vn 0.000000 0.000000 1.000000
vn 0.000000 0.000000 1.000000
vn 0.000000 0.000000 1.000000
vn 0.000000 0.000000 1.000000
vn 0.000000 0.000000 1.000000
vn 0.000000 0.000000 1.000000
vn 0.000000 0.000000 1.000000
vn 0.000000 0.000000 1.000000
vn 0.000000 0.000000 1.000000
vn 0.000000 0.000000 1.000000
vn 0.000000 0.000000 1.000000
vn 0.000000 0.000000 1.000000
vn 0.000000 0.000000 1.000000
vn 0.000000 0.000000 1.000000
vn 0.000000 0.000000 1.000000
vn 0.000000 0.000000 1.000000
vn 0.000000 0.000000 1.000000
vn 0.000000 0.000000 1.000000
vn 0.000000 0.000000 1.000000
vn 0.000000 0.000000 1.000000
vn 0.000000 0.000000 1.000000
vn 0.000000 0.000000 1.000000
vn 0.000000 0.000000 1.000000
vn 0.000000 0.000000 1.000000
vn 0.000000 0.000000 1.000000
vn 0.000000 0.000000 1.000000
vn 0.000000 0.000000 1.000000
vn 0.000000 0.000000 1.000000
vn 0.000000 0.000000 1.000000
vn 0.000000 0.000000 1.000000
vn 0.000000 0.000000 1.000000
vn 0.000000 0.000000 1.000000
vn 0.000000 0.000000 1.000000
vn 0.000000 0.000000 1.000000
vn 0.000000 0.000000 1.000000
vn 0.000000 0.000000 1.000000
vn 0.000000 0.000000 1.000000
vn 0.000000 0.000000 1.000000
vn 0.000000 0.000000 1.000000
vn 0.000000 0.000000 1.000000
vn 0.000000 0.000000 1.000000
vn 0.000000 0.000000 1.000000
vn 0.000000 0.000000 1.000000
vn 0.000000 0.000000 1.000000
vn 0.000000 0.000000 1.000000
vn 0.000000 0.000000 1.000000
vn 0.000000 0.000000 1.000000
vn 0.000000 0.000000 1.000000
vn 0.000000 0.000000 1.000000
vn 0.000000 0.000000 1.000000
vn 0.000000 0.000000 1.000000
vn 0.000000 0.000000 1.000000
vn 0.000000 0.000000 1.000000
vn 0.000000 0.000000 1.000000
vn 0.000000 0.000000 1.000000
vn 0.000000 0.000000 1.000000
vn 0.000000 0.000000 1.000000
vn 0.000000 0.000000 1.000000
vn 0.000000 0.000000 1.000000
vn 0.000000 0.000000 1.000000
vn 0.000000 0.000000 1.000000
vn 0.000000 0.000000 1.000000
vn 0.000000 0.000000 1.000000
vn 0.000000 0.000000 1.000000
vn 0.000000 0.000000 1.000000
vn 0.000000 0.000000 1.000000
vn 0.000000 0.000000 1.000000
vn 0.000000 0.000000 1.000000
vn 0.000000 0.000000 1.000000
vn 0.000000 0.000000 1.000000
vn 0.000000 0.000000 1.000000
vn 0.000000 0.000000 1.000000
vn 0.000000 0.000000 1.000000
vn 0.000000 0.000000 1.000000
vn 0.000000 0.000000 1.000000
vn 0.000000 0.000000 1.000000
vn 0.000000 0.000000 1.000000
vn 0.000000 0.000000 1.000000
vn 0.000000 0.000000 1.000000
vn 0.000000 0.000000 1.000000
vn 0.000000 0.000000 1.000000
vn 0.000000 0.000000 1.000000
vn 0.000000 0.000000 1.000000
vn 0.000000 0.000000 1.000000
vn 0.000000 0.000000 1.000000
vn 0.000000 0.000000 1.000000
vn 0.000000 0.000000 1.000000
vn 0.000000 0.000000 1.000000
vn 0.000000 0.000000 1.000000
vn 0.000000 0.000000 1.000000
vn 0.000000 0.000000 1.000000
vn 0.000000 0.000000 1.000000
vn 0.000000 0.000000 1.000000
vn 0.000000 0.000000 1.000000
vn 0.000000 0.000000 1.000000
vn 0.000000 0.000000 1.000000
vn 0.000000 0.000000 1.000000
vn 0.000000 0.000000 1.000000
vn 0.000000 0.000000 1.000000
vn 0.000000 0.000000 1.000000
vn 0.000000 0.000000 1.000000
vn 0.000000 0.000000 1.000000
vn 0.000000 0.000000 1.000000
vn 0.000000 0.000000 1.000000
vn 0.000000 0.000000 1.000000
vn 0.000000 0.000000 1.000000
vn 0.000000 0.000000 1.000000
vn 0.000000 0.000000 1.000000
vn 0.000000 0.000000 1.000000
vn 0.000000 0.000000 1.000000
vn 0.000000 0.000000 1.000000
vn 0.000000 0.000000 1.000000
vn 0.000000 0.000000 1.000000
vn 0.000000 0.000000 1.000000
vn 0.000000 0.000000 1.000000
vn 0.000000 0.000000 1.000000
vn 0.000000 0.000000 1.000000
vn 0.000000 0.000000 1.000000
vn 0.000000 0.000000 1.000000
vn 0.000000 0.000000 1.000000
vn 0.000000 0.000000 1.000000
vn 0.000000 0.000000 1.000000
vn 0.000000 0.000000 1.000000
vn 0.000000 0.000000 1.000000
vn 0.000000 0.000000 1.000000
vn 0.000000 0.000000 1.000000
vn 0.000000 0.000000 1.000000
vn 0.000000 0.000000 1.000000
vn 0.000000 0.000000 1.000000
vn 0.000000 0.000000 1.000000
vn 0.000000 0.000000 1.000000
vn 0.000000 0.000000 1.000000
vn 0.000000 0.000000 1.000000
vn 0.000000 0.000000 1.000000
vn 0.000000 0.000000 1.000000
vn 0.000000 0.000000 1.000000
vn 0.000000 0.000000 1.000000
vn 0.000000 0.000000 1.000000
vn 0.000000 0.000000 1.000000
vn 0.000000 0.000000 1.000000
vn 0.000000 0.000000 1.000000
vn 0.000000 0.000000 1.000000
vn 0.000000 0.000000 1.000000
vn 0.000000 0.000000 1.000000
vn 0.000000 0.000000 1.000000
vn 0.000000 0.000000 1.000000
vn 0.000000 0.000000 1.000000
vn 0.000000 0.000000 1.000000
vn 0.000000 0.000000 1.000000
vn 0.000000 0.000000 1.000000
vn 0.000000 0.000000 1.000000
vn 0.000000 0.000000 1.000000
vn 0.000000 0.000000 1.000000
vn 0.000000 0.000000 1.000000
vn 0.000000 0.000000 1.000000
vn 0.000000 0.000000 1.000000
vn 0.000000 0.000000 1.000000
vn 0.000000 0.000000 1.000000
vn 0.000000 0.000000 1.000000
vn 0.000000 0.000000 1.000000
vn 0.000000 0.000000 1.000000
vn 0.000000 0.000000 1.000000
vn 0.000000 0.000000 1.000000
vn 0.000000 0.000000 1.000000
vn 0.000000 0.000000 1.000000
vn 0.000000 0.000000 1.000000
vn 0.000000 0.000000 1.000000
vn 0.000000 0.000000 1.000000
vn 0.000000 0.000000 1.000000
vn 0.000000 0.000000 1.000000
vn 0.000000 0.000000 1.000000
vn 0.000000 0.000000 1.000000
vn 0.000000 0.000000 1.000000
vn 0.000000 0.000000 1.000000
vn 0.000000 0.000000 1.000000
vn 0.000000 0.000000 1.000000
vn 0.000000 0.000000 1.000000
vn 0.000000 0.000000 1.000000
vn 0.000000 0.000000 1.000000
vn 0.000000 0.000000 1.000000
vn 0.000000 0.000000 1.000000
vn 0.000000 0.000000 1.000000
vn 0.000000 0.000000 1.000000
vn 0.000000 0.000000 1.000000
vn 0.000000 0.000000 1.000000
vn 0.000000 0.000000 1.000000
vn 0.000000 0.000000 1.000000
vn 0.000000 0.000000 1.000000
vn 0.000000 0.000000 1.000000
vn 0.000000 0.000000 1.000000
vn 0.000000 0.000000 1.000000
vn 0.000000 0.000000 1.000000
vn 0.000000 0.000000 1.000000
vn 0.000000 0.000000 1.000000
vn 0.000000 0.000000 1.000000
vn 0.000000 0.000000 1.000000
vn 0.000000 0.000000 1.000000
vn 0.000000 0.000000 1.000000
vn 0.000000 0.000000 1.000000
vn 0.000000 0.000000 1.000000
vn 0.000000 0.000000 1.000000
vn 0.000000 0.000000 1.000000
vn 0.000000 0.000000 1.000000
vn 0.000000 0.000000 1.000000
vn 0.000000 0.000000 1.000000
vn 0.000000 0.000000 1.000000
vn 0.000000 0.000000 1.000000
vn 0.000000 0.000000 1.000000
vn 0.000000 0.000000 1.000000
vn 0.000000 0.000000 1.000000
vn 0.000000 0.000000 1.000000
vn 0.000000 0.000000 1.000000
vn 0.000000 0.000000 1.000000
vn 0.000000 0.000000 1.000000
vn 0.000000 0.000000 1.000000
vn 0.000000 0.000000 1.000000
vn 0.000000 0.000000 1.000000
vn 0.000000 0.000000 1.000000
vn 0.000000 0.000000 1.000000
vn 0.000000 0.000000 1.000000
vn 0.000000 0.000000 1.000000
vn 0.000000 0.000000 1.000000
vn 0.000000 0.000000 1.000000
vn 0.000000 0.000000 1.000000
vn 0.000000 0.000000 1.000000
vn 0.000000 0.000000 1.000000
vn 0.000000 0.000000 1.000000
vn 0.000000 0.000000 1.000000
vn 0.000000 0.000000 1.000000
vn 0.000000 0.000000 1.000000
vn 0.000000 0.000000 1.000000
vn 0.000000 0.000000 1.000000
vn 0.000000 0.000000 1.000000
vn 0.000000 0.000000 1.000000
vn 0.000000 0.000000 1.000000
vn 0.000000 0.000000 1.000000
vn 0.000000 0.000000 1.000000
vn 0.000000 0.000000 1.000000
vn 0.000000 0.000000 1.000000
vn 0.000000 0.000000 1.000000
vn 0.000000 0.000000 1.000000
vn 0.000000 0.000000 1.000000
vn 0.000000 0.000000 1.000000
vn 0.000000 0.000000 1.000000
vn 0.000000 0.000000 1.000000
vn 0.000000 0.000000 1.000000
vn 0.000000 0.000000 1.000000
vn 0.000000 0.000000 1.000000
vn 0.000000 0.000000 1.000000
vn 0.000000 0.000000 1.000000
vn 0.000000 0.000000 1.000000
vn 0.000000 0.000000 1.000000
vn 0.000000 0.000000 1.000000
vn 0.000000 0.000000 1.000000
vn 0.000000 0.000000 1.000000
vn 0.000000 0.000000 1.000000
vn 0.000000 0.000000 1.000000
vn 0.000000 0.000000 1.000000
vn 0.000000 0.000000 1.000000
vn 0.000000 0.000000 1.000000
vn 0.000000 0.000000 1.000000
vn 0.000000 0.000000 1.000000
vn 0.000000 0.000000 1.000000
vn 0.000000 0.000000 1.000000
vn 0.000000 0.000000 1.000000
vn 0.000000 0.000000 1.000000
vn 0.000000 0.000000 1.000000
vn 0.000000 0.000000 1.000000
vn 0.000000 0.000000 1.000000
vn 0.000000 0.000000 1.000000
vn 0.000000 0.000000 1.000000
vn 0.000000 0.000000 1.000000
vn 0.000000 0.000000 1.000000
vn 0.000000 0.000000 1.000000
vn 0.000000 0.000000 1.000000
vn 0.000000 0.000000 1.000000
vn 0.000000 0.000000 1.000000
vn 0.000000 0.000000 1.000000
vn 0.000000 0.000000 1.000000
vn 0.000000 0.000000 1.000000
vn 0.000000 0.000000 1.000000
vn 0.000000 0.000000 1.000000
vn 0.000000 0.000000 1.000000
vn 0.000000 0.000000 1.000000
vn 0.000000 0.000000 1.000000
vn 0.000000 0.000000 1.000000
vn 0.000000 0.000000 1.000000
vn 0.000000 0.000000 1.000000
vn 0.000000 0.000000 1.000000
vn 0.000000 0.000000 1.000000
vn 0.000000 0.000000 1.000000
vn 0.000000 0.000000 1.000000
vn 0.000000 0.000000 1.000000
vn 0.000000 0.000000 1.000000
vn 0.000000 0.000000 1.000000
vn 0.000000 0.000000 1.000000
vn 0.000000 0.000000 1.000000
vn 0.000000 0.000000 1.000000
vn 0.000000 0.000000 1.000000
vn 0.000000 0.000000 1.000000
vn 0.000000 0.000000 1.000000
vn 0.000000 0.000000 1.000000
vn 0.000000 0.000000 1.000000
vn 0.000000 0.000000 1.000000
vn 0.000000 0.000000 1.000000
vn 0.000000 0.000000 1.000000
vn 0.000000 0.000000 1.000000
vn 0.000000 0.000000 1.000000
vn 0.000000 0.000000 1.000000
vn 0.000000 0.000000 1.000000
vn 0.000000 0.000000 1.000000
vn 0.000000 0.000000 1.000000
vn 0.000000 0.000000 1.000000
vn 0.000000 0.000000 1.000000
vn 0.000000 0.000000 1.000000
vn 0.000000 0.000000 1.000000
vn 0.000000 0.000000 1.000000
vn 0.000000 0.000000 1.000000
vn 0.000000 0.000000 1.000000
vn 0.000000 0.000000 1.000000
vn 0.000000 0.000000 1.000000
vn 0.000000 0.000000 1.000000
vn 0.000000 0.000000 1.000000
vn 0.000000 0.000000 1.000000
vn 0.000000 0.000000 1.000000
vn 0.000000 0.000000 1.000000
vn 0.000000 0.000000 1.000000
vn 0.000000 0.000000 1.000000
vn 0.000000 0.000000 1.000000
vn 0.000000 0.000000 1.000000
vn 0.000000 0.000000 1.000000
vn 0.000000 0.000000 1.000000
vn 0.000000 0.000000 1.000000
vn 0.000000 0.000000 1.000000
vn 0.000000 0.000000 1.000000
vn 0.000000 0.000000 1.000000
vn 0.000000 0.000000 1.000000
vn 0.000000 0.000000 1.000000
vn 0.000000 0.000000 1.000000
vn 0.000000 0.000000 1.000000
vn 0.000000 0.000000 1.000000
vn 0.000000 0.000000 1.000000
vn 0.000000 0.000000 1.000000
vn 0.000000 0.000000 1.000000
vn 0.000000 0.000000 1.000000
vn 0.000000 0.000000 1.000000
vn 0.000000 0.000000 1.000000
vn 0.000000 0.000000 1.000000
vn 0.000000 0.000000 1.000000
vn 0.000000 0.000000 1.000000
vn 0.000000 0.000000 1.000000
vn 0.000000 0.000000 1.000000
vn 0.000000 0.000000 1.000000
vn 0.000000 0.000000 1.000000
vn 0.000000 0.000000 1.000000
vn 0.000000 0.000000 1.000000
vn 0.000000 0.000000 1.000000
vn 0.000000 0.000000 1.000000
vn 0.000000 0.000000 1.000000
vn 0.000000 0.000000 1.000000
vn 0.000000 0.000000 1.000000
vn 0.000000 0.000000 1.000000
vn 0.000000 0.000000 1.000000
vn 0.000000 0.000000 1.000000
vn 0.000000 0.000000 1.000000
vn 0.000000 0.000000 1.000000
vn 0.000000 0.000000 1.000000
vn 0.000000 0.000000 1.000000
vn 0.000000 0.000000 1.000000
vn 0.000000 0.000000 1.000000
vn 0.000000 0.000000 1.000000
vn 0.000000 0.000000 1.000000
vn 0.000000 0.000000 1.000000
vn 0.000000 0.000000 1.000000
vn 0.000000 0.000000 1.000000
vn 0.000000 0.000000 1.000000
vn 0.000000 0.000000 1.000000
vn 0.000000 0.000000 1.000000
vn 0.000000 0.000000 1.000000
vn 0.000000 0.000000 1.000000
vn 0.000000 0.000000 1.000000
vn 0.000000 0.000000 1.000000
vn 0.000000 0.000000 1.000000
vn 0.000000 0.000000 1.000000
vn 0.000000 0.000000 1.000000
vn 0.000000 0.000000 1.000000
vn 0.000000 0.000000 1.000000
vn 0.000000 0.000000 1.000000
vn 0.000000 0.000000 1.000000
vn 0.000000 0.000000 1.000000
vn 0.000000 0.000000 1.000000
vn 0.000000 0.000000 1.000000
vn 0.000000 0.000000 1.000000
vn 0.000000 0.000000 1.000000
vn 0.000000 0.000000 1.000000
vn 0.000000 0.000000 1.000000
vn 0.000000 0.000000 1.000000
vn 0.000000 0.000000 1.000000
vn 0.000000 0.000000 1.000000
vn 0.000000 0.000000 1.000000
vn 0.000000 0.000000 1.000000
vn 0.000000 0.000000 1.000000
vn 0.000000 0.000000 1.000000
vn 0.000000 0.000000 1.000000
vn 0.000000 0.000000 1.000000
vn 0.000000 0.000000 1.000000
vn 0.000000 0.000000 1.000000
vn 0.000000 0.000000 1.000000
vn 0.000000 0.000000 1.000000
vn 0.000000 0.000000 1.000000
vn 0.000000 0.000000 1.000000
vn 0.000000 0.000000 1.000000
vn 0.000000 0.000000 1.000000
vn 0.000000 0.000000 1.000000
vn 0.000000 0.000000 1.000000
vn 0.000000 0.000000 1.000000
vn 0.000000 0.000000 1.000000
vn 0.000000 0.000000 1.000000
vn 0.000000 0.000000 1.000000
vn 0.000000 0.000000 1.000000
vn 0.000000 0.000000 1.000000
vn 0.000000 0.000000 1.000000
vn 0.000000 0.000000 1.000000
vn 0.000000 0.000000 1.000000
vn 0.000000 0.000000 1.000000
vn 0.000000 0.000000 1.000000
vn 0.000000 0.000000 1.000000
vn 0.000000 0.000000 1.000000
vn 0.000000 0.000000 1.000000
vn 0.000000 0.000000 1.000000
vn 0.000000 0.000000 1.000000
vn 0.000000 0.000000 1.000000
vn 0.000000 0.000000 1.000000
vn 0.000000 0.000000 1.000000
vn 0.000000 0.000000 1.000000
vn 0.000000 0.000000 1.000000
vn 0.000000 0.000000 1.000000
vn 0.000000 0.000000 1.000000
vn 0.000000 0.000000 1.000000
vn 0.000000 0.000000 1.000000
vn 0.000000 0.000000 1.000000
vn 0.000000 0.000000 1.000000
vn 0.000000 0.000000 1.000000
vn 0.000000 0.000000 1.000000
vn 0.000000 0.000000 1.000000
vn 0.000000 0.000000 1.000000
vn 0.000000 0.000000 1.000000
vn 0.000000 0.000000 1.000000
vn 0.000000 0.000000 1.000000
vn 0.000000 0.000000 1.000000
vn 0.000000 0.000000 1.000000
vn 0.000000 0.000000 1.000000
vn 0.000000 0.000000 1.000000
vn 0.000000 0.000000 1.000000
vn 0.000000 0.000000 1.000000
vn 0.000000 0.000000 1.000000
vn 0.000000 0.000000 1.000000
vn 0.000000 0.000000 1.000000
vn 0.000000 0.000000 1.000000
vn 0.000000 0.000000 1.000000
vn 0.000000 0.000000 1.000000
vn 0.000000 0.000000 1.000000
vn 0.000000 0.000000 1.000000
vn 0.000000 0.000000 1.000000
vn 0.000000 0.000000 1.000000
vn 0.000000 0.000000 1.000000
vn 0.000000 0.000000 1.000000
vn 0.000000 0.000000 1.000000
vn 0.000000 0.000000 1.000000
vn 0.000000 0.000000 1.000000
vn 0.000000 0.000000 1.000000
vn 0.000000 0.000000 1.000000
vn 0.000000 0.000000 1.000000
vn 0.000000 0.000000 1.000000
vn 0.000000 0.000000 1.000000
vn 0.000000 0.000000 1.000000
vn 0.000000 0.000000 1.000000
vn 0.000000 0.000000 1.000000
vn 0.000000 0.000000 1.000000
vn 0.000000 0.000000 1.000000
vn 0.000000 0.000000 1.000000
vn 0.000000 0.000000 1.000000
vn 0.000000 0.000000 1.000000
vn 0.000000 0.000000 1.000000
vn 0.000000 0.000000 1.000000
vn 0.000000 0.000000 1.000000
vn 0.000000 0.000000 1.000000
vn 0.000000 0.000000 1.000000
vn 0.000000 0.000000 1.000000
vn 0.000000 0.000000 1.000000
vn 0.000000 0.000000 1.000000
vn 0.000000 0.000000 1.000000
vn 0.000000 0.000000 1.000000
vn 0.000000 0.000000 1.000000
vn 0.000000 0.000000 1.000000
vn 0.000000 0.000000 1.000000
vn 0.000000 0.000000 1.000000
vn 0.000000 0.000000 1.000000
vn 0.000000 0.000000 1.000000
vn 0.000000 0.000000 1.000000
vn 0.000000 0.000000 1.000000
vn 0.000000 0.000000 1.000000
vn 0.000000 0.000000 1.000000
vn 0.000000 0.000000 1.000000
vn 0.000000 0.000000 1.000000
vn 0.000000 0.000000 1.000000
vn 0.000000 0.000000 1.000000
vn 0.000000 0.000000 1.000000
vn 0.000000 0.000000 1.000000
vn 0.000000 0.000000 1.000000
vn 0.000000 0.000000 1.000000
vn 0.000000 0.000000 1.000000
vn 0.000000 0.000000 1.000000
vn 0.000000 0.000000 1.000000
vn 0.000000 0.000000 1.000000
vn 0.000000 0.000000 1.000000
vn 0.000000 0.000000 1.000000
vn 0.000000 0.000000 1.000000
vn 0.000000 0.000000 1.000000
vn 0.000000 0.000000 1.000000
vn 0.000000 0.000000 1.000000
vn 0.000000 0.000000 1.000000
vn 0.000000 0.000000 1.000000
vn 0.000000 0.000000 1.000000
vn 0.000000 0.000000 1.000000
vn 0.000000 0.000000 1.000000
vn 0.000000 0.000000 1.000000
vn 0.000000 0.000000 1.000000
vn 0.000000 0.000000 1.000000
vn 0.000000 0.000000 1.000000
vn 0.000000 0.000000 1.000000
vn 0.000000 0.000000 1.000000
vn 0.000000 0.000000 1.000000
vn 0.000000 0.000000 1.000000
vn 0.000000 0.000000 1.000000
vn 0.000000 0.000000 1.000000
vn 0.000000 0.000000 1.000000
vn 0.000000 0.000000 1.000000
vn 0.000000 0.000000 1.000000
vn 0.000000 0.000000 1.000000
vn 0.000000 0.000000 1.000000
vn 0.000000 0.000000 1.000000
vn 0.000000 0.000000 1.000000
vn 0.000000 0.000000 1.000000
vn 0.000000 0.000000 1.000000
vn 0.000000 0.000000 1.000000
vn 0.000000 0.000000 1.000000
vn 0.000000 0.000000 1.000000
vn 0.000000 0.000000 1.000000
vn 0.000000 0.000000 1.000000
vn 0.000000 0.000000 1.000000
vn 0.000000 0.000000 1.000000
vn 0.000000 0.000000 1.000000
vn 0.000000 0.000000 1.000000
vn 0.000000 0.000000 1.000000
vn 0.000000 0.000000 1.000000
vn 0.000000 0.000000 1.000000
vn 0.000000 0.000000 1.000000
vn 0.000000 0.000000 1.000000
vn 0.000000 0.000000 1.000000
vn 0.000000 0.000000 1.000000
vn 0.000000 0.000000 1.000000
vn 0.000000 0.000000 1.000000
vn 0.000000 0.000000 1.000000
vn 0.000000 0.000000 1.000000
vn 0.000000 0.000000 1.000000
vn 0.000000 0.000000 1.000000
vn 0.000000 0.000000 1.000000
vn 0.000000 0.000000 1.000000
vn 0.000000 0.000000 1.000000
vn 0.000000 0.000000 1.000000
vn 0.000000 0.000000 1.000000
vn 0.000000 0.000000 1.000000
vn 0.000000 0.000000 1.000000
vn 0.000000 0.000000 1.000000
vn 0.000000 0.000000 1.000000
vn 0.000000 0.000000 1.000000
vn 0.000000 0.000000 1.000000
vn 0.000000 0.000000 1.000000
vn 0.000000 0.000000 1.000000
vn 0.000000 0.000000 1.000000
vn 0.000000 0.000000 1.000000
vn 0.000000 0.000000 1.000000
vn 0.000000 0.000000 1.000000
vn 0.000000 0.000000 1.000000
vn 0.000000 0.000000 1.000000
vn 0.000000 0.000000 1.000000
vn 0.000000 0.000000 1.000000
vn 0.000000 0.000000 1.000000
vn 0.000000 0.000000 1.000000
vn 0.000000 0.000000 1.000000
vn 0.000000 0.000000 1.000000
vn 0.000000 0.000000 1.000000
vn 0.000000 0.000000 1.000000
vn 0.000000 0.000000 1.000000
vn 0.000000 0.000000 1.000000
vn 0.000000 0.000000 1.000000
vn 0.000000 0.000000 1.000000
vn 0.000000 0.000000 1.000000
vn 0.000000 0.000000 1.000000
vn 0.000000 0.000000 1.000000
vn 0.000000 0.000000 1.000000
vn 0.000000 0.000000 1.000000
vn 0.000000 0.000000 1.000000
vn 0.000000 0.000000 1.000000
vn 0.000000 0.000000 1.000000
vn 0.000000 0.000000 1.000000
vn 0.000000 0.000000 1.000000
f 1//1 2//1 3//1
f 3//2 2//2 4//2
f 2//3 5//3 4//3
f 4//4 5//4 6//4
f 6//5 7//5 8//5
f 5//6 7//6 6//6
f 8//7 9//7 10//7
f 7//8 9//8 8//8
f 10//9 11//9 12//9
f 9//10 11//10 10//10
f 12//11 13//11 14//11
f 11//12 13//12 12//12
f 14//13 15//13 16//13
f 13//14 15//14 14//14
f 16//15 17//15 18//15
f 15//16 17//16 16//16
f 18//17 19//17 20//17
f 17//18 19//18 18//18
f 19//19 21//19 20//19
f 20//20 21//20 22//20
f 22//21 23//21 24//21
f 21//22 23//22 22//22
f 24//23 25//23 26//23
f 23//24 25//24 24//24
f 26//25 27//25 28//25
f 25//26 27//26 26//26
f 28//27 29//27 30//27
f 27//28 29//28 28//28
f 30//29 31//29 32//29
f 29//30 31//30 30//30
f 32//31 33//31 34//31
f 31//32 33//32 32//32
f 34//33 35//33 36//33
f 33//34 35//34 34//34
f 36//35 37//35 38//35
f 35//36 37//36 36//36
f 38//37 39//37 40//37
f 37//38 39//38 38//38
f 40//39 41//39 42//39
f 39//40 41//40 40//40
f 42//41 43//41 44//41
f 44//42 43//42 45//42
f 41//43 43//43 42//43
f 43//44 46//44 45//44
f 45//45 47//45 48//45
f 46//46 47//46 45//46
f 48//47 49//47 50//47
f 50//48 49//48 51//48
f 47//49 49//49 48//49
f 49//50 52//50 51//50
f 51//51 53//51 54//51
f 52//52 53//52 51//52
f 54//53 55//53 56//53
f 56//54 55//54 57//54
f 53//55 55//55 54//55
f 55//56 58//56 57//56
f 57//57 59//57 60//57
f 58//58 59//58 57//58
f 60//59 61//59 62//59
f 62//60 61//60 63//60
f 59//61 61//61 60//61
f 61//62 64//62 63//62
f 63//63 65//63 66//63
f 64//64 65//64 63//64
f 66//65 67//65 68//65
f 65//66 67//66 66//66
f 67//67 69//67 68//67
f 68//68 69//68 70//68
f 69//69 71//69 70//69
f 70//70 71//70 72//70
f 72//71 73//71 74//71
f 71//72 73//72 72//72
f 74//73 75//73 76//73
f 73//74 75//74 74//74
f 76//75 77//75 78//75
f 75//76 77//76 76//76
f 78//77 79//77 80//77
f 77//78 79//78 78//78
f 80//79 81//79 82//79
f 79//80 81//80 80//80
f 82//81 83//81 84//81
f 81//82 83//82 82//82
f 84//83 85//83 86//83
f 83//84 85//84 84//84
f 85//85 87//85 86//85
f 86//86 87//86 88//86
f 88//87 89//87 90//87
f 87//88 89//88 88//88
f 90//89 91//89 92//89
f 89//90 91//90 90//90
f 92//91 93//91 94//91
f 91//92 93//92 92//92
f 94//93 95//93 96//93
f 93//94 95//94 94//94
f 96//95 97//95 98//95
f 95//96 97//96 96//96
f 98//97 99//97 100//97
f 97//98 99//98 98//98
f 100//99 101//99 102//99
f 99//100 101//100 100//100
f 102//101 103//101 104//101
f 101//102 103//102 102//102
f 104//103 105//103 106//103
f 103//104 105//104 104//104
f 106//105 107//105 108//105
f 105//106 107//106 106//106
f 108//107 109//107 110//107
f 107//108 109//108 108//108
f 110//109 111//109 112//109
f 109//110 111//110 110//110
f 112//111 113//111 114//111
f 111//112 113//112 112//112
f 114//113 115//113 116//113
f 113//114 115//114 114//114
f 116//115 117//115 118//115
f 115//116 117//116 116//116
f 118//117 119//117 120//117
f 117//118 119//118 118//118
f 120//119 121//119 122//119
f 119//120 121//120 120//120
f 122//121 123//121 124//121
f 124//122 123//122 125//122
f 121//123 123//123 122//123
f 123//124 126//124 125//124
f 125//125 127//125 128//125
f 126//126 127//126 125//126
f 128//127 129//127 130//127
f 130//128 129//128 131//128
f 127//129 129//129 128//129
f 129//130 132//130 131//130
f 131//131 133//131 134//131
f 132//132 133//132 131//132
f 133//133 135//133 134//133
f 134//134 135//134 136//134
f 135//135 137//135 136//135
f 136//136 137//136 138//136
f 138//137 139//137 140//137
f 137//138 139//138 138//138
f 140//139 141//139 142//139
f 139//140 141//140 140//140
f 142//141 143//141 144//141
f 141//142 143//142 142//142
f 144//143 145//143 146//143
f 143//144 145//144 144//144
f 146//145 147//145 148//145
f 145//146 147//146 146//146
f 148//147 149//147 150//147
f 147//148 149//148 148//148
f 150//149 151//149 152//149
f 149//150 151//150 150//150
f 151//151 153//151 152//151
f 152//152 153//152 154//152
f 154//153 155//153 156//153
f 153//154 155//154 154//154
f 156//155 157//155 158//155
f 155//156 157//156 156//156
f 158//157 159//157 160//157
f 160//158 159//158 161//158
f 157//159 159//159 158//159
f 159//160 162//160 161//160
f 161//161 163//161 164//161
f 162//162 163//162 161//162
f 164//163 165//163 166//163
f 163//164 165//164 164//164
f 166//165 167//165 168//165
f 165//166 167//166 166//166
f 168//167 169//167 170//167
f 167//168 169//168 168//168
f 170//169 171//169 172//169
f 169//170 171//170 170//170
f 172//171 173//171 174//171
f 171//172 173//172 172//172
f 174//173 175//173 176//173
f 173//174 175//174 174//174
f 176//175 177//175 178//175
f 178//176 177//176 179//176
f 175//177 177//177 176//177
f 177//178 180//178 179//178
f 179//179 181//179 182//179
f 182//180 181//180 183//180
f 180//181 181//181 179//181
f 181//182 184//182 183//182
f 183//183 185//183 186//183
f 186//184 185//184 187//184
f 184//185 185//185 183//185
f 185//186 188//186 187//186
f 187//187 189//187 190//187
f 188//188 189//188 187//188
f 190//189 191//189 192//189
f 189//190 191//190 190//190
f 192//191 193//191 194//191
f 191//192 193//192 192//192
f 194//193 195//193 196//193
f 193//194 195//194 194//194
f 196//195 197//195 198//195
f 195//196 197//196 196//196
f 198//197 199//197 200//197
f 197//198 199//198 198//198
f 199//199 201//199 200//199
f 200//200 201//200 202//200
f 201//201 203//201 202//201
f 202//202 203//202 204//202
f 204//203 205//203 206//203
f 203//204 205//204 204//204
f 206//205 207//205 208//205
f 205//206 207//206 206//206
f 208//207 209//207 210//207
f 207//208 209//208 208//208
f 210//209 211//209 212//209
f 209//210 211//210 210//210
f 212//211 213//211 214//211
f 211//212 213//212 212//212
f 214//213 215//213 216//213
f 213//214 215//214 214//214
f 216//215 217//215 218//215
f 215//216 217//216 216//216
f 217//217 219//217 218//217
f 218//218 219//218 220//218
f 220//219 221//219 222//219
f 219//220 221//220 220//220
f 222//221 223//221 224//221
f 221//222 223//222 222//222
f 224//223 225//223 226//223
f 223//224 225//224 224//224
f 226//225 227//225 228//225
f 225//226 227//226 226//226
f 228//227 229//227 230//227
f 227//228 229//228 228//228
f 230//229 231//229 232//229
f 229//230 231//230 230//230
f 232//231 233//231 234//231
f 231//232 233//232 232//232
f 234//233 235//233 236//233
f 233//234 235//234 234//234
f 236//235 237//235 238//235
f 235//236 237//236 236//236
f 238//237 239//237 240//237
f 237//238 239//238 238//238
f 240//239 241//239 242//239
f 242//240 241//240 243//240
f 239//241 241//241 240//241
f 241//242 244//242 243//242
f 243//243 245//243 246//243
f 244//244 245//244 243//244
f 246//245 247//245 248//245
f 248//246 247//246 249//246
f 245//247 247//247 246//247
f 247//248 250//248 249//248
f 249//249 251//249 252//249
f 250//250 251//250 249//250
f 252//251 253//251 254//251
f 254//252 253//252 255//252
f 251//253 253//253 252//253
f 253//254 256//254 255//254
f 255//255 257//255 258//255
f 256//256 257//256 255//256
f 258//257 259//257 260//257
f 260//258 259//258 261//258
f 257//259 259//259 258//259
f 259//260 262//260 261//260
f 261//261 263//261 264//261
f 262//262 263//262 261//262
f 264//263 1//263 3//263
f 263//264 1//264 264//264
f 265//265 266//265 267//265
f 265//266 267//266 268//266
f 269//267 268//267 270//267
f 269//268 265//268 268//268
f 271//269 270//269 272//269
f 271//270 269//270 270//270
f 273//271 272//271 274//271
f 273//272 271//272 272//272
f 275//273 274//273 276//273
f 275//274 273//274 274//274
f 277//275 276//275 278//275
f 277//276 278//276 279//276
f 277//277 275//277 276//277
f 280//278 277//278 279//278
f 281//279 279//279 282//279
f 281//280 280//280 279//280
f 283//281 282//281 284//281
f 283//282 281//282 282//282
f 285//283 284//283 286//283
f 285//284 286//284 287//284
f 285//285 283//285 284//285
f 288//286 285//286 287//286
f 289//287 288//287 287//287
f 289//288 287//288 290//288
f 291//289 289//289 290//289
f 291//290 290//290 292//290
f 293//291 291//291 292//291
f 293//292 292//292 294//292
f 295//293 294//293 296//293
f 295//294 293//294 294//294
f 297//295 296//295 298//295
f 297//296 295//296 296//296
f 299//297 298//297 300//297
f 299//298 300//298 301//298
f 299//299 297//299 298//299
f 302//300 299//300 301//300
f 303//301 302//301 301//301
f 303//302 301//302 304//302
f 305//303 304//303 306//303
f 305//304 306//304 307//304
f 305//305 303//305 304//305
f 308//306 307//306 309//306
f 308//307 305//307 307//307
f 310//308 308//308 309//308
f 311//309 309//309 312//309
f 311//310 310//310 309//310
f 313//311 312//311 314//311
f 313//312 311//312 312//312
f 315//313 314//313 316//313
f 315//314 313//314 314//314
f 317//315 316//315 318//315
f 317//316 315//316 316//316
f 319//317 318//317 320//317
f 319//318 317//318 318//318
f 321//319 320//319 322//319
f 321//320 319//320 320//320
f 323//321 322//321 324//321
f 323//322 321//322 322//322
f 325//323 324//323 326//323
f 325//324 323//324 324//324
f 327//325 326//325 328//325
f 327//326 325//326 326//326
f 329//327 328//327 330//327
f 329//328 330//328 331//328
f 329//329 327//329 328//329
f 332//330 329//330 331//330
f 333//331 331//331 334//331
f 333//332 332//332 331//332
f 335//333 334//333 336//333
f 335//334 333//334 334//334
f 337//335 336//335 338//335
f 337//336 335//336 336//336
f 339//337 338//337 340//337
f 339//338 337//338 338//338
f 341//339 339//339 340//339
f 341//340 340//340 342//340
f 343//341 341//341 342//341
f 343//342 342//342 344//342
f 345//343 343//343 344//343
f 345//344 344//344 346//344
f 347//345 345//345 346//345
f 347//346 346//346 348//346
f 349//347 347//347 348//347
f 349//348 348//348 350//348
f 351//349 349//349 350//349
f 351//350 350//350 352//350
f 353//351 351//351 352//351
f 353//352 352//352 354//352
f 355//353 353//353 354//353
f 355//354 354//354 356//354
f 357//355 355//355 356//355
f 357//356 356//356 358//356
f 359//357 357//357 358//357
f 359//358 358//358 360//358
f 361//359 360//359 362//359
f 361//360 359//360 360//360
f 363//361 362//361 364//361
f 363//362 361//362 362//362
f 365//363 364//363 366//363
f 365//364 363//364 364//364
f 367//365 366//365 368//365
f 367//366 365//366 366//366
f 369//367 368//367 370//367
f 369//368 370//368 371//368
f 369//369 367//369 368//369
f 372//370 369//370 371//370
f 373//371 371//371 374//371
f 373//372 372//372 371//372
f 375//373 374//373 376//373
f 375//374 373//374 374//374
f 377//375 376//375 378//375
f 377//376 375//376 376//376
f 379//377 378//377 380//377
f 379//378 377//378 378//378
f 381//379 380//379 382//379
f 381//380 379//380 380//380
f 383//381 382//381 384//381
f 383//382 381//382 382//382
f 385//383 384//383 386//383
f 385//384 383//384 384//384
f 387//385 386//385 388//385
f 387//386 385//386 386//386
f 389//387 387//387 388//387
f 389//388 388//388 390//388
f 391//389 389//389 390//389
f 391//390 390//390 392//390
f 393//391 391//391 392//391
f 393//392 392//392 394//392
f 395//393 393//393 394//393
f 395//394 394//394 396//394
f 397//395 395//395 396//395
f 397//396 396//396 398//396
f 399//397 397//397 398//397
f 399//398 398//398 400//398
f 401//399 399//399 400//399
f 401//400 400//400 402//400
f 403//401 401//401 402//401
f 403//402 402//402 404//402
f 405//403 403//403 404//403
f 405//404 404//404 406//404
f 407//405 405//405 406//405
f 407//406 406//406 408//406
f 409//407 407//407 408//407
f 409//408 408//408 410//408
f 411//409 409//409 410//409
f 411//410 410//410 412//410
f 413//411 411//411 412//411
f 413//412 412//412 414//412
f 415//413 413//413 414//413
f 415//414 414//414 416//414
f 417//415 415//415 416//415
f 417//416 416//416 418//416
f 419//417 417//417 418//417
f 419//418 418//418 420//418
f 421//419 419//419 420//419
f 421//420 420//420 422//420
f 423//421 421//421 422//421
f 423//422 422//422 424//422
f 425//423 423//423 424//423
f 425//424 424//424 426//424
f 427//425 425//425 426//425
f 427//426 426//426 428//426
f 429//427 427//427 428//427
f 429//428 428//428 430//428
f 431//429 430//429 432//429
f 431//430 429//430 430//430
f 433//431 432//431 434//431
f 433//432 431//432 432//432
f 435//433 434//433 436//433
f 435//434 433//434 434//434
f 437//435 436//435 438//435
f 437//436 435//436 436//436
f 439//437 438//437 440//437
f 439//438 437//438 438//438
f 441//439 439//439 440//439
f 441//440 440//440 442//440
f 443//441 441//441 442//441
f 443//442 442//442 444//442
f 445//443 443//443 444//443
f 445//444 444//444 446//444
f 447//445 445//445 446//445
f 447//446 446//446 448//446
f 449//447 447//447 448//447
f 449//448 448//448 450//448
f 451//449 449//449 450//449
f 451//450 450//450 452//450
f 453//451 451//451 452//451
f 453//452 452//452 454//452
f 455//453 453//453 454//453
f 455//454 454//454 456//454
f 457//455 455//455 456//455
f 457//456 456//456 458//456
f 459//457 457//457 458//457
f 459//458 458//458 460//458
f 461//459 459//459 460//459
f 461//460 460//460 462//460
f 463//461 461//461 462//461
f 463//462 462//462 464//462
f 465//463 464//463 466//463
f 465//464 463//464 464//464
f 467//465 466//465 468//465
f 467//466 465//466 466//466
f 469//467 468//467 470//467
f 469//468 467//468 468//468
f 471//469 470//469 472//469
f 471//470 469//470 470//470
f 473//471 472//471 474//471
f 473//472 471//472 472//472
f 475//473 474//473 476//473
f 475//474 473//474 474//474
f 477//475 476//475 478//475
f 477//476 475//476 476//476
f 479//477 478//477 480//477
f 479//478 477//478 478//478
f 481//479 480//479 482//479
f 481//480 479//480 480//480
f 483//481 482//481 484//481
f 483//482 481//482 482//482
f 485//483 484//483 486//483
f 485//484 483//484 484//484
f 487//485 486//485 488//485
f 487//486 485//486 486//486
f 489//487 488//487 490//487
f 489//488 487//488 488//488
f 491//489 489//489 490//489
f 491//490 490//490 492//490
f 493//491 491//491 492//491
f 493//492 492//492 494//492
f 495//493 493//493 494//493
f 495//494 494//494 496//494
f 497//495 495//495 496//495
f 497//496 496//496 498//496
f 499//497 498//497 500//497
f 499//498 497//498 498//498
f 501//499 500//499 502//499
f 501//500 499//500 500//500
f 503//501 502//501 504//501
f 503//502 501//502 502//502
f 505//503 504//503 506//503
f 505//504 503//504 504//504
f 507//505 506//505 508//505
f 507//506 505//506 506//506
f 509//507 508//507 510//507
f 509//508 507//508 508//508
f 511//509 510//509 512//509
f 511//510 509//510 510//510
f 513//511 512//511 514//511
f 513//512 511//512 512//512
f 515//513 514//513 516//513
f 515//514 513//514 514//514
f 266//515 516//515 267//515
f 266//516 515//516 516//516
f 517//517 518//517 519//517
f 517//518 519//518 520//518
f 521//519 520//519 522//519
f 521//520 517//520 520//520
f 523//521 522//521 524//521
f 523//522 521//522 522//522
f 525//523 524//523 526//523
f 525//524 523//524 524//524
f 527//525 526//525 528//525
f 527//526 525//526 526//526
f 529//527 528//527 530//527
f 529//528 530//528 531//528
f 529//529 527//529 528//529
f 532//530 529//530 531//530
f 533//531 531//531 534//531
f 533//532 532//532 531//532
f 535//533 534//533 536//533
f 535//534 533//534 534//534
f 537//535 536//535 538//535
f 537//536 538//536 539//536
f 537//537 535//537 536//537
f 540//538 537//538 539//538
f 541//539 540//539 539//539
f 541//540 539//540 542//540
f 543//541 541//541 542//541
f 543//542 542//542 544//542
f 545//543 543//543 544//543
f 545//544 544//544 546//544
f 547//545 546//545 548//545
f 547//546 545//546 546//546
f 549//547 548//547 550//547
f 549//548 547//548 548//548
f 551//549 550//549 552//549
f 551//550 552//550 553//550
f 551//551 549//551 550//551
f 554//552 551//552 553//552
f 555//553 554//553 553//553
f 555//554 553//554 556//554
f 557//555 556//555 558//555
f 557//556 558//556 559//556
f 557//557 555//557 556//557
f 560//558 559//558 561//558
f 560//559 557//559 559//559
f 562//560 560//560 561//560
f 563//561 561//561 564//561
f 563//562 562//562 561//562
f 565//563 564//563 566//563
f 565//564 563//564 564//564
f 567//565 566//565 568//565
f 567//566 565//566 566//566
f 569//567 568//567 570//567
f 569//568 567//568 568//568
f 571//569 570//569 572//569
f 571//570 569//570 570//570
f 573//571 572//571 574//571
f 573//572 571//572 572//572
f 575//573 574//573 576//573
f 575//574 573//574 574//574
f 577//575 576//575 578//575
f 577//576 575//576 576//576
f 579//577 578//577 580//577
f 579//578 577//578 578//578
f 581//579 580//579 582//579
f 581//580 582//580 583//580
f 581//581 579//581 580//581
f 584//582 581//582 583//582
f 585//583 583//583 586//583
f 585//584 584//584 583//584
f 587//585 586//585 588//585
f 587//586 585//586 586//586
f 589//587 588//587 590//587
f 589//588 587//588 588//588
f 591//589 590//589 592//589
f 591//590 589//590 590//590
f 593//591 591//591 592//591
f 593//592 592//592 594//592
f 595//593 593//593 594//593
f 595//594 594//594 596//594
f 597//595 595//595 596//595
f 597//596 596//596 598//596
f 599//597 597//597 598//597
f 599//598 598//598 600//598
f 601//599 599//599 600//599
f 601//600 600//600 602//600
f 603//601 601//601 602//601
f 603//602 602//602 604//602
f 605//603 603//603 604//603
f 605//604 604//604 606//604
f 607//605 605//605 606//605
f 607//606 606//606 608//606
f 609//607 607//607 608//607
f 609//608 608//608 610//608
f 611//609 609//609 610//609
f 611//610 610//610 612//610
f 613//611 612//611 614//611
f 613//612 611//612 612//612
f 615//613 614//613 616//613
f 615//614 613//614 614//614
f 617//615 616//615 618//615
f 617//616 615//616 616//616
f 619//617 618//617 620//617
f 619//618 617//618 618//618
f 621//619 620//619 622//619
f 621//620 622//620 623//620
f 621//621 619//621 620//621
f 624//622 621//622 623//622
f 625//623 623//623 626//623
f 625//624 624//624 623//624
f 627//625 626//625 628//625
f 627//626 625//626 626//626
f 629//627 628//627 630//627
f 629//628 627//628 628//628
f 631//629 630//629 632//629
f 631//630 629//630 630//630
f 633//631 632//631 634//631
f 633//632 631//632 632//632
f 635//633 634//633 636//633
f 635//634 633//634 634//634
f 637//635 636//635 638//635
f 637//636 635//636 636//636
f 639//637 638//637 640//637
f 639//638 637//638 638//638
f 641//639 639//639 640//639
f 641//640 640//640 642//640
f 643//641 641//641 642//641
f 643//642 642//642 644//642
f 645//643 643//643 644//643
f 645//644 644//644 646//644
f 647//645 645//645 646//645
f 647//646 646//646 648//646
f 649//647 647//647 648//647
f 649//648 648//648 650//648
f 651//649 649//649 650//649
f 651//650 650//650 652//650
f 653//651 651//651 652//651
f 653//652 652//652 654//652
f 655//653 653//653 654//653
f 655//654 654//654 656//654
f 657//655 655//655 656//655
f 657//656 656//656 658//656
f 659//657 657//657 658//657
f 659//658 658//658 660//658
f 661//659 659//659 660//659
f 661//660 660//660 662//660
f 663//661 661//661 662//661
f 663//662 662//662 664//662
f 665//663 663//663 664//663
f 665//664 664//664 666//664
f 667//665 665//665 666//665
f 667//666 666//666 668//666
f 669//667 667//667 668//667
f 669//668 668//668 670//668
f 671//669 669//669 670//669
f 671//670 670//670 672//670
f 673//671 671//671 672//671
f 673//672 672//672 674//672
f 675//673 673//673 674//673
f 675//674 674//674 676//674
f 677//675 675//675 676//675
f 677//676 676//676 678//676
f 679//677 677//677 678//677
f 679//678 678//678 680//678
f 681//679 679//679 680//679
f 681//680 680//680 682//680
f 683//681 682//681 684//681
f 683//682 681//682 682//682
f 685//683 684//683 686//683
f 685//684 683//684 684//684
f 687//685 686//685 688//685
f 687//686 685//686 686//686
f 689//687 688//687 690//687
f 689//688 687//688 688//688
f 691//689 690//689 692//689
f 691//690 689//690 690//690
f 693//691 691//691 692//691
f 693//692 692//692 694//692
f 695//693 693//693 694//693
f 695//694 694//694 696//694
f 697//695 695//695 696//695
f 697//696 696//696 698//696
f 699//697 697//697 698//697
f 699//698 698//698 700//698
f 701//699 699//699 700//699
f 701//700 700//700 702//700
f 703//701 701//701 702//701
f 703//702 702//702 704//702
f 705//703 703//703 704//703
f 705//704 704//704 706//704
f 707//705 705//705 706//705
f 707//706 706//706 708//706
f 709//707 707//707 708//707
f 709//708 708//708 710//708
f 711//709 709//709 710//709
f 711//710 710//710 712//710
f 713//711 711//711 712//711
f 713//712 712//712 714//712
f 715//713 713//713 714//713
f 715//714 714//714 716//714
f 717//715 716//715 718//715
f 717//716 715//716 716//716
f 719//717 718//717 720//717
f 719//718 717//718 718//718
f 721//719 720//719 722//719
f 721//720 719//720 720//720
f 723//721 722//721 724//721
f 723//722 721//722 722//722
f 725//723 724//723 726//723
f 725//724 723//724 724//724
f 727//725 726//725 728//725
f 727//726 725//726 726//726
f 729//727 728//727 730//727
f 729//728 727//728 728//728
f 731//729 730//729 732//729
f 731//730 729//730 730//730
f 733//731 732//731 734//731
f 733//732 731//732 732//732
f 735//733 734//733 736//733
f 735//734 733//734 734//734
f 737//735 736//735 738//735
f 737//736 735//736 736//736
f 739//737 738//737 740//737
f 739//738 737//738 738//738
f 741//739 740//739 742//739
f 741//740 739//740 740//740
f 743//741 741//741 742//741
f 743//742 742//742 744//742
f 745//743 743//743 744//743
f 745//744 744//744 746//744
f 747//745 745//745 746//745
f 747//746 746//746 748//746
f 749//747 747//747 748//747
f 749//748 748//748 750//748
f 751//749 750//749 752//749
f 751//750 749//750 750//750
f 753//751 752//751 754//751
f 753//752 751//752 752//752
f 755//753 754//753 756//753
f 755//754 753//754 754//754
f 757//755 756//755 758//755
f 757//756 755//756 756//756
f 759//757 758//757 760//757
f 759//758 757//758 758//758
f 761//759 760//759 762//759
f 761//760 759//760 760//760
f 763//761 762//761 764//761
f 763//762 761//762 762//762
f 765//763 764//763 766//763
f 765//764 763//764 764//764
f 767//765 766//765 768//765
f 767//766 765//766 766//766
f 518//767 768//767 519//767
f 518//768 767//768 768//768
f 769//769 770//769 771//769
f 769//770 771//770 772//770
f 773//771 772//771 774//771
f 773//772 769//772 772//772
f 775//773 774//773 776//773
f 775//774 773//774 774//774
f 777//775 776//775 778//775
f 777//776 775//776 776//776
f 779//777 778//777 780//777
f 779//778 777//778 778//778
f 781//779 780//779 782//779
f 781//780 782//780 783//780
f 781//781 779//781 780//781
f 784//782 781//782 783//782
f 785//783 783//783 786//783
f 785//784 784//784 783//784
f 787//785 786//785 788//785
f 787//786 785//786 786//786
f 789//787 788//787 790//787
f 789//788 790//788 791//788
f 789//789 787//789 788//789
f 792//790 789//790 791//790
f 793//791 792//791 791//791
f 793//792 791//792 794//792
f 795//793 793//793 794//793
f 795//794 794//794 796//794
f 797//795 795//795 796//795
f 797//796 796//796 798//796
f 799//797 798//797 800//797
f 799//798 797//798 798//798
f 801//799 800//799 802//799
f 801//800 799//800 800//800
f 803//801 802//801 804//801
f 803//802 804//802 805//802
f 803//803 801//803 802//803
f 806//804 803//804 805//804
f 807//805 806//805 805//805
f 807//806 805//806 808//806
f 809//807 808//807 810//807
f 809//808 810//808 811//808
f 809//809 807//809 808//809
f 812//810 811//810 813//810
f 812//811 809//811 811//811
f 814//812 812//812 813//812
f 815//813 813//813 816//813
f 815//814 814//814 813//814
f 817//815 816//815 818//815
f 817//816 815//816 816//816
f 819//817 818//817 820//817
f 819//818 817//818 818//818
f 821//819 820//819 822//819
f 821//820 819//820 820//820
f 823//821 822//821 824//821
f 823//822 821//822 822//822
f 825//823 824//823 826//823
f 825//824 823//824 824//824
f 827//825 826//825 828//825
f 827//826 825//826 826//826
f 829//827 828//827 830//827
f 829//828 827//828 828//828
f 831//829 830//829 832//829
f 831//830 829//830 830//830
f 833//831 832//831 834//831
f 833//832 834//832 835//832
f 833//833 831//833 832//833
f 836//834 833//834 835//834
f 837//835 835//835 838//835
f 837//836 836//836 835//836
f 839//837 838//837 840//837
f 839//838 837//838 838//838
f 841//839 840//839 842//839
f 841//840 839//840 840//840
f 843//841 842//841 844//841
f 843//842 841//842 842//842
f 845//843 843//843 844//843
f 845//844 844//844 846//844
f 847//845 845//845 846//845
f 847//846 846//846 848//846
f 849//847 847//847 848//847
f 849//848 848//848 850//848
f 851//849 849//849 850//849
f 851//850 850//850 852//850
f 853//851 851//851 852//851
f 853//852 852//852 854//852
f 855//853 853//853 854//853
f 855//854 854//854 856//854
f 857//855 855//855 856//855
f 857//856 856//856 858//856
f 859//857 857//857 858//857
f 859//858 858//858 860//858
f 861//859 859//859 860//859
f 861//860 860//860 862//860
f 863//861 861//861 862//861
f 863//862 862//862 864//862
f 865//863 864//863 866//863
f 865//864 863//864 864//864
f 867//865 866//865 868//865
f 867//866 865//866 866//866
f 869//867 868//867 870//867
f 869//868 867//868 868//868
f 871//869 870//869 872//869
f 871//870 869//870 870//870
f 873//871 872//871 874//871
f 873//872 874//872 875//872
f 873//873 871//873 872//873
f 876//874 873//874 875//874
f 877//875 875//875 878//875
f 877//876 876//876 875//876
f 879//877 878//877 880//877
f 879//878 877//878 878//878
f 881//879 880//879 882//879
f 881//880 879//880 880//880
f 883//881 882//881 884//881
f 883//882 881//882 882//882
f 885//883 884//883 886//883
f 885//884 883//884 884//884
f 887//885 886//885 888//885
f 887//886 885//886 886//886
f 889//887 888//887 890//887
f 889//888 887//888 888//888
f 891//889 890//889 892//889
f 891//890 889//890 890//890
f 893//891 891//891 892//891
f 893//892 892//892 894//892
f 895//893 893//893 894//893
f 895//894 894//894 896//894
f 897//895 895//895 896//895
f 897//896 896//896 898//896
f 899//897 897//897 898//897
f 899//898 898//898 900//898
f 901//899 899//899 900//899
f 901//900 900//900 902//900
f 903//901 901//901 902//901
f 903//902 902//902 904//902
f 905//903 903//903 904//903
f 905//904 904//904 906//904
f 907//905 905//905 906//905
f 907//906 906//906 908//906
f 909//907 907//907 908//907
f 909//908 908//908 910//908
f 911//909 909//909 910//909
f 911//910 910//910 912//910
f 913//911 911//911 912//911
f 913//912 912//912 914//912
f 915//913 913//913 914//913
f 915//914 914//914 916//914
f 917//915 915//915 916//915
f 917//916 916//916 918//916
f 919//917 917//917 918//917
f 919//918 918//918 920//918
f 921//919 919//919 920//919
f 921//920 920//920 922//920
f 923//921 921//921 922//921
f 923//922 922//922 924//922
f 925//923 923//923 924//923
f 925//924 924//924 926//924
f 927//925 925//925 926//925
f 927//926 926//926 928//926
f 929//927 927//927 928//927
f 929//928 928//928 930//928
f 931//929 929//929 930//929
f 931//930 930//930 932//930
f 933//931 931//931 932//931
f 933//932 932//932 934//932
f 935//933 934//933 936//933
f 935//934 933//934 934//934
f 937//935 936//935 938//935
f 937//936 935//936 936//936
f 939//937 938//937 940//937
f 939//938 937//938 938//938
f 941//939 940//939 942//939
f 941//940 939//940 940//940
f 943//941 942//941 944//941
f 943//942 941//942 942//942
f 945//943 943//943 944//943
f 945//944 944//944 946//944
f 947//945 945//945 946//945
f 947//946 946//946 948//946
f 949//947 947//947 948//947
f 949//948 948//948 950//948
f 951//949 949//949 950//949
f 951//950 950//950 952//950
f 953//951 951//951 952//951
f 953//952 952//952 954//952
f 955//953 953//953 954//953
f 955//954 954//954 956//954
f 957//955 955//955 956//955
f 957//956 956//956 958//956
f 959//957 957//957 958//957
f 959//958 958//958 960//958
f 961//959 959//959 960//959
f 961//960 960//960 962//960
f 963//961 961//961 962//961
f 963//962 962//962 964//962
f 965//963 963//963 964//963
f 965//964 964//964 966//964
f 967//965 965//965 966//965
f 967//966 966//966 968//966
f 969//967 968//967 970//967
f 969//968 967//968 968//968
f 971//969 970//969 972//969
f 971//970 969//970 970//970
f 973//971 972//971 974//971
f 973//972 971//972 972//972
f 975//973 974//973 976//973
f 975//974 973//974 974//974
f 977//975 976//975 978//975
f 977//976 975//976 976//976
f 979//977 978//977 980//977
f 979//978 977//978 978//978
f 981//979 980//979 982//979
f 981//980 979//980 980//980
f 983//981 982//981 984//981
f 983//982 981//982 982//982
f 985//983 984//983 986//983
f 985//984 983//984 984//984
f 987//985 986//985 988//985
f 987//986 985//986 986//986
f 989//987 988//987 990//987
f 989//988 987//988 988//988
f 991//989 990//989 992//989
f 991//990 989//990 990//990
f 993//991 992//991 994//991
f 993//992 991//992 992//992
f 995//993 993//993 994//993
f 995//994 994//994 996//994
f 997//995 995//995 996//995
f 997//996 996//996 998//996
f 999//997 997//997 998//997
f 999//998 998//998 1000//998
f 1001//999 999//999 1000//999
f 1001//1000 1000//1000 1002//1000
f 1003//1001 1002//1001 1004//1001
f 1003//1002 1001//1002 1002//1002
f 1005//1003 1004//1003 1006//1003
f 1005//1004 1003//1004 1004//1004
f 1007//1005 1006//1005 1008//1005
f 1007//1006 1005//1006 1006//1006
f 1009//1007 1008//1007 1010//1007
f 1009//1008 1007//1008 1008//1008
f 1011//1009 1010//1009 1012//1009
f 1011//1010 1009//1010 1010//1010
f 1013//1011 1012//1011 1014//1011
f 1013//1012 1011//1012 1012//1012
f 1015//1013 1014//1013 1016//1013
f 1015//1014 1013//1014 1014//1014
f 1017//1015 1016//1015 1018//1015
f 1017//1016 1015//1016 1016//1016
f 1019//1017 1018//1017 1020//1017
f 1019//1018 1017//1018 1018//1018
f 770//1019 1020//1019 771//1019
f 770//1020 1019//1020 1020//1020
f 1021//1021 1022//1021 1023//1021
f 1021//1022 1023//1022 1024//1022
f 1025//1023 1024//1023 1026//1023
f 1025//1024 1021//1024 1024//1024
f 1027//1025 1026//1025 1028//1025
f 1027//1026 1025//1026 1026//1026
f 1029//1027 1028//1027 1030//1027
f 1029//1028 1027//1028 1028//1028
f 1031//1029 1030//1029 1032//1029
f 1031//1030 1029//1030 1030//1030
f 1033//1031 1032//1031 1034//1031
f 1033//1032 1034//1032 1035//1032
f 1033//1033 1031//1033 1032//1033
f 1036//1034 1033//1034 1035//1034
f 1037//1035 1035//1035 1038//1035
f 1037//1036 1036//1036 1035//1036
f 1039//1037 1038//1037 1040//1037
f 1039//1038 1037//1038 1038//1038
f 1041//1039 1040//1039 1042//1039
f 1041//1040 1042//1040 1043//1040
f 1041//1041 1039//1041 1040//1041
f 1044//1042 1041//1042 1043//1042
f 1045//1043 1044//1043 1043//1043
f 1045//1044 1043//1044 1046//1044
f 1047//1045 1045//1045 1046//1045
f 1047//1046 1046//1046 1048//1046
f 1049//1047 1047//1047 1048//1047
f 1049//1048 1048//1048 1050//1048
f 1051//1049 1050//1049 1052//1049
f 1051//1050 1049//1050 1050//1050
f 1053//1051 1052//1051 1054//1051
f 1053//1052 1051//1052 1052//1052
f 1055//1053 1054//1053 1056//1053
f 1055//1054 1056//1054 1057//1054
f 1055//1055 1053//1055 1054//1055
f 1058//1056 1055//1056 1057//1056
f 1059//1057 1058//1057 1057//1057
f 1059//1058 1057//1058 1060//1058
f 1061//1059 1060//1059 1062//1059
f 1061//1060 1062//1060 1063//1060
f 1061//1061 1059//1061 1060//1061
f 1064//1062 1063//1062 1065//1062
f 1064//1063 1061//1063 1063//1063
f 1066//1064 1064//1064 1065//1064
f 1067//1065 1065//1065 1068//1065
f 1067//1066 1066//1066 1065//1066
f 1069//1067 1068//1067 1070//1067
f 1069//1068 1067//1068 1068//1068
f 1071//1069 1070//1069 1072//1069
f 1071//1070 1069//1070 1070//1070
f 1073//1071 1072//1071 1074//1071
f 1073//1072 1071//1072 1072//1072
f 1075//1073 1074//1073 1076//1073
f 1075//1074 1073//1074 1074//1074
f 1077//1075 1076//1075 1078//1075
f 1077//1076 1075//1076 1076//1076
f 1079//1077 1078//1077 1080//1077
f 1079//1078 1077//1078 1078//1078
f 1081//1079 1080//1079 1082//1079
f 1081//1080 1079//1080 1080//1080
f 1083//1081 1082//1081 1084//1081
f 1083//1082 1081//1082 1082//1082
f 1085//1083 1084//1083 1086//1083
f 1085//1084 1086//1084 1087//1084
f 1085//1085 1083//1085 1084//1085
f 1088//1086 1085//1086 1087//1086
f 1089//1087 1087//1087 1090//1087
f 1089//1088 1088//1088 1087//1088
f 1091//1089 1090//1089 1092//1089
f 1091//1090 1089//1090 1090//1090
f 1093//1091 1092//1091 1094//1091
f 1093//1092 1091//1092 1092//1092
f 1095//1093 1094//1093 1096//1093
f 1095//1094 1093//1094 1094//1094
f 1097//1095 1095//1095 1096//1095
f 1097//1096 1096//1096 1098//1096
f 1099//1097 1097//1097 1098//1097
f 1099//1098 1098//1098 1100//1098
f 1101//1099 1099//1099 1100//1099
f 1101//1100 1100//1100 1102//1100
f 1103//1101 1101//1101 1102//1101
f 1103//1102 1102//1102 1104//1102
f 1105//1103 1103//1103 1104//1103
f 1105//1104 1104//1104 1106//1104
f 1107//1105 1105//1105 1106//1105
f 1107//1106 1106//1106 1108//1106
f 1109//1107 1107//1107 1108//1107
f 1109//1108 1108//1108 1110//1108
f 1111//1109 1109//1109 1110//1109
f 1111//1110 1110//1110 1112//1110
f 1113//1111 1111//1111 1112//1111
f 1113//1112 1112//1112 1114//1112
f 1115//1113 1113//1113 1114//1113
f 1115//1114 1114//1114 1116//1114
f 1117//1115 1116//1115 1118//1115
f 1117//1116 1115//1116 1116//1116
f 1119//1117 1118//1117 1120//1117
f 1119//1118 1117//1118 1118//1118
f 1121//1119 1120//1119 1122//1119
f 1121//1120 1119//1120 1120//1120
f 1123//1121 1122//1121 1124//1121
f 1123//1122 1121//1122 1122//1122
f 1125//1123 1124//1123 1126//1123
f 1125//1124 1126//1124 1127//1124
f 1125//1125 1123//1125 1124//1125
f 1128//1126 1125//1126 1127//1126
f 1129//1127 1127//1127 1130//1127
f 1129//1128 1128//1128 1127//1128
f 1131//1129 1130//1129 1132//1129
f 1131//1130 1129//1130 1130//1130
f 1133//1131 1132//1131 1134//1131
f 1133//1132 1131//1132 1132//1132
f 1135//1133 1134//1133 1136//1133
f 1135//1134 1133//1134 1134//1134
f 1137//1135 1136//1135 1138//1135
f 1137//1136 1135//1136 1136//1136
f 1139//1137 1138//1137 1140//1137
f 1139//1138 1137//1138 1138//1138
f 1141//1139 1140//1139 1142//1139
f 1141//1140 1139//1140 1140//1140
f 1143//1141 1142//1141 1144//1141
f 1143//1142 1141//1142 1142//1142
f 1145//1143 1143//1143 1144//1143
f 1145//1144 1144//1144 1146//1144
f 1147//1145 1145//1145 1146//1145
f 1147//1146 1146//1146 1148//1146
f 1149//1147 1147//1147 1148//1147
f 1149//1148 1148//1148 1150//1148
f 1151//1149 1149//1149 1150//1149
f 1151//1150 1150//1150 1152//1150
f 1153//1151 1151//1151 1152//1151
f 1153//1152 1152//1152 1154//1152
f 1155//1153 1153//1153 1154//1153
f 1155//1154 1154//1154 1156//1154
f 1157//1155 1155//1155 1156//1155
f 1157//1156 1156//1156 1158//1156
f 1159//1157 1157//1157 1158//1157
f 1159//1158 1158//1158 1160//1158
f 1161//1159 1159//1159 1160//1159
f 1161//1160 1160//1160 1162//1160
f 1163//1161 1161//1161 1162//1161
f 1163//1162 1162//1162 1164//1162
f 1165//1163 1163//1163 1164//1163
f 1165//1164 1164//1164 1166//1164
f 1167//1165 1165//1165 1166//1165
f 1167//1166 1166//1166 1168//1166
f 1169//1167 1167//1167 1168//1167
f 1169//1168 1168//1168 1170//1168
f 1171//1169 1169//1169 1170//1169
f 1171//1170 1170//1170 1172//1170
f 1173//1171 1171//1171 1172//1171
f 1173//1172 1172//1172 1174//1172
f 1175//1173 1173//1173 1174//1173
f 1175//1174 1174//1174 1176//1174
f 1177//1175 1175//1175 1176//1175
f 1177//1176 1176//1176 1178//1176
f 1179//1177 1177//1177 1178//1177
f 1179//1178 1178//1178 1180//1178
f 1181//1179 1179//1179 1180//1179
f 1181//1180 1180//1180 1182//1180
f 1183//1181 1181//1181 1182//1181
f 1183//1182 1182//1182 1184//1182
f 1185//1183 1183//1183 1184//1183
f 1185//1184 1184//1184 1186//1184
f 1187//1185 1186//1185 1188//1185
f 1187//1186 1185//1186 1186//1186
f 1189//1187 1188//1187 1190//1187
f 1189//1188 1187//1188 1188//1188
f 1191//1189 1190//1189 1192//1189
f 1191//1190 1189//1190 1190//1190
f 1193//1191 1192//1191 1194//1191
f 1193//1192 1191//1192 1192//1192
f 1195//1193 1194//1193 1196//1193
f 1195//1194 1193//1194 1194//1194
f 1197//1195 1195//1195 1196//1195
f 1197//1196 1196//1196 1198//1196
f 1199//1197 1197//1197 1198//1197
f 1199//1198 1198//1198 1200//1198
f 1201//1199 1199//1199 1200//1199
f 1201//1200 1200//1200 1202//1200
f 1203//1201 1201//1201 1202//1201
f 1203//1202 1202//1202 1204//1202
f 1205//1203 1203//1203 1204//1203
f 1205//1204 1204//1204 1206//1204
f 1207//1205 1205//1205 1206//1205
f 1207//1206 1206//1206 1208//1206
f 1209//1207 1207//1207 1208//1207
f 1209//1208 1208//1208 1210//1208
f 1211//1209 1209//1209 1210//1209
f 1211//1210 1210//1210 1212//1210
f 1213//1211 1211//1211 1212//1211
f 1213//1212 1212//1212 1214//1212
f 1215//1213 1213//1213 1214//1213
f 1215//1214 1214//1214 1216//1214
f 1217//1215 1215//1215 1216//1215
f 1217//1216 1216//1216 1218//1216
f 1219//1217 1217//1217 1218//1217
f 1219//1218 1218//1218 1220//1218
f 1221//1219 1220//1219 1222//1219
f 1221//1220 1219//1220 1220//1220
f 1223//1221 1222//1221 1224//1221
f 1223//1222 1221//1222 1222//1222
f 1225//1223 1224//1223 1226//1223
f 1225//1224 1223//1224 1224//1224
f 1227//1225 1226//1225 1228//1225
f 1227//1226 1225//1226 1226//1226
f 1229//1227 1228//1227 1230//1227
f 1229//1228 1227//1228 1228//1228
f 1231//1229 1230//1229 1232//1229
f 1231//1230 1229//1230 1230//1230
f 1233//1231 1232//1231 1234//1231
f 1233//1232 1231//1232 1232//1232
f 1235//1233 1234//1233 1236//1233
f 1235//1234 1233//1234 1234//1234
f 1237//1235 1236//1235 1238//1235
f 1237//1236 1235//1236 1236//1236
f 1239//1237 1238//1237 1240//1237
f 1239//1238 1237//1238 1238//1238
f 1241//1239 1240//1239 1242//1239
f 1241//1240 1239//1240 1240//1240
f 1243//1241 1242//1241 1244//1241
f 1243//1242 1241//1242 1242//1242
f 1245//1243 1244//1243 1246//1243
f 1245//1244 1243//1244 1244//1244
f 1247//1245 1245//1245 1246//1245
f 1247//1246 1246//1246 1248//1246
f 1249//1247 1247//1247 1248//1247
f 1249//1248 1248//1248 1250//1248
f 1251//1249 1249//1249 1250//1249
f 1251//1250 1250//1250 1252//1250
f 1253//1251 1251//1251 1252//1251
f 1253//1252 1252//1252 1254//1252
f 1255//1253 1254//1253 1256//1253
f 1255//1254 1253//1254 1254//1254
f 1257//1255 1256//1255 1258//1255
f 1257//1256 1255//1256 1256//1256
f 1259//1257 1258//1257 1260//1257
f 1259//1258 1257//1258 1258//1258
f 1261//1259 1260//1259 1262//1259
f 1261//1260 1259//1260 1260//1260
f 1263//1261 1262//1261 1264//1261
f 1263//1262 1261//1262 1262//1262
f 1265//1263 1264//1263 1266//1263
f 1265//1264 1263//1264 1264//1264
f 1267//1265 1266//1265 1268//1265
f 1267//1266 1265//1266 1266//1266
f 1269//1267 1268//1267 1270//1267
f 1269//1268 1267//1268 1268//1268
f 1271//1269 1270//1269 1272//1269
f 1271//1270 1269//1270 1270//1270
f 1022//1271 1272//1271 1023//1271
f 1022//1272 1271//1272 1272//1272
f 1273//1273 1274//1273 1275//1273
f 1273//1274 1275//1274 1276//1274
f 1277//1275 1276//1275 1278//1275
f 1277//1276 1273//1276 1276//1276
f 1279//1277 1278//1277 1280//1277
f 1279//1278 1277//1278 1278//1278
f 1281//1279 1280//1279 1282//1279
f 1281//1280 1279//1280 1280//1280
f 1283//1281 1282//1281 1284//1281
f 1283//1282 1281//1282 1282//1282
f 1285//1283 1284//1283 1286//1283
f 1285//1284 1286//1284 1287//1284
f 1285//1285 1283//1285 1284//1285
f 1288//1286 1285//1286 1287//1286
f 1289//1287 1287//1287 1290//1287
f 1289//1288 1288//1288 1287//1288
f 1291//1289 1290//1289 1292//1289
f 1291//1290 1289//1290 1290//1290
f 1293//1291 1292//1291 1294//1291
f 1293//1292 1294//1292 1295//1292
f 1293//1293 1291//1293 1292//1293
f 1296//1294 1293//1294 1295//1294
f 1297//1295 1296//1295 1295//1295
f 1297//1296 1295//1296 1298//1296
f 1299//1297 1297//1297 1298//1297
f 1299//1298 1298//1298 1300//1298
f 1301//1299 1299//1299 1300//1299
f 1301//1300 1300//1300 1302//1300
f 1303//1301 1302//1301 1304//1301
f 1303//1302 1301//1302 1302//1302
f 1305//1303 1304//1303 1306//1303
f 1305//1304 1303//1304 1304//1304
f 1307//1305 1306//1305 1308//1305
f 1307//1306 1308//1306 1309//1306
f 1307//1307 1305//1307 1306//1307
f 1310//1308 1307//1308 1309//1308
f 1311//1309 1310//1309 1309//1309
f 1311//1310 1309//1310 1312//1310
f 1313//1311 1312//1311 1314//1311
f 1313//1312 1314//1312 1315//1312
f 1313//1313 1311//1313 1312//1313
f 1316//1314 1315//1314 1317//1314
f 1316//1315 1313//1315 1315//1315
f 1318//1316 1316//1316 1317//1316
f 1319//1317 1317//1317 1320//1317
f 1319//1318 1318//1318 1317//1318
f 1321//1319 1320//1319 1322//1319
f 1321//1320 1319//1320 1320//1320
f 1323//1321 1322//1321 1324//1321
f 1323//1322 1321//1322 1322//1322
f 1325//1323 1324//1323 1326//1323
f 1325//1324 1323//1324 1324//1324
f 1327//1325 1326//1325 1328//1325
f 1327//1326 1325//1326 1326//1326
f 1329//1327 1328//1327 1330//1327
f 1329//1328 1327//1328 1328//1328
f 1331//1329 1330//1329 1332//1329
f 1331//1330 1329//1330 1330//1330
f 1333//1331 1332//1331 1334//1331
f 1333//1332 1331//1332 1332//1332
f 1335//1333 1334//1333 1336//1333
f 1335//1334 1333//1334 1334//1334
f 1337//1335 1336//1335 1338//1335
f 1337//1336 1338//1336 1339//1336
f 1337//1337 1335//1337 1336//1337
f 1340//1338 1337//1338 1339//1338
f 1341//1339 1339//1339 1342//1339
f 1341//1340 1340//1340 1339//1340
f 1343//1341 1342//1341 1344//1341
f 1343//1342 1341//1342 1342//1342
f 1345//1343 1344//1343 1346//1343
f 1345//1344 1343//1344 1344//1344
f 1347//1345 1346//1345 1348//1345
f 1347//1346 1345//1346 1346//1346
f 1349//1347 1347//1347 1348//1347
f 1349//1348 1348//1348 1350//1348
f 1351//1349 1349//1349 1350//1349
f 1351//1350 1350//1350 1352//1350
f 1353//1351 1351//1351 1352//1351
f 1353//1352 1352//1352 1354//1352
f 1355//1353 1353//1353 1354//1353
f 1355//1354 1354//1354 1356//1354
f 1357//1355 1355//1355 1356//1355
f 1357//1356 1356//1356 1358//1356
f 1359//1357 1357//1357 1358//1357
f 1359//1358 1358//1358 1360//1358
f 1361//1359 1359//1359 1360//1359
f 1361//1360 1360//1360 1362//1360
f 1363//1361 1361//1361 1362//1361
f 1363//1362 1362//1362 1364//1362
f 1365//1363 1363//1363 1364//1363
f 1365//1364 1364//1364 1366//1364
f 1367//1365 1365//1365 1366//1365
f 1367//1366 1366//1366 1368//1366
f 1369//1367 1368//1367 1370//1367
f 1369//1368 1367//1368 1368//1368
f 1371//1369 1370//1369 1372//1369
f 1371//1370 1369//1370 1370//1370
f 1373//1371 1372//1371 1374//1371
f 1373//1372 1371//1372 1372//1372
f 1375//1373 1374//1373 1376//1373
f 1375//1374 1373//1374 1374//1374
f 1377//1375 1376//1375 1378//1375
f 1377//1376 1378//1376 1379//1376
f 1377//1377 1375//1377 1376//1377
f 1380//1378 1377//1378 1379//1378
f 1381//1379 1379//1379 1382//1379
f 1381//1380 1380//1380 1379//1380
f 1383//1381 1382//1381 1384//1381
f 1383//1382 1381//1382 1382//1382
f 1385//1383 1384//1383 1386//1383
f 1385//1384 1383//1384 1384//1384
f 1387//1385 1386//1385 1388//1385
f 1387//1386 1385//1386 1386//1386
f 1389//1387 1388//1387 1390//1387
f 1389//1388 1387//1388 1388//1388
f 1391//1389 1390//1389 1392//1389
f 1391//1390 1389//1390 1390//1390
f 1393//1391 1392//1391 1394//1391
f 1393//1392 1391//1392 1392//1392
f 1395//1393 1394//1393 1396//1393
f 1395//1394 1393//1394 1394//1394
f 1397//1395 1395//1395 1396//1395
f 1397//1396 1396//1396 1398//1396
f 1399//1397 1397//1397 1398//1397
f 1399//1398 1398//1398 1400//1398
f 1401//1399 1399//1399 1400//1399
f 1401//1400 1400//1400 1402//1400
f 1403//1401 1401//1401 1402//1401
f 1403//1402 1402//1402 1404//1402
f 1405//1403 1403//1403 1404//1403
f 1405//1404 1404//1404 1406//1404
f 1407//1405 1405//1405 1406//1405
f 1407//1406 1406//1406 1408//1406
f 1409//1407 1407//1407 1408//1407
f 1409//1408 1408//1408 1410//1408
f 1411//1409 1409//1409 1410//1409
f 1411//1410 1410//1410 1412//1410
f 1413//1411 1411//1411 1412//1411
f 1413//1412 1412//1412 1414//1412
f 1415//1413 1413//1413 1414//1413
f 1415//1414 1414//1414 1416//1414
f 1417//1415 1415//1415 1416//1415
f 1417//1416 1416//1416 1418//1416
f 1419//1417 1417//1417 1418//1417
f 1419//1418 1418//1418 1420//1418
f 1421//1419 1419//1419 1420//1419
f 1421//1420 1420//1420 1422//1420
f 1423//1421 1421//1421 1422//1421
f 1423//1422 1422//1422 1424//1422
f 1425//1423 1423//1423 1424//1423
f 1425//1424 1424//1424 1426//1424
f 1427//1425 1425//1425 1426//1425
f 1427//1426 1426//1426 1428//1426
f 1429//1427 1427//1427 1428//1427
f 1429//1428 1428//1428 1430//1428
f 1431//1429 1429//1429 1430//1429
f 1431//1430 1430//1430 1432//1430
f 1433//1431 1431//1431 1432//1431
f 1433//1432 1432//1432 1434//1432
f 1435//1433 1433//1433 1434//1433
f 1435//1434 1434//1434 1436//1434
f 1437//1435 1435//1435 1436//1435
f 1437//1436 1436//1436 1438//1436
f 1439//1437 1438//1437 1440//1437
f 1439//1438 1437//1438 1438//1438
f 1441//1439 1440//1439 1442//1439
f 1441//1440 1439//1440 1440//1440
f 1443//1441 1442//1441 1444//1441
f 1443//1442 1441//1442 1442//1442
f 1445//1443 1444//1443 1446//1443
f 1445//1444 1443//1444 1444//1444
f 1447//1445 1446//1445 1448//1445
f 1447//1446 1445//1446 1446//1446
f 1449//1447 1447//1447 1448//1447
f 1449//1448 1448//1448 1450//1448
f 1451//1449 1449//1449 1450//1449
f 1451//1450 1450//1450 1452//1450
f 1453//1451 1451//1451 1452//1451
f 1453//1452 1452//1452 1454//1452
f 1455//1453 1453//1453 1454//1453
f 1455//1454 1454//1454 1456//1454
f 1457//1455 1455//1455 1456//1455
f 1457//1456 1456//1456 1458//1456
f 1459//1457 1457//1457 1458//1457
f 1459//1458 1458//1458 1460//1458
f 1461//1459 1459//1459 1460//1459
f 1461//1460 1460//1460 1462//1460
f 1463//1461 1461//1461 1462//1461
f 1463//1462 1462//1462 1464//1462
f 1465//1463 1463//1463 1464//1463
f 1465//1464 1464//1464 1466//1464
f 1467//1465 1465//1465 1466//1465
f 1467//1466 1466//1466 1468//1466
f 1469//1467 1467//1467 1468//1467
f 1469//1468 1468//1468 1470//1468
f 1471//1469 1469//1469 1470//1469
f 1471//1470 1470//1470 1472//1470
f 1473//1471 1472//1471 1474//1471
f 1473//1472 1471//1472 1472//1472
f 1475//1473 1474//1473 1476//1473
f 1475//1474 1473//1474 1474//1474
f 1477//1475 1476//1475 1478//1475
f 1477//1476 1475//1476 1476//1476
f 1479//1477 1478//1477 1480//1477
f 1479//1478 1477//1478 1478//1478
f 1481//1479 1480//1479 1482//1479
f 1481//1480 1479//1480 1480//1480
f 1483//1481 1482//1481 1484//1481
f 1483//1482 1481//1482 1482//1482
f 1485//1483 1484//1483 1486//1483
f 1485//1484 1483//1484 1484//1484
f 1487//1485 1486//1485 1488//1485
f 1487//1486 1485//1486 1486//1486
f 1489//1487 1488//1487 1490//1487
f 1489//1488 1487//1488 1488//1488
f 1491//1489 1490//1489 1492//1489
f 1491//1490 1489//1490 1490//1490
f 1493//1491 1492//1491 1494//1491
f 1493//1492 1491//1492 1492//1492
f 1495//1493 1494//1493 1496//1493
f 1495//1494 1493//1494 1494//1494
f 1497//1495 1496//1495 1498//1495
f 1497//1496 1495//1496 1496//1496
f 1499//1497 1497//1497 1498//1497
f 1499//1498 1498//1498 1500//1498
f 1501//1499 1499//1499 1500//1499
f 1501//1500 1500//1500 1502//1500
f 1503//1501 1501//1501 1502//1501
f 1503//1502 1502//1502 1504//1502
f 1505//1503 1503//1503 1504//1503
f 1505//1504 1504//1504 1506//1504
f 1507//1505 1506//1505 1508//1505
f 1507//1506 1505//1506 1506//1506
f 1509//1507 1508//1507 1510//1507
f 1509//1508 1507//1508 1508//1508
f 1511//1509 1510//1509 1512//1509
f 1511//1510 1509//1510 1510//1510
f 1513//1511 1512//1511 1514//1511
f 1513//1512 1511//1512 1512//1512
f 1515//1513 1514//1513 1516//1513
f 1515//1514 1513//1514 1514//1514
f 1517//1515 1516//1515 1518//1515
f 1517//1516 1515//1516 1516//1516
f 1519//1517 1518//1517 1520//1517
f 1519//1518 1517//1518 1518//1518
f 1521//1519 1520//1519 1522//1519
f 1521//1520 1519//1520 1520//1520
f 1523//1521 1522//1521 1524//1521
f 1523//1522 1521//1522 1522//1522
f 1274//1523 1524//1523 1275//1523
f 1274//1524 1523//1524 1524//1524
f 1525//1525 1526//1525 1527//1525
f 1525//1526 1527//1526 1528//1526
f 1529//1527 1528//1527 1530//1527
f 1529//1528 1525//1528 1528//1528
f 1531//1529 1530//1529 1532//1529
f 1531//1530 1529//1530 1530//1530
f 1533//1531 1532//1531 1534//1531
f 1533//1532 1531//1532 1532//1532
f 1535//1533 1534//1533 1536//1533
f 1535//1534 1533//1534 1534//1534
f 1537//1535 1536//1535 1538//1535
f 1537//1536 1538//1536 1539//1536
f 1537//1537 1535//1537 1536//1537
f 1540//1538 1537//1538 1539//1538
f 1541//1539 1539//1539 1542//1539
f 1541//1540 1540//1540 1539//1540
f 1543//1541 1542//1541 1544//1541
f 1543//1542 1541//1542 1542//1542
f 1545//1543 1544//1543 1546//1543
f 1545//1544 1546//1544 1547//1544
f 1545//1545 1543//1545 1544//1545
f 1548//1546 1545//1546 1547//1546
f 1549//1547 1548//1547 1547//1547
f 1549//1548 1547//1548 1550//1548
f 1551//1549 1549//1549 1550//1549
f 1551//1550 1550//1550 1552//1550
f 1553//1551 1551//1551 1552//1551
f 1553//1552 1552//1552 1554//1552
f 1555//1553 1554//1553 1556//1553
f 1555//1554 1553//1554 1554//1554
f 1557//1555 1556//1555 1558//1555
f 1557//1556 1555//1556 1556//1556
f 1559//1557 1558//1557 1560//1557
f 1559//1558 1560//1558 1561//1558
f 1559//1559 1557//1559 1558//1559
f 1562//1560 1559//1560 1561//1560
f 1563//1561 1562//1561 1561//1561
f 1563//1562 1561//1562 1564//1562
f 1565//1563 1564//1563 1566//1563
f 1565//1564 1566//1564 1567//1564
f 1565//1565 1563//1565 1564//1565
f 1568//1566 1567//1566 1569//1566
f 1568//1567 1565//1567 1567//1567
f 1570//1568 1568//1568 1569//1568
f 1571//1569 1569//1569 1572//1569
f 1571//1570 1570//1570 1569//1570
f 1573//1571 1572//1571 1574//1571
f 1573//1572 1571//1572 1572//1572
f 1575//1573 1574//1573 1576//1573
f 1575//1574 1573//1574 1574//1574
f 1577//1575 1576//1575 1578//1575
f 1577//1576 1575//1576 1576//1576
f 1579//1577 1578//1577 1580//1577
f 1579//1578 1577//1578 1578//1578
f 1581//1579 1580//1579 1582//1579
f 1581//1580 1579//1580 1580//1580
f 1583//1581 1582//1581 1584//1581
f 1583//1582 1581//1582 1582//1582
f 1585//1583 1584//1583 1586//1583
f 1585//1584 1583//1584 1584//1584
f 1587//1585 1586//1585 1588//1585
f 1587//1586 1585//1586 1586//1586
f 1589//1587 1588//1587 1590//1587
f 1589//1588 1590//1588 1591//1588
f 1589//1589 1587//1589 1588//1589
f 1592//1590 1589//1590 1591//1590
f 1593//1591 1591//1591 1594//1591
f 1593//1592 1592//1592 1591//1592
f 1595//1593 1594//1593 1596//1593
f 1595//1594 1593//1594 1594//1594
f 1597//1595 1596//1595 1598//1595
f 1597//1596 1595//1596 1596//1596
f 1599//1597 1598//1597 1600//1597
f 1599//1598 1597//1598 1598//1598
f 1601//1599 1599//1599 1600//1599
f 1601//1600 1600//1600 1602//1600
f 1603//1601 1601//1601 1602//1601
f 1603//1602 1602//1602 1604//1602
f 1605//1603 1603//1603 1604//1603
f 1605//1604 1604//1604 1606//1604
f 1607//1605 1605//1605 1606//1605
f 1607//1606 1606//1606 1608//1606
f 1609//1607 1607//1607 1608//1607
f 1609//1608 1608//1608 1610//1608
f 1611//1609 1609//1609 1610//1609
f 1611//1610 1610//1610 1612//1610
f 1613//1611 1611//1611 1612//1611
f 1613//1612 1612//1612 1614//1612
f 1615//1613 1613//1613 1614//1613
f 1615//1614 1614//1614 1616//1614
f 1617//1615 1615//1615 1616//1615
f 1617//1616 1616//1616 1618//1616
f 1619//1617 1617//1617 1618//1617
f 1619//1618 1618//1618 1620//1618
f 1621//1619 1620//1619 1622//1619
f 1621//1620 1619//1620 1620//1620
f 1623//1621 1622//1621 1624//1621
f 1623//1622 1621//1622 1622//1622
f 1625//1623 1624//1623 1626//1623
f 1625//1624 1623//1624 1624//1624
f 1627//1625 1626//1625 1628//1625
f 1627//1626 1625//1626 1626//1626
f 1629//1627 1628//1627 1630//1627
f 1629//1628 1630//1628 1631//1628
f 1629//1629 1627//1629 1628//1629
f 1632//1630 1629//1630 1631//1630
f 1633//1631 1631//1631 1634//1631
f 1633//1632 1632//1632 1631//1632
f 1635//1633 1634//1633 1636//1633
f 1635//1634 1633//1634 1634//1634
f 1637//1635 1636//1635 1638//1635
f 1637//1636 1635//1636 1636//1636
f 1639//1637 1638//1637 1640//1637
f 1639//1638 1637//1638 1638//1638
f 1641//1639 1640//1639 1642//1639
f 1641//1640 1639//1640 1640//1640
f 1643//1641 1642//1641 1644//1641
f 1643//1642 1641//1642 1642//1642
f 1645//1643 1644//1643 1646//1643
f 1645//1644 1643//1644 1644//1644
f 1647//1645 1646//1645 1648//1645
f 1647//1646 1645//1646 1646//1646
f 1649//1647 1647//1647 1648//1647
f 1649//1648 1648//1648 1650//1648
f 1651//1649 1649//1649 1650//1649
f 1651//1650 1650//1650 1652//1650
f 1653//1651 1651//1651 1652//1651
f 1653//1652 1652//1652 1654//1652
f 1655//1653 1653//1653 1654//1653
f 1655//1654 1654//1654 1656//1654
f 1657//1655 1655//1655 1656//1655
f 1657//1656 1656//1656 1658//1656
f 1659//1657 1657//1657 1658//1657
f 1659//1658 1658//1658 1660//1658
f 1661//1659 1659//1659 1660//1659
f 1661//1660 1660//1660 1662//1660
f 1663//1661 1661//1661 1662//1661
f 1663//1662 1662//1662 1664//1662
f 1665//1663 1663//1663 1664//1663
f 1665//1664 1664//1664 1666//1664
f 1667//1665 1665//1665 1666//1665
f 1667//1666 1666//1666 1668//1666
f 1669//1667 1667//1667 1668//1667
f 1669//1668 1668//1668 1670//1668
f 1671//1669 1669//1669 1670//1669
f 1671//1670 1670//1670 1672//1670
f 1673//1671 1671//1671 1672//1671
f 1673//1672 1672//1672 1674//1672
f 1675//1673 1673//1673 1674//1673
f 1675//1674 1674//1674 1676//1674
f 1677//1675 1675//1675 1676//1675
f 1677//1676 1676//1676 1678//1676
f 1679//1677 1677//1677 1678//1677
f 1679//1678 1678//1678 1680//1678
f 1681//1679 1679//1679 1680//1679
f 1681//1680 1680//1680 1682//1680
f 1683//1681 1681//1681 1682//1681
f 1683//1682 1682//1682 1684//1682
f 1685//1683 1683//1683 1684//1683
f 1685//1684 1684//1684 1686//1684
f 1687//1685 1685//1685 1686//1685
f 1687//1686 1686//1686 1688//1686
f 1689//1687 1687//1687 1688//1687
f 1689//1688 1688//1688 1690//1688
f 1691//1689 1690//1689 1692//1689
f 1691//1690 1689//1690 1690//1690
f 1693//1691 1692//1691 1694//1691
f 1693//1692 1691//1692 1692//1692
f 1695//1693 1694//1693 1696//1693
f 1695//1694 1693//1694 1694//1694
f 1697//1695 1696//1695 1698//1695
f 1697//1696 1695//1696 1696//1696
f 1699//1697 1698//1697 1700//1697
f 1699//1698 1697//1698 1698//1698
f 1701//1699 1699//1699 1700//1699
f 1701//1700 1700//1700 1702//1700
f 1703//1701 1701//1701 1702//1701
f 1703//1702 1702//1702 1704//1702
f 1705//1703 1703//1703 1704//1703
f 1705//1704 1704//1704 1706//1704
f 1707//1705 1705//1705 1706//1705
f 1707//1706 1706//1706 1708//1706
f 1709//1707 1707//1707 1708//1707
f 1709//1708 1708//1708 1710//1708
f 1711//1709 1709//1709 1710//1709
f 1711//1710 1710//1710 1712//1710
f 1713//1711 1711//1711 1712//1711
f 1713//1712 1712//1712 1714//1712
f 1715//1713 1713//1713 1714//1713
f 1715//1714 1714//1714 1716//1714
f 1717//1715 1715//1715 1716//1715
f 1717//1716 1716//1716 1718//1716
f 1719//1717 1717//1717 1718//1717
f 1719//1718 1718//1718 1720//1718
f 1721//1719 1719//1719 1720//1719
f 1721//1720 1720//1720 1722//1720
f 1723//1721 1721//1721 1722//1721
f 1723//1722 1722//1722 1724//1722
f 1725//1723 1724//1723 1726//1723
f 1725//1724 1723//1724 1724//1724
f 1727//1725 1726//1725 1728//1725
f 1727//1726 1725//1726 1726//1726
f 1729//1727 1728//1727 1730//1727
f 1729//1728 1727//1728 1728//1728
f 1731//1729 1730//1729 1732//1729
f 1731//1730 1729//1730 1730//1730
f 1733//1731 1732//1731 1734//1731
f 1733//1732 1731//1732 1732//1732
f 1735//1733 1734//1733 1736//1733
f 1735//1734 1733//1734 1734//1734
f 1737//1735 1736//1735 1738//1735
f 1737//1736 1735//1736 1736//1736
f 1739//1737 1738//1737 1740//1737
f 1739//1738 1737//1738 1738//1738
f 1741//1739 1740//1739 1742//1739
f 1741//1740 1739//1740 1740//1740
f 1743//1741 1742//1741 1744//1741
f 1743//1742 1741//1742 1742//1742
f 1745//1743 1744//1743 1746//1743
f 1745//1744 1743//1744 1744//1744
f 1747//1745 1746//1745 1748//1745
f 1747//1746 1745//1746 1746//1746
f 1749//1747 1748//1747 1750//1747
f 1749//1748 1747//1748 1748//1748
f 1751//1749 1749//1749 1750//1749
f 1751//1750 1750//1750 1752//1750
f 1753//1751 1751//1751 1752//1751
f 1753//1752 1752//1752 1754//1752
f 1755//1753 1753//1753 1754//1753
f 1755//1754 1754//1754 1756//1754
f 1757//1755 1755//1755 1756//1755
f 1757//1756 1756//1756 1758//1756
f 1759//1757 1758//1757 1760//1757
f 1759//1758 1757//1758 1758//1758
f 1761//1759 1760//1759 1762//1759
f 1761//1760 1759//1760 1760//1760
f 1763//1761 1762//1761 1764//1761
f 1763//1762 1761//1762 1762//1762
f 1765//1763 1764//1763 1766//1763
f 1765//1764 1763//1764 1764//1764
f 1767//1765 1766//1765 1768//1765
f 1767//1766 1765//1766 1766//1766
f 1769//1767 1768//1767 1770//1767
f 1769//1768 1767//1768 1768//1768
f 1771//1769 1770//1769 1772//1769
f 1771//1770 1769//1770 1770//1770
f 1773//1771 1772//1771 1774//1771
f 1773//1772 1771//1772 1772//1772
f 1775//1773 1774//1773 1776//1773
f 1775//1774 1773//1774 1774//1774
f 1526//1775 1776//1775 1527//1775
f 1526//1776 1775//1776 1776//1776
f 231//1777 235//1777 233//1777
f 235//1778 229//1778 237//1778
f 231//1779 229//1779 235//1779
f 229//1780 227//1780 237//1780
f 237//1781 241//1781 239//1781
f 227//1782 241//1782 237//1782
f 225//1783 223//1783 227//1783
f 241//1784 245//1784 244//1784
f 241//1785 247//1785 245//1785
f 221//1786 219//1786 223//1786
f 247//1787 251//1787 250//1787
f 217//1788 215//1788 219//1788
f 241//1789 256//1789 247//1789
f 247//1790 256//1790 251//1790
f 251//1791 256//1791 253//1791
f 213//1792 211//1792 215//1792
f 219//1793 211//1793 223//1793
f 215//1794 211//1794 219//1794
f 256//1795 259//1795 257//1795
f 209//1796 207//1796 211//1796
f 241//1797 262//1797 256//1797
f 256//1798 262//1798 259//1798
f 227//1799 262//1799 241//1799
f 223//1800 205//1800 227//1800
f 211//1801 205//1801 223//1801
f 227//1802 205//1802 262//1802
f 207//1803 205//1803 211//1803
f 203//1804 201//1804 205//1804
f 205//1805 1//1805 262//1805
f 262//1806 1//1806 263//1806
f 201//1807 1//1807 205//1807
f 201//1808 1429//1808 1431//1808
f 1431//1809 1433//1809 201//1809
f 201//1810 1427//1810 1429//1810
f 1433//1811 1435//1811 201//1811
f 201//1812 1425//1812 1427//1812
f 201//1813 1437//1813 1//1813
f 1435//1814 1437//1814 201//1814
f 201//1815 1423//1815 1425//1815
f 1437//1816 1439//1816 1//1816
f 201//1817 1421//1817 1423//1817
f 1439//1818 1441//1818 1//1818
f 201//1819 1419//1819 1421//1819
f 1441//1820 1443//1820 1//1820
f 201//1821 1417//1821 1419//1821
f 1443//1822 1445//1822 1//1822
f 201//1823 1415//1823 1417//1823
f 1445//1824 1447//1824 1//1824
f 201//1825 1413//1825 1415//1825
f 1447//1826 1449//1826 1//1826
f 201//1827 1411//1827 1413//1827
f 1449//1828 1451//1828 1//1828
f 201//1829 1409//1829 1411//1829
f 1451//1830 1453//1830 1//1830
f 201//1831 1407//1831 1409//1831
f 1453//1832 1455//1832 1//1832
f 201//1833 1405//1833 1407//1833
f 1455//1834 1457//1834 1//1834
f 201//1835 1403//1835 1405//1835
f 1457//1836 1459//1836 1//1836
f 201//1837 1401//1837 1403//1837
f 1459//1838 1461//1838 1//1838
f 201//1839 1399//1839 1401//1839
f 1461//1840 1463//1840 1//1840
f 201//1841 1397//1841 1399//1841
f 1463//1842 1465//1842 1//1842
f 201//1843 1395//1843 1397//1843
f 1465//1844 1467//1844 1//1844
f 201//1845 1393//1845 1395//1845
f 1467//1846 1469//1846 1//1846
f 201//1847 1391//1847 1393//1847
f 1469//1848 1471//1848 1//1848
f 201//1849 1389//1849 1391//1849
f 1471//1850 1473//1850 1//1850
f 201//1851 1387//1851 1389//1851
f 1473//1852 1475//1852 1//1852
f 201//1853 1385//1853 1387//1853
f 1475//1854 1477//1854 1//1854
f 201//1855 1383//1855 1385//1855
f 1477//1856 1479//1856 1//1856
f 1495//1857 1681//1857 1493//1857
f 1497//1858 1681//1858 1495//1858
f 1493//1859 1681//1859 1683//1859
f 1493//1860 1685//1860 1491//1860
f 1683//1861 1685//1861 1493//1861
f 1497//1862 1679//1862 1681//1862
f 1491//1863 1687//1863 1489//1863
f 1685//1864 1687//1864 1491//1864
f 1497//1865 1677//1865 1679//1865
f 1499//1866 1677//1866 1497//1866
f 1487//1867 1689//1867 1485//1867
f 1489//1868 1689//1868 1487//1868
f 1687//1869 1689//1869 1489//1869
f 1501//1870 1675//1870 1499//1870
f 1499//1871 1675//1871 1677//1871
f 1689//1872 1691//1872 1485//1872
f 1503//1873 1673//1873 1501//1873
f 1501//1874 1673//1874 1675//1874
f 1691//1875 1693//1875 1485//1875
f 1485//1876 1693//1876 1483//1876
f 1503//1877 1671//1877 1673//1877
f 1505//1878 1671//1878 1503//1878
f 1483//1879 1695//1879 1481//1879
f 1693//1880 1695//1880 1483//1880
f 1507//1881 1669//1881 1505//1881
f 1505//1882 1669//1882 1671//1882
f 1695//1883 1697//1883 1481//1883
f 1479//1884 1697//1884 1//1884
f 1481//1885 1697//1885 1479//1885
f 1507//1886 1667//1886 1669//1886
f 1509//1887 1667//1887 1507//1887
f 1697//1888 1699//1888 1//1888
f 1509//1889 1665//1889 1667//1889
f 1511//1890 1665//1890 1509//1890
f 1699//1891 1701//1891 1//1891
f 1511//1892 1663//1892 1665//1892
f 1513//1893 1663//1893 1511//1893
f 1701//1894 1703//1894 1//1894
f 1513//1895 1661//1895 1663//1895
f 1515//1896 1661//1896 1513//1896
f 1703//1897 1705//1897 1//1897
f 1515//1898 1659//1898 1661//1898
f 1517//1899 1659//1899 1515//1899
f 1705//1900 1707//1900 1//1900
f 1517//1901 1657//1901 1659//1901
f 1519//1902 1657//1902 1517//1902
f 1707//1903 1709//1903 1//1903
f 1519//1904 1655//1904 1657//1904
f 1521//1905 1655//1905 1519//1905
f 1709//1906 1711//1906 1//1906
f 1521//1907 1653//1907 1655//1907
f 1523//1908 1653//1908 1521//1908
f 1274//1909 1653//1909 1523//1909
f 1711//1910 1713//1910 1//1910
f 1274//1911 1651//1911 1653//1911
f 1713//1912 1715//1912 1//1912
f 1273//1913 1649//1913 1274//1913
f 1274//1914 1649//1914 1651//1914
f 1715//1915 1717//1915 1//1915
f 1277//1916 1647//1916 1273//1916
f 1273//1917 1647//1917 1649//1917
f 1279//1918 1645//1918 1277//1918
f 1277//1919 1645//1919 1647//1919
f 1281//1920 1643//1920 1279//1920
f 1279//1921 1643//1921 1645//1921
f 1283//1922 1641//1922 1281//1922
f 1281//1923 1641//1923 1643//1923
f 1285//1924 1639//1924 1283//1924
f 1288//1925 1639//1925 1285//1925
f 1283//1926 1639//1926 1641//1926
f 1288//1927 1637//1927 1639//1927
f 1289//1928 1635//1928 1288//1928
f 1288//1929 1635//1929 1637//1929
f 1291//1930 1633//1930 1289//1930
f 1293//1931 1633//1931 1291//1931
f 1289//1932 1633//1932 1635//1932
f 1293//1933 1632//1933 1633//1933
f 1296//1934 1629//1934 1293//1934
f 1293//1935 1629//1935 1632//1935
f 1297//1936 1627//1936 1296//1936
f 1299//1937 1627//1937 1297//1937
f 1296//1938 1627//1938 1629//1938
f 1299//1939 1625//1939 1627//1939
f 1301//1940 1623//1940 1299//1940
f 1299//1941 1623//1941 1625//1941
f 1301//1942 1621//1942 1623//1942
f 1303//1943 1621//1943 1301//1943
f 1367//1944 1179//1944 1365//1944
f 1367//1945 1177//1945 1179//1945
f 1369//1946 1177//1946 1367//1946
f 1179//1947 1181//1947 1365//1947
f 1365//1948 1181//1948 1363//1948
f 1369//1949 1175//1949 1177//1949
f 1371//1950 1175//1950 1369//1950
f 1181//1951 1183//1951 1363//1951
f 1363//1952 1183//1952 1361//1952
f 1371//1953 1173//1953 1175//1953
f 1373//1954 1173//1954 1371//1954
f 1183//1955 1185//1955 1361//1955
f 1361//1956 1185//1956 1359//1956
f 1373//1957 1171//1957 1173//1957
f 1375//1958 1171//1958 1373//1958
f 1185//1959 1187//1959 1359//1959
f 1359//1960 1187//1960 1357//1960
f 1375//1961 1169//1961 1171//1961
f 1377//1962 1169//1962 1375//1962
f 1305//1963 1619//1963 1303//1963
f 1303//1964 1619//1964 1621//1964
f 1187//1965 1189//1965 1357//1965
f 1357//1966 1189//1966 1355//1966
f 1377//1967 1167//1967 1169//1967
f 1380//1968 1167//1968 1377//1968
f 1189//1969 1191//1969 1355//1969
f 1355//1970 1191//1970 1353//1970
f 1380//1971 1165//1971 1167//1971
f 1381//1972 1165//1972 1380//1972
f 1191//1973 1193//1973 1353//1973
f 1351//1974 1193//1974 1349//1974
f 1353//1975 1193//1975 1351//1975
f 1305//1976 1617//1976 1619//1976
f 1307//1977 1617//1977 1305//1977
f 1383//1978 1163//1978 1381//1978
f 1381//1979 1163//1979 1165//1979
f 1193//1980 1195//1980 1349//1980
f 1349//1981 1195//1981 1347//1981
f 1383//1982 1161//1982 1163//1982
f 201//1983 1161//1983 1383//1983
f 1195//1984 1197//1984 1347//1984
f 1347//1985 1197//1985 1345//1985
f 1345//1986 1199//1986 1343//1986
f 1197//1987 1199//1987 1345//1987
f 1343//1988 1201//1988 1341//1988
f 1199//1989 1201//1989 1343//1989
f 1201//1990 1203//1990 1341//1990
f 1341//1991 1203//1991 1340//1991
f 1203//1992 1205//1992 1340//1992
f 1340//1993 1205//1993 1337//1993
f 1205//1994 1207//1994 1337//1994
f 1337//1995 1207//1995 1335//1995
f 1207//1996 1209//1996 1335//1996
f 1335//1997 1209//1997 1333//1997
f 1209//1998 1211//1998 1333//1998
f 1333//1999 1211//1999 1331//1999
f 1211//2000 1213//2000 1331//2000
f 1331//2001 1213//2001 1329//2001
f 1213//2002 1215//2002 1329//2002
f 1329//2003 1215//2003 1327//2003
f 1215//2004 1217//2004 1327//2004
f 1325//2005 1217//2005 1323//2005
f 1327//2006 1217//2006 1325//2006
f 1217//2007 1219//2007 1323//2007
f 1323//2008 1219//2008 1321//2008
f 1219//2009 1221//2009 1321//2009
f 1321//2010 1221//2010 1319//2010
f 1319//2011 1223//2011 1318//2011
f 1221//2012 1223//2012 1319//2012
f 1223//2013 1225//2013 1318//2013
f 1318//2014 1225//2014 1316//2014
f 1316//2015 1227//2015 1313//2015
f 1225//2016 1227//2016 1316//2016
f 1227//2017 1229//2017 1313//2017
f 1313//2018 1229//2018 1311//2018
f 1229//2019 1231//2019 1311//2019
f 1311//2020 1231//2020 1310//2020
f 1310//2021 1233//2021 1307//2021
f 1307//2022 1233//2022 1617//2022
f 1231//2023 1233//2023 1310//2023
f 1125//2024 199//2024 1123//2024
f 1128//2025 199//2025 1125//2025
f 1129//2026 199//2026 1128//2026
f 1131//2027 199//2027 1129//2027
f 1133//2028 199//2028 1131//2028
f 1135//2029 199//2029 1133//2029
f 1137//2030 199//2030 1135//2030
f 1139//2031 199//2031 1137//2031
f 1141//2032 199//2032 1139//2032
f 1143//2033 199//2033 1141//2033
f 1145//2034 199//2034 1143//2034
f 201//2035 199//2035 1161//2035
f 1147//2036 199//2036 1145//2036
f 1149//2037 199//2037 1147//2037
f 1151//2038 199//2038 1149//2038
f 1153//2039 199//2039 1151//2039
f 1155//2040 199//2040 1153//2040
f 1157//2041 199//2041 1155//2041
f 1159//2042 199//2042 1157//2042
f 1161//2043 199//2043 1159//2043
f 1617//2044 1235//2044 1615//2044
f 1233//2045 1235//2045 1617//2045
f 199//2046 1121//2046 1123//2046
f 197//2047 195//2047 199//2047
f 1235//2048 1237//2048 1615//2048
f 1615//2049 1237//2049 1613//2049
f 199//2050 1119//2050 1121//2050
f 1237//2051 1239//2051 1613//2051
f 1613//2052 1239//2052 1611//2052
f 193//2053 191//2053 195//2053
f 199//2054 1117//2054 1119//2054
f 1239//2055 1241//2055 1611//2055
f 1611//2056 1241//2056 1609//2056
f 199//2057 1115//2057 1117//2057
f 191//2058 188//2058 195//2058
f 189//2059 188//2059 191//2059
f 199//2060 1113//2060 1115//2060
f 195//2061 184//2061 199//2061
f 188//2062 184//2062 195//2062
f 185//2063 184//2063 188//2063
f 199//2064 1111//2064 1113//2064
f 199//2065 1109//2065 1111//2065
f 177//2066 175//2066 180//2066
f 180//2067 175//2067 181//2067
f 181//2068 175//2068 184//2068
f 175//2069 171//2069 184//2069
f 173//2070 171//2070 175//2070
f 171//2071 169//2071 184//2071
f 184//2072 169//2072 199//2072
f 167//2073 165//2073 169//2073
f 169//2074 163//2074 199//2074
f 165//2075 163//2075 169//2075
f 157//2076 155//2076 159//2076
f 159//2077 155//2077 162//2077
f 163//2078 153//2078 199//2078
f 155//2079 153//2079 162//2079
f 162//2080 153//2080 163//2080
f 151//2081 149//2081 153//2081
f 153//2082 149//2082 199//2082
f 147//2083 145//2083 149//2083
f 145//2084 143//2084 149//2084
f 143//2085 139//2085 149//2085
f 141//2086 139//2086 143//2086
f 139//2087 137//2087 149//2087
f 137//2088 135//2088 149//2088
f 1069//2089 135//2089 1067//2089
f 1071//2090 135//2090 1069//2090
f 1073//2091 135//2091 1071//2091
f 1075//2092 135//2092 1073//2092
f 1077//2093 135//2093 1075//2093
f 1079//2094 135//2094 1077//2094
f 1081//2095 135//2095 1079//2095
f 1083//2096 135//2096 1081//2096
f 1085//2097 135//2097 1083//2097
f 1088//2098 135//2098 1085//2098
f 1089//2099 135//2099 1088//2099
f 1091//2100 135//2100 1089//2100
f 1093//2101 135//2101 1091//2101
f 1095//2102 135//2102 1093//2102
f 1097//2103 135//2103 1095//2103
f 1099//2104 135//2104 1097//2104
f 1101//2105 135//2105 1099//2105
f 1103//2106 135//2106 1101//2106
f 1105//2107 135//2107 1103//2107
f 1107//2108 135//2108 1105//2108
f 1109//2109 135//2109 1107//2109
f 199//2110 135//2110 1109//2110
f 149//2111 135//2111 199//2111
f 1739//2112 423//2112 1737//2112
f 1741//2113 423//2113 1739//2113
f 1741//2114 421//2114 423//2114
f 1743//2115 421//2115 1741//2115
f 1737//2116 425//2116 1735//2116
f 423//2117 425//2117 1737//2117
f 1745//2118 419//2118 1743//2118
f 1743//2119 419//2119 421//2119
f 425//2120 427//2120 1735//2120
f 1735//2121 427//2121 1733//2121
f 1745//2122 417//2122 419//2122
f 1747//2123 417//2123 1745//2123
f 1733//2124 429//2124 1731//2124
f 427//2125 429//2125 1733//2125
f 1749//2126 415//2126 1747//2126
f 1747//2127 415//2127 417//2127
f 1731//2128 431//2128 1729//2128
f 429//2129 431//2129 1731//2129
f 1749//2130 413//2130 415//2130
f 1751//2131 413//2131 1749//2131
f 431//2132 433//2132 1729//2132
f 1729//2133 433//2133 1727//2133
f 1751//2134 411//2134 413//2134
f 1753//2135 411//2135 1751//2135
f 1755//2136 411//2136 1753//2136
f 1727//2137 435//2137 1725//2137
f 433//2138 435//2138 1727//2138
f 1757//2139 409//2139 1755//2139
f 1755//2140 409//2140 411//2140
f 1725//2141 437//2141 1723//2141
f 435//2142 437//2142 1725//2142
f 1759//2143 407//2143 1757//2143
f 1757//2144 407//2144 409//2144
f 1761//2145 405//2145 1759//2145
f 1759//2146 405//2146 407//2146
f 1761//2147 403//2147 405//2147
f 1763//2148 403//2148 1761//2148
f 1765//2149 401//2149 1763//2149
f 1767//2150 401//2150 1765//2150
f 1763//2151 401//2151 403//2151
f 1769//2152 399//2152 1767//2152
f 1767//2153 399//2153 401//2153
f 1769//2154 397//2154 399//2154
f 1771//2155 397//2155 1769//2155
f 1771//2156 395//2156 397//2156
f 1773//2157 395//2157 1771//2157
f 1773//2158 393//2158 395//2158
f 1775//2159 393//2159 1773//2159
f 1775//2160 391//2160 393//2160
f 1525//2161 391//2161 1526//2161
f 1526//2162 391//2162 1775//2162
f 1525//2163 389//2163 391//2163
f 1529//2164 389//2164 1525//2164
f 1531//2165 387//2165 1529//2165
f 1529//2166 387//2166 389//2166
f 1531//2167 385//2167 387//2167
f 1533//2168 385//2168 1531//2168
f 1535//2169 383//2169 1533//2169
f 1533//2170 383//2170 385//2170
f 1537//2171 381//2171 1535//2171
f 1540//2172 381//2172 1537//2172
f 1535//2173 381//2173 383//2173
f 1540//2174 379//2174 381//2174
f 1541//2175 379//2175 1540//2175
f 439//2176 2//2176 437//2176
f 441//2177 2//2177 439//2177
f 443//2178 2//2178 441//2178
f 445//2179 2//2179 443//2179
f 447//2180 2//2180 445//2180
f 449//2181 2//2181 447//2181
f 451//2182 2//2182 449//2182
f 453//2183 2//2183 451//2183
f 455//2184 2//2184 453//2184
f 457//2185 2//2185 455//2185
f 459//2186 2//2186 457//2186
f 461//2187 2//2187 459//2187
f 463//2188 2//2188 461//2188
f 465//2189 2//2189 463//2189
f 1719//2190 2//2190 1717//2190
f 1721//2191 2//2191 1719//2191
f 1723//2192 2//2192 1721//2192
f 1717//2193 2//2193 1//2193
f 437//2194 2//2194 1723//2194
f 465//2195 467//2195 2//2195
f 1543//2196 377//2196 1541//2196
f 1541//2197 377//2197 379//2197
f 2//2198 7//2198 5//2198
f 467//2199 469//2199 2//2199
f 1543//2200 375//2200 377//2200
f 1545//2201 375//2201 1543//2201
f 469//2202 471//2202 2//2202
f 1241//2203 927//2203 1609//2203
f 1609//2204 927//2204 1607//2204
f 1243//2205 925//2205 1241//2205
f 1241//2206 925//2206 927//2206
f 7//2207 11//2207 9//2207
f 927//2208 929//2208 1607//2208
f 1607//2209 929//2209 1605//2209
f 1245//2210 923//2210 1243//2210
f 1243//2211 923//2211 925//2211
f 929//2212 931//2212 1605//2212
f 1605//2213 931//2213 1603//2213
f 1247//2214 921//2214 1245//2214
f 1245//2215 921//2215 923//2215
f 931//2216 933//2216 1603//2216
f 1603//2217 933//2217 1601//2217
f 1249//2218 919//2218 1247//2218
f 1247//2219 919//2219 921//2219
f 933//2220 935//2220 1601//2220
f 1599//2221 935//2221 1597//2221
f 1601//2222 935//2222 1599//2222
f 1251//2223 917//2223 1249//2223
f 1249//2224 917//2224 919//2224
f 1545//2225 373//2225 375//2225
f 1548//2226 373//2226 1545//2226
f 935//2227 937//2227 1597//2227
f 1597//2228 937//2228 1595//2228
f 7//2229 13//2229 11//2229
f 2//2230 13//2230 7//2230
f 1251//2231 915//2231 917//2231
f 1253//2232 915//2232 1251//2232
f 1595//2233 939//2233 1593//2233
f 937//2234 939//2234 1595//2234
f 1255//2235 913//2235 1253//2235
f 1257//2236 913//2236 1255//2236
f 1253//2237 913//2237 915//2237
f 471//2238 473//2238 2//2238
f 939//2239 941//2239 1593//2239
f 1593//2240 941//2240 1592//2240
f 1257//2241 911//2241 913//2241
f 2//2242 15//2242 13//2242
f 941//2243 943//2243 1592//2243
f 1592//2244 943//2244 1589//2244
f 1259//2245 909//2245 1257//2245
f 1257//2246 909//2246 911//2246
f 1548//2247 372//2247 373//2247
f 1549//2248 372//2248 1548//2248
f 1551//2249 372//2249 1549//2249
f 943//2250 945//2250 1589//2250
f 1589//2251 945//2251 1587//2251
f 1261//2252 907//2252 1259//2252
f 1263//2253 907//2253 1261//2253
f 1259//2254 907//2254 909//2254
f 945//2255 947//2255 1587//2255
f 1587//2256 947//2256 1585//2256
f 473//2257 475//2257 2//2257
f 1263//2258 905//2258 907//2258
f 15//2259 19//2259 17//2259
f 2//2260 19//2260 15//2260
f 947//2261 949//2261 1585//2261
f 1585//2262 949//2262 1583//2262
f 1553//2263 369//2263 1551//2263
f 1551//2264 369//2264 372//2264
f 1265//2265 903//2265 1263//2265
f 1263//2266 903//2266 905//2266
f 1267//2267 903//2267 1265//2267
f 949//2268 951//2268 1583//2268
f 1583//2269 951//2269 1581//2269
f 2//2270 21//2270 19//2270
f 475//2271 477//2271 2//2271
f 1267//2272 901//2272 903//2272
f 951//2273 953//2273 1581//2273
f 1581//2274 953//2274 1579//2274
f 1269//2275 899//2275 1267//2275
f 1267//2276 899//2276 901//2276
f 1553//2277 367//2277 369//2277
f 1555//2278 367//2278 1553//2278
f 953//2279 955//2279 1579//2279
f 1579//2280 955//2280 1577//2280
f 1271//2281 897//2281 1269//2281
f 1022//2282 897//2282 1271//2282
f 1269//2283 897//2283 899//2283
f 477//2284 479//2284 2//2284
f 21//2285 25//2285 23//2285
f 2//2286 25//2286 21//2286
f 955//2287 957//2287 1577//2287
f 1577//2288 957//2288 1575//2288
f 1022//2289 895//2289 897//2289
f 957//2290 959//2290 1575//2290
f 1573//2291 959//2291 1571//2291
f 1575//2292 959//2292 1573//2292
f 2//2293 27//2293 25//2293
f 1021//2294 893//2294 1022//2294
f 1022//2295 893//2295 895//2295
f 479//2296 481//2296 2//2296
f 959//2297 961//2297 1571//2297
f 1571//2298 961//2298 1570//2298
f 1025//2299 891//2299 1021//2299
f 1021//2300 891//2300 893//2300
f 1570//2301 963//2301 1568//2301
f 961//2302 963//2302 1570//2302
f 481//2303 483//2303 2//2303
f 27//2304 31//2304 29//2304
f 2//2305 31//2305 27//2305
f 1027//2306 889//2306 1025//2306
f 1025//2307 889//2307 891//2307
f 963//2308 965//2308 1568//2308
f 1568//2309 965//2309 1565//2309
f 2//2310 33//2310 31//2310
f 1029//2311 887//2311 1027//2311
f 1031//2312 887//2312 1029//2312
f 1027//2313 887//2313 889//2313
f 483//2314 485//2314 2//2314
f 1565//2315 967//2315 1563//2315
f 965//2316 967//2316 1565//2316
f 2//2317 35//2317 33//2317
f 1033//2318 885//2318 1031//2318
f 1031//2319 885//2319 887//2319
f 967//2320 969//2320 1563//2320
f 1563//2321 969//2321 1562//2321
f 1033//2322 883//2322 885//2322
f 1562//2323 971//2323 1559//2323
f 969//2324 971//2324 1562//2324
f 2//2325 39//2325 35//2325
f 35//2326 39//2326 37//2326
f 1036//2327 881//2327 1033//2327
f 1033//2328 881//2328 883//2328
f 971//2329 973//2329 1559//2329
f 1559//2330 973//2330 1557//2330
f 1037//2331 879//2331 1036//2331
f 1036//2332 879//2332 881//2332
f 973//2333 975//2333 1557//2333
f 1557//2334 975//2334 1555//2334
f 39//2335 43//2335 41//2335
f 2//2336 43//2336 39//2336
f 1039//2337 877//2337 1037//2337
f 1037//2338 877//2338 879//2338
f 975//2339 977//2339 1555//2339
f 1555//2340 977//2340 367//2340
f 367//2341 977//2341 365//2341
f 1041//2342 876//2342 1039//2342
f 1039//2343 876//2343 877//2343
f 43//2344 47//2344 46//2344
f 977//2345 979//2345 365//2345
f 365//2346 979//2346 363//2346
f 1044//2347 873//2347 1041//2347
f 1041//2348 873//2348 876//2348
f 979//2349 981//2349 363//2349
f 363//2350 981//2350 361//2350
f 1045//2351 871//2351 1044//2351
f 1047//2352 871//2352 1045//2352
f 1044//2353 871//2353 873//2353
f 47//2354 52//2354 49//2354
f 2//2355 52//2355 43//2355
f 43//2356 52//2356 47//2356
f 981//2357 983//2357 361//2357
f 361//2358 983//2358 359//2358
f 1049//2359 869//2359 1047//2359
f 1047//2360 869//2360 871//2360
f 983//2361 985//2361 359//2361
f 359//2362 985//2362 357//2362
f 2//2363 55//2363 52//2363
f 52//2364 55//2364 53//2364
f 1049//2365 867//2365 869//2365
f 2//2366 58//2366 55//2366
f 357//2367 987//2367 355//2367
f 985//2368 987//2368 357//2368
f 1051//2369 865//2369 1049//2369
f 1049//2370 865//2370 867//2370
f 987//2371 989//2371 355//2371
f 58//2372 61//2372 59//2372
f 2//2373 61//2373 58//2373
f 1053//2374 863//2374 1051//2374
f 1051//2375 863//2375 865//2375
f 989//2376 991//2376 355//2376
f 355//2377 991//2377 353//2377
f 1055//2378 861//2378 1053//2378
f 1053//2379 861//2379 863//2379
f 485//2380 67//2380 2//2380
f 2//2381 67//2381 61//2381
f 61//2382 67//2382 64//2382
f 64//2383 67//2383 65//2383
f 487//2384 67//2384 485//2384
f 489//2385 67//2385 487//2385
f 491//2386 67//2386 489//2386
f 493//2387 67//2387 491//2387
f 495//2388 67//2388 493//2388
f 497//2389 67//2389 495//2389
f 499//2390 67//2390 497//2390
f 501//2391 67//2391 499//2391
f 503//2392 67//2392 501//2392
f 1058//2393 859//2393 1055//2393
f 1055//2394 859//2394 861//2394
f 503//2395 505//2395 67//2395
f 1059//2396 857//2396 1058//2396
f 1058//2397 857//2397 859//2397
f 505//2398 507//2398 67//2398
f 1061//2399 855//2399 1059//2399
f 1059//2400 855//2400 857//2400
f 507//2401 509//2401 67//2401
f 1061//2402 853//2402 855//2402
f 1064//2403 853//2403 1061//2403
f 1066//2404 853//2404 1064//2404
f 509//2405 511//2405 67//2405
f 1066//2406 851//2406 853//2406
f 511//2407 513//2407 67//2407
f 1067//2408 849//2408 1066//2408
f 1066//2409 849//2409 851//2409
f 135//2410 849//2410 1067//2410
f 135//2411 847//2411 849//2411
f 513//2412 515//2412 67//2412
f 135//2413 845//2413 847//2413
f 515//2414 266//2414 67//2414
f 135//2415 843//2415 845//2415
f 266//2416 265//2416 67//2416
f 135//2417 841//2417 843//2417
f 265//2418 269//2418 67//2418
f 135//2419 839//2419 841//2419
f 269//2420 271//2420 67//2420
f 135//2421 837//2421 839//2421
f 271//2422 273//2422 67//2422
f 135//2423 836//2423 837//2423
f 273//2424 275//2424 67//2424
f 275//2425 277//2425 67//2425
f 277//2426 280//2426 67//2426
f 991//2427 673//2427 353//2427
f 351//2428 673//2428 675//2428
f 353//2429 673//2429 351//2429
f 351//2430 677//2430 349//2430
f 675//2431 677//2431 351//2431
f 991//2432 671//2432 673//2432
f 993//2433 671//2433 991//2433
f 677//2434 679//2434 349//2434
f 349//2435 679//2435 347//2435
f 993//2436 669//2436 671//2436
f 995//2437 669//2437 993//2437
f 997//2438 669//2438 995//2438
f 679//2439 681//2439 347//2439
f 347//2440 681//2440 345//2440
f 997//2441 667//2441 669//2441
f 681//2442 683//2442 345//2442
f 345//2443 683//2443 343//2443
f 997//2444 665//2444 667//2444
f 999//2445 665//2445 997//2445
f 683//2446 685//2446 343//2446
f 343//2447 685//2447 341//2447
f 999//2448 663//2448 665//2448
f 1001//2449 663//2449 999//2449
f 685//2450 687//2450 341//2450
f 341//2451 687//2451 339//2451
f 1001//2452 661//2452 663//2452
f 1003//2453 661//2453 1001//2453
f 1005//2454 661//2454 1003//2454
f 687//2455 689//2455 339//2455
f 339//2456 689//2456 337//2456
f 1005//2457 659//2457 661//2457
f 1007//2458 659//2458 1005//2458
f 689//2459 691//2459 337//2459
f 337//2460 691//2460 335//2460
f 1007//2461 657//2461 659//2461
f 691//2462 693//2462 335//2462
f 1007//2463 655//2463 657//2463
f 1009//2464 655//2464 1007//2464
f 693//2465 695//2465 335//2465
f 335//2466 695//2466 333//2466
f 1011//2467 653//2467 1009//2467
f 1009//2468 653//2468 655//2468
f 333//2469 697//2469 332//2469
f 695//2470 697//2470 333//2470
f 1013//2471 651//2471 1011//2471
f 1011//2472 651//2472 653//2472
f 332//2473 699//2473 329//2473
f 697//2474 699//2474 332//2474
f 1015//2475 649//2475 1013//2475
f 1017//2476 649//2476 1015//2476
f 1013//2477 649//2477 651//2477
f 329//2478 701//2478 327//2478
f 699//2479 701//2479 329//2479
f 1017//2480 647//2480 649//2480
f 327//2481 703//2481 325//2481
f 701//2482 703//2482 327//2482
f 1019//2483 645//2483 1017//2483
f 1017//2484 645//2484 647//2484
f 325//2485 705//2485 323//2485
f 703//2486 705//2486 325//2486
f 770//2487 643//2487 1019//2487
f 1019//2488 643//2488 645//2488
f 323//2489 707//2489 321//2489
f 705//2490 707//2490 323//2490
f 770//2491 641//2491 643//2491
f 769//2492 641//2492 770//2492
f 321//2493 709//2493 319//2493
f 707//2494 709//2494 321//2494
f 769//2495 639//2495 641//2495
f 773//2496 639//2496 769//2496
f 709//2497 711//2497 319//2497
f 775//2498 637//2498 773//2498
f 777//2499 637//2499 775//2499
f 773//2500 637//2500 639//2500
f 711//2501 713//2501 319//2501
f 319//2502 713//2502 317//2502
f 777//2503 635//2503 637//2503
f 713//2504 715//2504 317//2504
f 317//2505 715//2505 315//2505
f 777//2506 633//2506 635//2506
f 779//2507 633//2507 777//2507
f 715//2508 717//2508 315//2508
f 315//2509 717//2509 313//2509
f 781//2510 631//2510 779//2510
f 779//2511 631//2511 633//2511
f 717//2512 719//2512 313//2512
f 313//2513 719//2513 311//2513
f 784//2514 629//2514 781//2514
f 781//2515 629//2515 631//2515
f 719//2516 721//2516 311//2516
f 311//2517 721//2517 310//2517
f 784//2518 627//2518 629//2518
f 785//2519 627//2519 784//2519
f 721//2520 723//2520 310//2520
f 310//2521 723//2521 308//2521
f 785//2522 625//2522 627//2522
f 787//2523 625//2523 785//2523
f 723//2524 725//2524 308//2524
f 308//2525 725//2525 305//2525
f 787//2526 624//2526 625//2526
f 789//2527 624//2527 787//2527
f 725//2528 727//2528 305//2528
f 305//2529 727//2529 303//2529
f 789//2530 621//2530 624//2530
f 792//2531 621//2531 789//2531
f 727//2532 729//2532 303//2532
f 303//2533 729//2533 302//2533
f 792//2534 619//2534 621//2534
f 793//2535 619//2535 792//2535
f 795//2536 619//2536 793//2536
f 729//2537 731//2537 302//2537
f 795//2538 617//2538 619//2538
f 731//2539 733//2539 302//2539
f 302//2540 733//2540 299//2540
f 795//2541 615//2541 617//2541
f 797//2542 615//2542 795//2542
f 733//2543 735//2543 299//2543
f 299//2544 735//2544 297//2544
f 797//2545 613//2545 615//2545
f 799//2546 613//2546 797//2546
f 297//2547 737//2547 295//2547
f 735//2548 737//2548 297//2548
f 799//2549 611//2549 613//2549
f 801//2550 611//2550 799//2550
f 803//2551 611//2551 801//2551
f 295//2552 739//2552 293//2552
f 737//2553 739//2553 295//2553
f 803//2554 609//2554 611//2554
f 806//2555 609//2555 803//2555
f 293//2556 741//2556 291//2556
f 739//2557 741//2557 293//2557
f 806//2558 607//2558 609//2558
f 291//2559 743//2559 289//2559
f 741//2560 743//2560 291//2560
f 806//2561 605//2561 607//2561
f 807//2562 605//2562 806//2562
f 289//2563 745//2563 288//2563
f 743//2564 745//2564 289//2564
f 809//2565 603//2565 807//2565
f 807//2566 603//2566 605//2566
f 745//2567 747//2567 288//2567
f 288//2568 747//2568 285//2568
f 812//2569 601//2569 809//2569
f 814//2570 601//2570 812//2570
f 809//2571 601//2571 603//2571
f 747//2572 749//2572 285//2572
f 285//2573 749//2573 283//2573
f 814//2574 599//2574 601//2574
f 283//2575 751//2575 281//2575
f 749//2576 751//2576 283//2576
f 815//2577 597//2577 814//2577
f 814//2578 597//2578 599//2578
f 281//2579 753//2579 280//2579
f 751//2580 753//2580 281//2580
f 280//2581 755//2581 67//2581
f 753//2582 755//2582 280//2582
f 817//2583 133//2583 815//2583
f 819//2584 133//2584 817//2584
f 821//2585 133//2585 819//2585
f 823//2586 133//2586 821//2586
f 825//2587 133//2587 823//2587
f 827//2588 133//2588 825//2588
f 829//2589 133//2589 827//2589
f 557//2590 133//2590 555//2590
f 560//2591 133//2591 557//2591
f 562//2592 133//2592 560//2592
f 563//2593 133//2593 562//2593
f 815//2594 133//2594 597//2594
f 565//2595 133//2595 563//2595
f 567//2596 133//2596 565//2596
f 569//2597 133//2597 567//2597
f 571//2598 133//2598 569//2598
f 573//2599 133//2599 571//2599
f 575//2600 133//2600 573//2600
f 577//2601 133//2601 575//2601
f 579//2602 133//2602 577//2602
f 581//2603 133//2603 579//2603
f 584//2604 133//2604 581//2604
f 585//2605 133//2605 584//2605
f 587//2606 133//2606 585//2606
f 589//2607 133//2607 587//2607
f 591//2608 133//2608 589//2608
f 593//2609 133//2609 591//2609
f 595//2610 133//2610 593//2610
f 597//2611 133//2611 595//2611
f 133//2612 69//2612 555//2612
f 517//2613 69//2613 518//2613
f 521//2614 69//2614 517//2614
f 523//2615 69//2615 521//2615
f 525//2616 69//2616 523//2616
f 527//2617 69//2617 525//2617
f 529//2618 69//2618 527//2618
f 532//2619 69//2619 529//2619
f 533//2620 69//2620 532//2620
f 535//2621 69//2621 533//2621
f 537//2622 69//2622 535//2622
f 540//2623 69//2623 537//2623
f 541//2624 69//2624 540//2624
f 543//2625 69//2625 541//2625
f 545//2626 69//2626 543//2626
f 547//2627 69//2627 545//2627
f 549//2628 69//2628 547//2628
f 551//2629 69//2629 549//2629
f 554//2630 69//2630 551//2630
f 757//2631 69//2631 755//2631
f 555//2632 69//2632 554//2632
f 759//2633 69//2633 757//2633
f 761//2634 69//2634 759//2634
f 763//2635 69//2635 761//2635
f 765//2636 69//2636 763//2636
f 767//2637 69//2637 765//2637
f 518//2638 69//2638 767//2638
f 755//2639 69//2639 67//2639
f 69//2640 73//2640 71//2640
f 69//2641 75//2641 73//2641
f 69//2642 77//2642 75//2642
f 127//2643 126//2643 129//2643
f 133//2644 79//2644 69//2644
f 69//2645 79//2645 77//2645
f 117//2646 115//2646 119//2646
f 119//2647 115//2647 121//2647
f 121//2648 115//2648 123//2648
f 123//2649 115//2649 126//2649
f 129//2650 115//2650 132//2650
f 132//2651 115//2651 133//2651
f 126//2652 115//2652 129//2652
f 115//2653 89//2653 133//2653
f 79//2654 89//2654 81//2654
f 81//2655 89//2655 83//2655
f 83//2656 89//2656 85//2656
f 85//2657 89//2657 87//2657
f 133//2658 89//2658 79//2658
f 115//2659 109//2659 89//2659
f 111//2660 109//2660 113//2660
f 113//2661 109//2661 115//2661
f 89//2662 95//2662 91//2662
f 91//2663 95//2663 93//2663
f 89//2664 97//2664 95//2664
f 107//2665 105//2665 109//2665
f 109//2666 101//2666 89//2666
f 89//2667 101//2667 97//2667
f 105//2668 101//2668 109//2668
f 97//2669 101//2669 99//2669
f 103//2670 101//2670 105//2670
f 135//2671 133//2671 833//2671
f 135//2672 833//2672 836//2672
f 833//2673 133//2673 831//2673
f 831//2674 133//2674 829//2674
f 236//2675 232//2675 234//2675
f 230//2676 236//2676 238//2676
f 230//2677 232//2677 236//2677
f 228//2678 230//2678 238//2678
f 242//2679 238//2679 240//2679
f 242//2680 228//2680 238//2680
f 224//2681 226//2681 228//2681
f 246//2682 242//2682 243//2682
f 248//2683 242//2683 246//2683
f 220//2684 222//2684 224//2684
f 252//2685 248//2685 249//2685
f 216//2686 218//2686 220//2686
f 255//2687 242//2687 248//2687
f 255//2688 248//2688 252//2688
f 255//2689 252//2689 254//2689
f 212//2690 214//2690 216//2690
f 212//2691 220//2691 224//2691
f 212//2692 216//2692 220//2692
f 260//2693 255//2693 258//2693
f 208//2694 210//2694 212//2694
f 261//2695 242//2695 255//2695
f 261//2696 255//2696 260//2696
f 261//2697 228//2697 242//2697
f 206//2698 224//2698 228//2698
f 206//2699 212//2699 224//2699
f 206//2700 228//2700 261//2700
f 206//2701 208//2701 212//2701
f 202//2702 204//2702 206//2702
f 3//2703 206//2703 261//2703
f 3//2704 261//2704 264//2704
f 3//2705 202//2705 206//2705
f 1430//2706 202//2706 1432//2706
f 1434//2707 1432//2707 202//2707
f 1428//2708 202//2708 1430//2708
f 1436//2709 1434//2709 202//2709
f 1426//2710 202//2710 1428//2710
f 1438//2711 202//2711 3//2711
f 1438//2712 1436//2712 202//2712
f 1424//2713 202//2713 1426//2713
f 1440//2714 1438//2714 3//2714
f 1422//2715 202//2715 1424//2715
f 1442//2716 1440//2716 3//2716
f 1420//2717 202//2717 1422//2717
f 1444//2718 1442//2718 3//2718
f 1418//2719 202//2719 1420//2719
f 1446//2720 1444//2720 3//2720
f 1416//2721 202//2721 1418//2721
f 1448//2722 1446//2722 3//2722
f 1414//2723 202//2723 1416//2723
f 1450//2724 1448//2724 3//2724
f 1412//2725 202//2725 1414//2725
f 1452//2726 1450//2726 3//2726
f 1410//2727 202//2727 1412//2727
f 1454//2728 1452//2728 3//2728
f 1408//2729 202//2729 1410//2729
f 1456//2730 1454//2730 3//2730
f 1406//2731 202//2731 1408//2731
f 1458//2732 1456//2732 3//2732
f 1404//2733 202//2733 1406//2733
f 1460//2734 1458//2734 3//2734
f 1402//2735 202//2735 1404//2735
f 1462//2736 1460//2736 3//2736
f 1400//2737 202//2737 1402//2737
f 1464//2738 1462//2738 3//2738
f 1398//2739 202//2739 1400//2739
f 1466//2740 1464//2740 3//2740
f 1396//2741 202//2741 1398//2741
f 1468//2742 1466//2742 3//2742
f 1394//2743 202//2743 1396//2743
f 1470//2744 1468//2744 3//2744
f 1392//2745 202//2745 1394//2745
f 1472//2746 1470//2746 3//2746
f 1390//2747 202//2747 1392//2747
f 1474//2748 1472//2748 3//2748
f 1388//2749 202//2749 1390//2749
f 1476//2750 1474//2750 3//2750
f 1386//2751 202//2751 1388//2751
f 1478//2752 1476//2752 3//2752
f 1384//2753 202//2753 1386//2753
f 1480//2754 1478//2754 3//2754
f 1682//2755 1496//2755 1494//2755
f 1682//2756 1498//2756 1496//2756
f 1682//2757 1494//2757 1684//2757
f 1686//2758 1494//2758 1492//2758
f 1686//2759 1684//2759 1494//2759
f 1680//2760 1498//2760 1682//2760
f 1688//2761 1492//2761 1490//2761
f 1688//2762 1686//2762 1492//2762
f 1678//2763 1498//2763 1680//2763
f 1678//2764 1500//2764 1498//2764
f 1690//2765 1488//2765 1486//2765
f 1690//2766 1490//2766 1488//2766
f 1690//2767 1688//2767 1490//2767
f 1676//2768 1502//2768 1500//2768
f 1676//2769 1500//2769 1678//2769
f 1692//2770 1690//2770 1486//2770
f 1674//2771 1504//2771 1502//2771
f 1674//2772 1502//2772 1676//2772
f 1694//2773 1692//2773 1486//2773
f 1694//2774 1486//2774 1484//2774
f 1672//2775 1504//2775 1674//2775
f 1672//2776 1506//2776 1504//2776
f 1696//2777 1484//2777 1482//2777
f 1696//2778 1694//2778 1484//2778
f 1670//2779 1508//2779 1506//2779
f 1670//2780 1506//2780 1672//2780
f 1698//2781 1696//2781 1482//2781
f 1698//2782 1480//2782 3//2782
f 1698//2783 1482//2783 1480//2783
f 1668//2784 1508//2784 1670//2784
f 1668//2785 1510//2785 1508//2785
f 1700//2786 1698//2786 3//2786
f 1666//2787 1510//2787 1668//2787
f 1666//2788 1512//2788 1510//2788
f 1702//2789 1700//2789 3//2789
f 1664//2790 1512//2790 1666//2790
f 1664//2791 1514//2791 1512//2791
f 1704//2792 1702//2792 3//2792
f 1662//2793 1514//2793 1664//2793
f 1662//2794 1516//2794 1514//2794
f 1706//2795 1704//2795 3//2795
f 1660//2796 1516//2796 1662//2796
f 1660//2797 1518//2797 1516//2797
f 1708//2798 1706//2798 3//2798
f 1658//2799 1518//2799 1660//2799
f 1658//2800 1520//2800 1518//2800
f 1710//2801 1708//2801 3//2801
f 1656//2802 1520//2802 1658//2802
f 1656//2803 1522//2803 1520//2803
f 1712//2804 1710//2804 3//2804
f 1654//2805 1522//2805 1656//2805
f 1654//2806 1524//2806 1522//2806
f 1654//2807 1275//2807 1524//2807
f 1714//2808 1712//2808 3//2808
f 1652//2809 1275//2809 1654//2809
f 1716//2810 1714//2810 3//2810
f 1650//2811 1276//2811 1275//2811
f 1650//2812 1275//2812 1652//2812
f 1718//2813 1716//2813 3//2813
f 1648//2814 1278//2814 1276//2814
f 1648//2815 1276//2815 1650//2815
f 1646//2816 1280//2816 1278//2816
f 1646//2817 1278//2817 1648//2817
f 1644//2818 1282//2818 1280//2818
f 1644//2819 1280//2819 1646//2819
f 1642//2820 1284//2820 1282//2820
f 1642//2821 1282//2821 1644//2821
f 1640//2822 1286//2822 1284//2822
f 1640//2823 1287//2823 1286//2823
f 1640//2824 1284//2824 1642//2824
f 1638//2825 1287//2825 1640//2825
f 1636//2826 1290//2826 1287//2826
f 1636//2827 1287//2827 1638//2827
f 1634//2828 1292//2828 1290//2828
f 1634//2829 1294//2829 1292//2829
f 1634//2830 1290//2830 1636//2830
f 1631//2831 1294//2831 1634//2831
f 1630//2832 1295//2832 1294//2832
f 1630//2833 1294//2833 1631//2833
f 1628//2834 1298//2834 1295//2834
f 1628//2835 1300//2835 1298//2835
f 1628//2836 1295//2836 1630//2836
f 1626//2837 1300//2837 1628//2837
f 1624//2838 1302//2838 1300//2838
f 1624//2839 1300//2839 1626//2839
f 1622//2840 1302//2840 1624//2840
f 1622//2841 1304//2841 1302//2841
f 1180//2842 1368//2842 1366//2842
f 1178//2843 1368//2843 1180//2843
f 1178//2844 1370//2844 1368//2844
f 1182//2845 1180//2845 1366//2845
f 1182//2846 1366//2846 1364//2846
f 1176//2847 1370//2847 1178//2847
f 1176//2848 1372//2848 1370//2848
f 1184//2849 1182//2849 1364//2849
f 1184//2850 1364//2850 1362//2850
f 1174//2851 1372//2851 1176//2851
f 1174//2852 1374//2852 1372//2852
f 1186//2853 1184//2853 1362//2853
f 1186//2854 1362//2854 1360//2854
f 1172//2855 1374//2855 1174//2855
f 1172//2856 1376//2856 1374//2856
f 1188//2857 1186//2857 1360//2857
f 1188//2858 1360//2858 1358//2858
f 1170//2859 1376//2859 1172//2859
f 1170//2860 1378//2860 1376//2860
f 1620//2861 1306//2861 1304//2861
f 1620//2862 1304//2862 1622//2862
f 1190//2863 1188//2863 1358//2863
f 1190//2864 1358//2864 1356//2864
f 1168//2865 1378//2865 1170//2865
f 1168//2866 1379//2866 1378//2866
f 1192//2867 1190//2867 1356//2867
f 1192//2868 1356//2868 1354//2868
f 1166//2869 1379//2869 1168//2869
f 1166//2870 1382//2870 1379//2870
f 1194//2871 1192//2871 1354//2871
f 1194//2872 1352//2872 1350//2872
f 1194//2873 1354//2873 1352//2873
f 1618//2874 1306//2874 1620//2874
f 1618//2875 1308//2875 1306//2875
f 1164//2876 1384//2876 1382//2876
f 1164//2877 1382//2877 1166//2877
f 1196//2878 1194//2878 1350//2878
f 1196//2879 1350//2879 1348//2879
f 1162//2880 1384//2880 1164//2880
f 1162//2881 202//2881 1384//2881
f 1198//2882 1196//2882 1348//2882
f 1198//2883 1348//2883 1346//2883
f 1200//2884 1346//2884 1344//2884
f 1200//2885 1198//2885 1346//2885
f 1202//2886 1344//2886 1342//2886
f 1202//2887 1200//2887 1344//2887
f 1204//2888 1202//2888 1342//2888
f 1204//2889 1342//2889 1339//2889
f 1206//2890 1204//2890 1339//2890
f 1206//2891 1339//2891 1338//2891
f 1208//2892 1206//2892 1338//2892
f 1208//2893 1338//2893 1336//2893
f 1210//2894 1208//2894 1336//2894
f 1210//2895 1336//2895 1334//2895
f 1212//2896 1210//2896 1334//2896
f 1212//2897 1334//2897 1332//2897
f 1214//2898 1212//2898 1332//2898
f 1214//2899 1332//2899 1330//2899
f 1216//2900 1214//2900 1330//2900
f 1216//2901 1330//2901 1328//2901
f 1218//2902 1216//2902 1328//2902
f 1218//2903 1326//2903 1324//2903
f 1218//2904 1328//2904 1326//2904
f 1220//2905 1218//2905 1324//2905
f 1220//2906 1324//2906 1322//2906
f 1222//2907 1220//2907 1322//2907
f 1222//2908 1322//2908 1320//2908
f 1224//2909 1320//2909 1317//2909
f 1224//2910 1222//2910 1320//2910
f 1226//2911 1224//2911 1317//2911
f 1226//2912 1317//2912 1315//2912
f 1228//2913 1315//2913 1314//2913
f 1228//2914 1226//2914 1315//2914
f 1230//2915 1228//2915 1314//2915
f 1230//2916 1314//2916 1312//2916
f 1232//2917 1230//2917 1312//2917
f 1232//2918 1312//2918 1309//2918
f 1234//2919 1309//2919 1308//2919
f 1234//2920 1308//2920 1618//2920
f 1234//2921 1232//2921 1309//2921
f 200//2922 1126//2922 1124//2922
f 200//2923 1127//2923 1126//2923
f 200//2924 1130//2924 1127//2924
f 200//2925 1132//2925 1130//2925
f 200//2926 1134//2926 1132//2926
f 200//2927 1136//2927 1134//2927
f 200//2928 1138//2928 1136//2928
f 200//2929 1140//2929 1138//2929
f 200//2930 1142//2930 1140//2930
f 200//2931 1144//2931 1142//2931
f 200//2932 1146//2932 1144//2932
f 200//2933 202//2933 1162//2933
f 200//2934 1148//2934 1146//2934
f 200//2935 1150//2935 1148//2935
f 200//2936 1152//2936 1150//2936
f 200//2937 1154//2937 1152//2937
f 200//2938 1156//2938 1154//2938
f 200//2939 1158//2939 1156//2939
f 200//2940 1160//2940 1158//2940
f 200//2941 1162//2941 1160//2941
f 1236//2942 1618//2942 1616//2942
f 1236//2943 1234//2943 1618//2943
f 1122//2944 200//2944 1124//2944
f 196//2945 198//2945 200//2945
f 1238//2946 1236//2946 1616//2946
f 1238//2947 1616//2947 1614//2947
f 1120//2948 200//2948 1122//2948
f 1240//2949 1238//2949 1614//2949
f 1240//2950 1614//2950 1612//2950
f 192//2951 194//2951 196//2951
f 1118//2952 200//2952 1120//2952
f 1242//2953 1240//2953 1612//2953
f 1242//2954 1612//2954 1610//2954
f 1116//2955 200//2955 1118//2955
f 187//2956 192//2956 196//2956
f 187//2957 190//2957 192//2957
f 1114//2958 200//2958 1116//2958
f 183//2959 196//2959 200//2959
f 183//2960 187//2960 196//2960
f 183//2961 186//2961 187//2961
f 1112//2962 200//2962 1114//2962
f 1110//2963 200//2963 1112//2963
f 176//2964 178//2964 179//2964
f 176//2965 179//2965 182//2965
f 176//2966 182//2966 183//2966
f 172//2967 176//2967 183//2967
f 172//2968 174//2968 176//2968
f 170//2969 172//2969 183//2969
f 170//2970 183//2970 200//2970
f 166//2971 168//2971 170//2971
f 164//2972 170//2972 200//2972
f 164//2973 166//2973 170//2973
f 156//2974 158//2974 160//2974
f 156//2975 160//2975 161//2975
f 154//2976 164//2976 200//2976
f 154//2977 156//2977 161//2977
f 154//2978 161//2978 164//2978
f 150//2979 152//2979 154//2979
f 150//2980 154//2980 200//2980
f 146//2981 148//2981 150//2981
f 144//2982 146//2982 150//2982
f 140//2983 144//2983 150//2983
f 140//2984 142//2984 144//2984
f 138//2985 140//2985 150//2985
f 136//2986 138//2986 150//2986
f 136//2987 1070//2987 1068//2987
f 136//2988 1072//2988 1070//2988
f 136//2989 1074//2989 1072//2989
f 136//2990 1076//2990 1074//2990
f 136//2991 1078//2991 1076//2991
f 136//2992 1080//2992 1078//2992
f 136//2993 1082//2993 1080//2993
f 136//2994 1084//2994 1082//2994
f 136//2995 1086//2995 1084//2995
f 136//2996 1087//2996 1086//2996
f 136//2997 1090//2997 1087//2997
f 136//2998 1092//2998 1090//2998
f 136//2999 1094//2999 1092//2999
f 136//3000 1096//3000 1094//3000
f 136//3001 1098//3001 1096//3001
f 136//3002 1100//3002 1098//3002
f 136//3003 1102//3003 1100//3003
f 136//3004 1104//3004 1102//3004
f 136//3005 1106//3005 1104//3005
f 136//3006 1108//3006 1106//3006
f 136//3007 1110//3007 1108//3007
f 136//3008 200//3008 1110//3008
f 136//3009 150//3009 200//3009
f 424//3010 1740//3010 1738//3010
f 424//3011 1742//3011 1740//3011
f 422//3012 1742//3012 424//3012
f 422//3013 1744//3013 1742//3013
f 426//3014 1738//3014 1736//3014
f 426//3015 424//3015 1738//3015
f 420//3016 1746//3016 1744//3016
f 420//3017 1744//3017 422//3017
f 428//3018 426//3018 1736//3018
f 428//3019 1736//3019 1734//3019
f 418//3020 1746//3020 420//3020
f 418//3021 1748//3021 1746//3021
f 430//3022 1734//3022 1732//3022
f 430//3023 428//3023 1734//3023
f 416//3024 1750//3024 1748//3024
f 416//3025 1748//3025 418//3025
f 432//3026 1732//3026 1730//3026
f 432//3027 430//3027 1732//3027
f 414//3028 1750//3028 416//3028
f 414//3029 1752//3029 1750//3029
f 434//3030 432//3030 1730//3030
f 434//3031 1730//3031 1728//3031
f 412//3032 1752//3032 414//3032
f 412//3033 1754//3033 1752//3033
f 412//3034 1756//3034 1754//3034
f 436//3035 1728//3035 1726//3035
f 436//3036 434//3036 1728//3036
f 410//3037 1758//3037 1756//3037
f 410//3038 1756//3038 412//3038
f 438//3039 1726//3039 1724//3039
f 438//3040 436//3040 1726//3040
f 408//3041 1760//3041 1758//3041
f 408//3042 1758//3042 410//3042
f 406//3043 1762//3043 1760//3043
f 406//3044 1760//3044 408//3044
f 404//3045 1762//3045 406//3045
f 404//3046 1764//3046 1762//3046
f 402//3047 1766//3047 1764//3047
f 402//3048 1768//3048 1766//3048
f 402//3049 1764//3049 404//3049
f 400//3050 1770//3050 1768//3050
f 400//3051 1768//3051 402//3051
f 398//3052 1770//3052 400//3052
f 398//3053 1772//3053 1770//3053
f 396//3054 1772//3054 398//3054
f 396//3055 1774//3055 1772//3055
f 394//3056 1774//3056 396//3056
f 394//3057 1776//3057 1774//3057
f 392//3058 1776//3058 394//3058
f 392//3059 1528//3059 1527//3059
f 392//3060 1527//3060 1776//3060
f 390//3061 1528//3061 392//3061
f 390//3062 1530//3062 1528//3062
f 388//3063 1532//3063 1530//3063
f 388//3064 1530//3064 390//3064
f 386//3065 1532//3065 388//3065
f 386//3066 1534//3066 1532//3066
f 384//3067 1536//3067 1534//3067
f 384//3068 1534//3068 386//3068
f 382//3069 1538//3069 1536//3069
f 382//3070 1539//3070 1538//3070
f 382//3071 1536//3071 384//3071
f 380//3072 1539//3072 382//3072
f 380//3073 1542//3073 1539//3073
f 4//3074 440//3074 438//3074
f 4//3075 442//3075 440//3075
f 4//3076 444//3076 442//3076
f 4//3077 446//3077 444//3077
f 4//3078 448//3078 446//3078
f 4//3079 450//3079 448//3079
f 4//3080 452//3080 450//3080
f 4//3081 454//3081 452//3081
f 4//3082 456//3082 454//3082
f 4//3083 458//3083 456//3083
f 4//3084 460//3084 458//3084
f 4//3085 462//3085 460//3085
f 4//3086 464//3086 462//3086
f 4//3087 466//3087 464//3087
f 4//3088 1720//3088 1718//3088
f 4//3089 1722//3089 1720//3089
f 4//3090 1724//3090 1722//3090
f 4//3091 1718//3091 3//3091
f 4//3092 438//3092 1724//3092
f 468//3093 466//3093 4//3093
f 378//3094 1544//3094 1542//3094
f 378//3095 1542//3095 380//3095
f 8//3096 4//3096 6//3096
f 470//3097 468//3097 4//3097
f 376//3098 1544//3098 378//3098
f 376//3099 1546//3099 1544//3099
f 472//3100 470//3100 4//3100
f 928//3101 1242//3101 1610//3101
f 928//3102 1610//3102 1608//3102
f 926//3103 1244//3103 1242//3103
f 926//3104 1242//3104 928//3104
f 12//3105 8//3105 10//3105
f 930//3106 928//3106 1608//3106
f 930//3107 1608//3107 1606//3107
f 924//3108 1246//3108 1244//3108
f 924//3109 1244//3109 926//3109
f 932//3110 930//3110 1606//3110
f 932//3111 1606//3111 1604//3111
f 922//3112 1248//3112 1246//3112
f 922//3113 1246//3113 924//3113
f 934//3114 932//3114 1604//3114
f 934//3115 1604//3115 1602//3115
f 920//3116 1250//3116 1248//3116
f 920//3117 1248//3117 922//3117
f 936//3118 934//3118 1602//3118
f 936//3119 1600//3119 1598//3119
f 936//3120 1602//3120 1600//3120
f 918//3121 1252//3121 1250//3121
f 918//3122 1250//3122 920//3122
f 374//3123 1546//3123 376//3123
f 374//3124 1547//3124 1546//3124
f 938//3125 936//3125 1598//3125
f 938//3126 1598//3126 1596//3126
f 14//3127 8//3127 12//3127
f 14//3128 4//3128 8//3128
f 916//3129 1252//3129 918//3129
f 916//3130 1254//3130 1252//3130
f 940//3131 1596//3131 1594//3131
f 940//3132 938//3132 1596//3132
f 914//3133 1256//3133 1254//3133
f 914//3134 1258//3134 1256//3134
f 914//3135 1254//3135 916//3135
f 474//3136 472//3136 4//3136
f 942//3137 940//3137 1594//3137
f 942//3138 1594//3138 1591//3138
f 912//3139 1258//3139 914//3139
f 16//3140 4//3140 14//3140
f 944//3141 942//3141 1591//3141
f 944//3142 1591//3142 1590//3142
f 910//3143 1260//3143 1258//3143
f 910//3144 1258//3144 912//3144
f 371//3145 1547//3145 374//3145
f 371//3146 1550//3146 1547//3146
f 371//3147 1552//3147 1550//3147
f 946//3148 944//3148 1590//3148
f 946//3149 1590//3149 1588//3149
f 908//3150 1262//3150 1260//3150
f 908//3151 1264//3151 1262//3151
f 908//3152 1260//3152 910//3152
f 948//3153 946//3153 1588//3153
f 948//3154 1588//3154 1586//3154
f 476//3155 474//3155 4//3155
f 906//3156 1264//3156 908//3156
f 20//3157 16//3157 18//3157
f 20//3158 4//3158 16//3158
f 950//3159 948//3159 1586//3159
f 950//3160 1586//3160 1584//3160
f 370//3161 1554//3161 1552//3161
f 370//3162 1552//3162 371//3162
f 904//3163 1266//3163 1264//3163
f 904//3164 1264//3164 906//3164
f 904//3165 1268//3165 1266//3165
f 952//3166 950//3166 1584//3166
f 952//3167 1584//3167 1582//3167
f 22//3168 4//3168 20//3168
f 478//3169 476//3169 4//3169
f 902//3170 1268//3170 904//3170
f 954//3171 952//3171 1582//3171
f 954//3172 1582//3172 1580//3172
f 900//3173 1270//3173 1268//3173
f 900//3174 1268//3174 902//3174
f 368//3175 1554//3175 370//3175
f 368//3176 1556//3176 1554//3176
f 956//3177 954//3177 1580//3177
f 956//3178 1580//3178 1578//3178
f 898//3179 1272//3179 1270//3179
f 898//3180 1023//3180 1272//3180
f 898//3181 1270//3181 900//3181
f 480//3182 478//3182 4//3182
f 26//3183 22//3183 24//3183
f 26//3184 4//3184 22//3184
f 958//3185 956//3185 1578//3185
f 958//3186 1578//3186 1576//3186
f 896//3187 1023//3187 898//3187
f 960//3188 958//3188 1576//3188
f 960//3189 1574//3189 1572//3189
f 960//3190 1576//3190 1574//3190
f 28//3191 4//3191 26//3191
f 894//3192 1024//3192 1023//3192
f 894//3193 1023//3193 896//3193
f 482//3194 480//3194 4//3194
f 962//3195 960//3195 1572//3195
f 962//3196 1572//3196 1569//3196
f 892//3197 1026//3197 1024//3197
f 892//3198 1024//3198 894//3198
f 964//3199 1569//3199 1567//3199
f 964//3200 962//3200 1569//3200
f 484//3201 482//3201 4//3201
f 32//3202 28//3202 30//3202
f 32//3203 4//3203 28//3203
f 890//3204 1028//3204 1026//3204
f 890//3205 1026//3205 892//3205
f 966//3206 964//3206 1567//3206
f 966//3207 1567//3207 1566//3207
f 34//3208 4//3208 32//3208
f 888//3209 1030//3209 1028//3209
f 888//3210 1032//3210 1030//3210
f 888//3211 1028//3211 890//3211
f 486//3212 484//3212 4//3212
f 968//3213 1566//3213 1564//3213
f 968//3214 966//3214 1566//3214
f 36//3215 4//3215 34//3215
f 886//3216 1034//3216 1032//3216
f 886//3217 1032//3217 888//3217
f 970//3218 968//3218 1564//3218
f 970//3219 1564//3219 1561//3219
f 884//3220 1034//3220 886//3220
f 972//3221 1561//3221 1560//3221
f 972//3222 970//3222 1561//3222
f 40//3223 4//3223 36//3223
f 40//3224 36//3224 38//3224
f 882//3225 1035//3225 1034//3225
f 882//3226 1034//3226 884//3226
f 974//3227 972//3227 1560//3227
f 974//3228 1560//3228 1558//3228
f 880//3229 1038//3229 1035//3229
f 880//3230 1035//3230 882//3230
f 976//3231 974//3231 1558//3231
f 976//3232 1558//3232 1556//3232
f 44//3233 40//3233 42//3233
f 44//3234 4//3234 40//3234
f 878//3235 1040//3235 1038//3235
f 878//3236 1038//3236 880//3236
f 978//3237 976//3237 1556//3237
f 978//3238 1556//3238 368//3238
f 978//3239 368//3239 366//3239
f 875//3240 1042//3240 1040//3240
f 875//3241 1040//3241 878//3241
f 48//3242 44//3242 45//3242
f 980//3243 978//3243 366//3243
f 980//3244 366//3244 364//3244
f 874//3245 1043//3245 1042//3245
f 874//3246 1042//3246 875//3246
f 982//3247 980//3247 364//3247
f 982//3248 364//3248 362//3248
f 872//3249 1046//3249 1043//3249
f 872//3250 1048//3250 1046//3250
f 872//3251 1043//3251 874//3251
f 51//3252 48//3252 50//3252
f 51//3253 4//3253 44//3253
f 51//3254 44//3254 48//3254
f 984//3255 982//3255 362//3255
f 984//3256 362//3256 360//3256
f 870//3257 1050//3257 1048//3257
f 870//3258 1048//3258 872//3258
f 986//3259 984//3259 360//3259
f 986//3260 360//3260 358//3260
f 56//3261 4//3261 51//3261
f 56//3262 51//3262 54//3262
f 868//3263 1050//3263 870//3263
f 57//3264 4//3264 56//3264
f 988//3265 358//3265 356//3265
f 988//3266 986//3266 358//3266
f 866//3267 1052//3267 1050//3267
f 866//3268 1050//3268 868//3268
f 990//3269 988//3269 356//3269
f 62//3270 57//3270 60//3270
f 62//3271 4//3271 57//3271
f 864//3272 1054//3272 1052//3272
f 864//3273 1052//3273 866//3273
f 992//3274 990//3274 356//3274
f 992//3275 356//3275 354//3275
f 862//3276 1056//3276 1054//3276
f 862//3277 1054//3277 864//3277
f 68//3278 486//3278 4//3278
f 68//3279 4//3279 62//3279
f 68//3280 62//3280 63//3280
f 68//3281 63//3281 66//3281
f 68//3282 488//3282 486//3282
f 68//3283 490//3283 488//3283
f 68//3284 492//3284 490//3284
f 68//3285 494//3285 492//3285
f 68//3286 496//3286 494//3286
f 68//3287 498//3287 496//3287
f 68//3288 500//3288 498//3288
f 68//3289 502//3289 500//3289
f 68//3290 504//3290 502//3290
f 860//3291 1057//3291 1056//3291
f 860//3292 1056//3292 862//3292
f 506//3293 504//3293 68//3293
f 858//3294 1060//3294 1057//3294
f 858//3295 1057//3295 860//3295
f 508//3296 506//3296 68//3296
f 856//3297 1062//3297 1060//3297
f 856//3298 1060//3298 858//3298
f 510//3299 508//3299 68//3299
f 854//3300 1062//3300 856//3300
f 854//3301 1063//3301 1062//3301
f 854//3302 1065//3302 1063//3302
f 512//3303 510//3303 68//3303
f 852//3304 1065//3304 854//3304
f 514//3305 512//3305 68//3305
f 850//3306 1068//3306 1065//3306
f 850//3307 1065//3307 852//3307
f 850//3308 136//3308 1068//3308
f 848//3309 136//3309 850//3309
f 516//3310 514//3310 68//3310
f 846//3311 136//3311 848//3311
f 267//3312 516//3312 68//3312
f 844//3313 136//3313 846//3313
f 268//3314 267//3314 68//3314
f 842//3315 136//3315 844//3315
f 270//3316 268//3316 68//3316
f 840//3317 136//3317 842//3317
f 272//3318 270//3318 68//3318
f 838//3319 136//3319 840//3319
f 274//3320 272//3320 68//3320
f 835//3321 136//3321 838//3321
f 276//3322 274//3322 68//3322
f 278//3323 276//3323 68//3323
f 279//3324 278//3324 68//3324
f 674//3325 992//3325 354//3325
f 674//3326 352//3326 676//3326
f 674//3327 354//3327 352//3327
f 678//3328 352//3328 350//3328
f 678//3329 676//3329 352//3329
f 672//3330 992//3330 674//3330
f 672//3331 994//3331 992//3331
f 680//3332 678//3332 350//3332
f 680//3333 350//3333 348//3333
f 670//3334 994//3334 672//3334
f 670//3335 996//3335 994//3335
f 670//3336 998//3336 996//3336
f 682//3337 680//3337 348//3337
f 682//3338 348//3338 346//3338
f 668//3339 998//3339 670//3339
f 684//3340 682//3340 346//3340
f 684//3341 346//3341 344//3341
f 666//3342 998//3342 668//3342
f 666//3343 1000//3343 998//3343
f 686//3344 684//3344 344//3344
f 686//3345 344//3345 342//3345
f 664//3346 1000//3346 666//3346
f 664//3347 1002//3347 1000//3347
f 688//3348 686//3348 342//3348
f 688//3349 342//3349 340//3349
f 662//3350 1002//3350 664//3350
f 662//3351 1004//3351 1002//3351
f 662//3352 1006//3352 1004//3352
f 690//3353 688//3353 340//3353
f 690//3354 340//3354 338//3354
f 660//3355 1006//3355 662//3355
f 660//3356 1008//3356 1006//3356
f 692//3357 690//3357 338//3357
f 692//3358 338//3358 336//3358
f 658//3359 1008//3359 660//3359
f 694//3360 692//3360 336//3360
f 656//3361 1008//3361 658//3361
f 656//3362 1010//3362 1008//3362
f 696//3363 694//3363 336//3363
f 696//3364 336//3364 334//3364
f 654//3365 1012//3365 1010//3365
f 654//3366 1010//3366 656//3366
f 698//3367 334//3367 331//3367
f 698//3368 696//3368 334//3368
f 652//3369 1014//3369 1012//3369
f 652//3370 1012//3370 654//3370
f 700//3371 331//3371 330//3371
f 700//3372 698//3372 331//3372
f 650//3373 1016//3373 1014//3373
f 650//3374 1018//3374 1016//3374
f 650//3375 1014//3375 652//3375
f 702//3376 330//3376 328//3376
f 702//3377 700//3377 330//3377
f 648//3378 1018//3378 650//3378
f 704//3379 328//3379 326//3379
f 704//3380 702//3380 328//3380
f 646//3381 1020//3381 1018//3381
f 646//3382 1018//3382 648//3382
f 706//3383 326//3383 324//3383
f 706//3384 704//3384 326//3384
f 644//3385 771//3385 1020//3385
f 644//3386 1020//3386 646//3386
f 708//3387 324//3387 322//3387
f 708//3388 706//3388 324//3388
f 642//3389 771//3389 644//3389
f 642//3390 772//3390 771//3390
f 710//3391 322//3391 320//3391
f 710//3392 708//3392 322//3392
f 640//3393 772//3393 642//3393
f 640//3394 774//3394 772//3394
f 712//3395 710//3395 320//3395
f 638//3396 776//3396 774//3396
f 638//3397 778//3397 776//3397
f 638//3398 774//3398 640//3398
f 714//3399 712//3399 320//3399
f 714//3400 320//3400 318//3400
f 636//3401 778//3401 638//3401
f 716//3402 714//3402 318//3402
f 716//3403 318//3403 316//3403
f 634//3404 778//3404 636//3404
f 634//3405 780//3405 778//3405
f 718//3406 716//3406 316//3406
f 718//3407 316//3407 314//3407
f 632//3408 782//3408 780//3408
f 632//3409 780//3409 634//3409
f 720//3410 718//3410 314//3410
f 720//3411 314//3411 312//3411
f 630//3412 783//3412 782//3412
f 630//3413 782//3413 632//3413
f 722//3414 720//3414 312//3414
f 722//3415 312//3415 309//3415
f 628//3416 783//3416 630//3416
f 628//3417 786//3417 783//3417
f 724//3418 722//3418 309//3418
f 724//3419 309//3419 307//3419
f 626//3420 786//3420 628//3420
f 626//3421 788//3421 786//3421
f 726//3422 724//3422 307//3422
f 726//3423 307//3423 306//3423
f 623//3424 788//3424 626//3424
f 623//3425 790//3425 788//3425
f 728//3426 726//3426 306//3426
f 728//3427 306//3427 304//3427
f 622//3428 790//3428 623//3428
f 622//3429 791//3429 790//3429
f 730//3430 728//3430 304//3430
f 730//3431 304//3431 301//3431
f 620//3432 791//3432 622//3432
f 620//3433 794//3433 791//3433
f 620//3434 796//3434 794//3434
f 732//3435 730//3435 301//3435
f 618//3436 796//3436 620//3436
f 734//3437 732//3437 301//3437
f 734//3438 301//3438 300//3438
f 616//3439 796//3439 618//3439
f 616//3440 798//3440 796//3440
f 736//3441 734//3441 300//3441
f 736//3442 300//3442 298//3442
f 614//3443 798//3443 616//3443
f 614//3444 800//3444 798//3444
f 738//3445 298//3445 296//3445
f 738//3446 736//3446 298//3446
f 612//3447 800//3447 614//3447
f 612//3448 802//3448 800//3448
f 612//3449 804//3449 802//3449
f 740//3450 296//3450 294//3450
f 740//3451 738//3451 296//3451
f 610//3452 804//3452 612//3452
f 610//3453 805//3453 804//3453
f 742//3454 294//3454 292//3454
f 742//3455 740//3455 294//3455
f 608//3456 805//3456 610//3456
f 744//3457 292//3457 290//3457
f 744//3458 742//3458 292//3458
f 606//3459 805//3459 608//3459
f 606//3460 808//3460 805//3460
f 746//3461 290//3461 287//3461
f 746//3462 744//3462 290//3462
f 604//3463 810//3463 808//3463
f 604//3464 808//3464 606//3464
f 748//3465 746//3465 287//3465
f 748//3466 287//3466 286//3466
f 602//3467 811//3467 810//3467
f 602//3468 813//3468 811//3468
f 602//3469 810//3469 604//3469
f 750//3470 748//3470 286//3470
f 750//3471 286//3471 284//3471
f 600//3472 813//3472 602//3472
f 752//3473 284//3473 282//3473
f 752//3474 750//3474 284//3474
f 598//3475 816//3475 813//3475
f 598//3476 813//3476 600//3476
f 754//3477 282//3477 279//3477
f 754//3478 752//3478 282//3478
f 756//3479 279//3479 68//3479
f 756//3480 754//3480 279//3480
f 134//3481 818//3481 816//3481
f 134//3482 820//3482 818//3482
f 134//3483 822//3483 820//3483
f 134//3484 824//3484 822//3484
f 134//3485 826//3485 824//3485
f 134//3486 828//3486 826//3486
f 134//3487 830//3487 828//3487
f 134//3488 558//3488 556//3488
f 134//3489 559//3489 558//3489
f 134//3490 561//3490 559//3490
f 134//3491 564//3491 561//3491
f 134//3492 816//3492 598//3492
f 134//3493 566//3493 564//3493
f 134//3494 568//3494 566//3494
f 134//3495 570//3495 568//3495
f 134//3496 572//3496 570//3496
f 134//3497 574//3497 572//3497
f 134//3498 576//3498 574//3498
f 134//3499 578//3499 576//3499
f 134//3500 580//3500 578//3500
f 134//3501 582//3501 580//3501
f 134//3502 583//3502 582//3502
f 134//3503 586//3503 583//3503
f 134//3504 588//3504 586//3504
f 134//3505 590//3505 588//3505
f 134//3506 592//3506 590//3506
f 134//3507 594//3507 592//3507
f 134//3508 596//3508 594//3508
f 134//3509 598//3509 596//3509
f 70//3510 134//3510 556//3510
f 70//3511 520//3511 519//3511
f 70//3512 522//3512 520//3512
f 70//3513 524//3513 522//3513
f 70//3514 526//3514 524//3514
f 70//3515 528//3515 526//3515
f 70//3516 530//3516 528//3516
f 70//3517 531//3517 530//3517
f 70//3518 534//3518 531//3518
f 70//3519 536//3519 534//3519
f 70//3520 538//3520 536//3520
f 70//3521 539//3521 538//3521
f 70//3522 542//3522 539//3522
f 70//3523 544//3523 542//3523
f 70//3524 546//3524 544//3524
f 70//3525 548//3525 546//3525
f 70//3526 550//3526 548//3526
f 70//3527 552//3527 550//3527
f 70//3528 553//3528 552//3528
f 70//3529 758//3529 756//3529
f 70//3530 556//3530 553//3530
f 70//3531 760//3531 758//3531
f 70//3532 762//3532 760//3532
f 70//3533 764//3533 762//3533
f 70//3534 766//3534 764//3534
f 70//3535 768//3535 766//3535
f 70//3536 519//3536 768//3536
f 70//3537 756//3537 68//3537
f 74//3538 70//3538 72//3538
f 76//3539 70//3539 74//3539
f 78//3540 70//3540 76//3540
f 125//3541 128//3541 130//3541
f 80//3542 134//3542 70//3542
f 80//3543 70//3543 78//3543
f 116//3544 118//3544 120//3544
f 116//3545 120//3545 122//3545
f 116//3546 122//3546 124//3546
f 116//3547 124//3547 125//3547
f 116//3548 130//3548 131//3548
f 116//3549 131//3549 134//3549
f 116//3550 125//3550 130//3550
f 90//3551 116//3551 134//3551
f 90//3552 80//3552 82//3552
f 90//3553 82//3553 84//3553
f 90//3554 84//3554 86//3554
f 90//3555 86//3555 88//3555
f 90//3556 134//3556 80//3556
f 110//3557 116//3557 90//3557
f 110//3558 112//3558 114//3558
f 110//3559 114//3559 116//3559
f 96//3560 90//3560 92//3560
f 96//3561 92//3561 94//3561
f 98//3562 90//3562 96//3562
f 106//3563 108//3563 110//3563
f 102//3564 110//3564 90//3564
f 102//3565 90//3565 98//3565
f 102//3566 106//3566 110//3566
f 102//3567 98//3567 100//3567
f 102//3568 104//3568 106//3568
f 134//3569 136//3569 834//3569
f 834//3570 136//3570 835//3570
f 134//3571 834//3571 832//3571
f 134//3572 832//3572 830//3572
